name,category,model,cpu_max,cpu_avg,gpu_max,gpu_avg,mem_max,mem_avg,rtfx,transcript
bewegingsapparaat.mp3,Dokter Patient,Whisper-large-v3-fast,87.8,37.54565217391302,100,91.30434782608695,4924.3125,4706.416847826087,361.42922141504147,"Goedemiddag, komt u verder? Ik heb voor u de uitslag van het röntgenonderzoek. Zoals vorige keer besproken was er een sterk vermoeden op een breuk, een ingezakte wervel. Hoe gaat het nu met uw rug? Dankzij de pijnstilling is het wel te doen. De röntgenfoto laat zien dat u inderdaad een ingezakte wervel heeft. Verder is het een stabiele breuk waarvoor een operatie niet nodig is. Gelukkig. Het minder goede nieuws is wel dat de breuk veroorzaakt is door osteoporose. Dit houdt in dat de dichtheid van uw botten minder wordt. Weet u wat ik daarmee bedoel? Het is vervelend voor u om te horen. Helaas kan dat wel voorkomen. Maar kan ik dan helemaal niet meer gaan wandelen? Want zo is het natuurlijk de vorige keer gebeurd. Het is juist goed om te blijven bewegen. Hierdoor bouwen de botten meer kracht op. Ja, maar ik ben dan bang dat ik ga vallen waardoor ik weer iets kan breken. Ik kan me heel goed voorstellen dat u hier bang voor bent. Maar er zijn wel manieren om dit te voorkomen. Deze kunnen we later wel bespreken. Oké. U lijkt nog niet echt gerustgesteld. Ja, het voelt gewoon alsof mijn lichaam mij in de steek laat. Het is natuurlijk ook vervelend om dit te horen. Maar we kunnen de maatregelen bespreken die de kans op breuken zo klein mogelijk maken. Goed? Ja, ik weet niet of ik daar het nut zo van in zie. En waarom niet? Ja, dan moet ik zeker oefeningen gaan doen of zo. Ik kan me voorstellen dat het wat weerstand oproept. Maar de maatregelen kunnen het risico wel degelijk verlagen. Vindt u het goed als we rustig het een en ander doornemen? En dan kunnen we daarna kijken wat voor u goed voelt. Oké. Oké, fijn. We kunnen u allereerst aanraden vitamine D supplementen en calciumtabletten te nemen. Beide stoffen bouwen de botten opnieuw op. Of in plaats van calciumtabletten kunt u minimaal vier zuivelconsumpties nemen op een dag. Wat denkt u? Ik eet best veel yoghurt en drink eigenlijk ook altijd wel twee glazen melk. Oké, dan kunnen we die calciumtabletten al achterwege laten. U zou dan baat hebben bij de vitamine D supplementen. Verder is het juist goed om te blijven bewegen en actief te blijven. Wat zou u kunnen doen qua beweging? Het gaat gelukkig wel redelijk om elke dag even te blijven wandelen. Blijf dat vooral doen. Zo blijven de botten gewend aan de belasting. U rookt niet, maar drinkt u wel regelmatig alcohol? Nee, alleen in het weekend. Goed, met uw bloeddrukverlager vormt dat in principe verder geen risico. Verder raad ik u aan fysiotherapie aan te leren en een goede balans en evenwicht te behouden. Zodat u minder kans heeft om te vallen. Wat denkt u daarvan? Ja, dat wil ik wel proberen. Wat denkt u van deze adviezen? Het valt me eigenlijk wel mee. Ik had het erger verwacht om eerlijk te zijn. Gelukkig maar. Dus kort samengevat, u kunt vanaf nu starten met vitamine D supplementen. En er vooral voor blijven zorgen dat u genoeg calcium binnenkrijgt. Verder is blijven bewegen belangrijk. En maakt u een afspraak met de fysiotherapeut. En qua rugpijn kunt u doorgaan met de pijnstilling, zoals we die de vorige keer hebben besproken. Is het zo duidelijk? Of heeft u nog vragen? Nee, het is wel duidelijk zo. En ik ben er ook wel content mee. Zullen we dan over een week of drie een nieuwe afspraak inplannen? Dan kunnen we bespreken hoe het gaat. Dat zou ik fijn vinden. Bedankt voor het prettige gesprek, dokter."
ademhaling.mp3,Dokter Patient,Whisper-large-v3-fast,83.7,44.26621621621622,100,88.27027027027027,4892.3125,4619.0152027027025,430.49267870366003,"Ik denk dat ik inmiddels voldoende informatie heb over uw klachten. Dan zou ik nu nog even naar uw longen willen luisteren. Dat is prima hoor. Oké, u kunt zich achter het gordijn omkleden en de kleding daar aan een haakje hangen. U hoeft alleen uw bovenlichaam te ontkleden. Oké, dus de broek mag ik aanhouden? Klopt, die mag u aanhouden. U mag plaatsnemen op de onderzoeksbank, met uw benen naar deze kant. Ik ga nu even luisteren naar de longen en ik zal op verschillende plekken gaan luisteren. De stethoscoop kan wat koud aanvoelen. Ik zal het even op uw hand laten voelen. Gaat dat zo? Ja hoor, het valt me mee. Fijn. U mag de armen gekruist op uw borst leggen. Zou u eens diep kunnen zuchten, met mond open? Dat mag u een aantal keren halen in een rustig tempo, terwijl ik naar de longen blijf luisteren. Prima, ik heb het goed kunnen horen. Dank u wel. Mag ik me dan nu weer aankleden, dokter? Ja, natuurlijk. U kunt zich weer aankleden achter het gordijn. Doe maar rustig aan hoor, dan bespreken we het. Dan spreken we dadelijk wat ik heb gehoord."
diabetes.mp3,Dokter Patient,Whisper-large-v3-fast,85.4,43.02892156862744,100,92.07843137254902,4924.3125,4723.52818627451,389.51744991436686,"Goedemiddag meneer Visser. Goedemiddag. Vertel, waarvoor bent u vandaag gekomen? Nou, ik ben al een tijdje erg moe. Ik heb nergens zin in. Totaal futloos. Echt heel vervelend. Ja, dat kan ik me voorstellen. Moe en futloos, zei u. Wat verstaat u hieronder? Ja, ik heb gewoon overdag geen energie om iets te doen. Wat vervelend. En hoe lang heeft u daar al last van? Ja, al een weekje of zes. Zes weken dus. En wat maakt het dat u nu toch na zes weken komt? Ja, ik maak me zorgen. Ik vind het nu echt te lang duren. Ik wil graag weten wat de oorzaak is. Dat kan ik me voorstellen. Dus als ik het goed begrijp, wilt u vooral weten wat de oorzaak van uw klachten is. Hoe slaapt u? Heel goed, ja. S'nachts ben ik wel een paar keer wakker om eruit om te plassen, maar daarna slaap ik vrijwel direct weer in. Hoe vaak is een paar keer? Ik denk gemiddeld wel vier keer per nacht. En hoe was het hiervoor qua plassen in de nacht? Oh, dat was minder. En ervaart u dan ook pijn bij het plassen? Nee, dat niet. Drinkt u veel voordat u gaat slapen? Ja, ik drink de hele dag veel. Ik heb vreselijk veel dorst de hele dag. Maar s'avonds probeer ik een beetje minder te drinken, zodat ik niet zo vaak naar het toilet hoef. Duidelijk. Als ik het goed begrijp, heeft u dus sinds ongeveer zes weken veel last van vermoeidheidsklachten, heeft u veel dorst en moet u vaak plassen, vooral s'nachts. Heeft u verder nog andere klachten? Nee, eigenlijk niet. Alhoewel, ik heb ook een paar wondjes op mijn rug die maar niet willen overgaan. Daar zal ik ook even naar kijken. Ik wil u ook nog wat algemene vragen stellen. Ja, prima. Hoeveel weegt u? Zo'n dikke honderd kilo, schat ik. Ik weet het niet precies. Dan gaan we u straks even wegen. Hoe is uw eetpatroon? Ik eet het liefst aardappelen met een lekker stukje vlees. Maar mijn vrouw maakt ook wel eens spaghetti en op vrijdag eten we altijd friet. Eet u verder ook nog fruit en groenten? Nou, daar hou ik niet zo erg van. En snoept u ook? Zoete of hartige tussendoortjes? Ach, een koekje bij de koffie en bij de thee en s'avonds wat chips bij het biertje, maar meer niet hoor. En hoeveel drinkt u gemiddeld? Eigenlijk altijd maar een paar biertjes. Verder geen wijn of sterke drank. Een paar biertjes, zegt u? Hoeveel biertjes per dag ongeveer? Drie of vier, denk ik zo. En rookt u? Ja, een pakje per dag ongeveer. En beweegt u ook dagelijks? Dat probeer ik wel, af en toe een blokje om, maar veel meer is het echt niet. Oké. En komt er diabetes voor in uw vrouw? Of familie? Diabetes? O, suikerziekte. Nee, niet dat ik weet. Maar hoezo? Denkt u dat ik suikerziekte heb? Ik sluit het niet uit, maar we hebben daar een aantal onderzoeken voor nodig. Vindt u het goed als ik u eerst lichamelijk ga onderzoeken? Natuurlijk, geen probleem. U kunt alvast op de onderzoekstafel gaan liggen. Zou u ervoor kunnen zorgen dat het gehele bovenlichaam ontbloot is? Dan kunnen we deze goed onderzoeken. Ja, dat is prima."
hartziekten.mp3,Dokter Patient,Whisper-large-v3-fast,85.4,39.948051948051926,100,91.96969696969697,4924.3125,4719.567911255412,386.3299432767274,"Goedemiddag, wat heeft u hier gebracht vandaag? Ik heb de laatste tijd wat last van mijn hart. Uw hart, en wat bedoelt u daarmee? Ik merk dat ik steeds vaker hartkloppingen heb. Oké, en hoe lang heeft u daar al last van? Ik denk een paar weken, maar sommige dagen heb ik er ook helemaal geen last van. Dus eigenlijk heeft u bijna iedere dag er last van, en wat voelt u dan precies? Mijn hart klopt dus sneller, en ik voel het echt in mijn borstkast kloppen. Oké, dat is vast een onprettig gevoel. U zegt dat u het al een paar weken heeft, daarvoor had u het niet. Wat maakt nou dat u vandaag bent gekomen? Ja, het is gewoon een heel naar gevoel, en ik denk dat ik een hartaanval krijg ofzo, dus ik wil het een en ander laten checken. Ja, dat begrijp ik helemaal. En op zo'n moment van de aanval, wat doet u dan? Ja, niks speciaals eigenlijk. Oké. Voelt u verder nog andere dingen op die momenten, in de borstkast of in de rest van je lichaam? Nee, dat niet. Ik denk eigenlijk alleen in de borstkast, en niets anders dan dit hoor. En merk u bijvoorbeeld dat het hart ook van tempo wisselt, soms sneller en soms langzamer? O ja, dat heb ik wel enkele keren gemerkt, maar dat was niet zo heel erg hoor. Oké. Heeft u verder ook geen klachten van misselijkheid, benauwdheid of zweten? Nee. Nee, dat eigenlijk niet, alhoewel ik merk dat ik door de hartkloppingen ook wel een snellere ademhaling krijg. Oké, en heeft u daarbij ook een gevoel van kortademigheid? Nee, dat niet. Oké, dus als ik het goed begrijp, heeft u sinds enkele weken last van hartkloppingen, maar verder niet veel bijkomende klachten? Ja, dat klopt inderdaad. Mag ik iets anders vragen? Heeft u op dit moment ook last van stress? Dat valt wel mee. Het is wat drukker, maar ik ga binnenkort op vakantie. Nou, dat is een fijn vooruitzicht. En heeft u zelf al iets aan de klachten gedaan? Ik probeer gewoon even rustig te doen, dan zakken de klachten vaak wel. Lukt dat wel goed, om even rustig aan te doen? En wat doet u dan? Nou, ik maak me soms wel druk en dan houden de klachten wat langer aan. En waarover maakt u zich dan druk? Ja dokter, ik heb in mijn omgeving toch wel mensen gehoord die dezelfde klachten hadden als ik, en dan ineens onderuit gingen of waarop het dan ineens mee slechter ging. Maar dat wil ik natuurlijk niet. Nee, dat is natuurlijk heel begrijpelijk. U hoeft zich daar geen zorgen over te maken. Dit soort hartkloppingen zijn heel veel voorkomend en zijn vaak onschuldig. Maar ik zal voor de zekerheid zo natuurlijk ook even naar uw hart luisteren. Oh, dat vind ik wel fijn om te horen. Het onderzoeken van het hart vind ik ook wel fijn eigenlijk. Ik krijg de indruk dat nog niet al uw zorgen zijn weggenomen. Kan dat kloppen? Ja, dat klopt misschien wel dokter, want ik maak me vooral ook zorgen om mijn reis. Uw reis? Wat? Wat voor reis gaat u maken? Ik ga bij mijn dochter op bezoek in Australië, maar daar moet ik ook veel rijden. En ik ben bang dat ik met deze klachten niet veilig achter het stuur kan zitten en kan deelnemen aan het verkeer. Ja, ik kan me dat goed voorstellen. Maar ik kan u hierin wel geruststellen. Zeker als we dadelijk bij het luisteren naar het hart niets geks horen. Deze klachten zullen uw rijvaardigheid niet beïnvloeden. Naar mijn mening kunt u dus gewoon veilig op reis om uw dochter te bezoeken. Dat is goed om te horen dokter. Dank u wel. Ik zal eerst even naar uw hart luisteren en dan kunnen we de andere dingen ook makkelijk uitsluiten."
oncologie.mp3,Dokter Patient,Whisper-large-v3-fast,87.5,38.354326923076904,100,91.35096153846153,4956.3125,4709.235576923077,390.8796017178408,"Fijn dat u vandaag bent gekomen voor het bespreken van de uitslag van de onderzoeken. Zoals u weet hebben we de afgelopen donderdag het aanvullende onderzoek gedaan. En nu heb ik de uitslag. Ja, goedemiddag dokter. Ik ben wel een beetje bang voor de uitslag. Dat kan ik me goed voorstellen. Ik heb helaas geen goed nieuws voor u. Ik moet u mededelen dat u kanker heeft in de dikke darm. Er is een tumor gezien op de scopie. Wat denkt en voelt u nu? Er gaat wel veel in mij om op dit moment. Ik was er al een beetje op voorbereid, maar ik merk dat het toch wel erg confronterend is wat u mij vertelt. Het is ook heel heftig nieuws om te horen. Betekent dat nou dat ik dood ga dokter? Bent u daar bang voor? Ja, eigenlijk wel. Ik begrijp dat u zich hierover zorgen maakt, maar zijn er genoeg behandelopties die in dit stadium van de ziekte toegepast kunnen worden? Ik weet even niet zo goed hoe ik hierop moet reageren. Ik vind het wel heel beangstigend allemaal. Hoe gaat het nu verder? Kan ik nog blijven werken? Moet ik het nou iedereen vertellen? En hoe ga ik het thuis aan mijn partner en mijn kinderen vertellen? Ik begrijp dat dit veel vragen bij u oproept op dit moment. Heeft u iemand in uw naaste omgeving die u kan steunen? Jazeker, mijn partner. Dat is goed om te horen. Uiteraard hoeft u dit niet alleen te doen. We zullen vanuit hier u en uw familie zoveel mogelijk begeleiden. Oh, dat is wel fijn om te horen. U vraagt zich af hoe u dit aan de familie moet zeggen. Wilt u hier hulp bij? Nou, nee, ik denk dat dat wel zal lukken. Goed om te horen. Wilt u nu al de verschillende behandelopties horen of wilt u dat liever op een later moment bespreken? Ja, graag. Ik weet alleen niet zeker of ik alles nu kan onthouden. Ik kan u de informatie ook op papier meegeven. En de volgende keer herhalen we alles gewoon nogmaals en kunt u uw verdere vragen stellen. Oh, bedankt dokter. Dat zou ik heel fijn vinden. Een operatie is sowieso nodig. Hierbij wordt een deel van de dikke darm weggehaald en de rest wordt weer aan elkaar gemaakt. Soms is het tijdelijk nodig een stoma te gebruiken. Wat vindt u ervan? Ja, het klinkt wel begrijpelijk. Na de operatie moeten we het hebben over chemotherapie. Met de combinatie van een operatie en chemotherapie heeft u in dit stadium 90% kans om de kanker volledig uit uw lichaam te krijgen. Oké, dus ik krijg een operatie en u raadt chemotherapie aan. Dat klopt inderdaad. Wat vindt u ervan? Ja, het is duidelijk en tja, het zal wel moeten hè. Wilt u een folder met de informatie? Ja, heel graag. Dan zal ik u een folder meegeven met informatie over de behandeling van darmkanker. Kan ik u verder nog ergens mee helpen? Nou, ik ben al heel erg blij met deze informatie, dus dank u wel daarvoor. Fijn om te horen. Als u vragen heeft... ...kunt u deze opschrijven. Bij de volgende afspraak kunnen we alles nog eens rustig doorlopen. Het zou goed zijn als u dan iemand mee zou nemen. Ja, dat is zeker goed. Ik neem mijn partner mee. Ja, goed zo. Veel sterkte de komende week en we houden contact. Ja, dank u wel."
abdomen.mp3,Dokter Patient,Whisper-large-v3-fast,90.2,40.67545454545451,100,92.11363636363636,4924.3125,4715.148863636364,383.6933512534584,"Goedemiddag, neemt u plaats. Dan zullen we de uitslag van het onderzoek gaan bespreken. Goedemiddag dokter, ik ben erg benieuwd. Ja, zoals u weet hebben we net een echo gemaakt. En we konden daarop duidelijk zien dat u een blinde darmontsteking heeft. En dit veroorzaakt ook de buikpijn die u heeft. Oh, dat klinkt niet goed. Wat houdt dat precies in? Ja, er is een ontsteking van een aanhangsel van de blinde darm, de appendix. Hoe het ontstaat is niet helemaal duidelijk, maar het ontstaat vaak plotseling. Oké, ik snap wel wat u bedoelt denk ik. U klinkt nog niet overtuigd. Maakt u zich zorgen? Wel een beetje om eerlijk te zijn. Is het wel goed te genezen? Ja, het is eigenlijk zonder ernstige complicaties goed op te lossen. Maar we moeten het wel gaan behandelen. Oké, dat stelt me gelukkig gerust. Wat kan er dan gedaan aan worden? Nou, eigenlijk zijn er twee opties. Optie 1 is een operatie waarbij het ontstoken deel verwijderd wordt. Dit is de optie waar het meest voor gekozen is. De andere optie is behandelen met antibiotica. Die worden dan direct via een infuus in de adels toegediend. En we kunnen samen kijken wat voor u de beste optie is. Dat lijkt me wel fijn, ja. Ja, na de operatie kan de ontsteking nooit terugkomen omdat het ontstoken deel in zijn geheel verwijderd wordt. Het terugkomen van de ontsteking noemen we ook wel een recidief. En de kans op een recidief na behandeling met antibiotica ligt tussen de 20 en 30 procent in de twee jaar na de behandeling. Maar zitten er niet ook nadelen? Ja, een operatie kan gepaard gaan met complicaties, ook al zijn deze veelal klein. De operatie wordt onder narcose gedaan met een kijkoperatie. Oké, maar is het dan niet zo dat de darm misschien minder goed functioneert omdat je het weghaalt? Nee, gelukkig niet. Dit stukje van de darm heeft geen functie, dus het weghalen heeft verder geen nadelen. Ik ben ook nog wel benieuwd naar wat details over de behandeling met antibiotica. Ja, voor de behandeling met antibiotica moet je een beetje meer tijd hebben. Na een behandeling met antibiotica moet u een paar dagen opgenomen worden om de antibiotica toe te dienen. De opname duurt korter dan de keuze als je kiest voor een operatie. Na een behandeling met antibiotica herstelt u wel sneller na de operatie. Maar een onderliggende oorzaak van de ontsteking kan niet achterhaald worden. Bij een operatie kan dat wel. Wat kunnen die oorzaken dan zijn? Nou ja, de meest ernstige oorzaak is een vorm van kanker. Die komt niet vaak voor, maar bij 1 of 2 procent van de mensen. Hm, ja dat is niet... Dat is niet veel, maar het lijkt me geen fijn idee om met die onzekerheid te leven. Ja, dat is begrijpelijk dat u dat zegt. Was het verder betreft op behandelopties wel duidelijk wat de voor- en nadelen zijn of heeft u nog vragen? Nee, dat is eigenlijk al duidelijk. Heeft u op dit moment een voorkeur voor een van beide behandelingen? Ja, voor een operatie. Ondanks dat het herstel misschien langer duurt. Ik vind het wel fijn om zeker te weten dat het niet terugkomt of misschien wel veroorzaakt wordt door een vorm van kanker. Vindt u dat een logische keuze? Ja hoor, ik zou de meeste mensen een operatie adviseren. Oké, kan ik even mijn partner op de hoogte stellen voor we verder gaan? Hij maakt zich namelijk nog wel wat zorgen. Ja, natuurlijk mag dat. En dan bespreken we zo verder de vervolgstappen."
auto-immuunziekten.mp3,Dokter Patient,Whisper-large-v3-fast,85.7,38.0567049808429,100,92.27586206896552,4956.3125,4711.3469827586205,380.14454260866466,"We hebben het zojuist gehad over uw klachten. U gaf aan sinds een langere periode klachten te hebben van buikpijn en diarree en u bent flink wat kilo's afgevallen. Ook voelt u zich vermoeid en futloos, waardoor u overdag weinig energie heeft en u maakt zich daar zorgen over. Klopt dat? Ja, dat klopt inderdaad. Dan zou ik u nu graag wat specifiekere vragen willen stellen over de klachten. Prima. Zou u kunnen omschrijven waar u de buikpijn voelt? Vooral wat lager in de buik. Het is echt een krampende pijn. En is er iets wat u kunt doen om die pijn te verzachten? Het liefst houd ik me rustig, maar ik moet dan vaak naar het toilet. Op de wc heb ik dan nog wel veel buikpijn, maar na de hand is de buikpijn vaak iets gezakt. Dus nadat u naar het toilet bent geweest is de pijn minder. En is de pijn verder de hele dag doorgegaan? Nee, dat niet. Het gaat vaak een beetje op en af. Ik merk dat het een paar uur na het eten vaak het pijnlijkst is, hoewel ik er s'nachts ook wel veel last van heb. Ik moet dan ook een aantal keer naar de wc. En dan na de toiletgang is het weer minder? Ietsjes. Slaapt u verder wel goed? Redelijk. Behalve dat ik er dus wel vaak uit moet s'nachts. Het inslapen duurt dan soms ook wel weer even. Ja, dat snap ik. En kunt u aangeven of de ontlasting altijd zo dun is? Eigenlijk wel. Soms is het wat harder, maar meestal is het gewoon heel dun tot zelfs waterdun. En hoe vaak gaat u gemiddeld per dag naar het toilet voor de ontlasting? Ik denk gemiddeld wel een keer of vijf à zes de afgelopen periode. Dat is inderdaad wel veel. Weet u misschien of er ook bloed of slijm bij de ontlasting zit? Nee, dat gelukkig niet. En heeft u verder nog last van oprispingen of zuurbranden? Ik heb dat altijd wel een beetje gehad, maar dat is niet veel erger geworden in de afgelopen periode. En voelt u zich dan ook wel eens misselijk of moet u misschien overgeven? Nee, dat gelukkig niet. Dat is fijn om te horen. En hebt u nog wel een normale eetlust? Nou, ik heb niet vaak zin om te eten, moet ik zeggen. Dus toch wel een afgenomen eetlust als u het zo zegt? Ja, dat wel. En hoe is uw eetpatroon? Zou u voor mij eens kunnen omschrijven wat u op een dag zoal eet? Ik probeer wel genoeg groente en fruit te eten. Daarnaast eet ik elke dag een stukje vlees of vis. Soms snoep ik wat tussendoor, maar meestal houd ik wel een beetje rekening met wat ik eet. Oké, ik denk dat ik zo wel een goed beeld heb. Bent u toevallig recentelijk ook nog in het buitenland geweest voordat de klachten begonnen? Ik ben wel op vakantie geweest naar de camping. Ik ben op vakantie geweest naar de camping op Frankrijk, maar verder niet. Duidelijk. Heeft u ooit koorts ervaren bij de klachten? Hm, dat weet ik eigenlijk niet zo goed. Ik heb soms wel heel koud en dan weer warm, maar dat is niet altijd zo. Oké, we kunnen zo meteen ook de temperatuur wel meten. Zou u kunnen aangeven of u medicijnen of pijnstillers gebruikt? Medicijnen niet, maar ik neem wel af en toe een pijnstiller. Soms helpt dat iets tegen de buikpijn. En heeft u verder nog aandoeningen? Nee, eigenlijk niet. Heeft u misschien toevallig in de familie ooit gehoord dat iemand dit soort klachten heeft? Volgens mij had mijn tante hier ook wel eens last van. Ik zou het eens kunnen navragen. En weet u misschien of er verder erfelijke ziektes in de familie zitten? Hm, ik weet dat mijn oma een vorm van reuma had, maar ze is al een tijdje terug overleden. Verder denk ik het eigenlijk niet. Oké, als u het goed vindt wil ik u graag lichamelijk onderzoeken. Is dat goed? Is dat goed voor u? Natuurlijk. Zou u dan voor mij de buik willen ontbloten? Dat kunt u daar achter het gordijn doen. En uw BH mag u aanhouden. Oké, dat is goed."
neurologie.mp3,Dokter Patient,Whisper-large-v3-fast,100.0,40.938688524590134,100,92.26885245901639,4956.3125,4734.725614754098,378.75352470766086,"Goedemorgen, wat kan ik voor u betekenen vandaag? Ik heb last van heel ernstige hoofdpijn. Heel ernstig? Wat is ernstig? Ik heb gewoon hele hevige hoofdpijnzaanvallen. Hoe lang heeft u hier al last van? Ik denk al enkele maanden, maar de laatste weken wel steeds vaker. Oh, dat is al best wel lang. Wat maakt dat u vandaag naar mij bent gekomen? Ik ben er klaar mee. Ik wil er nu vanaf, want het heeft echt invloed op mijn dagelijkse leven. Hoe bedoelt u? Ik wil echt iets tegen de pijn. Dat begrijp ik. Heeft u al iets geprobeerd om de pijn te verlichten? Ik lig dan het liefst gewoon op mijn kamer in het donker, maar soms word ik ook echt misselijk als ik moet opstaan. Heeft u zelf een idee waar het vandaan kan komen? Ik ben eigenlijk wel bang dat het iets ernstigs is. Waar denkt u dan aan? Iemand in de familie is na dezelfde klachten gestorven aan een hersentumor. Ik ben er eigenlijk wel bang voor dat ik dat ook heb. Ik kan me voorstellen dat u zich dan zorgen maakt. Wie was dat in de familie? Dat was een neef van mijn moeder. Dus als ik het goed begrijp, is dat ook de reden dat je vandaag bent gekomen? Ja, eigenlijk wel. En natuurlijk ook iets tegen de pijn. Als ik kijk naar de hoofdpijn, waar in het hoofd voelt u de hoofdpijn? Meestal een beetje voor in het hoofd. Meer aan de linkerzijde. En hoe zou je de soort pijn omschrijven? Het is vooral een bonzende pijn. En hoe lang is de pijnaanval dan meestal? Soms is het na één dag al minder, maar het kan soms ook drie dagen duren. Wat doe je dan als je zo'n aanval hebt? Ik ga dan in bed liggen, meestal de deuren en de gordijnen dicht. Begrijp ik goed dat je ook last hebt van licht- en geluidovergevoeligheid? Ja, inderdaad. Heeft u verder nog bijkomende klachten? Ja, soms ben ik misselijk. En als u misselijk bent, moet u dan soms ook braken? Heel soms, maar gelukkig niet zo vaak. Heeft u tijdens de aanvallen ook last van slechter zicht? Tijdens de aanvallen merk ik wel dat ik het soms niet goed kan zien, maar ik wil het liefst ook mijn ogen dicht houden vanwege het felle licht. Gebruikt u verder medicatie? Soms een pijnstiller voor de hoofdpijn. En helpt dat tegen de pijn? Ja, meestal wel. Dus nog even kort om samen te vatten, het is dus een bonzende hoofdpijn die in aanvallen komt, vrij ernstig van karakter, vooral aan één zijde van het hoofd. Soms bent u ook misselijk met braken, en meestal helpt rustig aandoen in een donkere kamer en soms een pijnstiller. U bent ook best bang dat het iets ernstigs is en wilt graag iets tegen de pijn. Heeft u zo nog aanvullingen? Nee, dat is eigenlijk wel compleet. Uw hoofdpijn doet me sterk denken aan migraine. Bent u bekend met deze term? Ik heb er wel iets van gehoord. Maar u denkt dus niet aan een tumor? Nee, eigenlijk niet. Het komt bijna precies overeen met het schoolvoorbeeld van migraine. Oh, ik wist niet dat die pijn zo hevig kon zijn. Dat kan helaas wel heel verhinderend zijn. De aanvallen zullen helaas blijven terugkomen, maar er zijn wel wat dingen die je kunt doen om de hoofdpijn te verzachten. Op het moment dat de pijn opkomt, is het aan te raden rust te nemen. De pijn kan versterkt worden door stress, onrust en weinig slaap. Dit zijn dus elementen waar je op kan letten om de hoofdpijn te verminderen. Ervaart u veel stress? Soms wel dokter, maar het wordt wel rustiger op mijn werk binnenkort. We krijgen een extra collega. Dat is fijn om te horen. Eigenlijk neemt de stress dan ook af. Verder kunt u zodra de pijn opkomt, beginnen met twee paracetamol. U kunt dit dan consequent de dag door op maximaal vier momenten nemen, totdat u merkt dat de pijn minder wordt. Een paracetamol, gaat dat wel helpen tegen deze heftige pijn? Een paracetamol is een medicijn dat verder niet heel schadelijk is, maar het kan wel heel effectief zijn, zeker als het zo op vaste tijdstippen wordt genomen. Mocht het niet helpen, kunnen we altijd overgaan naar een andere pijnstiller. Vindt u dat een goed idee? Dat klinkt wel redelijk. Ik ga het in ieder geval eens proberen. Zullen we dan afspreken dat we over ongeveer vier weken een neuroconsult plannen en kijken hoe het gaat? Mocht het dan niet voldoende helpen, kunnen we dan overgaan op een andere behandeling. Dat is goed, bedankt dokter. Heeft u verder nog vragen? Nee, het is wel duidelijk zo. Dan zie ik u graag over vier weken."
misbruik.mp3,Psychologische gespreksvoering,Whisper-large-v3-fast,97.6,38.414781021897774,100,91.94160583941606,4988.3125,4739.086222627737,354.40541166080146,"Nou, goeiemiddag Sarah. Mijn naam is Sterre en ik heb je even apart genomen omdat ik bij binnenkomst zag dat je behoorlijk overstuur was. Ik stel voor om even gewoon een kwartiertje samen te gaan praten, gewoon even kijken wat er aan de hand is. Dat jij even je verhaal kan doen en dat we samen kunnen kijken wat we eventueel voor jou kunnen betekenen hier. Oké. Is dat een goed plan? Oké, allereerst waarom ben je gekomen vandaag? Omdat ik nu terug naar huis kan. Je kan niet naar huis? En waarom kan je niet naar huis? Ja, ik durf gewoon niet meer naar huis te gaan eigenlijk. Daarom ben ik ook weggegaan. Oké, dat mag dan. Ja. Dus je bent weggegaan van huis omdat je niet meer naar huis durft. Daar komt het op neer. En waarom durf je niet meer naar huis? Dat vind ik een hele goeie vraag. Kan je eerst iets vertellen over je thuissituatie dan? Ja, mijn ouders zijn twee jaar geleden gescheiden. En daardoor zie ik mijn vader eigenlijk niet zo veel meer. Mijn moeder heeft nu een nieuwe vriend, maar ik kan het eigenlijk ook helemaal niet meer vinden. Het is echt een beetje een vies mannetje. Je ouders zijn gescheiden twee jaar geleden. Ja. En hoe is de scheiding gegaan? Ja, best wel rot eigenlijk, want daardoor zie ik mijn vader eigenlijk helemaal niet meer. Maar één keer in de twee weken in het weekend en ja, hij heeft helemaal geen tijd voor mij als ik er dan ben. Ja, wat voor gevoel werkt dat bij je op dan? Dat je je vader... Dat je vader je zo weinig ziet? Dat hij geen zin heeft om me dan te zien. Ja. Dus bij je vader voel je je een beetje verwaarloosd en bij je moeder wil je eigenlijk niet meer zijn? Nee. En is dat omdat je moeder er is? Nee, door die vriend. Ja, en mijn moeder gaat helemaal met hem mee en dan schrijven ze hem niet meer bij. Ja. Anders wat hij zegt is waarheid of zo. Ja, ik snap dat dat erg vervelend is inderdaad. Maar hoe lang zijn je moeder en haar vriend nu samen? Niet een halfjaartje of zo pas. En jij hebt een beetje het gevoel dat hij eigenlijk alles al bepaalt in huis? Dat zij gaat gewoon een beetje met hem mee. Oké. Ja. En nou, je zegt je vindt het een beetje een vies mannetje. Kan je daar een voorbeeld van geven? Ja, ik heb gewoon het idee dat hij de hele tijd naar me zit te kijken en dan als ik uitga of zo zegt hij, oh je ziet er echt sexy uit. Dat is gewoon echt heel vervelend. Dus ik kan eigenlijk wel zeggen dat je hem erg ongepast vindt. Ja, ja. En ook als ik langsloop of zo gaat hij net even zijn hand op mijn schouder leggen of net op mijn heup of zo. Dan moet ik hem afblijven. Maar is dat vandaag ook gebeurd? Ja, nou niet per se vandaag, maar ik had het tegen mijn moeder gezegd. En toen zei ze dat ik me gewoon niet zo aan moest stellen en dat ik gewoon normaal moest doen. Dus je weet eigenlijk niet zo goed wat je nu moet? Nee, een beetje ja. Ik ga er echt niet meer naar terug als zij me niet geloven of zo. En dat hij dan dat gewoon kan doen door mijn moeder en gewoon zeggen dat ik het zit te verzinnen of zo. Ja, en heb je er al met iemand anders over gepraat? Nee, ik vind het best wel moeilijk om erover te praten. Straks vindt iemand anders ook dat ik het verzin. Het is een lastige onderwerp, daar heb je helemaal gelijk in. Nou ja, dan moet ik zeggen dat ik erg blij ben dat je naar ons toe bent gekomen. Om het even voor mezelf op een rijtje te krijgen. Je ouders zijn gescheiden, je vader zie je vrij weinig en je vader heb je eigenlijk het gevoel dat hij geen omkijk naar je heeft. Je moeder heeft sinds een half jaar een nieuwe vriend en die vriend is nogal nog gepast tegenover jou. Daar heb je je moeder mee geconfronteerd. En kan je voorbeelden noemen? Je hebt al gezegd dat hij zegt dat je sexy bent. Ja, of ik er sexy uit zie. Dat zegt toch niks? Nee. Dat is een lastig onderwerp. Ik moet zeggen dat ik zelf ook even moet nadenken hoe we hier verder mee moeten. Wat ik in ieder geval uit jouw verhaal begrijp is dat je je gewoon niet veilig voelt thuis. Komt het uiteindelijk op neer. Om het even concreet te maken voor mezelf. Heb je zelf een idee wat er aan gedaan kan worden? Ja, hij moet gewoon weggaan eigenlijk. Want anders kan ik niet meer heus. Hij moet weg? Ja, hij moet gewoon opgeruimd worden. Ik wil gewoon thuis kunnen zijn. Maar het kan niet dat hij er is. Ja. En heb je dat ook met je moeder besproken? Nee, nog niet. Want ze geloofde me meteen nog niet. Dus dan heeft hij niet echt zin om dat te zeggen. Maar hoe ben je tegen je moeder daarover begonnen? Moet je eens horen. Die vriend van jou. Dat kan gewoon echt niet hoor wat hij doet. Dat hij zegt dat ik sexy ben. Dat hoort hij niet tegen mij te zeggen. Ik zie dat je tussendoor een beetje begint te grieken op een of andere manier. Ja, een beetje van het zenuwen denk ik. Gewoon een beetje ongemakkelijke situatie. Ja. Oké, maar we zijn hier natuurlijk om jou, want ik merkte sowieso in het begin al dat je een beetje ongemakkelijk voelde. En niet helemaal uit jezelf dingen durfde te vertellen. Heb je wel het gevoel dat je hier een beetje veilig bent? Ja, zeker. En ik wil graag met jou gaan kijken naar een oplossing voor dit probleem in ieder geval. Jij zegt zelf, ik wil dat hij weggaat. Nou, denk ik, als ik even zo bij mezelf denk, dat is een beetje een lastige oplossing. Zijn er andere dingen waarvan je zegt, dat zou ik willen proberen? Ja, ik zou er wel gewoon een keer goed met mijn moeder over willen praten. Zonder dat ze meteen gaat roepen dat het niet waar is en dat het me aanstoot. Dat is gewoon even een lijstje. Ja, oké. Dus met je moeder praten. Met je moeder praten. Maar zou je dat willen doen thuis of zeg je, doe maar een andere situatie? Nou, dan liever niet thuis. Maar gewoon, ergens waar we gewoon rustig kunnen praten. Dat hij er ook niet ineens binnen kan lopen of zo. En zou je er iemand bij willen hebben? Ja, ik kan me voorstellen dat ik erbij ben. Dus dat we met je moeder een afspraak maken en dat we met z'n allen even gaan zitten. Want je bent hier natuurlijk niet voor niks gekomen. Dat is één ding dat we vast kunnen stellen. Dan lijkt het me verstandig als we dat doen. Als jij je daar veilig bij voelt, als ik erbij ben. Ja. Tenzij je zelf zegt, nou... Nee, ik denk dat ik dat wel veilig vind. Oké. Wat wil je tijdens het gesprek van mei dan? Gewoon een beetje mij de kans ook geven om uit te laten praten. Niet dat moeder tegen me gaat. Ja, dus... Je verwacht van mij, je wil dat ik erbij ben om een beetje de orde te houden. En jou de kans te geven dat je je ding kan zeggen en dat je moeder je niet... Ja. Oké. Nou, ik vind het fijn dat je zelf ook bedacht hebt van dit wil ik. En daar kunnen wij je hartstikke goed bij helpen. En daar zal ik je ook zeker bij helpen. Als jij zometeen het nummer van je moeder even achterlaat bij mij. Dan ga ik haar een belletje geven. En dan ga ik even uitleggen wat wij net besproken hebben. Namelijk... Gezondheid. Dank je. Namelijk dat je je niet veilig voelt thuis door het feit dat je je vader of je vader zie je eigenlijk niet. En dat je moeder haar nieuwe vriend gewoon naar jouw gevoel gewoon geen normale dingen doet bij jou. Zoals dat hoort als vriend van je moeder en niet als vriend van jou. En dan zal ik je moeder daar even een belletje over geven. Ik zal nog niet te veel daarvan zeggen. Ik zal aangeven dat je hier behoorlijk overstuur bent gekomen. Ja. En dat ik graag een mogelijkheid wil om met haar te praten en met jou. En dan stel ik voor dat ik met je moeder een afspraak maak en met jou dat we hier volgende week om dezelfde tijd nog een keertje afspreken. En dan bespreken we alles nog een keertje met je moeder. Ja? Kan je daar een vinden? Mooi zo."
vrijheden.mp3,Psychologische gespreksvoering,Whisper-large-v3-fast,83.3,34.89426356589144,100,91.37674418604651,5788.3125,4948.920251937984,355.35450597583787,"Goedemiddag Lisa. Hoi, ik ben Lisa. Ik ben de verpleegzinnige vandaag. En ik heb gehoord dat jij een gesprek hebt aangevraagd om te redden op vrijheden. Nou, laten we het daar eventjes over hebben samen. Laten we het lekker kort en bondig houden, zodat we niet te lang mee bezig moeten zijn. We komen er wel uit hoe lang we daar mee bezig willen zijn. Laten we het op een kwartier ongeveer doelen en dan kunnen we het ook lekker beklopt houden. Ja, dat is goed. Ja? Ja, laat ik beginnen met vragen waarom jij dit gesprek hebt aangevraagd. Ja, ik wil graag wel van mijn vrijheden hebben, want die zijn ingetrokken vorige week. En nu moet ik telkens met iemand van de begeleiding boodschappen doen. En dat komt heel vaak niet uit. Dus ja, ik zou graag wel mijn vrijheden weer terug willen. En waarom zijn jouw vrijheden ingetrokken toenertijd? Ik had mezelf gesneden. En waarom heb je dat toen gedaan? Was er een aanleiding voor? Een herbeleving. Het stemmetje zei dat ik dat moest doen. In welk stemmetje? Het stemmetje waar ik altijd last van heb, als ik te weinig heb geslapen. En is die dan een tijd weg geweest? Dat je daarom je vrijheden weer terug had gekregen? Ja, het ging een tijdje weer goed. Alleen nu, vorige week werd het weer slechter en ben ik meer gaan snijden. Want toen heeft de wandelaar mijn vrijheden weer ingetrokken. En wat is er gebeurd tussen dat het wel goed ging en dat het opeens weer minder goed ging? Is er een omslag geweest? Is er iets in je persoonlijke leven gebeurd? Ben je misschien middelen? Alkool gaan drinken? Gaan gebruiken? Nee. Heb je slecht contact met een van onze medebewoners? Nee, dat gaat eigenlijk allemaal wel. Je kan niet bedenken wat er aanleiding is geweest voor de omslag? Nee. Ik slaap wel wat slechter en dan heb ik meer last van herbelevingen. Herbelevingen waarvan? Ja, liever niet heel erg over, maar meer wat er vroeger is gebeurd na de herbelevingen. Ja, dus wat er in je verleden... In je jeugd is gebeurd eigenlijk? Ja. Oké, dan wil je het liever niet over hebben? Nee. Helemaal niet? Nee. Heb je daar met andere mensen wel over? Ja, met mijn psycholoog hebben we daar wel over. Met de psycholoog? Dat vind ik niet fijn, maar daar hebben we het wel over. Als je het met de psycholoog erover hebt, dan kan je daar niet... Zij begrijpt me in ieder geval wel en we proberen er samen wel uit te komen, maar... Wat je zegt is dat je heel erg graag boodschappen gaat doen, alleen. En meer naar buiten. Ja. En ik wil eigenlijk... En jullie vragen hoe ik dat weer een beetje kan doen. Ja. Als we niet weten wat er precies gebeurt in jouw hoofd, dan vinden we het moeilijk om jou zo weer naar buiten te laten gaan. Ik denk dat we pas jou weer echt vrij kunnen laten als we er weer vertrouwen dat er niks misgaat. En als je het er niet over wil hebben, dan begrijp ik dat heel goed. Dan zou je het misschien toch wel weer echt goed met je psycholoog moeten gaan bespreken. En dan zouden wij samen met de psycholoog misschien... Ja. Kunnen gaan bedenken wanneer je weer klaar bent om zelf naar buiten te gaan. Want ben je bereid om eraan te gaan werken? Ja. Ja. Maar wat het is, ik doe... Ik snij bijvoorbeeld niet... Ik doe het niet als ik buiten ben. Ik doe het altijd in mijn kamer. Dus ik snap niet zo goed waarom ik dan niet boodschappen mag doen. Ja, er is altijd een risico, als je dus suicidaal bent, dat het op een gegeven moment op een andere manier gaat gebeuren. En dat is wat wij willen voorkomen. Ja. Ja. Ja. Ja. Ja. Ja. Ja. Ja. Ja. Ja. Ja. Ja. Ja. Ja. Ja. Want je doet het alleen op je kamer. En waarom alleen op je kamer? Dat is het meest veilige plekje voor mij hier. Ja. Is het dan zo dat niemand het ziet, of is het omdat je het eigenlijk niet wilt doen? Nee. Het komt gewoon helemaal op. En ik doe dat. Maar moet ik dat doen? Dan is de drang zo groot... Meestal probeer ik dat ook wel tegen te houden. Maar, de drang wordt zo groot dat ik het toch moet gaan doen. Ja. Maar ja, de drang kan ook een keertje buiten komen en dan kan het ook buitengebeuren. Ja, maar dan ga ik eigenlijk altijd nog wel naar benen. Zoals ik het goed begrijp is, je denkt dat je van jezelf dan naar buiten kan, dat het gewoon lukt. Alleen voor ons mag het nog niet. Wat denk je zelf hoe je die vrijheid terug kan krijgen bij ons? Hoe heb je dat voorheen gedaan? Ja, door te laten zien dat ik mezelf niet sneed, dan kreeg ik het wel weer terug. Maar hoe lang sneed je dan niet? Ja, dat verschilde wel eens. Ja, de behandelaar, daar zijn niet echt regels voor. Ja, en als ik eigenlijk liet zien dat het goed ging met me, maar dat hoefde nog niet te betekenen dat het toen de tijd goed ging met me. Dan kreeg ik ze wel terug. Maar ik vind het moeilijk om daar afspraken over te maken, over te snijden, omdat dat zo in mij opkomt. En ik zou wel graag... gewoon alleen even boodschappen willen doen. Ik denk dat we wel misschien wat kleine afspraakjes kunnen maken om het op te bouwen. Ik snap ook wel dat jullie misschien wat meer vertrouwen in mij moeten krijgen. Ja. Vind je het goed als ik dit ook met de psycholoog wil spreken? Of wil je dat absoluut niet? Want dan heb ik in ieder geval iemand die weet wat er precies aan de hand is. Dan hoef je het daar niet met mij over te hebben. Misschien vertelt hij mij niet alles, maar in ieder geval weet ik een beetje de achtergrond. Ja, dat vind ik wel goed. Dan kan ik met hem gaan kijken hoe we dit verder gaan aanpakken. Ik bedoel, het liefst vind jij natuurlijk ook zelfstandig naar buiten gaan. Dus dat ik eerst met hem ga praten. Hij kent jou ook wat beter. En dan ga ik met hem bespreken hoe we misschien weer inderdaad een stapplan kunnen opbouwen om jou zelfstandig naar buiten te laten gaan. Maar dat we dat gewoon langzaam opbouwen. Met kleine stapjes, weet je wel. Dat je eerst eventjes een rondje gaat lopen om dit gebouw heen. Vervolgens maak je er twee. En vervolgens uiteindelijk hopen we natuurlijk weer dat jij gewoon je eigen boodschapjes kan doen. Dus is het een idee dat ik volgende week met jou weer terugkom? Dat ik deze week eventjes de psycholoog spreek? Ja. Of vind je dat te lang duwen? Ik kan het ook nog proberen. Ik zou het wel fijner vinden als het eerder kon. Je moet ook nieuwe shampoo enzo. Oké. Na het weekend kom ik bij jou erop terug. Want nu is hij er niet. Dan spreek ik maandag met hem en dan maandagmiddag, maandagavond kom ik naar je toe. Dan werk jij ook? Ja. Dan hebben we de psycholoog gesproken en dan kunnen we even kijken hoe we het gaan aanpakken. En dan bespreken we het verder. Is dat goed? Ja, dat is goed. Dan laten we het voor nu hierbij. Fijn weekend. Dankjewel. Sneak je op maandag. Fijne middag."
angststoornis.mp3,Psychologische gespreksvoering,Whisper-large-v3-fast,82.5,38.82812499999999,100,90.72916666666667,4956.3125,4727.145833333333,380.7527769626931,"Hey Martine, goed dat je er bent. Kom binnen. Dankjewel. Martine, hoe was het voor jou om hulp te zoeken? Eigenlijk het hulp zoeken was voor mij niet zo'n probleem. Maar de juiste hulp vinden, dat was echt mijn probleem. Waar liep je tegenaan? Ik liep tegenaan dat ik bij heel veel therapeuten ben geweest, mindfulness, van alles geprobeerd. Maar eigenlijk werd het niet beter. En ging ik steeds meer achteruit en ging ik steeds meer dingen vermijden. En uiteindelijk durfde ik bijna niets meer. Toen kwam je uiteindelijk bij ons, bij een intensieve behandeling. Een driedaagse dagbehandeling. En hoe was dat voor jou? Heel spannend. Vooral het begin. Want ik had nog nooit in een groep therapie gehad. Dus dat vond ik heel spannend. Maar dat beviel eigenlijk heel erg goed. En het einde vond ik juist spannend, omdat ik dan dacht, nou moet ik het alleen doen. En dat je vangnet eigenlijk een beetje wegvalt. Zo voelde dat een beetje. Maar dat is allemaal goed gekomen. En tijdens die behandeling, wat vond jij toen het meest spannende stukje? Wat vond je het meest spannende moment of het moeilijkste moment? Nou de exposure sessies, individueel en met groep, vond ik heel spannend. Je zoekt dan echt je angst en je paniek op. Maar daarin word je heel goed begeleid. Je wordt heel goed begeleid. Je wordt heel goed begeleid om met die angst om te gaan. En daardoor merk je eigenlijk, oh ik kan dit gewoon aan. Ik kan dit gewoon. Wat voor soort dingen heb jij dan bijvoorbeeld gedaan? De lift. Ja? Ja, de lift was voor mij echt een ding. Dat vond ik verschrikkelijk. De eerste dag dat ik hier was, zei ik, kan ik niet meer de trap naar boven? Nee, we gaan de lift in. Met het openbaar vervoer zijn we geweest. Ik heb zoveel dingen gedaan, die ik normaal gesproken niet durfde. Medicijnen slikken. Dat klinkt raar. Paracetamol slikken. Ja. Ja. Ja. Dus dat was heel spannend. Hé, en wat heeft jou nou het meest geholpen tijdens die behandeling? Toch wel ook die exposure. Maar eigenlijk alle therapieën wel. Je krijgt van alle therapieën, krijg ik heel goed inzicht waar mijn valkuilen liggen. En hoe ik in elkaar zat. Waarvan ik eigenlijk dacht, dat heeft gewoon niets met mijn angststoornis te maken. Maar dat heeft het dus duidelijk wel. Dus dat heeft mij heel geholpen om inzicht te krijgen. Ja. Waar moet ik aan werken? Ja. En hoe gaat het nu met je? Het gaat heel goed met mij. Er blijven altijd uitdagingen. Ja. Maar die ga ik gewoon aan. En mijn leven is nu gewoon weer leuk. En ik heb mijn vrijheid weer terug. En ik doe leuke dingen. Ik onderneem van alles. Ik stap in liften. Dus het gaat eigenlijk heel erg goed met mij nu. Wat fijn. Ja. Zeker. Super."
intake-bedrijf.mp3,Psychologische gespreksvoering,Whisper-large-v3-fast,82.5,42.19580498866219,100,92.7936507936508,4988.3125,4785.137896825397,330.2619497828484,"Frank, fijn dat je bent gekomen. Ben je wel eens eerder bij een psycholoog geweest? Nee, dit is de eerste keer. Oké, dan is het misschien goed als ik even iets vertel over de manier waarop ik graag werk. Ik wil dit eerste gesprek graag gebruiken voor kennismaking en kijken met welke vragen je rondloopt en wat er daarbij voor jou meespeelt. Dan kunnen we eventueel daarna vervolggesprekken inplannen waarin we wat beter en dieper in kunnen gaan op de belangrijke aspecten. En ook misschien concreet kunnen kijken naar wat we kunnen doen om je verder te helpen. Hoe lijkt je dat? Ja, dat is goed. Als je nog vragen hebt, dan kun je die nu gerust stellen. Nee. Oké, zullen we dan maar gewoon beginnen? Dat is goed. Oké, kun je me vertellen wat je hier heeft gebracht? Nou, ik ben hier eigenlijk op aanraden van een vriend van mij. Daar heb ik eens mee gesproken en die zei tegen me, zoals je nu in hetzelfde kringetje ronddraait, dat kan gewoon niet meer. En hij vond dat ik maar eens moest gaan praten. Kringetje ronddraait? Nou, ik loop al een tijdje met het idee rond om een eigen bedrijf te beginnen. In automatisering. Ik doe automatiseringsprojecten. Ja, en dan ga je wel eens denken hoe je dat wilt. En toen, nou ik heb nu ook best een leuke baan, maar op een gegeven moment ga je wel denken, ik moet maar eens wat anders. Dus je hebt het wel een beetje gezien in je huidige baan? Ja. Ja, en dan ga je op zoek naar een nieuwe uitdaging. En een eigen bedrijf leek me eigenlijk een hartstikke goed idee. Dus dan, toen heb ik er met mijn vriendin over gesproken en met mijn ouders en met vrienden. En eigenlijk was iedereen ontzettend enthousiast. Dus je kreeg veel steun uit je omgeving? Ja. Ja, en dan zet je een volgende stap. Dan ga je naar de Kamer van Koophandel. En daar heb ik een starterspakket aangevraagd. Een cursus gevolgd, een compleet ondernemingsplan geschreven en met banken gepraat. Dus de plannen zijn eigenlijk best al ver gevorderd? Ja, ik ben zo al een tijdje bezig. Een jaar of wat bezig met het opzetten van een eigen bedrijf. Misschien nog wel iets langer. Oké. En sinds een paar maanden zijn er wat dingen veranderd. En daardoor vraag ik me nu af of die dingen, die plannen die ik had, of die nog wel kunnen of niet. En je zegt dingen veranderd? Nou, sinds een maand of wat is bekend dat mijn vriendin zwanger is. En dan verandert er wel veel, ja. Daar schrok je van, die verandering? Nou, ja. Daar schrokken we allebei nogal van. Daar hadden we niet op gerekend. En dan verandert er gewoon heel erg veel. Jullie hadden het allebei niet verwacht. Kun je daar iets meer over vertellen? Hoe ging dat? Tja, eh... Carolien had keurig de pil geslikt. Had hem niet vergeten of te laat ingenomen of zo. En toen werd ze niet ongesteld. Dus toen hebben we een zwangerschapstest gedaan. En toen zaten we naar de uitslag van die test te kijken. Je kon eigenlijk je ogen niet geloven? Nee, dat was te gek voor woorden. Oké. Om even kort samen te vatten. Je hebt eigenlijk hele serieuze plannen om een eigen bedrijf te beginnen. Daar was je ook... Je kreeg veel steun uit je omgeving. En daar was je ook echt al een eindpunt. Je had al een eind mee en nu is je vriendin plotseling zwanger en nu komt het even op losse schroeven te staan. Klopt dat? Ja. Misschien is het goed om nog even terug te pakken over je plannen voor een eigen bedrijf. Om daar iets dieper op in te gaan. Je zei net dat je... Ja, je ouders die waren daar enthousiast over. En je vriendin ook. Ja. Mijn ouders hebben een eigen bedrijf. Mijn vader geeft autorijles en heeft zelf een hele rijschool opgezet. Dus ik ben als het ware groot geworden met dat idee van een eigen bedrijf. Eh... Dus toen ik bij mijn vader met dat idee aankwam, had hij zoiets van ja, natuurlijk, dat is een hartstikke goed idee. En je vriendin? Ja, die was eigenlijk ook heel enthousiast. Ze werkt fulltime. Ze is unithoofd van de verpleegafdeling. En zij vindt een goede baan en een uitdaging ook heel belangrijk. Dus toen ik bij haar met die plannen aankwam, had zij zoiets van ja, dat is echt iets voor jou. Dus vanuit je omgeving kreeg je steun voor die plannen. Je gaf net aan dat de zwangerschap was onverwacht. Was echt een verrassing. Kun je me vertellen wat dat verder teweeg heeft gebracht? Eh, nou ja, het was voor Carolien ook wel even schrikken. Ze werkt fulltime. En ja, als ik dat dan zo mag zeggen, dan komt die zwangerschap ook niet echt goed uit. En dan nu met die plannen, dan is het eerst wel even schrikken. Oké, even schrikken. Maar hoe is dat nu? Nou ja, het zet de dingen wel een beetje op z'n kop. En Carolien, die is nu langzamerhand wel zover dat ze het ziet zitten. Die heeft zoiets van, dan gaan we allebei vier dagen werken en dan vangen we het samen wel op. Oké, dus Carolien, die ziet het nu wel als een soort van... Die ziet het nu wel als een soort van zwangerschap zitten. Ja. En heeft ook al wat concrete ideeën over hoe jullie het zouden kunnen aanpakken? Ja, die begint er onderhand wel warm voor te draaien. En jij? Nou ja, kijk, het feit dat die zwangerschap er is, dat eigen bedrijf kan ik nu wel vergeten. Ik moet nu helemaal het nieuw beginnen. Dat klinkt een beetje bitter, zoals je dat nu zegt. Ja. En ik hoor je ook zeggen, als het kind komt, dan kan eigen zaken gewoon niet doorgaan. Nee, ik vind dat als je iets doet, dan moet je het wel goed doen en anders niet. Dat doe ik binnen mijn werk nu ook. En een eigen zaak moet je helemaal zelf doen. En een kind moet je juist goed doen. Nou, dat botst. Ja, dat kan voor jou niet samen gaan, een eigen zaak en een kindje. Nee, dan raffel je het af. En dat kan met een eigen zaak niet en met een kind al helemaal niet. Je voelt je verantwoordelijk. Ja, een kind is niet iets wat je ernaast neemt. Nou, je zegt van dan moet ik helemaal opnieuw beginnen. Wat bedoel je dan? Ja, wat bedoel ik eigenlijk? Dat weet ik eigenlijk niet. Die baan die ik nu heb, die heb ik in zekere zin al... in zekere zin al afscheid van genomen, dus daar blijven, dat heeft geen zin meer. En een nieuwe baan, dan werk ik weer onder een baas en dat wil ik juist niet meer. Ik wil eigen baas zijn, eigen bedrijf beginnen en iets van de grond af aan opbouwen. Iets waar je trots op kunt zijn. Ja, precies. Oké, om het even op een rijtje te zetten. Je wilde een eigen bedrijf starten, kreeg daarbij ook veel steun van onder andere je ouders en ook van Carolien. Sinds de zwangerschap een feit is, loop je eigenlijk rond met het idee dat het eigenlijk niet meer kan. Want je zegt een kindje en een eigen bedrijf. Het kan niet samen. Want dan heb je het gevoel dat je een van de twee niet goed zou doen en dat zou je heel erg vinden. Dat betekent dus eigenlijk dat je het eigen bedrijf niet door kunt zetten. En dat is voor jou heel onbevredigend, want je had echt behoefte aan een nieuwe uitdaging, aan die voldoening. Klopt dat? Ik zit te denken, heb je het onlangs nog met Carolien over die plannen gehad? Je zei van, nou ze was eerst heel enthousiast ook. En hoe is dat nu? Ja, ze steunt me nog wel steeds, maar ze is steeds meer bezig met dat kind. Oké, je zegt ze steunt me nog steeds. Hoe bijvoorbeeld? Nou, zij vindt dat idee van een eigen bedrijf nog steeds een heel goed idee. Ze verklaart me niet voor gek of zo. Dat noem ik wel steun. Oké, maar de manier waarop je het zegt, dan heb ik het gevoel dat je het er misschien niet echt onlangs meer over gehad hebt. Klopt dat? Nee, de laatste tijd niet meer zo. Hoe komt dat, denk je? Nou, dat heeft niet zoveel zin meer. We hebben er heel veel over gesproken en zij is heel erg met die zwangerschap bezig. We hadden gewoon heel erg... Zin in dat bedrijf, samen. En we zijn er heel lang mee bezig geweest. En ik had het gevoel dat we er echt aan toe waren. Samen, Carolien ook. En dat vind ik eigenlijk nog steeds, dat wij dat bedrijf moeten... Nou, dat maakt het nu erg lastig. Misschien is het goed om even in te gaan op de gevoelens die deze situatie eigenlijk teweeg hebben gebracht. Kun je me vertellen hoe je je nu voelt, nu je in deze situatie zit? Ja, ik vind het gewoon erg vervelend, het hele idee dat dat bedrijf niet door zou kunnen gaan. Ik weet niet waarom zij niet zo enthousiast meer is. Want ik vind wel, als je zoiets doet, dan moet je het samen doen en anders niet. En ik had het gevoel dat dat zo was, maar... Maar blijkbaar niet. Je voelt je in de kou staan? Ja, ik heb nu het gevoel dat ik alles alleen moet doen. Als het al zou kunnen, zo'n eigen bedrijf. En dat had ik niet verwacht. Je bent teleurgesteld? Ja. Ik vind, als je iets doet, dan moet je het gewoon goed doen en anders niet. En, ja, dat eigen bedrijf, dat kan ik nu wel vergeten. Je bent... Ben je ook boos op Carolien? Dat zij doet er eigenlijk... ...makkelijk over en jij wil eigenlijk nog wel heel graag door. Ja, natuurlijk ben ik boos. Ze zet me voor het blok. Hoe bedoel je? Nou... Toen we het net wisten, toen heb ik het over een abortus gehad. En helemaal niet zo van dat ze het weg moest laten halen, maar toen werd zij ontzettend kwaad. En ze maakte me uit voor idioot en egoïst. En het was helemaal niet zo dat ik die abortus gewild had. Eh... Carolien en ik hebben het wel eens over kinderen gehad. Ik hou gewoon heel veel van haar. Alleen... We wonen net samen. En we hebben plannen om een eigen huis te gaan kopen. En dan... Ja, we hadden wel allebei het gevoel dat dat... ...dat het een stukje completer zou zijn als we daar ook een kleintje bij zouden hebben. Alleen niet nu. En door hoe zij nu reageert heb ik het gevoel dat ik daar geen inspraak in heb. Je voelt je machteloos. Ja, en daar baal ik van. Ik denk dat dat ook het kringetje is, hè, waar we het aan het begin over hadden. Nou ja, je wil een eigen zaak. Daar was je ook al ver mee. Ook samen met Carolien. Je kreeg steun van je omgeving. Dat was erg prettig. Nu is Carolien plotseling zwanger en is er voor jou geen ruimte meer voor die eigen zaak. En dat maakt je teleurgesteld en boos, ook op Carolien. En tegelijkertijd hou je ook heel veel van haar. En hebben jullie echt plannen om samen een toekomst op te bouwen? Waardoor jij het gevoel hebt dat je geen kant op kan en dat je klem zit. Hoe zie ik dat goed? Hoe zie je dat zelf? Ja, ik heb nu gewoon niet het gevoel dat... Ik weet nu gewoon niet hoe dat nu verder moet gaan. Enig idee hoe je uit het kringetje zou kunnen komen? Heb je daar zelf ideeën over? Nou, nee. Ik had gehoopt dat jij misschien wat ideeën aan de hand zou kunnen doen. Oké, nou je vraagt nu eigenlijk aan mij een pasklare oplossing. Ik denk dat het goed is dat ik daar iets over zeg. Ik kan geen pasklare oplossing of suggesties aanbieden. Omdat ik weet niet wat voor jou en Carolien het beste of het belangrijkste is. Wat ik wel kan doen is met jou kijken naar dingen die me opvallen in het gesprek. Een aantal punten. En dat we het daarover hebben. En kijken of daar misschien iets in zit waarmee je verder kunt komen. Ja, wat vind je daarvan? Ja, dat klinkt goed. Oké. En gezien de tijd lijkt het me goed als we gaan afronden. Ik heb net al even kort samengevat. Een aantal dingen die me zijn opgevallen is dat je heel stellig zegt van... Ja, een eigen zaak en een baby, een kind, dat gaat niet samen. Voor de volgende keer zou ik graag willen dat je nadenkt of er eventueel een manier is... waarop een kind en een eigen zaak toch gecombineerd zouden kunnen worden. Misschien dat daar iets in zit waarmee we verder kunnen komen. Is dat goed? Ja. En verder, we hebben het ook even gehad over Carolien. En dat je de laatste tijd het niet meer zo gehad hebt over die eigen zaak. Misschien kun je eens nadenken over wat je zou willen zeggen tegen Carolien in zo'n gesprek. En hoe je ook denkt dat zij daarop zou reageren. Ja? Ja, dat is goed. Oké. Het doel van ons eerste gesprek was eigenlijk om kennis te maken en wat zicht te krijgen op wat er speelt. In hoeverre denk je dat dat is gelukt? Ja, dat weet ik niet. Ik heb wel het idee dat het goed is geweest om erover te praten en hier te komen. En er niet zelf mee aan te zitten modderen. En er is inderdaad nog geen pasklare oplossing boven komen drijven. Maar misschien is dat ook al te veel gevraagd voor nu. Dat denk ik ook. Het lijkt me goed om voor volgende week misschien een afspraak in te plannen. En dat we er dan een uur voor uittrekken. Zou een donderdag bijvoorbeeld om vier uur goed zijn? Ja. Oké."
baan.mp3,Psychologische gespreksvoering,Whisper-large-v3-fast,100.0,44.25333333333353,100,92.68518518518519,5020.3125,4798.386574074074,312.5687202126783,"Hallo, welkom. Goedemiddag. Je bent vandaag gekomen omdat je mogelijk moet kiezen tussen twee banen. Je hebt in ieder geval een nieuwe baan aangeboden gekregen. Ja, klopt. Wat zijn je twee banen precies? Ik werk nu bij het Distributiecentrum van de Albert Heijn. Die bevindt zich op het industrieterrein in Zwolle. Ik heb een baan aangeboden gekregen als luchtverkeersleider op Schiphol in Amsterdam. Aangeboden gekregen omdat ik contacten heb op Schiphol. Ik heb daar al eerder een keer gewerkt. Maar dan een andere tak. En via via heb ik contact gehouden. En toen is me dit eigenlijk naar boven gekomen. Super tof. Het gesprek van vandaag gaat ongeveer 10 à 15 minuten duren. Het doel van het gesprek is niet best dat je een keuze moet gaan maken in je baan. Want dat zul je uiteindelijk toch wel zelf moeten doen. Het zal vooral zijn dat je iets meer voor jezelf het idee krijgt wat voor jou belangrijk is. En aan de hand daarvan een keuze kunt gaan maken mogelijk. Dat weet ik ook. Aan het einde van het gesprek kan het zijn dat je nog iets gaat over spreken. Dat zal ik even aangeven. Dan gaan we het nu zeggen. Ja, fijn. Sowieso de eerste vraag van vandaag. Hoe sta je vandaag erin op die schaal van 0 tot 10? Hoe gelukkig of verbijnd vandaag? Ben je heel gelukkig of heel ongelukkig? Ja, eigenlijk een 4 denk ik. Ik heb net een drukke werkweek gehad in Zwolle bij de Albert Heijn. En daar is het eigenlijk best wel stressvol. Nu vanwege corona staat er natuurlijk heel veel druk op het distributiecentrum. Maar ik heb van de weken niet zo'n leuk gesprek gehad met een van mijn collega's. Dus ja, ik heb een drukke werkweek gehad die niet zo leuk is geëindigd. Dus ik voel me niet echt lekker over en behum. Nou, oké. Kun je uitleggen hoe je je dit met voelde met je net gedaan? Als je nu een keuze moet maken op je gevoel, wat zou je dan doen? Voor welke baan zou je dan gaan? En waarom zou je dan die keuze maken? Nou, daar zit ik dus heel erg mee. En dat vind ik best wel moeilijk. Want ik ben een type die het fijn vindt om verder te kijken dan waar ze nu zitten. Maar ik vind het leuk om nieuwe uitdagingen op te zoeken, et cetera. Maar tegenover ben ik ook best wel een beetje onzeker. Zit ik bijvoorbeeld dan nu gewoon goed? Waarom zou ik dat voor mijn gevoel mijn eigen ruiten ingooien, zeg maar? Nou, dat is dus een beetje waar ik tussen schommel. Maar goed, als ik net zo'n drukke werkweek heb gehad en geen leuke gesprekken heb gehad en op social heb gehad daar, dan is eigenlijk de keuze voor mij wel vrij duidelijk om voor die andere baan te kiezen. Maar goed, dat is zoveel meer verantwoordelijkheden, zo'n grotere uitdaging, dan ga ik daar dus ook heel erg over twijfelen. Dat heeft dus ook te maken met mijn vier. Het zit daar gewoon... Het zit gewoon heel erg mee in het dilemma bij jezelf. Ja. Oké, dat is wel duidelijk. Heb je voor jezelf een lijstje gemaakt, toevallig, met de voor's en tegen's of zo? Wat dan wel het meeste kunnen werken? Nee, ik krijg dat wel vaker als tip. Ik heb ook al met mijn thuisgevond over gepraat, maar ik vind dat altijd een beetje lastig. Ik doe dat vaak in mijn hoofd. Wat resulteert dat ik dus helemaal vol in mijn hoofd zit. En dat het... Dan hou ik het echt niet echt overzichtelijk, zeg maar. Dus nee, op papier heb ik eigenlijk nog niks gezet. Nee. Als je zo zou kunnen benoemen, wat zou je dan het belangrijkst vinden aan je werk? Nu bij de Albert Heijn of in het algemeen? Gewoon in het algemeen. Want bijvoorbeeld, vroeger heb je beschikbaar bijbaantjes gehad. Ja. Wat vond je vroeger nou het leukste bijbaantje? En zou je het kunnen uitleggen waarom je dat dan het leukste bijbaantje vond? Ik denk dat mijn leukste bijbaantje degene was tijdens mijn studie. Misonplas. Dat was namelijk een bedrijf die heel erg in de krachten van de mens geloofde, zeg maar. Als in van, als je ergens voor wil gaan, als je iets leuk vindt, dan wil je er ook voor gaan. Dus wij geloven jou, zeg maar. Dus we geven je die kans. En dat vond ik eigenlijk het leukst. Dus ik vind het het leukst om mezelf te kunnen bewijzen ergens. Waar haal ik mijn eigen energie en motivatie vandaan? Altijd een beetje te willen presteren. En dat is dus eigenlijk ook waar ik wel op zoek naar ben. Maar wanneer een uitdaging dus te groot wordt, dat ik mijn misplas ook wel eens heb gehad. Dat ik toen toch iets te veel hooi op mijn vork nam. Dan krijg je dat toch ook wel snel in je situatie te voelen eigenlijk, te verduren. Ja, dus je wil graag heel veel presteren. Maar je wil uiteindelijk ook niet over je max heen gaan. En daar wel goed controle in kunnen houden voor jezelf. Juist, ja. Nou, tof. En hoe zit het nu dan bij je huidige baan? Heb je het gevoel dat dat allemaal kan? Nou, eigenlijk niet echt. Want het is daar goed georganiseerd nu en alles loopt. Maar het is best wel een beetje ouderwets geworden. En ze werken nog niet echt met de nieuwe systemen die nu bijvoorbeeld bedacht zijn. Hoe bedoel je ouderwets? Qua hiërarchie? Ook, ja. Ze hebben best wel veel, ja, inderdaad gewoon echt een piramide qua hiërarchie. Ook best wel verouderde systemen al. Er is al genoeg nieuw ontwikkeld in de logistieke wereld. Maar daar maakt zich nog geen gebruik van. Terwijl ik denk, als je dat wel gebruikt. Dan kun je het veel sneller en veel beter. Maar mijn mening wordt daar in die zin niet echt gehoord. Dus ze blijven een beetje achter of zo. En dat, ja, dan kan ik mezelf ook niet meer verder ontwikkelen. Dan kan ik niet meer mezelf bewijzen. Want ik word niet serieus genomen in die zin. Ja, vind je dat vervelend? Ja, eigenlijk wel. Dan denk ik ook een beetje van, nou ja, weet je, als jullie het niet belangrijk vinden. Dan vind ik het ook niet belangrijk. En dan ben ik een type die dan snel met zijn pet ernaar gaat gooien. En dat is niet hoe ik wil zijn. Nee. Nee, oké. Dat is wel duidelijk. Dus je weet van jezelf eigenlijk wel wat je graag zou willen. Maar je weet niet. Je weet niet zo goed of je dat werkelijk gaat krijgen bij een ander bedrijf. Of is het vooral de zekerheid die je op dit moment nog hebt binnen een eigen bedrijf. Wat je niet zomaar wil weggooien. Een beetje van beide. Ik weet natuurlijk nu dat ik hier eigenlijk in principe goed zit. En als ik naar een ander bedrijf ga waarvan de uitdaging veel te groot is. Of dat het toch te veel op mijn pad komt. Dan kan ik me daar niet gelukkig voelen. Nog ongelukkiger dan ik me misschien op dit moment nog ga voelen daar waar ik nu zit. Ja. Maar goed, dat is juist ook hetgeen wat ik vervelend vind. Wat er dus nu om die reden staat. Dus de Albert Heijn ook stil. Wat is de reden dat je überhaupt aan het werk bent? Is daar een speciale reden voor dat je werkt? Ik vind het fijn om bezig te zijn. Om mijn kennen en kunnen ergens te laten zien. Ik vind het ook fijn om van toevoeging te zijn. Ja. Dus gewoon het geaccepteerd worden binnen een bepaald iets. En ook dat werkelijk het idee hebben dat je nuttig bent in de maatschappij. Daarnaast is het geld natuurlijk ook belangrijk. Ja, snap ik. Oké. Maar het is ook wel een deel van het geld. Hoe ver zit dat? De extra fysieke motivatie zit daar dan bij denk je? Zodat je van buitenaf middelen krijgt toegrijp bijvoorbeeld naar dat geld. En hoe ver vind je dat belangrijk? Of vind je het belangrijk dat je dat werk leuk hebt op je werk? Of is het echt het loon wat je dan fijn vindt? Nee, de fysieke motivatie vind ik echt veel belangrijker. Want als het qua loon lager zit of hoger zit. Ja, dat is natuurlijk lekker. Maar daar haal ik mijn energie niet uit. Ja, dus dat is dit verder geen keuze voor jezelf? Nee. Zijn er bepaalde dingen die je moet ondernemen om dat werk aan de slag te kunnen bij Schiphol? Ik woon natuurlijk in Harderberg. En Schiphol is in Amsterdam. En er staat elke dag ontzettend veel file. En de treinen zitten bomvol. Dus eigenlijk is de enige manier wanneer ik daar met gemak wil werken. Is dat ik daar ook daadwerkelijk ga wonen. Bij Schiphol verdien ik wel meer. Er zit wel een verschil in. Maar goed, ik ga dan natuurlijk naar Amsterdam toe. Dus daar is dan de huizenprijs. En het leven is daar secuurder. Dus in die zin ga ik eigenlijk hetzelfde stapje omhoog. Oké, en hoe ver vind je dat lastig om mogelijk een leven hier achter te laten. En daar een nieuw leven op te moeten starten? Nou ja, dat vind ik dus ook best wel ingewikkeld. Ik weet dat ik tussen hier en nu gelukkig ben. En ik moet daar totaal nieuwe mensen gaan leren. Een hele andere omgeving. Met een andere dynamiek tussen mensen. En andere types daar. Althans, dat denk ik. Heb je dat eens eerder moeten doen? Een nieuw leven ergens moeten opbouwen toevallig? Nou ja, toen ik op kamers ging. Maar goed, dan ga je een studie beginnen. Dus dan kom je automatisch in een hele grote groep met mensen. Die daar allemaal nieuw zijn. Dat is dan toch anders dan wanneer jij voor het gevoel als laatste ergens bij een bedrijf binnenkomt. Of ergens in een straat binnenkomt. Met allemaal mensen die je niet kent. Terwijl zij daar al dertig jaar zitten. Bij wijze van spreken. Ja, dat is op zich wel logisch. Als je zelf zo wordt praten. Heb je dan enig idee of je al een voorkeur hebt voor een bedrijf? Of moet je daar echt nog wel over nadenken? Nee, als ik het uitspreek. En als ik er ook over nadenk. Dan overheerst toch wel de gedachte om naar Amsterdam te gaan. Maar ik heb altijd een engeltje en een duigeltje op mijn schouder zitten. En die schreeuwt allebei tegelijk op mijn oor. Dus wanneer ik dan blij ben met het idee. Of in ieder geval wanneer ik dan enigszins de keuze heb gemaakt. Om toch naar Amsterdam te willen gaan. Dan schreeuwt die duif altijd in mijn oor. Nee, dat moet je niet doen. Want je bent niet goed genoeg ervoor. Ja, dus vooral de prestatiedruk is ook wel hetgene wat je misschien tegenhoudt. Omdat je daar meer verantwoordelijkheid zou krijgen. Dat is op zich wel lastig voor jezelf. Ja. En die prestatiedruk is dat nu hetgene ook. Wat je bij de Albert Heijn dan niet hebt voor je gevoel. Zit je daar aan de top van je kundes zit. Of heb je daar juist het idee van. Ik kan nog wel meer. Als ik de kansen er maar voor krijg. Een beetje van beide. Ja, een beetje van beide. Want ik kan daar veel meer. Ik kan mezelf veel meer laten zien. Maar zij houden mij tegen. Zij staan er niet voor open. Ze willen me niet die kansen bieden. Dus dan zit ik nu aan de top van mijn kunnen. Namens hen, zeg maar. Maar als zij wel openstaan voor nieuwe ideeën. Dan kan ik daar ook mee aan de slag. Maar goed, ik werk daar nu inmiddels al tien jaar. En ik heb er al vijf jaar over gespart met mensen. En die ideeën ingebracht. En daar wordt gewoon al vijf jaar niets mee gedaan. Op een gegeven moment dacht ik bij mezelf van nou ja, joh. In hoeverre heb je er zelf wel tegen aangelopen. Dat er dingen gebeuren. Die voor jezelf misschien boven je pet gaan. En denkt, ik kan op dit moment even niet aan. Hoe ga je daarmee om normaal gesproken? En heb je het idee dat dat binnen een bedrijf wel zou kunnen? Ik denk dat binnen Schiphol daar werken natuurlijk zo ontzettend veel mensen. Met allemaal verschillende disciplines. Dus daar staan denk ik veel meer mensen open voor nieuwe ideeën. Andere gedachten. Andere structuren en zo. Dus ik denk dat ik daar wel daarmee aan de slag kan. Heb ik vergeten? Ja, dat is mijn fout. Ik moet niet twee vragen tegelijk stellen. Nee, of jij denkt dat mensen in Schiphol. Zijn opvang en hoe zullen ze daarmee omgaan op het moment dat jij wel iets te veel gooi op je voorkeur neemt? Nou ja, daar is natuurlijk wel de werkdruk ligt daar erg hoog. Ik ben vast niet de enige die op Schiphol wil werken. En daar is de prestatiedruk misschien nog een stuk hoger. Dus ik denk in die zin dat ik daar wel moet presteren. En misschien mezelf ook een keertje op een tweede plek moet zetten. Om mijn werk op de eerste plek te zetten. Om mezelf in ieder geval te bewijzen. Ja. En hoe sta je daarin dan? Vind je dat lastig? Vind je dat moeilijk? Nee, ik vind het eigenlijk eerst wel leuk. Als ik maar weet dat het een keertje ook voorbij is ofzo. Of dat ik voor mijn gevoel dat wel een keertje kan inhalen. Niet dat ik altijd achter de feiten aanloop. Oké. En zijn er dingen waar je mee al gespart hebt toevallig met het bedrijf Schiphol? Of je daar al over gehad hebt? Ja, ik ben al een keer op een kennismakingsgesprek geweest. En ik denk dat het wel pittig wordt en ook wel aanpoten wordt. Maar wel op een leuke manier. Dat het wel iets is waar ik ook voor zou willen gaan. Ja. Maar goed, dat ik daardoor wel het eerste jaar dat ik daar ben. Wel ietsjes harder moet werken dan de mensen om me heen. Ja. En zou je zo'n investering willen en kunnen maken? Ja, maar dan is het daarentegen wel lastig om dan ook nog in een nieuwe omgeving te zitten. Met allemaal mensen die je niet kent. Want dan is je werk-privé balans daarmee ineens heel anders. Dus daarin moet ik voor mezelf dan een goede structuur gaan aanbrengen in mijn agenda. Ja. Denk ik. Om daar ook ruimte te maken voor mijn privé tijd. Dus eigenlijk, discipline vereist is vereist. Ja. Heb je voor jezelf discipline of niet? Ik denk het wel. Eigenlijk. Oké. Heb je voor jezelf een beetje. Heb je duidelijk gekregen wat voor jou de belangen zijn en wat jij belangrijk vindt binnen een baan? Ja. Nu tijdens het gesprek? Ja, ik denk het wel. Ja? Ja. Wat zou dat zijn voor jezelf? Nou ja, dat ik gehoord word en dat ik in ieder geval mezelf kan laten zien tijdens mijn werk. Ja. Ja, als ik het zo een beetje mag samenvatten aan het einde. Dan merk ik vooral dat je het belangrijk vindt om verder te kunnen. Voor jezelf, voor je eigen ontwikkeling. Dat je niet wil worden tegengehouden in bepaalde ideeën en gedachten die je hebt. Dat er in ieder geval naar geluisterd wordt. En of er een werkkeuze wordt gemaakt. Ja, dat is dan weer aan het bedrijf zelf natuurlijk. Maar dat je het ook wel spannend vindt om ergens weer wat nieuws in te stappen. Maar dat uiteindelijk veel voor kan gaan zorgen dat je uiteindelijk gelukkiger wordt. En dat je daarvoor wel flink moet investeren. Als ik zou denken, zou dat de overweging moeten zijn voor jezelf die je moet maken. Goed bij jezelf blijven en nadenken wat jij zelf zou willen. Zorgen dat je in ieder geval bij jezelf blijft en daar een keuze van gaat maken. Dat zijn mijn tips en ik ben heel benieuwd wat je uiteindelijk gaat kiezen. Je begon net het gesprek met... Of ik al zo'n lijstje heb gemaakt op papier. Denk je dat dat nog iets is om nog eens te kunnen doen? Dat zou altijd kunnen werken voor jezelf. Maar zoals ik jou nu al praat zijn vooral de gevoelens die je zelf hebt het belangrijkste. Dus of we dan daadwerkelijk de feiten die je in zo'n lijstje gaat zetten daar tegenover zetten. Of dat heel relevant is, dat weet ik niet. Dat weet je vooral voor jezelf. Als je zoiets zou doen moet je niet gaan nadenken of de feiten een directe voor of tegen is. Maar meer het gevoel dat jij bij dat feit hebt en daar de waarde aan geeft. Want voor de één kan een loodsvorm van duizend euro heel veel toegevoegde waarde hebben. En voor jou is het blijkbaar heel veel toegevoegde waarde om jezelf te kunnen uiten en jouw ideeën door te kunnen laten stromen. Dus als je zoiets doet ga dan niet een één voor tegen één tegen afstrepen. Maar geef dat werkelijk waarde aan je voor of tegen die jij... Bedankt voor vandaag en hopelijk tot de volgende keer. Ik zie het factuur wel voorbij komen. Komt helemaal goed."
antidepressiva.mp3,Psychologische gespreksvoering,Whisper-large-v3-fast,100.0,36.7945762711864,100,91.83728813559323,4956.3125,4749.343008474576,340.9375251349069,"Hey Loen. Hey Kim. Ik wil even iets met je bespreken. Want ik denk ergens al een tijdje over na. En ik weet niet zo heel goed wat ik moet doen. Oké. Nou ja, tuurlijk kan je dat met me bespreken. Je klinkt wel serieus. Wat is er aan de hand? Het gaat over mijn antidepressiva. Want eigenlijk wil ik er mee gaan stoppen. Oké. Nou ja, je overdondert me wel een beetje ermee. Ja, je antidepressiva. Ik weet dat je dat wel heel lang slikt. Hoe komt het dat je ineens wil stoppen? Ja, ik slik ze nu al bijna drie jaar. En toen ik ze begon te nemen was ik echt in een hele depressieve periode in mijn leven. En alles voelde zwaar en hopeloos. Ik had gewoon echt het gevoel dat ik niet verder kon. De pillen hebben me er toen wel echt doorheen geholpen. Maar ik weet nu niet. Ik voel me anders. Oké, ja. Ik snap dat je daar wel over na hebt gedacht. Kan je mij wel vertellen? Kan je mij wel vertellen wat je bedoelt met anders? Ik voel me gewoon niet meer echt zoals hoe ik me toen voelde. Toen ik ze begon te nemen. Het is moeilijk om uit te leggen. Maar het is alsof ik afgeslakt ben. Begrijp me niet verkeerd. Ik ben niet meer zo somber als toen. Maar het is ook niet alsof ik echt blij of enthousiast kan voelen over dingen. Alles is gewoon neutraal. En dat kan best wel frustrerend zijn soms. Het voelt alsof ik een deel van mezelf gewoon kwijt ben. Ja. Het klinkt best wel moeilijk, Loen. Maar denk je niet dat het soms juist goed is om stabiel te zijn? Want ja, die neutraliteit, misschien helpt die je ook wel weer om niet weer in zo'n zware depressie te komen. Dat dacht ik eerst ook. Maar naarmate de tijd verstijgt, begin ik me af te vragen of ik niet gewoon gewend ben geraakt aan het gevoel van stabiel zijn zonder echt te ervaren wat ik wil ervaren. Het voelt een beetje alsof ik niet meer... volledig mezelf ben. Weet je, ik kan me de laatste tijd, de laatste keer dat ik echt oprecht gelukkig was, gewoon niet meer herinneren. En daar maak ik me een beetje zorgen om. Ja, Loen, dat klinkt inderdaad best wel moeilijk. Heb je dit ook al met je arts besproken? Want het lijkt me niet echt iets wat je zomaar zelf even kan of zou moeten beslissen. Ja, ik heb voor binnenkort een afspraak staan. Maar tegelijkertijd wil ik wel met iemand praten die me beter kent, zoals jij. Die begrijpt wat ik doormaak. Mijn dokter, die ziet me echt maar een paar keer in het jaar. En hij ziet het alleen maar medisch. Maar jij ziet me ook wel. Ja, dat klopt wel. Ja, en ik zie ook wel hoe je ermee bezig bent. Hoe je een beetje worstelt ermee. Maar ja, ik heb ook wel gezien van hoever je gekomen bent. Ja, dat is echt al een paar jaar geleden. En ja, maar dat... Ik kan het me nog heel goed herinneren. Want het was best wel moeilijk om je zo te zien. Dat je zoveel pijn had. En ja, het idee dat je daar misschien wel weer terug zou kunnen vallen. Ja, in zo'n depressie. Ja, als ik daarover nadenk vind ik dat toch wel heel erg moeilijk. Ja, dat begrijp ik ook. En ik wil echt niet terug naar dat gevoel. Maar ik vraag me af. Als ik niet eens meer echt kan voelen. Wat voor leven is dat dan? Wat is het verschil tussen pijn niet voelen en helemaal niets voelen? Ik wil het risico nemen om weer te voelen. Zelfs als dat betekent dat ik ook verdriet kan voelen. Jeetje. Ja, nogmaals. Het klinkt gewoon allemaal best wel heftig. Ja. Zeg je nou dat je het gevoel hebt dat je denkt dat je bepaalde emoties niet kan voelen? Precies dat eigenlijk. Ik zie mensen om me heen genieten van de kleine dingen. Zelfs hun verdriet lijkt echt. En ik voel me gewoon afgeplakt. Ik weet dat dat een deel is van hoe de medicijnen werken. Maar soms heb ik het gevoel dat ze me meer wegnemen dan dat ze me helpen. Loen, het klinkt alsof je worstelt met de vraag of het mogelijk is om jezelf terug te vinden. En dan zonder de medicijnen. Maar heb je wel een beetje nagedacht wat er kan gebeuren als je wel stopt? Ja, het is niet zomaar iets. Ja. Er komen veel dingen bij, zoals ontwerpingsverschijnselen. Ja, en dan is er ook het risico dat je je toch wel slechter kan gaan voelen. Ja, ik heb wel gelezen over de ontwerpingsverschijnselen. En daar ben ik ook best wel bang voor eigenlijk. Ik wil niet van de een op de andere dag gelijk stoppen. Maar er is ook een deel van mij dat zegt dat ik op een gegeven moment moet leren om zonder de medicijnen te kunnen leven. Gewoon het leven zelf aangaan zonder dat... genische vangnet. Anders, hoe weet ik dan ooit wie ik echt ben? Ja, zoals je het nu zegt, ik begrijp wel wat je bedoelt. Ja, volgens mij wil je gewoon weten wie je zelf bent, wie je eigen ik is. Zonder al die medicijnen in je lichaam. Maar ja, dan blijft het toch de vraag, is dat nu wel het juiste moment om dat uit te zoeken? Ja, kijk, je bent net met een opleiding gestart. En ja, je hebt een nieuwe relatie net. Ja, het zijn wel heel veel dingen die heel veel aandacht geven. En dingen die heel veel aandacht van je vragen. Ik weet niet of er ooit echt een goed moment is. Want er zullen altijd dingen zijn die druk op je uitoefenen, toch? Misschien moet ik gewoon de sprong wagen en kijken hoe het gaat. Ik kan altijd weer beginnen als het echt niet lukt. Ja, maar soms... Ja, dat is ook wel... Nee, laat ik het anders zeggen. Zo eenvoudig is dat niet. Ja, antidepressiva, die hebben toch wel de tijd nodig om weer volledig... te werken als je gestopt bent en weer opnieuw wil gaan beginnen. Ja, het is niet echt zoals een paracetamol die meteen werkt. Ja, het kan echt wel weken gaan duren voordat je weer een effect voelt als je weer start met antidepressiva. Ja, en in die tijd kan je je toch echt wel heel erg kwetsbaar voelen. Ja, nogmaals, dat wil ik je niet zien meemaken. Ja, dat is wel waar. Ja, dat is ook precies waarom ik me zo vastgelopen voel. Want aan de ene kant wil ik stoppen om te zien of ik zonder kan. Maar aan de andere kant ben ik bang voor wat er gaat gebeuren als het niet lukt. Het voelt een beetje alsof ik een soort van vast zit in een gevangenis. Hoe langer ik wacht, hoe meer ik me afvraag of ik ooit zonder zal kunnen. Ja, ik begrijp je zorg ook wel. Ja, dat is één ding wat zeker is. Maar ja, misschien moet je niet zo denken in termen als... Ja, voor altijd. Weet je, dat is echt niet zo, denk ik. Weet je, als je nou denkt aan wat het beste voor jou is nu, op dit moment. Weet je, ja, ik weet hoe sterk je bent en wat je allemaal hebt doorstaan. Dus ja, misschien is het nu inderdaad wel tijd om even stil te staan bij jezelf. En ja, inderdaad ook te overleggen met je arts wat nu het beste is. Je staat er echt niet alleen voor. Bedankt, Kim. Dat helpt me wel. Ik voel me zo in tweestrijd soms. En ik weet dat jij het beste met me voor hebt. Misschien moet ik inderdaad niet zo ver vooruit denken en gewoon stap voor stap kijken wat er nodig is. Ja, dat is zeker zo. Ja, weet je, wat je ook besluit, Luna. Weet je, ik sta wel achter je. En ja, dat betekent... Kijk, als je wilt stoppen, prima. Dan gaan we dat samen doen. We komen er echt wel doorheen. En ja, ga je door, is dat ook goed. Ja, ik vind gewoon het belangrijkste is... Ja, weet je, ik wil dat jij je goed voelt. Dat is het belangrijkste. Het is wel fijn om te horen. Ik denk dat ik deze week eerst met de dokter ga praten en een plan ga maken. Want ik wil niet overhaast een beslissing nemen. Misschien kunnen we eerst de dosis langzaam afbouwen. En kijken hoe dat verder gaat. Ja, weet je, dat klinkt gewoon als een goed idee. Ja, doe het wel vooral op jouw tempo. Niet overhaast. En we gaan het samen doen. En ja, ik vind het fijn dat je hulp vraagt. En dat is altijd oké. En ja, daar sta ik altijd open voor. Dat weet ik. Dank je wel dat je me begrijpt. Ja, Loen, ik doe mijn best daarin om je te begrijpen met alles. En dat zal ik blijven doen. Dank je wel voor je tijd. En dat je zo open naar me was. Dank je wel. Oké, dank je wel."
studie.mp3,Psychologische gespreksvoering,Whisper-large-v3-fast,100.0,35.94165435745938,100,91.11078286558346,5820.3125,4954.23273633678,348.76961888510755,"Hallo, kom verder. Hallo, Martine Hefting-Dijkstra. Robbe heer. Ga zitten, Robbe. Dankjewel. Hoe gaat het? Ja, gaat wel goed. Jawel. Mooi. Ik ben Martine Hefting-Dijkstra. Ik ben assessor op de Hogeschool Leiden. Ik heb begrepen dat jij wat vragen hebt met betrekking tot je studiekeuze. Ja. En daarom ben je vandaag hier. Vandaag wil ik er eigenlijk... Het doel van het gesprek is om wat meer informatie te verzamelen... over wat er precies bij jou speelt en hoe ik jou verder kan helpen. Wat de gewenste stappen zijn om je verder te helpen bij je studiekeuze. Oké. Wat wij hier bespreken is vertrouwen. Dat blijft tussen ons. Mocht het nodig zijn om gegevens te delen, dan zal ik dat eerst met jou bespreken. Ja. Dit gesprek duurt ongeveer een uur. We hebben ongeveer een uur de tijd voor. Ik hou de tijd in de gaten. Mogelijk maak ik wat aantekeningen voor mezelf. Maar die zijn ook gewoon alleen. Voor mijn eigen gebruik. Vandaag zal ik je wat vragen over de opleiding. Hoe dat gaat. Eventuele activiteiten die je naast de opleiding hebt. Zoals werk, hobby, sport. Je thuis situatie. Dus dat komt allemaal aan bod vandaag. En dan aan het eind zal ik kijken wat dit gesprek heeft opgeleverd. En wat ik voor je verder kan doen. Oké. Is dat duidelijk voor jou? Jawel. Ja. Dat er iets met testen zou zijn. Oké. Ja. Nou, het zou kunnen dat het nodig is om testen af te nemen. Maar dat hangt eigenlijk helemaal af van dit gesprek. Wat er eigenlijk naar voren komt. Wat eigenlijk precies jouw vraag is. En mogelijk volgen we aan testen. Dat zal ik dan aan het einde van het gesprek laten weten. Maar het kan ook zijn dat ik je beter kan doorverwijzen. Misschien naar iemand anders. Of dat we tijdens het gesprek al tot een bepaalde duidelijkheid kunnen komen. En dan is dat misschien helemaal lukkig. Oké. Dus vandaag gaan we niet testen. Maar dat zou een eventuele vervolgstap zijn. Oké. Prima. Ja. Goed. Nou, dan gaan we beginnen. Kun je iets vertellen over de opleiding? Hoe het gaat? Ja. Het gaat op zich wel goed. Ik haal mijn vakken wel. Meestal met een zesje. Het houd ik niet heel erg over. Oké. Dus je zegt het gaat wel. Maar ik haal voldoendes. Maar het zijn niet hele ruime voldoendes. Hoe komt dat? Ik merk toch dat het moeite kost om heel erg gericht met die studie bezig te zijn. Om boeken te pakken. Dan besteed je gewoon minder aandacht aan zo'n tentamen. Dan haal je lagere cijfers. Ja, ja. Dus ik merk dat ik het wel kan. Maar ik moet er toe zetten. Je kan er niet zo goed toe zetten om echt te gaan leren. Nee. En heb je een idee waar dat mee te maken heeft? Hoe dat komt dat je het moeilijk... Nou, het lastige is... Ik dacht altijd van toegepaste psychologie. Oké, daarmee kan ik dan mensen helpen. Alleen weet ik dat dat er niet zo heel erg in zit. We moeten een voorlichting maken. Dat er ook wel bij hoort. Maar ik zou liever mensen echt willen helpen. Dat dat er ook een beetje bij zorgt dat ik het niet altijd allemaal even leuk vind. Ja, ja. Dus als ik het goed begrijp dan voldoet de studie niet helemaal aan de verwachtingen die je vooraf van de studie had. Nee, dat klopt. Ik vind het wel leuk. Want ik vind het allemaal heel interessant, alle onderwerpen. Die projecten, dan heb ik zoiets. Daar doe ik het niet voor. Ja. En wat mis je waar je eigenlijk wel van tevoren verwacht had tegen te komen? Of waar ben je nou op zoek? Dat je echt mensen kunt helpen. Zoals dit gewoon. Dat je in gesprek gaat met iemand om te kijken. Wat is nou het probleem? En waar kan ik nou mee helpen? Ja, dat vind ik het leukste om te doen. Vrienden van mij zeggen dat ook altijd. Dat ik dat zo goed kan. Die komen altijd naar me toe. Ja, dat zit er nu nog niet zo veel in. Nee. Dus je zou eigenlijk liever met mensen één op één in gesprek gaan en kijken hoe je mensen zou kunnen helpen. Ja. Ja. Heb je dit ook, heb je het besproken met je SOV-docent? Ja, daar heb ik het wel over gehad. En die zegt van, dat komt nog wel. Stukken van de studie, dat dat aan bod komt. Ik merk dat ik er nu zo tegenaan loop dat ik daar nu niks van merk. Ja. Ja. En hoe lang ben je nu precies bezig met de opleiding? Ik zit nu in het, bijna in het derde blok. In het derde, ja ja. Dus dat gaat nu een half jaar. Ja, dat gaat nu een half jaar. Wat is zelf jouw idee over wat je twijfelt? Wat zijn je gedachten op dit moment over je studie en hoe je daarmee verder wilt? Of ik dit wel moet doen of dat er niet iets anders is wat dan beter past bij wat ik wil. Ja. Want ik zeg altijd, niveau dat kan ik wel aan. Toch ook wel voor willen inzetten. Ja. Ja. Ja. Ja. Ja. Ja. Ja. Ja. Ja. Ja. Ja. Ja. Ja. Ja. Ja. Ja. Ja. Ja. Ja. Ja. Ja. Ik had het vooral voor willen inzetten en ik merkte dat het daarin schort en misschien dat daar dan de opleidingen beter bij passen, maar misschien is dit ook wel juist wel de beste en dat vind ik heel lastig. Ik heb er misschien zonde om dit weg te gooien als dit misschien toch wel goed zou zijn. Ja, dus je wilt eigenlijk nog eens even goed kijken of er een andere opleiding is die beter bij je past. Ja. Of dat dit het is. Of dat dit het is. Ja, dat is me duidelijk. Oké. Gaan we verder. Dan wil ik je nog iets vragen. over wat je eigenlijk je activiteiten naast. Wel cool, we zijn aan het eind gekomen eigenlijk van dit gesprek. Ik heb genoeg informatie verzameld. Oorspronkelijk is je vraag geweest, past deze studie goed bij mij? Je mist het individuele contact bij de opleiding, individuele gesprekken, mensen echt concreet kunnen helpen. Dus je wil weten, is er misschien een opleiding die beter bij me past? Dat is eigenlijk jouw vraag, klopt dat? Ja, of er een opleiding die beter bij me past of deze opleiding. Of dat deze opleiding toch de beste keuze is geweest. Of dat er misschien een opleiding is die nog beter past bij jouw interesses. Precies. Goed, nou ik ga mijn gegevens verwerken. En dan ga ik kijken welke testen ik het beste bij jou opleid. En of ik er af kan nemen om een antwoord te krijgen op deze vraag. Van is er een studie die misschien beter bij mijn interesses past. Ik ga je daarvoor apart nog een uitnodiging sturen. En dan kan je de testen maken. Op basis daarvan maak ik dan een rapport ervan, een verslag met een advies richting jou. En daarvoor zal ik je dan nog een keertje uitnodigen om dat rapport te laten zien. En om je een advies te geven. Oké, en die afspraak komt dan opnieuw? Ja, eerst gaan we een afspraak maken voor de testafname. En daarna maken we nog de uitslagen te bespreken. Oké. Is dat duidelijk? Ja, prima. Wat de volgstappen zijn? Ja, dat is het. Oké, goed. Dan ontvang je van ons een uitnodiging. Dank voor dit gesprek. Graag gedaan. Bedankt. Dank je wel. Dank je wel. Dank je wel. Dank je wel."
GGZ-exposure-therapie.mp3,interviews,Whisper-large-v3-fast,85.4,40.41731707317083,100,91.74487804878049,5788.3125,4818.119329268293,308.54731609055887,"In deze aflevering heb ik Maaike te gast. Zij is psycholoog en ze gaat ons alles vertellen over wat een psycholoog voor jou kan betekenen als je last hebt van hyperventilatie, paniekklachten, andere stressgerelateerde klachten. Dus welkom Maaike, kan je je even kort voorstellen? Ja, dankjewel Nicole. Goedemiddag, goedemiddag luisteraars ook. Mijn naam is Maaike Groh, ik ben 38 jaar en ik ben oprichtster van Vrij Zijn met Eet. Ik begeleid vrouwen met een eetstoornis. En ik heb hiervoor heel lang gewerkt als psycholoog, 16 jaar gewerkt als psycholoog. En onder andere ook bij angststoornissen, waaronder dus ook paniekaanvallen, paniekstoornissen, zeg maar, voorkwam. Ja, dus dat is even kort over mij. Ja, fijn dat je tijd vrij kan maken om ons te gaan vertellen wat een psycholoog voor jou zou kunnen doen als luisteraar. Want vaak als je naar een huisarts gaat met deze klachten, met ik heb last van paniekaanvallen, angststoornissen of vage onverklaarbare klachten zoals hyperventilatie, dan krijg je vaak een doorverwijzing naar een psycholoog. En wat ik heel graag van jou wil weten is, wat gebeurt er nou eigenlijk? Je krijgt zo'n verwijzing en dan bel je op om een afspraak te maken. En hoe gaat dat hele proces dan eigenlijk in zijn gang? Ja, nou allereerst zal je waarschijnlijk met de secretariaat antwoord. Het ligt overigens aan of we het hebben over een GGZ-instelling of een vrijgestelde psycholoog. Dat is natuurlijk ook nog altijd, daar kan je ook nog met een verwijsbrief aan naartoe. Maar als het een GGZ-instelling betreft, dan zal je in eerste instantie met de secretariaat een afspraak in kunnen plannen. En vervolgens wordt er dus een intake ingepland, een intakegesprek, waarin eigenlijk zo volledig mogelijk een beeld van jou wordt verkregen. Dus hoe ziet dan jouw paniekaanvallen eruit? Hoe vaak komt het voor, frequentie? Is dat altijd al zo geweest? Is dat pas geleden gestart? Zijn er andere problemen, bijvoorbeeld alcoholproblematiek bijvoorbeeld? Dat is een contra-indicatie, noemen we dat. Dus dat betekent dat er eerst aan de alcoholproblematiek gewerkt moet worden, voordat we dus aan de paniekstoornis dan eventueel kunnen werken. En zo wordt er dus eigenlijk een volledig beeld verkregen van de persoon, om te weten van ja, wat gaan we nou precies doen? En is dat nu ook het moment om de behandeling in te zetten voor een paniekstoornis? Ja, dus eerst gaan jullie eigenlijk dan kijken van, oké, maar waar komt het een beetje globaal vandaan? Oftewel, wat heb je andere klachten? Bijvoorbeeld ook, misschien zit er een depressie bij of zit er een trauma achter? Precies. Dus er wordt eigenlijk even breder gekeken. Misschien, er zijn natuurlijk ook veel mensen met PTSS of autisme. Er wordt eigenlijk gekeken van, hé, maar wie is deze persoon eigenlijk? En dan wordt er dus pas een traject in gang gezet. Dus dat wordt dan een beetje op de persoon afgesteld, denk ik. Ja, zeker. En dan krijg je een niet meer klare oplossing. Nee, dat klopt inderdaad. Er wordt per persoon gekeken en ook welke problematiek staat op de voorgrond. Dus als inderdaad andere problematiek op de voorgrond staat, dan dient dat eerst behandeld te worden. Bijvoorbeeld trauma is een goed voorbeeld wat je net noemt. Als dat echt meer op de voorgrond staat, dan moet dat eerst behandeld worden voordat dus dan bijvoorbeeld een paniekstoornis behandeld zou kunnen worden. Dus daar wordt eigenlijk een overwogen keuze in gemaakt. Ja. Ik kan me voorstellen dat als jij dan een afspraak maakt, dat je zelf helemaal niet zo duidelijk hebt waar het dan vandaan komt. En dat in één gesprek zal dat dan ook niet altijd allemaal duidelijk zijn, toch? Ja. Nou, wat er op dit moment is aan klachten, is meestal wel duidelijk. Dat kan de psycholoog ook vragen met, dat zijn bijna een soort van ja-nee vragen bijna. Ze spraken van dit, heb je nog andere klachten? Of loop je hier nog tegenaan? Nou, op zich kan je dat of bevestigen of ontkrachten. Dus dat is op zich wel helder. Waar het precies vandaan komt, dat is inderdaad niet altijd helemaal helder. Wat bijvoorbeeld uit onderzoek blijkt, is dat vaak... Nou ja, de enige samenhang is bijvoorbeeld met verlating of verlies in de jeugd. Dat daar komt vaak een paniekstoornis... Dat heeft daar vaak wel een koppeling mee, of dat zien we dan vaak. En met agorafobie, dus dat betekent het niet naar buiten durven gaan. Of voor bepaalde plekken dus ook vermijdens, dat er ook combinatie bij is. De straatvrees bedoel je dan ook, hè, bijvoorbeeld. Precies, ja, de straatvrees. Zien we dat dat vaak dan bijvoorbeeld weer juist gerelateerd is aan een probleem met zelfstandig gaan wonen. Dus rond de 20, 30 jaar zo'n beetje ontstaat vaak ook. Maar het is ook soms niet helemaal helder te krijgen waar komt het precies vandaan. En op zich is dat voor behandeling ook niet zozeer relevant. Dus daar gaan we eigenlijk niet heel erg naar graven of wat dan ook. We gaan echt meer in het praktische aan de slag ermee. Ja, maar dat is wel belangrijk, hè. Want ik kan me voorstellen dat er ook mensen zijn die denken, nou, ik heb helemaal geen zin om over mijn jeugd te praten. Of ik had best een prima jeugd, dus het is helemaal niet relevant. Of ik heb geen zin om mijn ouders de schuld te geven, die hoor ik ook nog wel eens. Dus echt niet altijd het geval dat daarin gaan gegraven wordt. Nee, tenminste bij ons was dat dan met name gewoon heel licht vragen. Zijn er nog bijzonderheden in de jeugd? Zijn er nog dingen wat we moeten weten? Want kijk, zouden er nou hele ernstige trauma's zijn in de jeugd, dan is het natuurlijk wel belangrijk om te weten. Want dan moet daar misschien op ingegrepen worden in plaats van de paniekstoornis mee te starten bijvoorbeeld. Maar nee, anders is dat inderdaad, ja, vooral wordt er gevraagd naar bijzonderheden. En wordt er vooral eigenlijk daarmee dus afgewogen van is de paniekstoornisbehandeling dus nu ook het beste om nu in te zetten. Ook om eerlijk te zijn, want stel dat er een hele heftige trauma is geweest in de jeugd. Ja, dan kunnen we misschien wel werken op die paniekstoornis. Maar als we verwachten dat we het trauma behandelen, dat dan de paniekstoornis vanzelf overgaat, dan heeft het misschien niet zoveel nut om dus aan die paniekstoornis te werken. Tenminste, dan verwachten we dus dat er meer effect zal zijn door aan de trauma te werken. Maar dat kan nog altijd overwogen worden van nou weet je, dan gaan we toch al met de paniekstoornis aan de slag als je niet met het trauma aan de slag wil gaan. En gaan we kijken, maar we zijn wel eerlijk, we gaan kijken hoe ver we daarmee gaan komen. Ja, dus dat gaat wel in overleg natuurlijk. Ja, zeker. Er wordt niks geforceerd sowieso. Het is geen verplichte behandeling of wat dan ook. Dus het is allemaal vrijblijvend en de cliënt is daar zelf ook bij. Dus die mag zelf inderdaad ook aangeven van nou dit is precies wat ik zoek of dit is totaal niet waar ik naar op zoek ben. Ja, logisch natuurlijk, want het gaat natuurlijk om jouw herstel. Ja, precies. En het is natuurlijk ook belangrijk dat je daar iets over te zeggen hebt natuurlijk. Ja, precies. Soms moet je natuurlijk ook wel het advies aannemen van degene die daarvoor geleerd heeft en die er natuurlijk in gespecialiseerd is. Ja, zeker. Tegelijkertijd weten we ook niet alles. Dus soms denken we dat het inderdaad dan beter is om aan de trauma te werken. Maar uiteindelijk is de wil zo groot bij de cliënt en de motivatie dat het dan wel lukt om aan de paniekstoornis te werken. Gewoon met de paniekstoornisprotocol. En soms zie je dat dat dan weer juist maar voor korte termijn heeft gewerkt. Dus dan zie je dan toch een cliënt weer terugkomen. Dat die na een aantal jaren dan weer zegt van nou het is toch weer terug. Het was toch onvoldoende. En dan toch alsnog wel de traumabehandeling doen of wat dan ook. Ja, want je benoemt nu de paniekstoornisprotocol. Want stel we gaan er gewoon vanuit dat jij hebt, we hebben het natuurlijk over paniekstoornis, maar daar valt hyperventilatie natuurlijk ook onder bij jullie als psycholoog. Ja, nou het is... Het is raar dat we het zo noemen nu. Nou het is mooi dat je dat zo noemt, want we maken echt wel onderscheid tussen paniekaanval en paniekstoornis. Paniekaanval is echt die kortademigheid, het gevoel hebben te stikken, transpireren, duizelig beven, trillen op je benen, misselen. Nou al die symptomen hoort bij paniekaanval. Maar een paniekaanval. Ongeveer bij 23% van de bevolking komt wel eens een paniekaanval voor. Dus een paniekaanval op zichzelf is eigenlijk niet zozeer het probleem. Het probleem zit er meestal in dat de persoon bang wordt. Heel erg overmatig bezorgd wordt dat het weer eens voorkomt, die paniekaanval. En dat wordt een paniekstoornis. Want dan wordt het hele leven zeg maar, hoe zeg je dat, opgebouwd rondom het vermijden van dat het nog eens gebeurt. Met behoorlijke angsten enzovoorts. Dus daar maken we wel een verschil in tussen hebben we het over een paniekaanval of hebben we het over een paniekstoornis. Ja en dan is het vooral de angst voor de angst. Daar komt dan bijvoorbeeld die straatvrees bij. Of het vermijden van de supermarkt. Of dat je niet meer een verjaardag durft. Of autorijden is natuurlijk ook zoiets wat heel veel voorkomt. Precies. Dus vermijding komt daar inderdaad heel erg bij voor. Ook veiligheidsgedrag. Dus alleen maar nog met je partner durven gaan bijvoorbeeld. Of dat soort dingen. Of altijd toch een medicatie nemen van tevoren. Om wat rustiger te zijn. Of dat soort dingen. Dat bevestigt ook weer van het is inderdaad een angst. Tenminste het is inderdaad een angstige situatie. Ik kan het alleen maar aan als ik met mijn partner daar ben. Dus dat zijn dingen die uiteindelijk dan ook in de behandeling doorbroken moeten worden. Om te zien van hé maar die paniekaanval komt niet altijd voor. Het is inderdaad angst voor de angst. Het is angst om daar dus weer in te geraken. Vaak is dat een soort van controle. Verlies geweest wanneer dat is gebeurd. Of wat dan ook. En is vooral een grote angst dat dat weer eens voorkomt. Ja. En dan hebben we de intake gehad. En dan wordt er dus eigenlijk een plan opgesteld. En wat voor therapie is dan eigenlijk de meest gangbare? Wat voor behandelingen krijg je dan? Ja. Dat is best een hele reeks eigenlijk. Allereerst wordt altijd gestart met het registreren. Dus we gaan even bijhouden. Hoe verloopt dat nou precies? Wat is zo'n paniekaanval? Wat gaat er aan vooraf? Is dat in bepaalde situaties? Is dat altijd op een bepaald tijdstip? Of kunnen we daar iets in terugvinden in het registreren? En vervolgens wordt gestart met interoceptieve exposure heet dat. En dat betekent dat je dus gaat nabootsen van een paniekaanval. En daar hebben we dan bijvoorbeeld meerdere oefeningen voor. Dus dat gaat dan bijvoorbeeld over 30 seconden je hoofd tussen je benen zetten. En dan weer heel snel omhoog komen. Of zoveel keer draaien op een stoel. Of heel hard rennen op de plek. Je gaat dus al die sensaties die weleens voorkomen bij een paniekaanval. Ga je nabootsen. Om dus te kijken van. Kan een cliënt daar dus inderdaad van leren. Dit betekent niet dat ik dood ga. Of dit betekent niet dat ik gek word. Of noem maar op wat voor ernstige dingen. Nou ja ernstige iets er aan gekoppeld is vaak dus eigenlijk. Van dat dat iets ernstigs betekent. Dus daar wordt dus aan gewerkt. Tenminste daar eigenlijk mee geoefend dus in eerste instantie. Om te leren dat die lichaamssignalen op zichzelf. Niet zozeer gevaarlijk zijn. Dus daar eigenlijk een soort van gewenning al aan te krijgen. Als iemand dan heel angstig is. Wordt dat dan altijd gedaan? Of kan je dan ook zeggen van. Nou dit slaan we nu eventjes over. Want hij zit zo hoog in de angst. Dat hij dit echt niet wil. Ja en dan angstig is voor deze. Bijvoorbeeld een hart. Een hart dat sneller klopt. Of het warm krijgen. Of het trillen op de benen. Dat bedoel je dus dan angstig. Ja inderdaad. Als je dit al hoort. En je denkt van. Nou ik ga niet naar een psychologe. Want dan moet ik dat gevoel opwekken. Ja. Dat er ook wel spanning al zit. Dat je denkt. Nou daar begin ik niet aan. Ja snap ik. Wat eigenlijk dan gebeurt. Is we gaan het niet vermijden. Want juist die vermijding. Zorgt ervoor. Dat je juist bevestigt. Van ja een sneller hart. Een harder kloppend hart. Dat betekent dat ik dood ga. Dus eigenlijk als we dat meegaan. In die vermijding. Die vermijding bevestigt eigenlijk. Jouw. Nou ja. Gedachten. Jouw gedachten daarover. Dus het doorbreken gaat echt. Met het doen. Maar we kunnen zeker kijken. Of we het dus misschien wat korter. Kunnen maken. Dus dan hebben we niet over 30 seconden. Hoofd tussen de benen. Bijvoorbeeld. Dan doe je het maar twee seconden. Zeg maar wat. Dan begin je gewoon heel licht. En op die manier. Dat heel langzaam dan verhogen. Dus dat is dan wel een mogelijkheid. En altijd kan er ook gestart worden. Met nou ja. Wat dan wel gedurfd wordt. En dan kunnen we dan kijken. Later naar hetgene. Wat echt wel. Spannend is. Overigens. Is wel datgene. Wat dus juist spannend is. Belangrijk. Om dan wel te gaan herhalen. Het is niet van het. Eén keer. Dus twee seconden. Je hoofd tussen je benen. Te hebben gedaan. En dan dus die sensatie. Van. Bijvoorbeeld misselijk. In het hoofd. Door dat dus. Vervolgens nooit meer te doen. In je leven. Dat je dus gaat leren. Van. Er gebeurt inderdaad. Helemaal niks. Als ik een beetje misselijk voel. In mijn hoofd. En we kijken dan ook. Heel erg van tevoren. Van. Wat verwacht je. Dat er gaat gebeuren. Ga je flauw vallen. Wat dan ook. Oké. Hoe ziet dat er precies uit. Want het is. Dan hebben we niet alleen. Ook een gevoel. Van flauw vallen. Want ja. Misselijk voel. In het hoofd. Kan heel erg verward worden. Van. Ja. Dit is ook wel een gevoel. Van flauw vallen. Bijvoorbeeld. Nee. Wat is flauw vallen precies. Nou. Op de grond liggen. Eigenlijk. Dus echt gevallen zijn. Dan pas kunnen we zeggen. Nou. Dit was echt inderdaad. Nu ben je echt flauw gevallen. En dan gaan we dus continu. Naar zo'n oefening kijken. Van. Is er gebeurd. Waar je nou eigenlijk voor vreest. Nou. Wat eigenlijk nooit gebeurt. Vooral. Flauw vallen. Flauw vallen gebeurt pas. Wanneer jouw bloeddruk verlaagt. Juist. En niet verhoogd. Dus. Dat. Eigenlijk gebeurt nooit. Wat. Wat gevreesd wordt. Dus. Daarmee kan je eigenlijk. De. Verwachtingen. Teniet doen. Dus. Door zo vaak geoefend te hebben. Merken van. Ja. Eigenlijk gebeurt het niet. Waardoor dus. Ook in jouw hoofd. Dus. Hersteld wordt. Die verwachting. Die jij hebt opgeslagen. En daarmee. Dus. Uiteindelijk. Dus. Ook. Dat kan gaan doorbreken. Overigens. Is dan ook. De volgende stap. Dus. Het gaan doen. Dus. Door middel van. Gedragsexperiment. De oefeningen. Die dus zorgen. Dat je dus. Nou. Die symptomen oproept. Maar uiteindelijk. Ga je dus ook. In het werkelijk leven. Dus. Bijvoorbeeld. Ook oefenen. Dus. Bijvoorbeeld. Als je bang bent. Dus. Bijvoorbeeld. Dat het. In de tram gebeurt. Dat je dus. Dat dat. Dat je dan misselijk wordt. En dat je dan flauw valt. En. Een paniekaanval krijgen. Wat dan ook. Dan. Gaan we dus. Oefenen. Met dus. Dat we. De paniekaanval gekregen. Ja. Maar dat gaat. Geleidelijk aan. Natuurlijk. Het is niet. Bij de eerste behandeling. Meteen. Dat jullie. Op op. In die tram. Of in die drukke supermarkt. Of. In een auto. Op de snelweg zetten. Dat gaat. Natuurlijk. Heel geleidelijk. Stapje voor stapje. En. Het gaat. Echt om. Dat je vertrouwen. Leert krijgen. Weer. In je lichaam. Ja. Dat er niks gebeurt. En dat je. Deze. Exposure. Therapie. Wat verder gaat. Uitbreiden. Ja. Zeker. Ja. En dat is. Inderdaad. Ook. Het gevoel. Moet. Dan ook. Langzaam. Meegaan. Het gevoel. Is. Altijd. Wel. Lastig. Want. Soms. Weet. Je. Met. Je. Hoofd. Oefenen. Het. Is. Niet. Door. Thuis. Achter. Een. Geranium. Te. Gaan. Zitten. Dat. Het. Dan. Opgelost. Wordt. Maar. Het. Is. Echt. Door. Het. Gaan. Doen. Dat. Je. Dus. Dat. Is. Een. Een. En. Een. Dat. Is. Een. Dat. Is. Het. Is. Dat. Is. Een. Is. Een. Is. Wat. Is. Dat. Is. Wat. Is. Als. Je. Heeft. Tegen. Je. honderden keren dat het wel goed is gegaan en toch blijf je dan angstig voor die ene situatie. Dat is heel bijzonder hoe dat werkt eigenlijk in ons systeem. Daar gaan we het niet over hebben, want dan zitten we nog twee uur te kletsen. En we gaan nu even over de praktische kant hebben. En dan heb je dus over exposure-therapie. Zijn er ook nog andere? Krijg je dan nog meer oefeningen en dingen om te doen? Je zei het, dagboek bijhouden. Tenminste, ik noem het altijd een dagboek bijhouden en je opschrijft wanneer je treedt het op en dat je gaat kijken of je patronen kunt herkennen. Ja, dus het registreren van je paniekaanvallen, daar start je eigenlijk mee. Dus dat is aan het begin, daar meer inzicht in krijgen. En verder is dan ook nog wel het stukje wat meer cognitief uitdagen. Dus echt meer kijken van wat voor gedachten heb je daar nou bij? Helpt het je om zo te denken? Klopt het ook, deze gedachten? En dat geeft je ook een beetje meer inzicht in je gedachten. En dat ga je dan vervolgens in het doen, dus inderdaad. Dus dit is vanuit de CGT, de cognitieve gedragstherapie, hoe deze dus aangepakt wordt. Nou, ik vind zelf cognitief wel best wel een lastig woord, dus ik kan me voorstellen dat als je luistert, je denkt nou, wat betekent dat nou eigenlijk? Wat betekent nou in gewoon jippie-janneke taal? Ja, ja, ja. Nou, het is cognitief gedragstherapie, dus dat zijn ook echt wel twee verschillende woorden. En cognitief betekent dus inderdaad in het hoofd, wat speelt zich in gedachten af? En dat dus aanpakken. En het gedrag is dus ook echt in het doen. En juist die combinatie van die twee, dus zowel de gedachtes uitdagen als het ook echt in het doen gaan veranderen, blijkt dus super effectief te zijn. Dus de cognitieve gedragstherapie zijn vaak dus ook de therapie, de meest effectieve therapieën voor de meeste stoornissen. Ja, dus het is echt niet zo, want vaak vroeger, vooral dachten we, je gaat naar een psycholoog en dan moet je alleen maar praten over wat je dwars zit en wat er allemaal speelt. Maar eigenlijk noem je het dus eigenlijk een hele actieve therapie. Je bent bezig, er zal natuurlijk ook veel gepraat worden. Ja, het ligt er wel aan wat voor psycholoog je hebt, want je hebt diverse therapeuten. Dus de psycholoog die werkt volgens de cognitieve gedragstherapie, CGT. Die werkt dus inderdaad op die manier, maar je hebt bijvoorbeeld ook therapeuten die meer op de psychotherapie zitten bijvoorbeeld. Die zullen dan wat meer op het praten zitten en het graven, naar het verleden en dat soort dingen. Dus het ligt echt wel aan wat voor therapeut je hebt en wat voor therapie dat is. Maar de cognitieve gedragstherapie staat echt voor inderdaad zowel uitdagen van de gedachtes. Hoe denk je erover en helpt dat je? Nou, vaak dus niet. En dus hoe kan je anders leren denken? En kloppen je gedachtes überhaupt wel? En het ook gedragsmatig dus anders gaan handelen. En hoe dus natuurlijk ook misschien heb je daar helemaal geen antwoord op. Maar hoe lang doet dan gemiddeld zo'n behandeltraject? Nou, vaak staat daar zo'n beetje elf sessies voor, volgens het protocol. De GGZ houdt zich daar ook vaak wel echt wel aan. Dus die hebben ook een soort van maximum aantal sessies wat ze kunnen besteden. En dus dat is een beetje wel de leidraad. En is dat dan gemiddeld meestal één keer per week? Of is dat om de week? Of ga je juist vaker? Ga je bijvoorbeeld twee keer in de week? Of is dat echt afhankelijk? Van de persoon? Dat zal meestal één keer per week zijn. Dat kan misschien per instelling nog wel verschillen, maar meestal zal dat één keer per week zijn. Ja. Je zei ook, dan gaan we bijvoorbeeld naar de tram. Want als dat jouw situatie is waar je die heel erg spannend vindt. Ik kan me ook voorstellen dat ik al zei, supermarkt, auto rijden. Maar ga jij dan echt als psycholoog, gaat de psycholoog dan echt met je mee in die situatie? Dat kan zeker. Dus er zijn psychologen die dat doen. Dat is niet allemaal. Maar er zijn psychologen die dat doen. Dus die met jou meegaan. En dat is overigens dan wel voor het begin. Dus bijvoorbeeld, het kan ook zijn als je angst hebt voor lift. In de lift dat zoiets gebeurt. En er is een lift dus ook in het gebouw waar de psycholoog zit. Nou, dan waarschijnlijk gaat die psycholoog jou dan voorstellen van joh, we zullen het ook even gaan oefenen. En ik ben bij je. Ik ga je hierbij begeleiden. En dan in eerste instantie zal dat dan met de psycholoog zijn. Maar uiteindelijk, zoals met, ik durf het alleen maar met mijn partner. Het moet niet alleen maar zijn dat je dan alleen maar durft met de psycholoog. Het moet uiteindelijk ook dat je straks zelfstandig op eigen benen kan staan. En dat ook durft zonder de psycholoog. Dus het is als een opstapje als het ware om dat te leren. Het kan overigens ook zijn, sommige psychologen werken daar dus ook mee, dat ze dan via beeldbellen dan bijvoorbeeld aanwezig zijn. Dan bel je ze even in op een moment dat je normaal bijvoorbeeld een sessie hebt. Jij bent dan op dat moment bij de metro. En je gaat daar dan je oefening doen terwijl de psycholoog erbij is. Metro is overigens wel een lastige, want vaak heb je daar niet goed verbinding. Dus dan, nou, verloopt het gesprek niet helemaal vloeiend, maar noem maar op. Dus waar je dan ook maar bent, dat je dus dan met de psycholoog kan oefenen, dat die even bij je is op dat moment. En via oortjes dus kan vertellen, nou, je er een beetje doorheen kan begeleiden. Ja, dus die kan je er echt een beetje doorheen praten en zeggen, hé, let even hier op. Dan zie je dat er niks markeert. Of dat er niks gebeurt met je. Of ook zeggen, oh, wat goed dat je dit doet. Want dat is natuurlijk ook een belangrijke positieve bestiging. Zeker, ja. Om te bekrustigen, inderdaad. Ja, zeker. En is er dan nog iets wat ik, ja, wat belangrijk is om te weten hierover? Wat ik misschien nu nog niet gevraagd heb. Dat je zegt, oh, maar dat is wel iets wat ik nog even kwijt wil. Nou, het is vooral dus inderdaad, ik denk dat we het belangrijkste hebben besproken, dus echt de angst voor de angst, hè. Dat is echt vooral wat een paniekstoornis is. Want nogmaals, paniekaanvallen komt dus bij 23% van de bevolking voor. Dus vrij normaal is dat eigenlijk wel, hè. Alleen andere mensen die merken misschien dat er, nou ja, dat er iets gebeurt, maar die hechten er niet zoveel waarde of niet zoveel, niet zo angst, hè. Het wordt niet zo'n angstencomponent als het ware. Dus het wordt vooral belangrijk om dat als wat meer normaal te bekijken. En, ja, en dus echt inderdaad door het doen, dus het vermijden is ook echt een voeding voor angst. Een voorbeeld kan ik ook geven voor degene die angstig is voor spinnen bijvoorbeeld. Als die telkens de kamer uitreint zodra die een spin ziet, die bevestigt ook ontzettend dat die spin een ontzettende monster is. Zowel het moment dat die beslist, oké, ik ga niet de kamer uitreinen, ik blijf gewoon zitten in de kamer bijvoorbeeld. En dan merkt die, die spin beweegt helemaal niet. Er gebeurt eigenlijk helemaal niks engs, hè. Eigenlijk is het misschien wel zelfs op een gegeven moment een beetje saai, want ja, die spin beweegt maar niet en jij zit er maar naar te staren. Dus dan ga je dus beseffen door het doen van er zit geen werkelijke angst. Het is allemaal in mijn hoofd, maar het is er niet. Dus in werkelijkheid is dat niet zo angstig. Dus dat is vooral dus ook een belangrijke om... Het is vaak best een verstandelijk best dat die spin je niet opeet. Als er wat is, dat je best die supermarkt uit kan rennen, hè. Dus er zit best wel veel je weet het vaak wel. Toch zit daar dat stemmetje in je hoofd die zegt, ja, maar wat als wat dat heel erg opblaast. En in dat geval als je dat dus herkent van jezelf, dat je dingen bent gaan vermijden, dat je dingen niet meer durft of dat je het wel doet, maar met heel veel spanning in je lichaam. Dan is het natuurlijk gewoon echt heel goed om toch eens een doolverwijzing te halen voor een psycholoog. Ja, zeker. Die kan je er echt heel goed doorheen begeleiden. Dus dat maakt het een stuk makkelijker dan dat je het alleen gaat doen. Bedankt. Ik denk dat het heel duidelijk is voor iedereen van wat kan een psycholoog met vooral met cognitieve gedragstherapie betekenen voor als je last hebt van hyperventilatie, maar ook van paniekstoornissen. Ja, dat denk ik net als zei, is er nog iets wat je toe wilt voegen? Of is het, voor mij hebben we alles wel echt besproken zo, hè? Ja, in de notendop hebben we inderdaad wel besproken hoe dat een beetje gaat binnen de cognitieve gedragstherapie, de behandeling. Mooi. Nou, dan wil ik je heel erg bedanken voor je tijd en je moeite en vooral het delen van deze uitleg. Maaike, kun je volgen onder de naam, dat gaat ze zelf, allemaal even opnoemen. Vrijzaam met eten, dus dat is inderdaad rondom dus de begeleiding die ik bied voor vrouwen met een eetstoornis. En je kunt mij momenteel op Facebook en op Instagram vinden, op Vrijzaam met eten. De link zal nog toegevoegd worden onder de podcast. Ja, zeker. Ja. Dus als je hier vragen over hebt, dan mogen ze zeker natuurlijk ook contact met jou opnemen, hè? Zeker, ja, zeker weten. Mooi. Nou, heel erg bedankt voor je tijd en jij bedankt, als luisteraar, om weer te luisteren aan ons. Dank je."
interview-113.mp3,interviews,Whisper-large-v3-fast,100.0,38.35054151624544,100,92.6913357400722,4956.3125,4757.265568592058,349.4835096217285,"Hallo viewers, ik zit nu bij 113 met Maaike tegenover mij. Maaike is psycholoog bij 113. En jullie houden zich bezig met de hulvragen die binnenkomen. Ja, dat klopt. Hoe komen de bellers of de mensen met jullie in contact? Via ons telefoonnummer, dat is 0900 0113. Die vinden ze soms op de website, dat is ook voor de hand liggend www.113.nl. Of soms hebben ze ons voorbij horen komen op de radio via een commercial. En dan hebben ze ons nummer gehoord, of de website gehoord. En zo kunnen ze ons vinden. En kunnen ze alleen bellen? Nee, ze kunnen ook chatten. Ook via de website. Er staat dan ergens bovenin, wil je nu hulp? Met een bolletje, met chatten. Dan kan je daar klikken en dan kom je meteen in een chatroom. En op dat moment is er iemand die dan meet je? Ja, dat is het idee. Dan zijn er vrijwilligers beschikbaar. De chats aannemen en ook het telefoon. Komen er veel hulpvragen binnen? Ja, er komen best wel wat mensen binnen. Op sommige momenten van de dag is het drukker dan op andere momenten van de dag. Dan hebben we het vooral voor avonds en nachts. Overdag is het soms wat rustiger, maar soms kan het overdag ook heel druk zijn. Maar we hebben in ieder geval op elk dagdeel wel ongeveer 7 of 8 mensen die echt in de lijnen zitten. Zo druk is het dus wel bij ons. En zijn het lange gesprekken? De chatgesprekken duren ongeveer een uur. Dat is het streven, maar het kan ook korter. Het hangt er een beetje vanaf wat de vraag is. De telefoontjes een half uur, maar ook dat kan korter. Stel dat iemand nu in noods lokeert of zichzelf al iets heeft aangedaan, is het zwaar om het kort te houden zodat iemand 1 en 2 kan bellen. Kun je iets vertellen van met wat voor vragen mensen komen? Ja, dat kan. Dat is echt heel erg uiteenlopend. Dat varieert van meisjes die het slachtoffer zijn geworden van sexting en zich ontzettend schamen omdat die foto de hele school rond is gegaan. Tot oudere mensen die ongelooflijk eenzaam zijn. Tot mensen die opgenomen moeten worden of in een opname zitten. Of mensen die in een instelling zitten. Of gedwongen opgenomen worden. Ja, kan. Of die wordt aangeraden om opgenomen te worden omdat het echt niet goed gaat. En die daarvan van ellende niet meer weten wat ze moeten doen. En daardoor sollicitale gedachten hebben. Dus het is echt... Alle leeftijden en alle soorten problemen komen bij ons voorbij. Ja, aangrijpend. En krijgen jullie ook cultuurspecifieke vragen? Ja, wat ik daarover kan zeggen, wat ik zelf daarin meemaak is eerder dat je merkt dat in sommige culturen er anders wordt omgegaan. Met bijvoorbeeld praten over emoties. Dat daar een beetje een taboe op ligt dat mensen dat moeilijk vinden. En dat je daarom ook moeilijk kan praten over je zelfmoordgedachten. Als jongere bijvoorbeeld met je ouders. Of als het in bepaalde culturen niet oké is om homoseksueel te zijn. Dat je daar niet over kan praten. En dat je daar zo door in de knoop zit met jezelf dat je suicidaal wordt. En dat je daar dus ook weer niet over kan praten. En wat voor adviezen geven jullie aan mensen? Bijvoorbeeld, je noemde net van een meisje die op school dan met een seksschandaal te maken krijgt. Die van alles kan gebeuren. Wat kunnen jullie betekenen voor zo iemand? Ja, het hangt er sowieso een beetje van af hoe oud zo iemand ook is. Dus als het gaat om iemand die minderjarig is, dan proberen wij zo snel mogelijk ervoor te zorgen dat iemand er een volwassene bij betreft. Dat kan een ouder zijn, maar dat kan ook een docent zijn of een mentor of een lievelingstante. Maar zo'n beetje vertrouwd? Precies, want als je het hebt over die meisjes die een slachtoffer zijn van sexting, die zijn vaak wat jonger. Dan proberen we zo snel mogelijk daar iemand anders bij te betrekken. Want wij kunnen het hebben over die zelfmoordgedachte. Want we zitten natuurlijk op een afstand, want we zien die mensen niet. Dus we proberen altijd wel zo snel mogelijk aan te sturen op nog wat meer hulp van buitenaf. Maar die moeten ze ook zelf benadrukken? Ja, nou ja, als het om een minderjarige is, probeer je er een volwassene bij te betrekken die dichtbij staat. Zodat die samen met dat meisje in dit geval... Maar dan hebben jullie contact met de volwassenen? Nee, we hebben daar geen contact mee. Dat probeer je gewoon door die persoon zelf te laten rijden? Ja, dat is de bedoeling. Het is belangrijk dat mensen dat zelf doen. En dat is ook omdat wij, wij garanderen anonimiteit en vertrouwelijkheid. Dus wij weten niet wie zij zijn en wij gaan ook niet ons bemoeien met mensen om de mensen heen. En dat zorgt er juist voor dat mensen ook naar ons toe durven te komen met die problemen. Omdat het zo anoniem blijft. En zijn er bepaalde leefgebieden die er uitschieten waar men het meest kwetsbaar is? Situaties waarin mensen verkeren bedoel je dan? Ja. Ik denk dat het belangrijkste is toch wel eenzaamheid. Dus als iemand heel erg alleen is en zich niet verbonden voelt met anderen, dan zijn mensen heel erg kwetsbaar. En zijn dat meer oudere mensen? Noemde je dat? Dat kunnen ouderen zijn, maar dat kunnen ook jongeren zijn die gepest worden. Of die wijntje vrienden hebben bijvoorbeeld. Iedereen kan natuurlijk eenzaam zijn. En zijn het ook dan per seizoen nog bijvoorbeeld met eenzaamheidsproblemen? Nu gaan we naar de winter toe hè. Donkere maanden, veel mensen die toch vaker thuis blijven. Is het in die periode meer, de eenzaamheid? Ja, daar durf ik niet zo heel veel over te zeggen. Ehm... Eigenlijk... Je zou verwachten, rond periodes zoals kerstmis bijvoorbeeld, dat het dan ongelooflijk druk is. Maar daar kan je niet zo veel over zeggen. Het blijft het hele jaar een beetje hetzelfde. Het is in de lente bijvoorbeeld net zo druk als in de winter. Oké. En je zou denken het wordt donker, het regent, het weer is somber. Misschien is dat dan... Dat maakt mensen ook somber. Precies. Maar in de lijnen zie je daar niet zo heel veel verschil in. Niet dat zij zo ontgebonden zijn. En hoe kunnen jullie hun ondersteunen? Mensen die met hulp vragen komen? Nou, in eerste instantie heb je dus de crisislijnen. Waar mensen in eerste instantie naartoe bellen. Of waar ze met een vrijwilliger kunnen chatten. Die gesprekken heb je, maar die gesprekken zijn in principe eenmalig. Mocht iemand dan daarna nog meer hulp nodig hebben, dan kan iemand zich aanmelden voor therapie. Ook via onze website. En dan kom je met een van de psychologen in contact. Maar dan ook online? Ook online, ja. Via de chat, via de telefoon of via de mail. Dat mag iemand zelf kiezen. Dat mag iemand zelf kiezen. Wat die persoon zelf het fijnst vindt. En dan heb je maximaal acht gesprekken met een vaste psycholoog. Waarin je dus ook wat meer tijd hebt om uit te zoeken wat er nou precies aan de hand is. En hoe je kan leren omgaan met je zelfmoordgedachten en alles wat daaronder zit. Lukt het in die acht sessies die jullie hebben met de mensen om iemand weer op een andere gedachte te brengen? Ja, soms wel. Soms heb je er maar vijf nodig. Soms is het zo dat je acht sessies doet en dat je denkt, nou het lijkt me verstandig. Als je ook nog eventjes naar de huisarts gaat en je aanmeldt bij een therapeut. Zodat je wat face-to-face contact hebt. Maar dat verschilt heel erg. Wat zou jij zeggen tegen degene die het moeilijk hebben, maar niet durven te bellen of contact op te nemen met 113.0? Ja, als je het zo moeilijk hebt dat je echt toch aan zelfmoord denkt, zou ik je toch willen vertellen. Ik weet dat het heel erg moeilijk is, maar wij zijn er bij 113.0. Wij weten dat praten over zelfmoord helpt. En je bent anoniem. Het is een veilige omgeving. Dus we treden niet naar buiten met wat jij vertelt aan ons. Dus ik zou toch zeggen, neem de stap, want je hoeft het niet alleen te doen. Dankjewel Maaike. Graag gedaan. Nou kijkers, jullie hebben gehoord. Wat je vraag ook is, er is altijd wel iemand die hier staat om een antwoord op te geven. Dus zit je met iets, kun je altijd contact opnemen met 113.0."
kpni-arts.mp3,interviews,Whisper-large-v3-fast,100.0,40.350687103593,100,89.41420014094433,4988.3125,4777.347031360113,143.27012535574042,"Jij bent KPNI-therapeut. Laten we daar eens even beginnen. KPNI, waar staat dat voor en wat doet een therapeut? Klinische Psychoneuroimmunologie. Klinische Psychoneuroimmunologie. We zeggen ook wel eens voor de grap, klinische psychoneurosocioendocrinoneuro... en alle disciplines die je kunt bedenken worden bij elkaar gehaald. Dus het is ook evolutie-geneeskunde. Het gaat over de sociale context waarin mensen leven. Eigenlijk is het idee, een beetje parallel aan de functional medicine uit de Engelse-Amerikaanse literatuur... dat we de mens veel meer als een functionele eenheid moeten zien en ook functionerend in een groter geheel... en dat al de dingen die daarin gebeuren op een gegeven moment bepalen of we gezond blijven, zeker ziek worden. Het lichaam is steeds bezig om te reageren. Reageren op alle uitdagingen die er op ons afkomen. Dat kan het nieuws zijn, psycho-emotionele factoren, je relatie, je sociale situatie. Pas met een stukje te lezen over de risicofactoren om ziek te worden als je meer of minder verdient bijvoorbeeld. Los van leefstijl, dat is eruit gefilterd, maar als je wat meer verdient... heb je onmiddellijk een verhoogde kans om langer te leven. Dit geeft overigens getallen uit Amerika. Maar dus... Om aan te duiden, we proberen alle factoren die een rol spelen bij het functioneren van de mens... bij elkaar te zoeken of te rapen en van daaruit na te denken over hoe functioneert de mens... en wat gaat er mis als we ziek worden. Dus dan, want je zei ook endocrinologie, dus we hebben het over hormonen, emoties, sociale relaties, het hele spectrum. Het hele psychosociale functioneren, hoe hormonen en hersenen daarop reageren... hoe daar ook allerlei invloeden kunnen zijn van voeding en beweging. En hoe dat uiteindelijk leidt tot een bepaalde manier van functioneren van het immuunsysteem. In principe om ons te beschermen, maar als we te lang bescherming nodig hebben, worden we daar weer ziek van. Dus als we te lang moeten zoeken naar een balans, dan kost dat te veel energie. En dan moeten we gaan schuiven met die energie. En dan kan het wel eens zijn dat het immuunsysteem langer meer energie nodig heeft... waardoor onze hersenen wat minder krijgen en dan worden we moe. Om maar simpel te zeggen. Zijn dat ook een beetje, want ik heb natuurlijk één grote vraag. Maar ik vind het wel leuk om even in te zoomen op dat stukje praktijk. Als ik dat hoor denk ik, dat moet dan alle huisartsen toch ook weten. Maar hoe ver staat dat daarvan af, van wat in de reguliere gezondheidszorg bijvoorbeeld gebeurt? Gelukkig zijn er steeds meer artsen die ook in deze discipline werken. Dus ik geef ook les op verschillende opleidingen en dan zien we steeds meer artsen, specialisten... binnenkomen, apothekers, psychologen. Dus ook vanuit de reguliere wereld is er heel veel interesse in deze manier van denken. Het grote probleem is denk ik dat er twee praktische dingen zijn. De huisarts in een huisartsenpraktijk heeft tien minuten tijd. En ik ben de eerste keer anderhalf uur met iemand aan het praten. En daarna... Dan kun je misschien zien of iemand een keelontsteking heeft die antibiotica nodig heeft... of een keelontsteking die vanzelf overgaat of het een virus is. Dat soort dingen. En de huisarts is dan veel meer een filter geworden van dingen door laten gaan naar een ziekenhuis... of het gaat vanzelf over of met een pilletje. Maar echt de onderliggende oorzaken van problemen boven water halen... dat is heel lastig in die setting. En het tweede probleem is denk ik een wetenschappelijk probleem. Dat we er steeds meer achter komen dat mensen vooral chronische klachten krijgen... omdat er misschien wel tien dingen tegelijkertijd mislopen. En we zijn heel erg gewend... om in de wetenschap één op één te denken. Dus je hebt een longontsteking. Nou, heel interessant. Want op een gegeven moment kwamen we erachter dat een longontsteking kwam door een bacterie. Prima. Dat is mooie wetenschap. Want dan konden we later ook middelen ontwikkelen om die bacterie dood te maken. En daarmee hebben we de longontsteking opgelost. Mooi. Maar deze manier van denken wordt bijvoorbeeld ook gebruikt als we kijken naar Alzheimer. Dat is toevallig een project waar ik nu mee bezig ben... om te kijken wat we preventief kunnen doen bij Alzheimer. En dan zie je dat er misschien wel veertig dingen zijn... die kunnen mis kunnen gaan... die allemaal in een bepaalde verhouding tot elkaar kunnen leiden tot Alzheimer. Maar dan wil je dat gaan onderzoeken. En dan zie je dat de behandeling dus bestaat uit... misschien het geven van vitamines. In ieder geval voeding aanpassen. Meer gaan bewegen. Zorgen dat de stress opgelost wordt. Misschien gifstoffen. De darm, heel belangrijk bij allerlei hersenproblemen. Dat gaan we allemaal tegelijkertijd doen. En dan is er, in ieder geval nu in Amerika... een kliniek waar mensen zo behandeld worden. Daar gaat het heel goed mee met die mensen. Dus die relatief scoren die heel goed. Alleen elke onderzoeker zegt... ja maar, u doet tien dingen... ik weet nou niet wat er gewerkt heeft. En dat is een manier van denken... die nog heel erg in die wetenschap zit... waar we even doorheen moeten. Want we moeten op een andere manier... naar het effect van behandelingen kijken. Gooi alles er maar op wat je hebt... want waarom niet? En we zijn natuurlijk gewend om... allemaal losse puzzelstukjes te onderzoeken. Misschien wel dertig puzzelstukjes zijn... die samen het totale plaatje maken. Dan ben ik absoluut op de goede plek... want dat wist ik stiekem al wel. Ik vraag me namelijk af... niet of er een verband is... want dat snap ik ook wel... maar of jij mij dat kan verhelderen... in het beeld... waarin stress... maar ook trauma... depressie... verslaving... en ADHD... daar gelinkt zijn. Dat is groot. Dat besef ik maar. Maar misschien dat we dat... een klein beetje kunnen ontrafelen... want dat is een bepaald patroon. Dat zijn volgens mij ook... in de symptoomhoek... een beeld wat denk ik vaak... Er zit wat overlap in. Niet alle ADHD... patiënten zijn hetzelfde. Maar goed... Het beeld... volgens mij is het een bepaald systeem. Wat we... begrijpen... is dat... als je... Stress is op zich... Wat is de invloed van stress? En trauma? Als je kijkt naar dat systeem... Ik maak de podcast met name voor mezelf... maar ook voor mensen die... Er zijn zoveel van dit soort gelijke patronen. Ik weet... dat ik een stressgevoelig systeem heb. Ik weet dat als... ik niet goed op mijn voeding let... Ik weet dat ik niet goed op mijn taal... Dus het is een soort van... samen kroes. Het is niet dat ik... Oh, het label ADHD of... verslaving. Ik heb het er eigenlijk nog niet eens bij gezegd. Verslavingsgevoeligheid. Impulsiviteit. Dus dat beeld. En het is niet... Oh, ik ben verslaafd. Of ik ben super gestresst. Of ik heb een burn-out. Maar dat zit wel... Het zijn een beetje de... de restanten van die symptomen... wat zo samenclustert. En ik denk dat dat in een soort van stressgevoelig systeem zit. Misschien wel trauma in het immuunsysteem. Daar was ik gewoon een beetje... naar aan het zoeken. Van goh, ben ik op de juiste... op de juiste dingen... naar de juiste dingen aan het kijken? Of zie ik misschien wel iets over het hoofd... wat hier nog misschien bij zou moeten? Wat je... Je moet eerst realiseren wat stress is. Ja. In de volksmond wordt stress altijd als iets negatiefs... gezien. Maar stress is in principe... een van onze belangrijkste overlevingsmechanismen. Het is te koud. Het is te koud. Je lichaamstemperatuur zou teveel dalen. Daar word je je van bewust. Dat is een stresszorg. Je wordt je bewust en je gaat een trui aantrekken. Dat is een normale reactie... op prikkels van buitenaf. Op stresszorgen. Het kunnen ook prikkels van binnenuit zijn. Je energie is op. Je moet gaan eten. Dus dat is ook een vorm... van stress. Maar dat zijn allemaal de normale... stresszorgen. Zelfs als er een man... met een geweer binnenkomt... moeten we handelen. Of je duikt onder de tafel. Of je doet iets. Je moet in beweging... komen om een probleem op te lossen. Dus elk... probleem wat ons uit ons evenwicht... zou kunnen brengen... vraagt om een reactie. En dat is het spel tussen stresszorgen... het probleem en de stressreactie... van ons lichaam. Dus de stressrespons... die het moet oplossen. Een soort call to action. Van hallo, er moet iets gebeuren. En dan zijn we constant... op een onbewust niveau... op orgaanniveau en op celniveau mee bezig. Dat drinkt niet door. Dat is eigenlijk niet... wat we dan met stress bedoelen. Als je je daarvan bewust wordt... dan wordt het een stressmoment... en dat vraagt op een oplossing. Prima. Niks mis mee. Er kunnen nog een aantal dingen... gebeuren. Het eerste wat we zien in onze moderne... wereld is dat stresszorgen niet meer... de lading hebben... die ze vroeger hadden. Kou, honger, acuut gevaar. Stresszorgen zijn allemaal dingen die langzaam... in ons achterhoofd blijven hangen. Pas het boekje van Rutger Bregman... ik moet het nog lezen, maar ik heb het besteld... dat het water komt. Ik kan me voorstellen... dat sommige mensen die net in Amsterdam... een hele hoop geld hebben besteed aan een nieuw huis... dat die daar enigszins gestrest van raken. Maar je kunt het niet oplossen. Het blijft in je achterhoofd zitten. Het blijft malen. Dat is een heel simpel voorbeeld... dat er op heel veel niveaus... tegenwoordig stresszorgen zijn... psycho-emotionele stresszorgen... die te lang aan blijven houden... en die ons te lang in een... stressstand... kunnen houden. En dat snapt het lichaam niet goed. Af en toe acute stress aan en uit... prima, maar chronische stress... gaat het probleem worden. En dus ook stress, hoor ik je zeggen... die we misschien niet zelf op kunnen lossen... waardoor het maar blijft hangen. Dat is ook het grote probleem. Als ik geen geld meer heb en ik moet schulden betalen... dan kan ik mijn huis verkopen. Dat is een oplossing. Dan ga ik kleiner wonen en dan is het opgelost. Maar sommige dingen kun je echt niet oplossen. Dus dat... maakt dat we... in onze moderne wereld andere stresszorgen hebben... die ook op een wat andere manier in ons lichaam werken... maar ons wel altijd alert houden. Dus er is constant wel... bepaalde maten van spanning. Soms voel je dat ook in je buik. Dan heb je dat onrustgevoel, anxiety... dat soort mechanismes. Een beetje angstig zijn. Dus dat is... de moderne wereld. Een ander interessant... punt is dat we juist die klassieke... stresszorgen, waar we eigenlijk... heel goed mee kunnen reageren... vlucht- en vechtreactie... Dat is niet leuk, maar we kunnen het wel goed. Als het koud is, kunnen we... thermoreguleren. We gaan trillen, we gaan... de schildklieren harder laten werken. Je gaat bewegen eventueel, of eten. Dat zijn allemaal manieren om weer warm te worden. Hebben we het nog wel eens echt koud? Dus we hebben alle... vervelende stresszoren uit onze geschiedenis... een beetje weggehaald. We leven in een comfortzone. Dus we gebruiken ook ons stresssysteem... nooit meer op de klassieke manier. En dat lijkt, in ieder geval bij... een aantal mensen te leiden, tot ook een steeds... minder goed reageren op al die... psycho-emotionele stress. We kunnen het niet meer aan- of uitzetten. Het systeem een beetje mee onderuit of zwakker maakt of zo. Ja, dus... Wat we zien... als je naar de onderzoeken kijkt, is dat... af en toe een keer gezonde stress... het stresssysteem aanzet... maar daarna ook helemaal uit. Terwijl die chronische aanhoudende stress... ons stresssysteem... constant een beetje aanlaat. Dat klopt niet. Dat is een factor die... speelt. En wat we dan vervolgens... zien, is dat als je... een beetje de pech hebt. Dat je vroeger in je leven veel stress hebt. Of misschien wel stress overneemt van... vorige generaties. Of van je moeder... tijdens de tijd dat je... in de baarmoeder zit. Of vlak na de geboorte. Dat jouw stresssysteem... eigenlijk gaat anticiperen... op het gegeven... dat je vroeger in je leven veel stress... hebt meegemaakt. Nou, als je dat heel simpel... vertaalt, dan betekent dat... veel stress vroeger in het leven... ik zal straks wel zelfstandig in een gevaarlijke... wereld moeten overleven. En wat gebeurt er dan met je stressgevoeligheid? Die wordt... sterker. Dus je gaat... sterker reageren op al die... psycho-emotionele ruis die er nu... in onze omgeving zit. Dat maakt dat je sneller in die stressstand schiet. Dus dat is wat we dan... early life stress noemen. Dat kan ook echt... een traumatische ervaring zijn vroeger... uit je leven. Want hoe... die early life stress... klinkt heel flauw misschien, maar hoe... hevig moet of kan die zijn... voordat daar echt iets... structureel ook op later ligt dat... je daar dan last van gaat krijgen? Er is een vragenlijst ontwikkeld. Een gevalideerde lijst. Die kun je invullen als... persoon. Of met mijn klanten doe ik dat soms. En dan heb je indicatie... van nou, dit is wel echt een... optelsom van een aantal stressoren... die de kans duidelijk vergroot... dat je een gevoeliger stresssysteem hebt. Niet een subjectieve perceptie, maar echt... dingen die je zou kunnen... Het zijn natuurlijk... objectieve gebeurtenissen, waarbij... hoe je dat subjectief ervaart... wel een rol speelt. Verhuizen is een stresszorg. Niet zo'n hele grote. Geslagen worden als kind, of misbruikt... of verwaarloosd, dat zijn grotere stressoren. Gepest worden, dat zijn... dingen die als het allemaal zo... voor je twaalfde, vijftiende... gebeurt, een spoor kunnen achterlaten. Dan heb ik stress bingo, denk ik. Ik kan op je pech. Nou ja, niet helemaal bingo, maar ja. En uiteraard... kunnen nog het latere leven... echte, hele grote... emotionele stressoren... dramatische ervaringen, kunnen ook dat stresssysteem... eigenlijk blijvend veranderen... waardoor je steeds gevoeliger wordt... voor stressoren. En in de poging om steeds... maar weer dat evenwicht te zoeken... om die stress uit te zetten... verliezen we heel veel energie. Eigenlijk steeds weer tot rust te komen, maar dat lukt niet. En dat... maakt dat je in een soort energiebalans... zit, waarbij de batterij... eigenlijk steeds de neiging heeft om leeg te... lopen, en er niet meer genoeg... tijd is om die aan te vullen. Om die weer op te laden. Is het zo dat... dat stresssysteem, als dat dan... sneller of langer en vaker... aangaat, dat dat een soort van... ergens dat je daar energie... weglekt, dat die batterij waar je het... over had, dat dat eigenlijk continu, dat je eigenlijk... nooit helemaal, omdat je nooit... in wat rust komt, dat je ook niet optimaal... opgeladen bent. En hoe... uitzicht dat in relatie tot die... dingen zoals depressie of... spastische dikke darmen, niet eens genoemd, maar... Ja, bijvoorbeeld. De darm reageert heel sterk... op stress. Als je iets spannends... meegaat maken, een... examen doen... Siri wil zich er ook mee vermoeien. Die luistert mee. Je wordt constant... afgeluisterd. Die buik speelt een hele belangrijke rol... bij stress. En ook de... langdurige stress verandert ook de darmflora... om eigenlijk... energie te leveren om die... stress vol te houden. Want dat is ook steeds de uitdaging... in een systeem wat steeds... in die stressstand staat, moet er energie zijn. Wat je sowieso ziet, is dat... er energieverschuiving is. Dus de... energie gaat naar het stresssysteem, maar niet naar andere... systemen. Dus dat kan je al moe maken. Wat zijn dan andere systemen? Bijvoorbeeld je spieren, je hersenen... je immuunsysteem. Dat zijn allemaal dingen die wat verwaarloosd... kunnen worden. Maar dan denk je van... herstel van weefsel. Wanneer... herstel je van inspanning? Als je nog... in de stressstand staat of als je ontspannen bent? Dus je gewrichten... je pezen, moeten... herstellen in rust. Belangrijk... slaap. Daar speelt... een hele belangrijke rol, omdat je daar groeihormoon... maakt en melatonine speelt ook een rol. Maar ook gewoon gedurende de dag... moet je rustmomenten hebben. Wanneer verteer je je eten goed? Als je aan het rennen bent voor een leeuw... of dat je gewoon rustig, veilig... in je omgeving zit en je... hebt even de rust om te eten. Dan haal je ook voldoende energie uit je... voedsel. En heb je... een slechte spijsvertering, heeft dat meteen weer... invloed op hoe je darm functioneert. Want je krijgt... onverteerd voedsel in je darm en dat gaat rotten en... gisten. Dus zo zie je dat al die dingen... in elkaar grijpen. En in de stressstand... is adrenaline eigenlijk... het overheersende hormoon. Als je het even simpel zegt. Cortisol probeert dat ook steeds weer... te compenseren of daar... een bijdrage te leveren aan de stressreactie. Adrenaline is de meest zichtbare... ding. Dat... zet je hartslag in een wat hogere stand. Dus je gaat meer energie... in je spieren, je hartslag. Je gaat meer... zuurstof transporteren. Je bloeddruk... gaat omhoog. Maar als dat... te lang duurt, krijg je er natuurlijk allemaal klachten van. Je spierspanning gaat omhoog. Als je wil vluchten of vechten... En daar kun je gewoon echt... spanningshoofdpijn van krijgen. Als fysiotherapeut werkte heb ik denk ik... van de patiënt, die had spanningshoofdpijn. Dus dan ging hij weer lekker masseren. En dan ging het weer een beetje beter... als het goed was. Dus die stress... die proberen we eens uit te zetten. En dat kost ook... energie. En daar gaat bijvoorbeeld... serotonine een belangrijke rol spelen. Serotonine is een stofje wat... mee kan helpen om de stress wat... te reguleren. Als je... veel stress hebt, maak je serotonine... op richting het... reguleren van de stress. En kan het... termijn leiden tot depressie. Serotonine is heel ingewikkeld, want dat... werkt bij iedereen weer een beetje anders. Er zijn veel variaties in, maar... dat is een mechanisme bijvoorbeeld. En ik zei depressie, maar als ik het even helemaal op mezelf... betrek, want ik kan natuurlijk alleen maar even spreken... vanuit mijn casus, is dat... dystemie. Dus niet zozeer... een klinische depressie, maar eigenlijk een algehele... verlaagde stemming. En als ik dat verhaal... hoor, denk ik, klinkt... heel logisch dan, of zo... eigenlijk. Maar... als er veel gevaar is... en weinig energie, is dan... niet ook een depressieve... stand een beetje een bescherming. Je even terugtrekken. Van, ik moet even weer tijd hebben om te herstellen. Maar als je niet kunt... herstellen, omdat er steeds weer nieuwe stressoren... bijkomen, of ze worden niet opgelost... dan is dat dus op een gegeven... moment jouw staat van reactie... op de situatie. Ja, ja, ja. En... ehm... dan... de link met bijvoorbeeld... ADHD, want dat lijkt een beetje een soort van... vreemde eend in de mix... dan, als het gaat over energie. Maar toch... zit die daar wel... in, volgens mij. Ja. Ik denk... dat je... wat voor vormen van ADHD je hebt. Je hebt echt ADHD-klanten... met een afwijking in de hersenen... waar gewoon de bedrading waarschijnlijk wat... minder goed is, en de delen minder goed... aan elkaar communiceren. Maar je hebt ook mensen die hooggevoelig zijn. Ik denk dat dat een andere categorie kan zijn. Er zit altijd... overlap in, dat maakt het ingewikkeld. Maar wat je natuurlijk ziet als je in de stress... modus staat... dat er... in ieder geval registratie is van... er is gevaar, er is iets aan de hand. Wat moet er dan gebeuren met je zintuigen? Ja, die staan op scherp. Ze staan op scherp. Dus je ziet alles, je hoort alles. Dus er komt ergens, je hoort iemand voorbij lopen... en meteen is je aandacht... naartoe, is weg van het gesprek wat we voeren... als je in die stand staat. Dus het gevoelig worden voor prikkels... heeft ook zeker met stress... te maken. Maar dat is logisch. Je weet, de Beekse Bergen zijn hier vlakbij... dus ik heb op het nieuws... gehoord dat er een leeuw ontsnapt is... en dat die richting Tilburg is gegaan... en als ik dan hier naar de supermarkt loop... zou het slim zijn om iets alerter... te zijn. Die kans is natuurlijk relatief klein... maar als voorbeeld... als je weet dat er gevaar is... dan hoor je alles beter... sneller. Zelfs heb je het idee dat er iemand... achter je staat, dat je dat gevoel kent... dat je denkt van... wat is er achter me aan de hand? Zo'n hoge gevoeligheid kun je op een gegeven moment krijgen... door chronische stress. En misschien ga je ook wel... reageren op geuren. Dat je de geur van iemand... tegenover je oppikt en dan het gevoel krijgt... wat is er met die persoon aan de hand? Is die misschien angstig? Is die depressief? Dus mensen kunnen heel veel sferen oppikken... en dat zou theoretisch... wel eens met geuren te maken kunnen hebben... want onze neus wordt ook veel gevoeliger bij stress. En wat is dan, want daar had ik eigenlijk nog nooit... zo over nagedacht... het verschil of de relatie tussen... dan echt de klassieke ADHD... de bedrading in je hoofd... want daar herkende ik mezelf ook heel niet in. Ik heb ooit wel die diagnose gehad en dacht ik... ja, als ik dertig denk ik zal eens een keer... naar een psycholoog gaan en ze even vragen... wat die nou wil kijken. En dat hoge gevoeligheid... misschien was dat ook... nog niet helemaal duidelijk, zeg maar tien jaar geleden... toen ze dat bij mij vaststelde. Wat is daar, wat is het grote... onderscheid tussen die twee in symptomen... te zien? Is dat te herkennen vanuit de buitenkant? Ik denk dat je dat kunt herkennen aan... de testen die je... kunt doen en misschien ook wel de manier waarop je... reageert op de medicatie. Ik denk overigens dat alle tweede groepen wel goed... kunnen reageren op de medicatie, omdat... die vaak... een bepaalde energieverandering in die hersenen... teweeg brengen, waardoor je je meer kunt focussen. Dat er meer energie naar die prefrontale... cortex vooral gaat, waardoor je... de impulsen uit gaat zetten. Maar... je stelt me een vraag die ik niet... durf te beantwoorden, want ik weet... of ik dan dingen door elkaar ga halen en voor... de mensen die dan met dat soort klachten zitten, die raken... dan niet lang. Ja, nee, dat moeten we absoluut niet willen. Dat was ook niet de bedoeling van vandaag. Even zijsgoor, ja. Want ik herken wel... het impulsieve... en het gevoelige... en... zo kan ik me ook wel aan verslaving linken, want... dat is ook een manier eigenlijk om te... dealen met zo'n systeem, want... ehm... ADHD, of in ieder geval de... ADHD-medicatie heb ik maar heel kort gehad. Dat deed me niks, maar toen had ik al... veel te veel geweest. En toen had ik heel veel vervelende associaties met... het gevoel wat het opriep, dus ik heb dat ook helemaal... nooit gedaan. Zijn daar nog verbanden te zien? Of patronen in te herkennen? Dat dat soort... mensen ook eerder last hebben van een verslaving... bijvoorbeeld? Ik heb net al serotonine genoemd als... belangrijke neurotransmitter. Ook dopamine... speelt een grote rol, die ook uitgeput... kan raken, door langdurige... stress. En dopamine... geeft je een beetje een fijn gevoel. Zo van, ik heb goed gewerkt... ik heb een fijn gesprek gehad, en dat geeft je... een soort beloningsgevoel van, was goed. Maar als dat een beetje gaat ontbreken... dan kun je dat gaan compenseren... met verslaving. Verslavingen doen iets met het dopamine... systeem. En dan pak je... je glaasje wijn s'avonds, en dan denk je... lekker. Of dan pak je een sigaretje... Of je werk. Of je werk. Je kunt heel veel verslavingen hebben. Het hoeft helemaal niet substantie te zijn. Je kunt ook aan... gokken verslaafd raken. Of een beetje... neurotisch verzamelen van... papier om je heen. Maar dat... Ik denk dat dat veel... verslaving te maken kan hebben met het... offline kunnen... gaan. Veel mensen die in die... stressstand blijven, die blijven online. Die telefoons helpen... er een beetje aan mee. Dat is ook vervelend. Dat je altijd... maar eigenlijk... bereikbaar moet zijn. En moet reageren. En zo kom je nooit even tot echte ruststand. Maar dat dan drugs... verslaving... daarbij kunnen helpen. Bij een glaasje alcohol doet dat heel duidelijk. Even offline gaan. Uit ervaring... wat drugs voor mij hebben gedaan. Het numbing eigenlijk. Hoe gek het ook klinkt. Want ik heb... lang geleden hoor... best een periode cocaïne gebruikt. En dat is met name echt iets om op stap te gaan. En sociaal. Ik was het liefst alleen thuis. Weet je wel. Zo lekker atypisch. En dan de rest van de week was het... gewoon een beetje... je bent wat afgestompt. En dat was eigenlijk best wel prettig. Terugkijkend. Ik kon natuurlijk totaal niet door... wat er gebeurde. Nu wel. En dat is natuurlijk de grote vraag. Hoe breng je zo'n... stressgevoelig systeem... Ik kan natuurlijk... naar mijn trauma kijken. Er zijn natuurlijk heel veel... of via voeding. Wat is een beetje een richtlijn... om aan te houden? Of is dat echt heel individueel verschillend... welke ingang het beste is? Ja. Wat kun je eigenlijk doen... bij mensen die in die stressstand staan... en er last van krijgen? Ja, die zo'n stressgevoelig systeem hebben... dat ze er last van hebben. Heel algemeen... kun je zeggen dat als er meer... gevaarssignalen zijn... dan dat er veiligheidssignalen zijn... dat het systeem onder druk staat. En dat is heel... algemeen. Dus alles wat... voor jou... als gevaar wordt ervaren... in de alertheidsstand. Maar omgekeerd... als jij met je familie... of met vrienden ergens bent... dan kan je je ook heel veilig voelen. En dan zie je ook vaak dat die stress uitgaat. Dus het is veiligheid... rust ten opzichte van gevaar. En... je kunt op een gegeven moment aan de ene kant zeggen... ik ga de gevaarssignalen weghalen... of aan de andere kant ik ga rustsignalen inbouwen. En dan... is het lastig, want de mensen met... deze klachten hebben vaak een langer... klacht. Dus dat systeem staat al lang... in die stressstand. En zit helemaal vast in een bepaalde... Dus... Wat je dan ziet is dat... de input, en je kunt dat... denk ik best wel zien als de hypothalamus... waar al die informatie binnenkomt. Dat wordt in sommige artikelen ook interessant gezien... als een soort de governor of health. Dus een soort van directeur... in jou, of CEO... in jouw hoofd, die... het beleid bepaalt. Alle informatie komt binnen. Gevaarssignalen, veiligheidssignalen. En al die... informatie samen moet leiden tot een beleid. Een overlevingsstrategie. Ik zie niemand zitten met zo'n... memo. En die... Dus zolang de... gevaarssignalen overheersen, blijf je in die stand staan. Dus je kunt aan de gevaarssignalen... kun je werken. Soms... is uitleggen hoe dingen werken al een... begin van rust. Vertellen dat het logisch is... dat als je wat dingen mee hebt gemaakt vroeger... in je leven, dat je er later last van hebt. Dan gaat de lading soms weg. Soms wel eens reframingen. Dat je het op een andere manier in jouw eigen hoofd... in jouw eigen verhaal... inbrengt, de gebeurtenis. Dus je kunt sommige dingen constant als... negatief blijven zien. Maar misschien hebben ze je ook wel... gevormd. En misschien ben jij wel... de vrouw geworden die je nu bent. Dankzij de ervaringen. Kan dat ook positief... zijn. Zo zijn er allerlei manieren... om daarmee om te gaan. Heel mooi dat je dat als eerste zegt. Dat is eigenlijk iets wat gewoon... meteen kan met gewoon... pure denkkracht. Dus uitleggen, een beetje NLP-achtige... technieken kun je daarbij gebruiken. Reframing is dan een term... die daarvoor gebruikt wordt. En aan de andere kant kun je veiligheid bieden. Soms raken mensen... in een sociaal isolement. Als je alleen bent... is elk gevaar ook iets wat jij zelf... alleen moet oplossen. Dus alleen zijn verhoogt de stressstand. Eenzaamheid... is een van de meest ziekmakende factoren... in onze moderne wereld. En dat wordt steeds erger. Oké. Tegenstrijdig inderdaad. Want dat systeem... wil zich terugtrekken. Want dat is... Dat herken ik ook heel erg. Nu nog steeds. Maar ik vind het ook wel fijn nu. Maar tegelijkertijd heb je dan ook... eenzaamheid wat potentieel op de loer ligt. Dus de goede balans... daar vinden... is een belangrijke. Dus je moet niet het gevoel hebben... dat je er alleen voor staat. Want wij zijn... als menselijke soort een beetje... zwak. We zijn kwetsbaar. Dus we hebben... de groep nodig om te overleven. En dat is ook in onze... omdat we dat goed konden, die sociale vaardigheden... konden ontwikkelen, hebben we ons waarschijnlijk ook ontwikkeld... zoals we nu functioneren. We zijn sociale wezens. We zijn groepse wezens. En uiteraard kan dat soms... teveel energie vragen. Dus dan heb je... een tijdelijk terugtrekreflex. Maar dan... zie je vaak dat dat... niet de oplossing is. Maar... ergens bij horen... bij een club. Het kan een vriendenclub... zijn. Het kan ook de tennisclub zijn. Whatever. Het gevoel hebben dat je er niet alleen voor staat... is een veiligheidssignaal. Maar... ook mensen laten voelen... dat zijn vooral... de therapieën die... op het lijf wat doen. Dus haptonomie, massage... soms acupunctuur... whatever. Wat is haptonomie eigenlijk? Ik hoor het... het leren voelen... van waar de spanning in je lichaam zit. Oh. Heel veel stress vertaalt zich naar lichamelijke... spanning. En deze spanning houdt... de stress ook weer aan de gang. Want dit geeft ook een signaal van... er is iets aan de hand, want je zit zo. Van stress krijg je een hoge hartslag... maar van een hoge hartslag krijg je... een stressprikkel. En wat... we zien is dat meestal... praten over een trauma... maar een klein deel... van het probleem oplost. Vanaf hoe je met iemand praat. Maar bijvoorbeeld leren ervaren dat het lijf... ook tot rust kan komen... ook een manier is om het systeem... langzaamaan in een blijvende... ruststand te krijgen. Dus de grote trauma onderzoekers op dit moment... een beetje... ik weet niet of mensen dat kennen... maar de nervus vagus... die heeft dan verschillende takken. En een van die takken die regisseert veiligheid... en die regisseert ook... ontspanning in je lijf. Die helemaal van boven... Op je achterhoofd... komt die naar buiten? Nee, die gaat naar je spijsvertering toe. Dus vooral... ademhaling en spijsvertering... dat zijn de belangrijkste functies. Maar dat is ook het systeem wat... aangaat als we tot rust komen. En door dat te ervaren... en dus in de ruststand... te komen, zie je dat langzaamaan... dat systeem zegt... het kan veilig zijn... dus ik hoef niet altijd aan. Maar als je er op en van je kunt trainen... en vaak toe kunt passen... dan ontstaat er een nieuwe balans. Maar het lastige is dat dat wel wat tijd nodig heeft. Dus wat mindfulness bijvoorbeeld kan doen... allerlei yoga en meditatievormen... Je hebt neurofeedback... en ook hartslagfeedback... waarbij de hartfrequentie... wordt geregistreerd en dat kun je gewoon op je iPhone... of op je computer terugzien. En met dat systeem kun je dan trainen. En langzaam leren om... in een ontspannendere... toestand te komen. En dat is ook... hoe dat voelt... en dat dan ook vaak op te zoeken. Ja, interessant. Ik moet ook meteen aan Jan Bommeree... denken. Ik weet niet of dat... jouw naam wat zegt. Dat is een film over flow geschreven. En die gaf ook... ik heb ook een workshop gevolgd... waarin hij ook de Nervous Vagus had... en hij is nu een boek aan het schrijven over trauma. Dus dat zit volgens mij ook... heel erg in deze. Super interessant. Heel actueel, nodig, fijn. Ja, precies. Ja, ja. Misschien wel een interessant knooppunt... dan daar. Wat is dat precies? Het is een van de hersenzenuwen. En die... Nervous Vagus wordt... gezien als de... rustkant van het... autonome zenuwstelsel. Een autonome zenuwstelsel is een ding dat helemaal voor zichzelf... werkt. Dus dat werkt zelfstandig. Dat is mijn ademhaling. Hartslag, dat soort dingen. En... dan heb je de adrenalinekant... en de bijnierenstresskant die reageren op gevaar. Ja. En die Nervous Vagus... gaat aan als het gevaar weg is. En dan ga je je spijsvertering... komt op gang. Je gaat... rustiger en dieper ademhalen. Dus eigenlijk... in de yin-yang van de stressreactie is dit... de yin en de adrenaline... is de yangkant. Oké. Tot rust komen. En... omdat de meeste stress in onze westerse wereld... vooral gedachten zijn. Wat zal er morgen... gewoon niet fout gaan. Niet wat... nu aan de hand is, maar wat kan er morgen gebeuren. Zijn meditatietechnieken... waarbij je je gedachten uitzet. En je ademhaling... reguleert. Dat zijn technieken waarmee... de Nervous Vagus aangaat. En dan kom je in een ontspannen stand. Gaat je hartslag naar beneden. Je bloed gaat... naar beneden. Je immuunsysteem mag weer... aan het werk. Dus al die dingen die gaan... beter functioneren. En die HeartMath. Ik heb toevallig in zo'n... workshop bij Jan Bommerij... dat geoefend. En ook liet die één iemand... voor de groep dat dan doen met inderdaad dat metertje. Je denkt, ja wat is dat nou? Maar dan zie je... dat is van heel erg staccato... zo. Want het... was een uitslag, een grafiekje... die je... Ik weet niet wat het dan precies was. Maar toen gingen we die meditatie doen. En dan zag je... dat dat in plaats van een heel... chaotisch streepje, werd het een... heel mooi vloeiende lijn. Wat de Nervous Vagus... ook doet, is de hartslag remmen. Dus er is een rem op de... hartslag. En als je ontspannen bent... en je ademt rustig, dan... gaat de hartslag met de inademing omhoog... en met de uitademing naar beneden. Maar naar beneden doet die alleen maar... dat de Nervous Vagus actief is. Anders blijft die wat hoger. Dus dan zakt die niet goed weg. Dat kun je vrij makkelijk meten met een sensor op je oren... of op je vinger. Het wordt dan even... omgerekend in een algoritme. Dan krijg je daar een kleur of een... beeld. Voor kinderen kun je... ballonnetjes laten vliegen. Dus als je ontspannen bent... dan zie je alle ballonnetjes omhoog gaan. Ik wil de kindervariant. Er zit een standaard hopper als je... hem aanschaft. Wat die eigenlijk doet... is dat dat apparaatje... registreren of die hartslag mooi meegaat... met je ademhaling. En als dat zo is... dan ben je coherent. En als dat niet zo is, dan betekent dat... dat je nog misschien wel rustig ligt te ademen... maar ondertussen ligt te bedenken... wat je morgen allemaal moet gaan doen. En als je dat gaat doen... leuk om ermee te experimenteren, dan merk je... ook zelf... als ik dat zelf doe, zo gauw mijn gedachten weggaan... schiet die weer in het blauw of in het rood. En dan moet ik weer even terug naar gedachten uit... en dan komt die weer terug. Dus dat is eigenlijk... een feedbacksysteem. En wat ook een beetje controleert... of je ook echt in een ontspannen stand... komt. Want soms komen mensen... zeggen, ik kan heel goed ontspannen hoor. En ik mediteer elke dag een uur. Maar ik zit elke dag een uur aan het piekeren eigenlijk. Dat zou kunnen, ja. Bij wijze van spreken. Oh, dan ga ik eens even... nu ik dit zo hoor, denk ik... genoeg motivatie om het weer even op te zoeken... en het misschien wel toe te gaan passen. En die ervaring van rust en dat rustvoelen... dat is weer een begin... van herstellen van een nieuwe balans. Ja. Hoe... want ik kom een beetje uit de voedingshoek... de vitaliteitshoek... en er wordt heel erg, oh eet maar gewoon gezond... en op een miraculeuze wijze... word je helemaal... weer topfit. Zijn daar nog... specifieke dingen over te zeggen... over de relatie met voeding en stress... en je immuunsysteem die... het is, ik wil niet de afge... paarden... de afgetreden paarden nog een keer opnieuw... bewandelen, maar misschien zijn daar wat nieuwe inzichten... of wat... speerpunten die relevant zijn? Wat ik... één ding wat interessant is, is dat dat... na verloop van tijd... als je de langere tijd onder stress... staat, dat ook de hersenen anders... gaan functioneren en dat je ook echt... anatomische veranderingen ziet in de hersenen. En van de belangrijke gebieden is de... prefrontale cortex, waarmee we... complexe dingen doen en die... ook onze impulsen... remt. Dus als je... een beetje... angst ergens voor hebt, dan kan je met die... prefrontale cortex dat nog een beetje remmen en... van zo van ja, dat valt wel mee, weet je. Dat dempt een beetje die emoties. En dan... heb je de amygdala, de amandelkern... waar woede, angst, agressie... zit. Negativiteit, negatief op jezelf gerichte... emoties zitten daar heel sterk. En je hebt de hippocampus, waar je... geheugen zit. Dat zijn drie gebieden die last... hebben van stress. De... prefrontale cortex verliest... verbindingen met andere delen van de hersenen... dus we kunnen minder goed... complexe dingen doen. Als je echt een burn-out hebt gehad... dan weet je nog wel... hoe die computer werkt, maar eigenlijk... het vertalen naar... handeling wordt dan heel moeilijk. En... dus die... functie verdwijnt wat. Amygdala... gaat overheersen, dus je krijgt een steeds... kleiner ballontje. En alles wat er gezegd wordt... ga je op jezelf betrekken, want er is gevaar... dus ik moet mezelf beschermen. En heel vervelend, die hippocampus... die haalt de... het geheugen een beetje onderuit. En de hippocampus produceert ook nog stofjes, een beetje... op falium lijkende stofjes, die... de stress ook helpen uitzetten. Dus je komt in een stand te staan... waarbij de rem op emotie weg is, emotie... wordt steeds sterker, mijn geheugen... wordt steeds slechter, ik kan ook steeds minder goed functioneren... en... de hippocampus... met zijn falium... kan hem niet meer helpen om tot rust te komen. Nou, dat noem je een soort wind-up reactie. Ja, en daar... uitkomen is lastig. Wat we nou bijvoorbeeld zien met voeding, is dat... ehm... de hersenen hebben natuurlijk energie nodig. En om dingen te veranderen... om weer nieuwe verbindingen te maken... kost ook heel veel energie. Dus we moeten ervoor zorgen... dat er veel energie naar die hersenen gaat. En dan is het paradox... dat koolhydraten en suikers... kort... een klein beetje energie aan die hersenen geven... waardoor we ons wel goed voelen, maar op lange termijn... eigenlijk... de energiebalans in die hersenen verstoren. En ook elke keer als we eten... kost dat energie aan de hersenen. Dus als we iets... soms merken we dat ook... na het eten word je moe. Dan is er energie in je spijsvertering... nodig, dat gaat ten koste van de hersenen. Dus wat zien we nu met... herstel van hersenen na stress... maar ook na trauma, of misschien ook zelfs wel... met neurodegeneratieve ziektebeelden... dat veel koolhydraten eten... en veel suikers eten... stoort. Dat vaak eten... stoort. En dat dus... misschien het regime wat nu... populair is, dat intermittent fasting... voor dit soort dingen heel goed kan werken. En dat zie je wel echt... dat het heel veel energie kan opleveren. En dan is er meer... energie beschikbaar voor de hersenen. Die hersenen worden ook eigenlijk een beetje getriggerd... om weer energie... op te eisen. Als er echt... weinig energie is, worden die hersenen gewoon... ja, even gestrest. Maar dat is een gezonde... stress en daardoor gaan ze meer energie vragen. Net als die koude douche even... En dan... zie je dat die energiebalans weer... kan herstellen en die hersenen... weer kunnen veranderen. En dan komt het... geheugen gewoon weer terug. Die hippocampus kan ook weer groeien. Niet alle delen van de hersenen kunnen... makkelijk groeien, maar deze delen prima. En... Maar... Ik ben nu veertig, ik ben niet later, maar ook... in deze fase... Heel veel vrouwen in de overgang... die verliezen een groot deel van de hippocampus. Dat is gewoon hormonaal ook. Maar dat herstelt zich weer. Niet altijd honderd procent. Maar ook daarin zien we, als je dan maar gaat... vasten, dus af en toe een keer... glucozenstress... voor die hersenen genereren, dat dat... te weinig energie is, dat dan... die systemen weer veel beter gaan functioneren. En dan komt het weer terug. Maar daar moet... wel een noodzaak voor zijn. Die hersenen moeten wel het gevoel... hebben, ja, ik moet weer... ehm... veranderen, omdat er een noodzaak voor is. En... om fit te worden... hersenen fit maken, hersenen weer herstellen, kost energie. Waarom zou je dat doen als het niet... nodig is? Dus je moet een soort... van druk op dat systeem leggen, van... oké, er is nu honger, ik moet in beweging... komen, ik moet helder worden... ik moet de juiste beslissing nemen. En dan zie je dat de hongerstress eigenlijk... leidt tot een reparatie... programma in de hersenen... waardoor oude cellen verdwijnen... nieuwe stamcellen uit gaan groeien... nieuwe verbindingen gemaakt worden. En als je dat doet, in combinatie met bewegen... nuchter bewegen, is die prik al nog... veel sterker. En dat is iets wat... op dit moment heel veel onderzocht wordt... en waar hele goede resultaten gezien worden. Ja. Ja, ook als ik... gewoon meer een beetje puur... filosofisch nadenk, gewoon wij mensen... hier nu, je moest ook eerst in... beweging komen voordat je je eten kon maken... en waarschijnlijk had je pas ergens op het eind... van de dag, als alles gedaan was, iedereen weer... terug op het kamp. Ja. En dan... had je je grote maaltijd en dan was je ook... veilig, want dan was iedereen terug bij het kampvuur. Dus het voelt voor mij heel logisch nu... om gewoon, ja, pas later op de dag te eten... en pas echt s'avonds m'n grote maaltijd... te doen. Helemaal tegengesteld aan wat je ooit... is geleerd. Oh, drie keer per dag, vooral s'ochtends... en s'avonds niet te zwaar. En zes keer per dag. Weet je, dat zelfs. En daar zitten, de gedachte... erachter was wel logisch met de kennis... die we toen hadden. Ja. Maar ik denk toch... dat het een beetje anders ligt en dat... het helemaal niet zo erg is om af en toe een keer... stress te hebben. Ja. En niet de hele, je moet niet te weinig... eten over een bepaalde periode... maar je moet misschien feesten en... vasten afwisselen. In het weekend... gewoon een lekker biertje drinken en een keer... pizza eten en door de week weer een paar keer... vasten. Ja. Hoe lang... dat vasten is dat... het meest standaard is natuurlijk hè, je ontbijt... overslaan is heel erg makkelijk. Soms zegt ze... wat langer. Waar ik nog niet helemaal... want ik heb er ook wel met meer mensen over gesproken... is het verschil tussen mannen en vrouwen. Dat... vind ik, vond ik toen in de literatuur ook heel... weinig over terug. Ja. Van mogen vrouwen ook gewoon... vasten en kunnen die ook langer vasten of... is ons systeem daar toch misschien wat minder... goed voor? Nou, ik... Of misschien is dat wel gewoon details die daar eigenlijk... helemaal niet relevant zijn. Nou, een beetje weet je... heel veel vrouwen gaan... vast om af te vallen. En dat... werkt bij vrouwen veel minder snel. Dus die frustratie komt dan van weet je... ik ben al maand... lang twee keer in de week eet ik maar één keer... op een dag en ik ben nog maar een paar... ons afgevallen. Nou, dat heeft te maken... met hormonen en met balans tussen spieren en... dus als je... En je weer stress toevoegt... en dat systeem. Precies. Dus als dat je doel is... maar als je kijkt naar fit worden... en die hersenen beter laten... functioneren, dus dat de mist uit je... hoofd gaat, dat soort dingen, dat gaat bij vrouwen ook... goed. Dus dat... daar zie je niet... zo'n groot verschil in. En... de vraag van hoe... lang je dan moet vasten, dus... er zijn verschillende regimes en afhankelijk van... wat je doel is, zul je soms wat... langer moeten vasten en soms is 16 uur ook prima. En voor insulinegevoeligheid... lijkt 16 uur prima te zijn. Dus om wat diabetes te voorkomen of misschien... zelfs te behandelen. Maar om echt in de autofagie stand te komen... ik weet niet of je het term niet zegt... dan is het misschien 24 uur toch beter. Dan moet je toch echt even wat honger hebben. En autofagie is het zelfregulerend systeem... aanzetten, toch? Dus de cel die zichzelf... gaat opruimen. Dat is autofagie, toch? Ja. Dus op een gegeven moment... dat wat versleten onderdelen... van een cel of cellen die niet meer goed functioneren... vervangen worden, waardoor... er ruimte komt voor nieuwe cellen. Ja, en dan... wordt dat ook getriggerd door het hebben van honger. En dan gaan ze opruimen en vernieuwen. Ja, precies. Dus hongerprikkel en... omgekeerd, als er voldoende... energie is, dan wordt dat geblokkeerd. Dus insuline als hormoon... blokkeert autofagie. En mTOR, een ander stofje, wat ook... aangaat als je gaat eten... dat remt die autofagie. Dus je moet een afwisseling... hebben tussen honger en lekker eten. Honger, lekker eten. En ook een vraag die ik nog wel eens... kreeg ook... er komen bij ons aan de training ook vaak mensen die... dat hebben gehad en ze weten dat ik heel... fanatiek heb getraind en ook personal trainer ben geweest. Zo van, ja... moet ik nou sporten of niet? Want sporten is toch ook... stress? Net als vasten is ook stress. Maar ik wil juist mijn systeem tot rust brengen. Maar gaan die twee dan wel... in welke... Is het relevant dat iemand zich daar zorgen over maakt? Ik heb dat zelf ook. Oké, ik heb het druk. Misschien... moet ik niet nog meer druk toe gaan voegen nu door... een zware training te doen. Ik denk dat wat ik in het begin al... even aangaf is dat er... stressoren zijn die... in de basis normaal zijn en... die ons in staat stellen... om stress te beleven... maar daarna ook helemaal uit te gaan. En dat is iets wat bij... stress belangrijk lijkt te zijn, maar ook bij het immuunsysteem... dat het immuunsysteem moet aan... en weer uit. Het stresssysteem... moet aan en weer uit. En we kunnen prima omgaan met... losse stressoren... die maar op één systeem... iets van ons vragen. Dus er komt een leeuw binnen... en ik moet vluchten en vechten. Dat is gewoon... één geïntegreerd systeem. Dat zit gewoon... uit de evolutie ingebakken in hoe we dat moeten... oplossen. En als... je dat goed doet, heb je mazzel. Dan ben je op tijd... weg en de andere keer heb je leeuwen... keer geluk. Dat... is het leven. Zoals het in de natuur... zich afspeelt. Kou... honger... zuurstoftekort door inspanning... dorst... hitte... Allemaal natuurlijke stressoren... waar we ook een programma voor hebben. Ja. Voor honger heb ik... een programma. Ik kan namelijk zelf suiker... maken. Want ik heb een lever... en die maakt suiker. Dat is onze... suikerfabriek. Dus honger is... helemaal geen probleem... als het eventjes zich afspeelt. Lichamelijke inspanning... eventjes heel moe worden, ook zuurstoftekort... krijgen, is een hele goede stresszorg. En daarna ben je eventjes weer... uit. En dan bouw je weer opnieuw... op. Dus ik denk dat bewegen... mits je dat niet... te dwangmatig doet en te hard... traint en je niet... al heel erg uitgeput bent, eigenlijk... heel goed is. Als je heel uitgeput bent... moet je training op gaan bouwen... en daar is er een apart regime voor. Maar dat is... Het zal voor iemand zoals ik, als standaardpersoon... niet zo'n issue zijn. Niet uitgeteld... En wat natuurlijk wel slecht is, en dat is een beetje... een risico dat je loopt als je druk hebt, is dat je... de hele week niks doet. En ik heb in de straat een paar fanatieke... mountainbikers. Ik heb ook een mountainbike gekocht. Als ik dan maar één keer in de week met die lui meega... en dan... fiets ik honderd kilometer, dat is slecht. Oké, want dat is dan te groot. Te veel. Dat is gewoon... een belasting voor het hart, terwijl... dan doe ik weer zes dagen niks. Dus je moet eigenlijk regelmatig in beweging... zijn, regelmatig inspanning... leveren en een paar keer... echt moe worden. Dat zou de ideale... bewegingsregime zijn. Is er nog iets bekend over, zeg maar... kan dat al in twintig minuten of... is het gewoon, als je jezelf afmat... waarschijnlijk ben je dan wel twintig minuten bezig. Het is maar helemaal wat voor trainingsdoel je hebt. Dus spieropbouw kan heel kort. En ook, zelfs conditie... kan op zich kort. Maar als je autofagie wil... Autofagie en dat systeem... gewoon zoveel mogelijk weer optimaliseren. Ik eet nooit als ik ga fietsen. En dan ben ik anderhalf, twee uur... dat vind ik wel genoeg. Dan hoef ik niet te eten. Ergens heb ik wel een moment waarop ik denk... er zit pap in mijn benen, maar... daar kom je vrij snel doorheen. En daarvan hoop ik... mijn doel dan, om dan de... insuline laag te houden tijdens het fietsen... dat ik niet gegeten heb. En die autofagie wat extra te stimuleren. Maar dus, het houdt ook een beetje van je doel af... van hoe je die beweging indeelt. Interessant. Hoe vaak vast jij bijvoorbeeld... of hoe vaak zou je zo'n 24 uur vast... kunnen of mogen doen? Twee keer in de week is onderzocht. Echt? Zo vaak nog? Dat lijkt goed te gaan. Als ik lesgeef... dan vast ik in principe. Dus dan... en dat is... ik geloof ik 90 lesdagen heb dit jaar. Dus in ieder geval 90 dagen. En verder ontbijt ik... bijna nooit meer. Dus ik eet meestal... om één of twee uur voor het eerst. Ik heb eigenlijk een beetje hetzelfde patroon. Alleen dat structureel 24 uur vast is... iets wat ik al heel lang wel... me van bewust ben, maar nog niet echt daadwerkelijk... heb geïmplementeerd... in mijn gewoonten. Maar ik hoor dat dat misschien toch eigenlijk... best wel te experimenteren is. Waarom niet? Je zou toch kunnen bedenken... ik ga gewoon door tot vanavond en ik eet pas om zes uur... of om vijf uur. Dat is op zich niet zo ingewikkeld. Nee, precies. Je moet dat misschien ook niet groter maken... dan dat het is. Er zit soms... een soort barrière in, ook een beetje een emotionele... barrière, van honger is vervelend. En is natuurlijk ook... op zich een... iets wat we vanuit onze evolutie... misschien hebben geleerd om als er voedsel is... dan maar te eten. Want de vraag is... maar of er de komende week nog eten is. Dus we lijken een soort instinct te hebben... als er eten is, krijgen we honger. Vooral als je eigenlijk die veiligheid nooit hebt... dan is onbewust ook alweer een systeem... van oh, nou ja, doe maar nu, want het is er nu. Ja, en voeding doet... nog wat andere dingen op emotioneel... vlak, ook al met de neurotransmitters... dus serotonine wordt wat hoger... zeker als je wat koolhydraten eet. Dus het geeft even een prettig gevoel. Dat kan ook een onderdeel zijn van... het lastig vinden om... het eten los te laten op een dag. Wat wil je zeggen, suikers, koolhydraten? Van geraffineerde koolhydraten, moet je eigenlijk zeggen. Ja, en... is het dan zo, want ik vind dat feesten vasten... dat concept ook wel. Daar zit ook de yin en yang natuurlijk in. Zijn er op dagen dat je... niet aan het feesten bent... maar dat je gewoon... is het meer dat je meer richt op vetten en eiwitten dan? Of heb je dan niet... een richtlijn die je dan... wil volgen? Ik probeer het een beetje op het gevoel te doen. Ik probeer wel redelijk... in mijn eiwitvoorziening te zitten. Ik denk wel dat dat belangrijk is. En dat we uit planten eiwitten halen... is wel een probleem omdat we dan heel gauw... heel hoog in de koolhydraten uitkomen. Dus dat is wel een lastige. Dus ik probeer veel vis te eten. Kip. We eten ook gewoon weleens... runvlees en varkensvlees. Ik ben niet meer zo streng als een aantal jaren geleden... echt in het paleo. Tijdens mijn master... heb ik een onderzoek gedaan naar het paleo... dieet. En ik denk... dat daar wat flexibeler mee omgaan... in ieder geval makkelijker is. Dat is voor mij altijd maar... nadenken over wat ik moet eten. Dat eet ik liever een keer in de dag niet. En dan geef ik mezelf iets meer vrijheid... om dan ook eens een keertje mee te kunnen... gaan in de flow. Ik denk dat wij twee, drie keer echt paleo... koken, max. Verder houden we er wat rekening mee. Ik had laatst zitten googelen... hoe... het Slavische dieet, wat dat was... en de epigeneetkant is ook wel interessant. En dan denk ik, goh... wij zijn natuurlijk op bepaalde... leefomstandigheden... is dit systeem ontwikkeld. Dat is ook aan mij overgedragen. Wat aten die eigenlijk? En als je dat dan leest, denk ik... ja, ik zou me daar kip lekker bij voelen. Dus hebben we het over wilde champignons... stews, stoofpotten, vlees. Eigenlijk alles wat je makkelijk kon maken, verzamelen. Een beetje... knollen, maar ook niet... maar meer paddenstoelen en noten en dat soort dingen. En af en toe vlees, dacht ik. Brood en soep, denk ik. Ja. Nou, dat zou ik... helemaal geen moeite... Dat voelt heel... Maar als je gaat kijken naar... de mensheid in de wereld... dan zien we dat we ons op heel veel verschillende plekken... hebben kunnen vestigen. Dat we hebben kunnen... overleven op eilanden waar bijna... alleen maar kokosnoten groeien. Eskimo's die eten alleen maar vet van zeehonden... en wat gedroogd vlees in de winter. Dat we daar allemaal kunnen overleven. Maar als je zou weten dat je... echt een lineage hebt... uit... weet ik veel... of je een vleesverzameling bent... dan heb ik waarschijnlijk wel het idee dat Epigenetica... mijn systeem wel blij zal zijn van een bepaalde... samenstelling van mijn voeding. Ja, dat zou kunnen. Dat is wel interessant om dat uit te zoeken. Wat we in ieder geval wel zien is dat... groepen zoals Eskimo's... maar ook de Pima-Indianen in Mexico... die relatief kort... in de... moderne samenleving terecht zijn gekomen... dat die veel meer last hebben van... het westerse dieet dan wij. Ja, de aboriginals is ook zo bekend. Dus als de... omslag te snel gaat, dan... kost dat meer moeite. Ja, fascinerend. Wat ik steeds meer denk is dat... niet... met heel die voedingen... het wordt wel heel erg ingewikkeld gemaakt op heel veel manieren... heel veel stromingen, iedereen heeft... zijn eigen ideeën over, maar dat... natuurlijk wat je eet... uiteraard een rol speelt... maar niet... het weglaten van potentieel... slechte dingen het belangrijkste is, maar het... binnenkrijgen van voldoende... of vitamines, zonder dat je dat nou echt... hoeft te overdrijven, en dat... nu als je kijkt naar... naar dat hele verhaal over dat vasten... dat misschien het... altijd maar beschikbaar... zijn van voedsel, en altijd maar... kunnen eten, leidt tot een hele hoge... eetfrequentie, en dat dat misschien... veel slechter is dan wat we eten. Dat er in ieder geval ook een hele belangrijke factor... daarin zit. Met het paleo-dieet... tot mijn 45e... heb ik ook gewoon geleefd met... 10 kilo zwaarder dan nu, weet je... ik ging gewoon mee met wat er... speelde, toen ben ik die PNI-studie gaan doen... en toen kwam ineens het paleo-dieet om de hoek, hartstikke... interessant. Toen heeft het nog 5 jaar geduurd... voordat ik dat zelf een keer ging doen. Toen voelde ik me wel goed, dus ik was wat afgevallen... maar uiteindelijk, na 3 maanden... hield je dat toch niet helemaal goed vol, dus dan kwam... er ook... sociaal was het wat ingewikkelder... maar nu ik sinds die 2 jaar... dat ik dat intermittent fasting... onder de knie heb, en dat ik ook vertrouwen... heb dat ik gewoon een dag kan blijven functioneren... als ik... vis eet, dan gaat het eigenlijk een stuk beter... dan ben ik veel stabieler en... ook een paar vage klachten... dus die gevrichtklachten, ik ben 60... dus je begint op een gegeven moment een beetje... wat gevrichtklakjes te krijgen en zo... en dat trok allemaal vrij snel weg... dus dat is goed onder controle nu. Let je dan specifiek nog op bijvoorbeeld genoeg... visolie of vetten of... of een gevrichtkast en dat soort dingen hoor? Als ik geen vis eet... dan pak ik wel wat grillolie... of wat visolie en wat magnesium af en toe... je voelt die dingen gewoon aan... maar ik denk meestal... je voelt die dingen gewoon aan... maar ik bedenk soms... ik heb al twee dagen... geen vis gegeten, ik moet eventjes een paar... pilletjes visolie of wat levertraan... of vitamine D in de winter... vitamine K pak ik wel wat... Ik hoorde laatst een heel interessante interview over het... carnivore diet, met een man die dat... via zijn dochter tot auto-immuunziekte... uiteindelijk uitgekomen werd, ik kan alleen nog maar... vlees eten... hele interessante discussies... ook daar rondom... heb jij daar een mening over? ja... mening vast wel... maar ik kan het niet zo goed vertellen... wat we zien is dat... heel veel planten... stoffen in zich dragen die... bij ons wat kunnen... storen, dus de peulvruchten... de granen... maar ook alle zoogdieren... producten kunnen dat doen... dus er zit een beetje een ingewikkelde grens van... maar... dat er meer mensen zijn die last hebben van... allerlei plantenstoffen... lectines, sapronines... die triggeren ons immuunsysteem... zeker bij auto-immuunziekte kan dat heel interessant zijn... en... ik heb ook wel een paar klanten hier gehad... die zijn overgestapt op zo'n... 100% dierlijke voeding... en gaat hartstikke goed darmen... met darmklachten die alleen maar vlees eten nergens last van hebben... die planten geven onmiddellijk reacties... maar... de vraag is zijn dat nu... uitzonderingen of zijn dat mensen die... om wat voor reden dan ook... een verstoring in hun spijsverteringssysteem hebben... en zo uit balans zijn dat ze... echt nog maar op... te heften reageren op die planten... en wat gebeurt er op lange termijn... natuurlijk als je alleen maar vlees eet... en helemaal geen vezels eet... dat is wel een beetje tricky... voor onze darmen, dus daar... dus wat ik... bij een van die mensen doe... die plantenlectines die zijn... die storen bij jou... dus als je zo gauw iets van spinazie gaat eten of whatever... dan heb je meteen last... maar vezels die... al wat voorverteerd zijn, dus inuline... en vos, dat zijn de prebiotica's... die ga ik wel aan die mensen geven... om die darm wat op gang te houden... eigenlijk... als ik het overdenk... we weten er nog niet genoeg van... om te zien wat het op lange termijn doet... hetzelfde probleem met vegetariëren zijn... wat doet dat op termijn... heel veel mensen voelen zich als ze daarmee beginnen... dat is ook wel lekker... er verandert wat in je systeem... misschien ga je wat anders ontgiften... of krijg je op een andere manier energie... maar na vier jaar... of twintig... als je te weinig eiwitten eet... wat doet dat met de voorraad van eiwitten... en op een gegeven moment zie je dat... als je dat dan niet heel goed manage... dat vegetarisch eten... zeker veganistisch eten... dat kan storen... wat ga je dan eten... in ieder geval soja... of gewoon wat storende stoffen in... heel benieuwd hoe dat zich gaat uiten... straks in de gezondheidszorg... dat nu... vegan is natuurlijk super groot... en hip en belangrijk en duurzaamheid... ja... en dat zijn ook vraagstukken die belangrijk zijn... maar ja... ik zie in de praktijk nog wel eens van die meiden... van de jaren 25 binnenkomen... die zijn op hun zeventiende om emotionele redenen... gestopt met het eten van vlees... allemaal prima, maar die leven dan... op boterhammen met pindakaas... dat is dan een beetje... die zijn niet in staat om dan... heel goed hun dieet aan te passen... en dan krijg je heel snel problemen... en wat dat op lange termijn doet... ik denk dat er mensen zullen zijn... die het prima doen op een vegetarisch dieet... maar of dat nou echt bij ons hoort... dat denk ik niet als we naar onze... spijsvertering kijken... naar onze bouw kijken... het is zo'n fascinerende puzzel dit... zo'n web... maar ik denk dat het niet zo heel erg ingewikkeld is... om voldoende voeding voor mensen te maken... er zijn een paar insectenboeren... die zeggen... we kunnen zoveel eiwit produceren... dat het eigenlijk helemaal geen probleem meer is... ik hoorde het verhaal van iemand die slakken... slakken telen... in slakken zit gewoon 90% eiwit... en dat kun je heel effectief telen... we moeten gewoon veel meer slakken gaan eten... o, die had ik nog niet... past in mijn rijtje met paddenstoelen en noten... slakken en insecten... als je het een beetje lekker klaar maakt... is het prima te eten... ja, leuk... als iemand denkt... dat moeten we echt meer mensen gaan bekijken... of onderzoeken... of zich mee bezighouden... wat voor mij nu... het belangrijkste thema is... waar ik steeds tegen aanloop... is het gegeven dat... chronische ziektebeelden... door verschillende factoren beïnvloed... worden... en dat we ook... meer dingen tegelijkertijd moeten doen... om mensen uit dat patroon te halen... er zijn twee mooie voorbeelden van... een mevrouw... Terry Walsh... Amerikaanse neurolog... kreeg zelf MS... is alles gaan uitzoeken wat er te vinden was... heeft een heel systeem... eerst voor haar zelf bedacht... dat werkte voor haar... heeft nu een kliniek waar ze mensen behandelt... en die doet gewoon alles wat voor jou nodig is... dus we kijken naar wat... jij komt met een klacht binnen... dan gaan we kijken... moeten we behandelen... heb je voldoende vitamine B12... moeten we behandelen... doet je darm het goed... moeten we het behandelen... en als je dan al die zwakke plekken behandelt... dan zie je op een gegeven moment dat er een moment komt... waarop dat immuunsysteem tot rust komt... en dan ben je eigenlijk van je probleem af... ja... auto-immuunziektes... soms nog met triggers... die moet je dan blijvend weghalen... maar dat is... als je daar een beetje rekening mee blijft houden... dat je dus ook door dat soort ziektebeelden... heen kunt komen waarvan we eigenlijk allemaal denken... in de reguliere wereld in ieder geval... dat is niet te behandelen... voor Alzheimer precies hetzelfde... er is een Alzheimer wetenschapper... die al 30 jaar zoekt naar een medicijn... die zegt eigenlijk... we vinden het niet omdat we... Alzheimer... wat we nu zien dat Alzheimer een probleem is... van misschien wel... 40 dingen die bij elkaar komen... hij vergelijkt dat zelf met een dak met 36 lekkages... en als je dan... twee dakpannen recht legt... blijft er nog steeds een hoop water binnenkomen... dus je moet zoveel mogelijk dingen repareren... en ook in zijn kliniek... gepubliceerd in de Journal of Alzheimer... echt wel gecontroleerd... zijn bewering... dat hij zegt... oké... we kunnen mensen met beginnende Alzheimer... ook zelfs nog... weer op de rails krijgen... het grote probleem is... dat we dus moeten accepteren... dat we meerdere dingen gaan doen... en dat de wetenschap daar eigenlijk steeds... met de hakken in stand gaat... ja, maar dat kunnen we niet... die willen een effectmeting zien... die willen een op een... en deze meneer is meneer Bredesen... die heeft een boek geschreven over Alzheimer... die wil eigenlijk dat onderzoek gaan doen... die wil zijn methode vergelijken met medicijnen... met niks doen... maar hij komt nergens doorheen omdat we... eigenlijk in de wetenschap steeds... tegen dat een op een op een systeem zitten... je kunt maar één ding tegelijkertijd checken... ik ben zo frustreerd voor een analyticus... zoals jij, die de wetenschap omarmt... ja maar jongens... ik ben helemaal wetenschapper... ik vind wetenschap prima... maar in die zin... moet ik ook bedenken... dat als een bepaalde methode... van onderzoek niet meer werkt... omdat het probleem er anders uitziet... dat we dat moeten gaan veranderen... en daar zit een soort weerstand op... waarvan ik hoop dat die verdwijnt... en dat is... het... als we dat nog... kunnen veranderen in de geneeskunde... dan kunnen we weer een hele grote stap maken... er zijn wel heel erg mooie stappen gemaakt... immuuntherapie bij kanker... er zijn heel veel dingen die heel interessant zijn... maar juist bij dit soort ziektebeelden... waar het ook heel moeizaam gaat, de vooruitgang... is dit... wel een interessante... denk je dat zoiets ook voor dat soort aanpak... voor bijvoorbeeld depressie... of de echte mentale gezondheidshoek... daar... moet je ook zoeken... doe maar een pilletje... daar moet je ook zoeken... de oorzaak zoeken... de zwakke plekken in het systeem opsporen... en die allemaal repareren... fascinerend dit... ik zit naar de tijd te kijken... want je gaf aan... kijk jij maar even... om twee uur komt de volgende klant... ik ben een ontzettende... we gaan het even op een iets andere boek gooien... ik ben een ontzettende boeken nerd... geweldig waar we nu zitten... want dit is jouw behandelkamer... hoeveel boeken staan hier, weet je dat? ik weet het op dit moment niet... ik heb ooit een keer geteld... er waren er vijfduizend... binnen zat ook nog een voorraad... en ik ben er nu doorheen aan het lopen... dus het is ook een beetje rommelig... zo eens in de vijf, zes jaar moet ik een beetje opruimen... dus dan gaat alles weer een keertje... verschuift van plank en dan gaat er weer wat weg... en dan... dan kan ik het weer een beetje ordenen... dus daar ben ik nu wel mee bezig... ik heb een kerstvakantie gekeken en schiep... dus ik loop... zo'n kerstvakantie onder de dingen... dan ben je eigenlijk gewoon de architectuur in je hoofd... ook daarmee opnieuw aan het feng shui... om het zo maar even te zeggen... ik snap het... een deel is... zoals sommige mensen... sigarenbandjes verzamelen... vind ik boeken verzamelen leuk... en het is natuurlijk... je leest niet alles van voor naar achter... maar in het lesgeven is het fijn dat je verhalen hebt... ik geloof wel in... in... dat ontbreekt misschien ook... een beetje in de geneeskunde... dat het niet een mooi verhaal is wat we over onszelf vertellen... maar dat het allemaal van die fragmenten zijn... en dat... vanuit heel veel invalshoeken... informatie hebben maakt dat je er misschien... wat makkelijker... een verhaal van kunt maken... het leuke is als ik nu zo rondkijk... ik heb natuurlijk zelden wel een overlap in interesse... maar omdat jouw... veld zo breed is en het gaat over... neurologie en het gaat over filosofie... ik zie ook... ik zie Russell Brand dan heel toevallig staan... dit is zo... zo rijk, het geeft zo'n rijk gevoel... ik weet het Japanse woord even niet meer... maar er is een woord... voor het fenomeen dat... mensen meer boeken kopen dan dat ze kunnen lezen... dat is een ding... en dat schijnt ook positieve health effect... zelfs te hebben, dus... ja, ja, ja... je zit hier in je eigen... boekshow... boeken die binnenkomen... ik lees het eerste hoofdstuk, inleiding, eerste hoofdstuk... en dan beslis ik of ik een boek... uit ga lezen of dat ik... het idee heb van nou, ik weet ongeveer waar het over gaat... dus meestal staat er bij de inleiding... in hoofdstuk twee... gaan we dat vertellen, in hoofdstuk drie... dus dat heb ik dan, hoop ik een beetje... in mijn systeem zitten, dat als ik weer... een bepaalde input nodig heb, dan denk ik... dat boek moet ik nog een keertje lezen... je bent je eigen Rolodex aan het creëren... ja, ja... ja, en... en wat natuurlijk ook heel fijn is... ik weet niet of je weleens wetenschappelijke artikelen... leest... ik ben wetenschapper geweest, maar niet... die kant op gegaan... dat is natuurlijk leuk, maar... meestal krijg je dan, als je een slimme wetenschapper... bent, je bent met een project bezig... dan probeer je je project op te verdelen... in zoveel mogelijk wetenschappelijke artikelen... dan kun je het meeste impact hebben... maar dat betekent dat je dus steeds... zelfs niet het hele puzzelstukje... aan het lezen bent, maar dat je steeds stukjes van de puzzelstuk... voorgeschoteld krijgt... dus je krijgt heel fragmentarische... informatie, er komt wel weer eens een keer een review artikel... maar... het is ook heel interessant om de wetenschapper... zijn verhaal te laten vertellen... wat ik heel interessante boeken vind, is een boek van een... neuroloog, die dan schrijft over... hoe ooit ontdekt is dat... allerlei neurologische problemen ontstaan zijn... door het immuunsysteem, dat het neuro-inflammatie... is, en hoe dan die geschiedenis... van die kennis zich ontwikkeld heeft... en dan heb je eigenlijk veel meer... informatie... in ieder geval verhaal... dan dat ik al die artikelen moet halen... dat kost zoveel tijd. Ja, dat past ook wel bij hoe wij natuurlijk als mens... informatie tot ons hebben genomen, dat is verhalend. Ja. Er staat er dan nog eentje tussen, waarvan je denkt... dat is zo'n standaard fijn boek om mensen... aan te raden, die een beetje de thema's... die we vandaag aan hebben geraakt. Bijvoorbeeld Sapolsky, een van de... bekende stresswetenschappers... Het boek heet, ik zal hem even... Behave, the biology of humans at our best... and worst. Sapolsky. Zal ik nooit eens... een keer gewoon een dun boekje zijn? Nee. Nee, nee, nee. Maar ik heb er nu ook een in mijn tas... dat is ook zo'n ontzettende pil. Why zebras don't get ulcers. The acclaimed guide to stress, stress-related disease and coping. Tof, ik ben nu Gabo Matte... Scattered Minds staat nu op mijn... stapeltje. Gabo Matte is zo'n... verslavingsonderzoeker. Maar ook heel erg op... het trauma- en stresssysteem. Het boek heet Scattered Minds. Dat is volgens mij de... Ik moet het dus nog richting... die overprikkeldheid en hooggevoeligheid... en ADHD-symptomen. Interessant, dat zal ik even opschrijven zo. Nee, nee, nee. Dan ga ik hem voor je bestellen, want dat probeer ik... bijna altijd in de podcast te doen als ik ergens ben geweest. Ik ben ook... een ontzettende boekfan. Dan krijg je die van mij als cadeautje. Dank je wel. Ik heb nog één... ander boek, wat ik... een belangrijk boek vind. Niet zo heel makkelijk te lezen. We moeten in systemen... We moeten in systemen denken. En we moeten ook in onze... Je zegt dat we bij de microfoon blijven zitten. Voor onze ecologische vraagstukken... moeten we ook veel meer in systemen denken. En wat Frithjof Capra doet, is een... natuurkundige... kwantumfysica... heeft hij niks meer mee bezig gehouden. Hij zegt van ja, weet je... We leven in een systeem. Alle... Als we iets doen, moeten we altijd kijken... naar wat dat doet op alle aspecten van het systeem. Ja. Het is nooit een vacuüm. En dat doet hij als het gaat over gezondheid... over de vraag wat is leven... en hoe kan leven op zo'n planeet zich hier blijven ontwikkelen... zonder dat de boel kapot gaat. Hij haalt ecologie erbij. Hij haalt wetgeving erbij. Dus echt een systeemdenker. Het is niet het makkelijkste boek... maar het is wel heel erg boeiend... om er af en toe uit te lezen. Het voelt ook echt als een... schoolboek. Een studieboek. Ja, een studieboek. Ik heb het één keer gewoon oppervlakkig gelezen... en nu ben ik een aantal... onderdelen ervan nog wat aan het... Het ziet er natuurlijk uit als een wetenschappelijk artikel. Het is... redelijk wetenschappelijk filosofisch... is het opgebouwd. Ik ga van deze drie... even een fotootje maken. Dan heb ik weer input. Ja. Sapolsky, als je... fijn vindt om video's... te kijken, heel veel van zijn... lessen... van zijn colleges... staan op YouTube. Geweldig. De hele serie van lessen... waar hij eigenlijk het beheef op heeft gebaseerd... die kun je zo kijken. 28 keer een uur... Dat ga ik eens even opzoeken. Ik zal zorgen dat dat ook in de beschrijving... erbij komt te staan. Hij is leuk om naar te luisteren. Hij heeft wel een aparte manier... van kijken en van benaderen. Dat is fijn als iemand zijn stem erbij hoort. En als hij dan vervolgens zijn boek leest, dan hoor ik het... altijd een beetje zo in de intonatie... en in het accent van de schrijver. Dat is leuk. Hij is ook... primatoloog en neurowetenschapper. Er is ook heel veel onderzoek gedaan... naar bavianen. En over het gedrag... van bavianen en hiërarchie en... testosteron en al dat soort dingen. Erg leuk. Waar... zitten nu vast mensen te luisteren en denken... dat is echt waanzinnig interessant. Voor wat voor... vraagstukken kunnen mensen bij jou terecht? En voor wat voor vraagstukken of waar... kan je mensen naartoe verwijzen die... zich mogelijk aangesproken... voelen? De meeste mensen die bij mij... in de praktijk hier komen zijn mensen met... klachten die ze zelf niet begrijpen. Waarvan de huisarts ook niet begrijpt waar ze vandaan komen. Of bijvoorbeeld MS. Dat soort type klachten waarvan mensen vragen... wat kan ik nog meer doen dan... medicijnen slikken of kan ik misschien zonder... medicijnen ook dingen oplossen. De wat complexere medische... klachten dat is wat in de praktijk... veel komt. Daar komen wel mensen van vroeger... die zeggen natuurlijk als acupuncturist werkt... heb je mijn elleboog geprikt... en nu heb ik een andere kant pijn. Kun je dat nog even... met acupunctuur oplossen? Dat is natuurlijk... prima, maar... de... sterke kant van de... psychoneuroimmunologie is juist om met mensen... samen te gaan nadenken over... wat gaat... er mis, waar gaat het mis en hoe kunnen... we weer dat systeem... in een stand krijgen waardoor je... gezond blijft. Dat is eigenlijk wat het lichaam wil. Het lichaam wil gezondheid. Mag ik nog één keer het grapje... wat jullie denken dat het is. Het is niet KPNI, maar... toen we begonnen zeiden... eigenlijk is het klinische neuro... immunolo... Je had een heel rijtje. Wil je nog een keertje maken? Klinische psychoneuro... socio-endocrino... immunologie. En zo kunnen er nog... mensen tussenplakken. Jij hebt elk feestje. Wat doe jij? Nou, ik ben... Ik heb zo'n visitekaartje wat je uit kunt klappen. Dat is ook heel... Maar... psychoneuroimmunologie is een wetenschapsgebied... dat al in de jaren 80 ontwikkeld is. En daar zijn ook gewoon binnen psychologiefaculteit... of medische faculteit onderzoeken. Ik heb ook nog gekeken... om het te gaan studeren als verdiepende master... naar de psychologische... Ik heb een psychologie studeert, een wetenschappelijke... master gedaan. En toen ik... met vitaliteit bezig was, een beetje mijn... bank geweest naar persoonlijke ontwikkeling toe. Oh, nou, dat is het lichaam. Dat is maar één stuk. Waarschijnlijk jij ook. Oh, dat is maar één stuk. Het is groter. Dus ik heb er wel naar gekeken. Wie weet, ooit of niet. Maar de klinische psychoneuroimmunologie... dat is eigenlijk de vertaling... van al die kennis naar de praktijk. En dat is door twee Nederlanders... gestart. Leo Pruinboom en... Bram van Dam. Bram is overleden ondertussen. Maar dat is helemaal uitgebouwd... tot een hele grote opleiding... in de post hbo voor artsen... therapeuten. Fysiotherapeuten zitten er veel. Osteopaten zitten er veel. Psychologen zitten er veel. Dus die eigenlijk... geïntegreerde kennis willen hebben. En daar kun je dus in Nederland en in België... een opleiding in volgen. Als je een soort basiskennis hebt... dan kun je daar naartoe. Fascinerend. Mooi. Dankjewel voor je tijd. Graag gedaan. Voor je gigantische... bak aan kennis."
ouderen-zorg.mp3,interviews,Whisper-large-v3-fast,100.0,38.49066767830047,100,91.55386949924127,5820.3125,4830.873956752655,213.0029328474095,"Welkom Shireen bij de podcast van Nextzorg. Leuk dat je er bent, dat ten eerste. Kan je uitleggen wat jij doet in de oudere zorg en hoe je destijds bent begonnen? Ja, gewoon even een kort voorstel rondje. Ja, mijn naam is Shireen, ik ben 31 jaar en ik werk al 13 jaar in de oudere zorg. Ik ben toen de tijd begonnen als receptioniste, als voedingsmedewerker en ook in de keuken. Ik was toen best wel jong, ik was uit mijn hoofd 17 dat ik daar kwam te werken, want ik heb mijn middelbare school diploma niet gehaald. En ik merkte al heel gauw aan mezelf dat ik de oudere zorg heel erg leuk vond en toen ben ik opleidingen gaan doen. Toen ik op de middelbare school zat, deed ik zorg en welzijn. En dan moet je natuurlijk stages gaan lopen en ik vond bijvoorbeeld met kinderen werken ook heel erg leuk. Maar toen heb ik stage gelopen in de oudere zorg, voor een soort snuffelstage voor twee weken. En toen merkte ik heel erg aan mezelf dat ik het heel erg interessant vond en gewoon leuk om met mensen te mogen werken. Zeker op die leeftijd, want ze hebben vaak een heel mooi verhaal met zich mee. En toen was ik inderdaad 17 dat ik al kwam te werken in de oudere zorg. Alleen vond ik het heel slecht. Ik vond het heel spannend en er werd al heel snel gezegd van ja, ga je nou echt billen wassen, want dat is dan waar het werk uit bestaat volgens heel veel mensen. Dus dat heeft me toen de tijd wel heel erg tegengehouden eigenlijk. Tot ik inderdaad een jaar of twintig was en dat ik toen eigenlijk wel gewoon een stap heb gemaakt dat ik dacht ik wil gewoon wel echt meer kunnen betekenen voor deze doelgroep. Ja, begrijpelijk. Want zeg maar, toen jij zo jong in de oudere zorg begon, vond je dat de begeleiding toen destijds goed was of viel dat wel echt vies tegen? Nee, dat viel toen de tijd wel een beetje tegen inderdaad. Ja, want ik wist dat er bij mij veel meer in mijn mars zat en zo iedereen om me heen eigenlijk die dat wel inzag. Alleen het werd best wel tegengehouden, omdat het heel erg werd gezegd van ja, maar je gaat billen wassen en het werd daar zo erg de focus op gelegd en het is zoveel meer dan dat. Tuurlijk, het hoort erbij, absoluut, maar het is zoveel meer dan dat. Dus ik ben wel blij dat ik uiteindelijk gewoon mijn eigen plan heb getrokken en dat ik stapsgewijs hogerop ben gekomen. Stel, ik ben nu werkende als IG'er en EVV'er. En wat houdt dat dan zeg maar precies in? De functie verzorgen in die IG bestaat voor individuele gezondheidszorg. Dat houdt in dat je de cliënt benadert naar zijn of haar wensen en behoeften. Dat je diegene echt als een individu ziet. Verzorgen in die IG houdt in dat je verpleegrechtelijkse handelingen mag uitvoeren, dat je daarvoor bevoegd en bekwaam bent. Ook medische handelingen, persoonlijke verzorging, ADL. Zoals wij dat noemen. Dat betekent algemene dagelijkse levensverrichtingen. Dus dat houdt in van het wassen en aankleden tot iemand douchen en alles wat ertussenin valt. Ik mag medicijnen uitzetten en ook uiteraard toedienen aan de bewoners. Wij zeggen graag bewoners. Je signaleert en observeert ook je bewoner en bij bijzonderheden rapporteer je dat in het dossier. Elke bewoner heeft een eigen dossier met een eigen plan, met doelen daarin. En wat het verschil dan is met EVV'er. Wat ik dan ook ben is, dat betekent eerst de verzorgende verantwoordelijke. Dat ik verantwoordelijk ben voor een x-aantal bewoners en daarvan dan ook de dossiers bijhoud. En dat ik het aanschrijfpunt ben voor de bewoner, maar ook voor de familie. En daarnaast, ik zorg ervoor dat de plannen ook in orde blijven. Dat ik daarvoor ook gesprekken in plan, zorg-leefplangesprekken zoals dat heet. Voorafgaand heb je dan vaak een MDO, een multidisciplinair overleg. En daar betrek je dan ook de arts bij, SOG-specialist, ouderengeneeskunde. Maar ook bijvoorbeeld een fysiotherapeut, een ergotherapeut, een logopedist. Die hebben we ook allemaal rondlopen bij mij in het huis, die daarvoor kan benaderen. En dan zorg ik er ook voor dat als er bijzonderheden zijn, dat dat wordt vernoemd in het zorgplan. Ja, want ik hoorde jou zeg maar net over dat jij ook zelf zeg maar de dossiersprijs hebt. Ja, want ik hoorde jou zeg maar net over dat jij ook zelf zeg maar de dossiersprijs hebt. Ja, want ik hoorde jou zeg maar net over dat jij ook zelf zeg maar de dossiersprijs hebt. Ja, want ik hoorde jou zeg maar de dossiersprijs hebt. En ik hoorde jou net ook praten over doelen. Bedenk jij ook de doelen voor de cliënten? Wat ze willen bereiken en waar ze aan moeten werken en wat voor doelen zijn dat dan? Onze organisatie is er zo op ingericht dat je, je hebt de vier levensdomeinen. Eentje daarvan is bijvoorbeeld woon- en leefomstandigheden. Ook participatie. Ik kan wel een voorbeeld geven. Stel iemand die... komt binnen met een cva, in volkswoorden broerte. Kan het een doel zijn dat iemand weer 10 meter wil lopen met rollator. Stel iemand kan helemaal niet meer lopen of moeilijk lopen. Dan heb je natuurlijk gelukkig je ergo en je fysio die daarin meekijken. Maar dan is bijvoorbeeld een doel dat iemand 10 meter kan lopen met een rollator. Ja, dat zijn wel mooie dingen. En zeg maar, in wat voor omstandigheden zijn dat dan? Want ik denk, ik neem aan als iemand... niet meer kan lopen dat het in een instelling is of in een organisatie is. Maar doe jij ook buiten de organisatie dingen, bijvoorbeeld in huis? Wat is eigenlijk jouw werkomgeving? Mijn werkomgeving is een woonzorgcentrum. Verpleeghuis, verzorghuis. En onze bewoners die wonen ook echt bij ons. En krijgen ook 24 uur per dag zorg. En als jij bijvoorbeeld die cliënt hebt die dan bijvoorbeeld wat je aanvalt niet meer kan lopen... en kan wel in één keer door goed doorzettingsvermogen wel weer 10 meter lopen. Wat voor voldoening haal jij dan zeg maar uit? Ja, trots wel. Wordt mijn tijdje echt trots? Ja, zeker. De bewoners die wij binnenkrijgen, die komen niet voor niks bij ons binnen. En soms komen ze uit hele schrijnende situaties. Vaak vanuit thuis. Ook wel vanuit de revalidatie dat ze doorstromen naar ons. Je ziet iemand helemaal opbloeien. Je ziet dat het goed doet voor diegene dat ze onder de mensen zijn. En dat ze maatjes kunnen vinden op de afdeling. Zowel met personeel, maar ook met medebewoners. En ik heb wel vaak al heel veel gevallen gezien. Gevallen, dat klinkt zo negatief. Ik heb al heel vaak gezien dat iemand dan binnenkomt en gewoon met de maanden heel erg opbloeit. En inderdaad weer hele stukken kan lopen. Of stel iemand die is binnengekomen met ondervoeding. Dat iemand gewoon bij ons flink aan het eten is en goed aan het aankomen is. In overleg met de diëtisten natuurlijk. Dat is mooi. Want je zegt, ze zoeken onderling ook wel contact met elkaar, dus de cliënten. Dus je ziet ook wel dat er echt banden worden gelegd tussen de cliënten zelf en andere cliënten. Is dat belangrijk in de organisatie zelf? Dat dat veel gebeurt, dat er echt ook samenhang is? Zeker, zeker. Iedereen is natuurlijk wel een individu. En we proberen wel de bewoner daarin vrij te laten. Wat diegene zelf wil. Maar als je inderdaad inziet of het is ook benoemd bij het eerste gesprek. Of tussendoor dat iemand behoefte heeft aan een praatje. Of spelletjes te doen. Of contacten te leggen met medebewoners. Dan willen wij daar wel in sturen inderdaad. En ook kijken van waar willen we dan diegene in de huiskamer neerzetten. Dat ze aanspraak hebben. We hebben ook heel veel activiteiten bij mij in huis. Dus dat is ook wel heel erg fijn. Dat ze dan ook contacten kunnen leggen. Ook met andere etages in het huis. Wat voor activiteiten moet je dan opdenken? Oeh, heel erg verschillend. We hebben wekelijks een wandelgroep. Waarvoor je kan opgeven. Maar we hebben ook soort van miniconcertjes als het ware. Dat er inderdaad artiesten komen optreden. Gewoon een gezellige activiteit om denk ik samen ook contact te leggen. Want zodra er zo'n activiteit is. Zodra er zo'n activiteit is. Bijvoorbeeld wandelen. Zijn die activiteiten dan ook echt gericht op het moment. Om met bijvoorbeeld een cliënt goed in gesprek te gaan? Ja, niet per se. Ook natuurlijk gewoon beweging en lekker buiten zijn. Maar je kan ook gelukkig zeer zeker mee in de rolstoel. Maar je gaat natuurlijk wel een leuk praatje maken. Ja, zeker. Want dan zal je ook wel vast wel mee hebben gemaakt. Dat cliënten heftige verhalen vertellen aan jou. Hoe kijk jij daar tegenaan? En hoe neem je dat mee in je werk? Als een bewoner aan mij een persoonlijk verhaal vertelt. Bied ik altijd een luisterend oor. Ik oordeel niet. Ik hoop altijd dat ik de zekerheid geef aan een bewoner. Dat het veilig is bij mij. Dat ze dit delen. En dat vind ik ook wel het mooie van mijn werk. Kan dat soms zwaar zijn, denk je? Niet de werkdruk. Maar meer de druk die opstaat omdat het best een heftig beroep is. En je het niet mee naar huis gaat nemen. Zou je dat niet ervaren? Jawel, zeker. We zijn natuurlijk allemaal mensen. Je kan het wel eens meenemen naar huis, zeker. Ja, absoluut. Maar ik probeer wel altijd voor mezelf zodra ik dan de deur uitstap. Dat ik denk oké, de werkdag is voorbij. Probeer het af te sluiten inderdaad. Ik heb gelukkig een heel fijn team waarin ik werk. Je kan het ook onderling bespreken. Stel het is echt heel erg heftig. Wordt dat ook genoeg gedaan? Zeg maar onderling nog gevraagd nadat het bijvoorbeeld een heftige casus is geweest. Of wordt dat goed besproken? Ja, zeker. We weten elkaar altijd wel goed te vinden daarin. En elk gevoel mag er dan ook wel zijn. En elk gevoel mag er dan ook wel zijn, zeg maar. Kan je ons meenemen in hoe jouw typische werkdag er een beetje uitziet? De zorg is natuurlijk altijd anders. De werkdag is nooit hetzelfde. Maar kan je ons ongeveer een beetje omschrijven hoe een typische werkdag voor jou eruitziet? Ja, zeker. Geen enkele werkdag is inderdaad hetzelfde. Ik draai voornamelijk avonddiensten. Dan begin ik om kwart voor drie in de middag. En dan begin ik vaak gewoon met een kopje koffie achter de computer. En dan ga ik me inlezen in de dossiers. De rapportages. Ik zet natuurlijk mijn werktelefoon aan. Dat ik de belletjes in de gaten kan houden die binnen kunnen komen. Dan hebben we de mondelingenoverdracht. Met de dagdienst. En zodra hun vertrokken zijn, dan doe ik mijn ronde. Soms moet je bewoners uit bed halen. Of heb je een toiletronde. Dan tegen vijf uur om en nabij begin je met medicijnen uitzetten. En die deel je dan ook gelijk uit op dat moment. Dan gaan de bewoners eten. En wij helpen dan ook de voedingsassistent met het uitdelen van het eten. Dan hebben wij pauze van de zorg. En dan heb je de eerste ronde zoals wij dat altijd zeggen. Met bewoners naar bed helpen en begeleiden. Op mijn etage heb je best wel een hele complexe zorgsituatie. Met heel veel bewoners die wij het liefst met z'n tweeën helpen. Want dat is voor ons wel zo prettig. Maar ook voor de bewoner. Om daar met z'n tweeën aan het bed te staan. Dus dan maken we ook een verdeling. Wie de tweetjes doet zoals wij dat zeggen. En wie dan de lopertjes doet. Zo noemen wij dat. En ik denk dat heel veel mensen dat ook wel herkennen hoe ik het nu benoem. Dan heb je de eerste ronde. Je evalueert tussendoor. Hoe gaan we? Gaan we goed? Zijn er bijzonderheden? Dan hebben we koffiepauze. En na de koffiepauze heb je dan de laatste ronde. Dan ga ik vaak ook weer medicijnen delen. Om een uurtje of negen. Gaan m'n collega's dan de zorg in. En soms dan de zon. En soms ga ik de zorg in. En dan doet m'n collega de medicijnen. En dan uiteindelijk rapporteer je al je bevindingen in het dossier. En sluit je alles af. En laat je alles netjes achter. Ja, en dit klinkt zeg maar wel als gewoon een beroep die nog wel te doen is. En dat jij niet veel stress ervaart. Zoals je het nu vertelt. Zijn er factoren waardoor dit voor jou echt een stressvolle baan is eigenlijk? Ja, zeker. Het personeeltekort. En dat is natuurlijk landelijk. Hebben we niet alleen wij als organisatie mee te maken. En dat is lastig. Want mijn afdeling is officieel een somatische afdeling zoals dat heet. Dat houdt in dat bewoners daar komen te wonen met lichamelijke aandoeningen. Maar inmiddels is dat een mengelmoesje. Met vaak toch wel PG. Psychogeriatrie. Dementie. Elke afdeling in de oudere zorg is erop ingericht. Dat je een x aantal medewerkers nodig hebt voor de zorgswaarde die op dat moment is op de afdeling. Roosters zijn soms heel lastig rond te boksen. En wat het dan inderdaad niet makkelijker maakt is dat mijn afdeling inderdaad wel heel complex is momenteel. Dat je niet met vast personeel werkt. Dus wel vaak eisenkrachten of zzp'ers. En zeg maar als jij zegt je werkt met uitzendkrachten en zzp'ers. Merk je dan ook dat die zzp'ers die dan in een instelling komen. Minder goed zijn opgeleid. En minder goed in een functie passen zeg maar. Dan iemand die daar bijvoorbeeld wel is opgeleid. En daar in dienst is bij zo'n organisatie. Nee dat niet. Want in principe heeft elke zzp'er dezelfde opleiding genoten. Mits je bijvoorbeeld helpende bent. Of een pleegkundige is natuurlijk een stapje hoger. Maar je merkt wel dat je wil het liefst iemand hebben die bekend is op de afdeling. Dus ook bekend is met de bewoners. Dat je ook echt goed op de zorgvragen kan inspelen. Ehm. Mijn verantwoordelijkheidsgevoel is best wel hoog tegenover de bewoners. Dus ik probeer vaak alle ballen hoog te houden. Uiteraard wel te delegeren. Maar soms moet je loslaten. En dat is moeilijk inderdaad. Want dan hoop je maar gewoon inderdaad dat alle zorg goed verloopt. Ondanks dat je bijvoorbeeld een looproute meegeeft. Of het een en ander vertelt over de bewoner. Ja wat zijn eigenschappen die je eigenlijk moet hebben. Om echt wel jouw beroep goed uit te voeren. Ehm. Empathisch vermogen. Ehm. Inlevingsvermogen ook. Ehm. Een zorg hart. Dat je ook echt zorg draagt voor je bewoner. Ehm. Je moet goed met mensen kunnen werken uiteraard. Goed samen kunnen werken. Maar ik denk toch wel. Vind ik toch wel het meest empathisch. Ja. Hoe ga je om met zeg maar. Situaties of agressief gedrag van een cliënt. Rustig te blijven. En professioneel te handelen. Ehm. Vaak komt agressiviteit voort uit. Ehm. Onbegrepen gedrag. Stel iemand is dementerend. Maar ook vaak uit frustratie vanuit die bewoner. Ehm. Ik probeer het niet te bagatelliseren. Ik probeer een luisterend oor te bieden. Ehm. Uiteraard wel mijn grenzen aan te geven. Ehm. Mijn organisatie die geeft ook training hiervoor. Weerbeheids trainingen. En je hebt ook e-learnings die je hiervoor kan volgen. Om het wel meer onder de aandacht te brengen. En. Ehm. Wij werken ook met mikmeldingen. Melding incident cliënt. Ehm. Die melding maak je online in het dossier van de bewoner. Ja. Wanneer het te ver gaat. Ehm. Mocht een melding vaak voorkomen. Dan gaat de leidinggevende hiermee aan de slag. Of de verpleegkundige. Of allebei. Ehm. Waar dan het euvel precies ligt. En wat we hiermee kunnen. Maar het voornaamste is uiteindelijk toch wel gewoon rustig blijven. En professioneel. Ja. Gebeurt het veel zeg maar dat er agressie op de werkvloer voorkomt. En gebeurt het dan op wekelijkse basis. Maandelijkse basis. Waar moeten we zeg maar een beetje aan denken? Ja. Het is een organisatie waar ik gelukkig niet heel vaak werk. Ehm. Het is wel voorgekomen. Ik heb zelf ook wel wat in het verleden meegemaakt. Ben je er voor bedoeld? Ja. Praat ik wel over een aantal jaar geleden. Dat er een bewoner bij ons kwam te overlijden. En familie was het niet eens met mijn handelen. Terwijl ik het wel in overleg had gedaan met familie in eerste instantie. En uiteraard met de arts. Ehm. De arts is altijd leidend. Ik doe nooit zomaar iets zonder dat een arts daar zich overheen heeft gebogen. En achteraf was familie dus niet blij hiermee. En ehm. Ja dat is toen wel een beetje uit de hand gelopen. En dat ik ook wel flink ben uitgeschold op dat moment. Ja. Dat is wel heftig ja. Maar je hebt heel erg te maken natuurlijk ook met familie wat je aangeeft. Zeker. Ja. Ehm. Hoe ga je daarmee om zeg maar? Want ja soms heb jij misschien het beste voor met een cliënt. En denk ik de familie dan dezelfde zoals je al aangeeft. Ja. Probeer altijd de situatie te begrijpen waar iemand vandaan komt. Ehm. Ik kan het me ook voorstellen dat het lastig is als je moeder of vader. Je oom, je tante. Noem het. Bij ons komt te wonen. En dat je samen moet werken. Ehm. Ik probeer altijd een luisterend oor te bieden. Ehm. Ja horen wat de wensen zijn. Maar ook wel wat haalbaar is. Ja en het gesprek aangaan. Want je wil het samen doen. Ja dat zijn natuurlijk hele heftige situaties waar je zeg maar in beland. Toen jij zeg maar begon met je zorgopleiding. Had jij verwacht dat zeg maar dit ook bij de zorg komt kijken? Of was je er totaal niet van bewust? Ik ben toen de tijd begonnen met mijn helpen opleiding. In de thuiszorg. En daar heb ik gelukkig geen agressieve cliënten gehad. Dat kwam inderdaad pas een beetje dat ik intramuraal ging werken. Dus echt in een verzorgingstehuis. Je hoort het wel. Want er wordt echt wel over gesproken. Maar ik had het zelf nog nooit meegemaakt. En tot je het zelf niet hebt meegemaakt. Dan is het ook wel een beetje in een grijs gebied. Maar ik merk wel dat er steeds meer aandacht voor is. Ja. Ehm. Ehm. Ehm. Ehm. Ehm. Ehm. Ehm. Ehm. Ehm. Ehm. Ehm. Ehm. Ehm. Ehm. Stel iemand luistert dit. En die denkt. Ah. Dat vind ik een top beroep. En die wilt de route gaan volgen om Yiger te gaan worden. Hoe kan de. Hoe kunnen ze. Hoe kunnen ze die route gaan volgen en. Ja, kan je daar wat dingen over uitleggen? Ehm. Je kan de routePEJOOVEN belopen die ik heb gedaan toentertijd. Ik was natuurlijk zeventien dat ik kwam te werken in de ouderenzorg. Maar ik had geen middelbare school diploma. Dus ik had eerst mijn niveau één afgerond. Zorg en Welzijn, tegenwoordig heet dat Zorgassistent, toen vervolgens niveau 2, dat is dan de helpende. En dan heb je ook de helpende plus, dat houdt in dat je medicijnen mag verstrekken, backstermedicatie, dat is dan al voorverpakt vanuit de apotheek. Dan heb je inderdaad de verzorgende opleiding, dat is dan niveau 3, wat ik dan inderdaad heb gedaan. En ik heb er gewoon, stapsgewijs heb ik me zo omhoog gewerkt. Want ik neem aan dat er genoeg hele grote organisaties zijn die vaak wel heel veel reclame maken. En het zorgpersoneel, ja, die heeft al een tekort. En ik merk wel dat organisaties toegankelijker zijn en ook kijken naar de persoon zelf, dan naar het papiertje die ze wellicht niet hebben. Trek gewoon de stoute schoen aan en loop met de huis binnen, stuur een mailtje, vind het telefoonnummer. Deels door het grote personeelstekort, dat ze gewoon mankracht tekortkomen, waardoor ze ook wellicht binnen de hoogopgeleide mensen ook aannemen. Ja, maar ook de vergrijzing, die is natuurlijk enorm in Nederland. En ik merk bijvoorbeeld wel heel erg in mijn organisatie dat een zorgassistent of een voedingsmedewerker zich aan het opwerken is tot helpende of verzorgende en soms zelf verpleegkundige. Ja, wat zou je zeggen tegen mensen die twijfelen om in de zorg te gaan werken? Ja, kom een dagje meelopen. Ja. De oudere zorg is echt heel erg leuk. Het is enorm voldoende werk om te doen. Trek gewoon de stoute schoenen aan en ga naar de eerste beste grote organisatie die je in de buurt hebt. Ja, kom vooral een dagje meekijken, want dan zie je denk ik echt wel het beste wat ons werk inhoudt en wat je zo doet op een dag, wat je kan betekenen voor een bewoner. Ja, en gewoon doen. Wat kunnen organisaties volgens jou beter doen om nieuwe mensen aan te krijgen? Hoe kunnen organisaties zichzelf nog aantrekkelijker maken om nieuw personeel of studenten te werven? Ik merk dat mijn organisatie tegenwoordig op social media toch wel zit. Dat je ze voorbij ziet komen op Instagram. Dat is ook echt wel een hele leuke quote die ze dan gebruiken om echt jongeren aan te trekken. Zo ook op Facebook natuurlijk. En dat doen ze goed, want ik denk dat de jongeren... Ja, inderdaad, laten we zeggen, 16 plus totaal geen weet heeft. En ik wil natuurlijk niet iedereen over één kam scheren. Wat de zorg nou precies inhoudt en dan in mijn geval oudere zorg. Dus ik denk dat het op die manier wel aantrekkelijk wordt gemaakt van, hé, kom werken bij ons. Om even terug te komen naar het stukje social media, wat je net ook vertelde. Wat voor content plaatste jouw organisatie dan om wel te zijn en waar moet je dan aan denken? Stories. Ja, als je dan stories aanklikt, dan heb je natuurlijk reclame tussendoor. Dan zag ik mijn organisatie voorbij komen. Ja, heel belangrijk. Ook in je feed. Als je aan het scrollen bent, heb je natuurlijk ook reclame. Dan zag ik ze ook voorbij komen. Hoe belangrijk denk jij zeg maar dat bijvoorbeeld een foto ten opzichte van een video is voor jouw organisatie? Ik denk dat een video wel iets meer kan laten zien wat het inhoudt. Ja, een foto is natuurlijk maar een foto. Ja. Ja. Je hebt een kort filmpje van misschien tien tot vijftien seconden, denk ik wel, dat je iemand wat sneller over de streep kan halen. Waar loop jij in de praktijk het meest tegenaan als het gaat om goede zorggeving? Ja, het meest tegenaan lopen, ja, om eerst dan de positieve kant te bekijken. Ken je bewoner? Leer je bewoner ook echt kennen? Dus praat met de bewoner, leer de familie kennen, spit de dossiers door. Doe je dat niet? Of heb je inderdaad minder kennis? Of nou nee, niet minder kennis, maar ben je inderdaad de zzp'er bijvoorbeeld? Ja, dan kan je er wat tegenaan lopen dat je minder goede zorg kan bieden. Ja, lastig. Ja, en dat is een probleem wat niet op te lossen is, maar gewoon het personeel tekort toch. Ja, maar dat kan je niet veranderen. Nee. Ja, want jij denkt zeg maar als het personeel tekort opgelost zou zijn, dat jouw werk ook een stuk minder hoogt. Dat denk ik wel inderdaad. Ja, kijk een organisatie is erop ingericht dat je een x aantal verzorgenden hebt rondlopen op de afdeling, op een dagdienst. Een x aantal helpenden of assistenten, zorgassistenten. Dus je kan wel zeggen van ga je opleiden, ga je opleiden. Maar helpenden hebben we ook net zo hard nodig als een verzorgende. En een zorgassistent hebben we ook net zo hard nodig als een verzorgende. Wat doen organisaties? Is het organisatie ook te weinig om medewerkers goed te ondersteunen? Op zich doet men organisatie. Ik denk dat eigenlijk al best wel goed. Maar wat het lastig kan maken is toch het uursalaris, als ik heel eerlijk ben. Op zich kan ik dat hier ook wel eerlijk bekennen. Is dat ik natuurlijk avonddiensten draai, dus dan verdien je ook meer. Want dan krijg je OBT, onregelmatigheidstoeslag. Doe je dat niet, dan krijg je gewoon je standaard uurloon. Wanneer merk je dat zeg maar iemand op het punt staat om af te haken? En wat speelt er dan meestal? Ik denk dat dat komt omdat de zorg gewoon een zwaar beroep is. Zowel lichamelijk als geestelijk. Ik denk dat je dan op dat moment misschien toch te weinig kan verdienen voor hetgeen wat je wel niet doet. Werk in de zorg is best pittig. Zowel lichamelijk, maar ook mentaal. En voor hetgeen wat wij doen. Want we zijn wat dat betreft wel echt een manetje van alles. Je bent niet alleen zorgverlener, maar je bent soms ook gewoon politieagent. En je bent psycholoog. En je bent voedingsmedewerker. En je bent van alles en nog wat tegelijkertijd inderdaad in je functie. Is ook wat je werk heel erg mooi maakt en ook boeiend. Maar ik kan heel goed begrijpen dat het dan te zwaar valt voor hoeveel je dan verdient op dat moment. Wat vind jij dat een organisatie dan op zo'n moment kan doen? De organisatie aan zich niet zoveel, maar meer vanuit de overheid inderdaad. Er komen bijvoorbeeld wel weer langsverhogingen. En ze proberen het ook echt wel goed recht te trekken. Maar als je het mij vraagt, vind ik het nog steeds wel dat het onderbetaalt inderdaad. En hoe mooi ik mijn werk ook vind. En ik zal nooit de zorg uitstappen. Maar voor hetgeen wat je wel niet doet, verdien je eigenlijk wel te weinig. Hoe vind jij dat de capaciteit van personeel op jouw werk beter of slimmer geregeld kan worden? Onze afdeling en zo elke afdeling is ingericht op de zorgswaarde van alle bewoners. En daar. Er wordt dan een potje van gemaakt. En dan gaan ze kijken hoe je ingezet kan worden. Dus dan gaan ze ook kijken naar de niveaus die ze nodig hebben. Ik ben wel van mening dat je meer gediplomeerd personeel mag hebben rondlopen. En met gediplomeerd bedoel ik echt verzorgen of hoger. Want doe je dat niet, dan kan je ook niet de zorg en kwaliteit bieden die je wel graag zou willen bieden. En ik weet dat mijn organisatie echt wel zijn best daarvoor doet. Maar het is niet altijd haalbaar. En dan praat ik bijvoorbeeld ook over werken met onbekende uitzendkrachten of zzp'ers. Ja, en die mogen dan wel soms gediplomeerd zijn. Maar dan nog ben jij wel de enige bekende die dan alle touwtjes in handen heeft. Waar gaat volgens jou nog veel tijd verloren in de dagelijkse zorg? Ik denk dan toch wel de administratie. Om een voorbeeld te geven is, ik werk acht uur op een dag. En ik ben natuurlijk EVV'er. Dus dat houdt in dat ik mijn mail moet bijhouden. Kijken of inderdaad familie mij benaderd heeft. Ik moet dan ook de zorgplannen daarop aanpassen als het nodig is. Ik wil de arts spreken. Dat is allemaal werk wat ik moet verrichten in mijn acht uurs dienst. Ja, begrijp ik. Wat dan mijn collega met wie ik dan, die naast me staat dan op dat moment, die bijvoorbeeld geen EVV'er is. Die moet dan bijvoorbeeld weer een stapje harder lopen in de zorg op dat moment. Dus hoe het efficiënter zou kunnen durf ik niet helemaal dan te zeggen. Maar ik merk wel dat administratie wel... een groot aspect daarin is. Want je geeft aan, je werkt veel met collega's. Wat maakt voor jou een fijn team om in te werken? Humor. De hele dag lachen op de werkvloer. Ja, continu. Ik vind humor wel echt heel erg belangrijk. Onderling vertrouwen. Dat je naar elkaar toe durft te komen. Dat je open bent naar elkaar en eerlijk bent naar elkaar. En durf ook te zeggen... waar je tegenaan loopt. Maar ook bijvoorbeeld inderdaad hele heftige casussen die je dan mee kan maken. En zeker wanneer je inderdaad toch wel wat jongeren hebt. Die nog niet de ervaring hebben bijvoorbeeld. Dat je daar wel voor open staat om dat bespreekbaar te maken. Hoe wordt er volgens jou leiding gegeven in de zorg? In de ouderenzorg? In mijn organisatie goed, ja. Wij hebben een teambegeleider en een teamleider. Die weet ik uiteraard wel te vinden wanneer het nodig is. Maar we zijn ook echt wel een heel erg zelfsturend team. En dat vind ik zelf persoonlijk wel fijn. Dat ik inderdaad daarin wel wordt vrijgelaten. En dat er voor mijn gevoel niet op mijn vingers wordt gekeken. En dat ik ook echt wel het idee heb dat ik serieus wordt genomen in mijn handelen. En hoe bekwaam ik ben en hoe professioneel ik ben. Want hoe zorg je ervoor dat je jezelf blijft in de zorg? Ook al heb je met zulke heftige casussen te maken. Hoe ik mezelf blijf? Ja. Ik denk dat dat misschien ook wel komt met de jaren. Want met de jaren ben ik natuurlijk ook wel gewoon meegegroeid. Ik durf wel het gesprek aan te gaan met mijn collega's. Maar ook met de bewoners. Ik doe me niet anders voor op mijn werk dan hoe ik privé ben. En dat is ook gewoon meer omdat je dan het beste zorg kan leveren. Want als ik inderdaad mezelf ga lopen wegcijferen. In bijvoorbeeld een heftige casus. Of ik zie dat iets beter kan. Dan laat ik wel van me horen ja. Wat zie je bij andere organisaties? Die het wel goed doen met personeel. Als het gaat om behoud van personeel en de mensen die blijven. Ja vind ik een lastige. Want ik werk al 7,5 jaar voor dezelfde organisatie. Dus ik weet ook niet zo heel goed hoe andere organisaties dat precies doen. Ik heb wel vriendinnen die inderdaad werken voor andere organisaties. Maar ik merk wel dat hun ook een beetje tegen hetzelfde aanlopen. En dan ga je toch weer terug naar het landelijke probleem denk ik. Wat zou er volgend jaar dan beter geregeld worden? Om mensen duurzaam inzetbaar te maken? Ja toch het vaste personeel aantrekken inderdaad. Dus niet je zzp'ers en je uitzendkrachten. Ik bedoel fijn dat ze er zijn. Maar inderdaad ze zijn duur. En ik denk dat je op daar manier efficiënter kan maken. Dat je ook meer poppetjes op de werkvloer kan zetten. Met de juiste diploma's. En op het gebied van de trainingen. Waar denk jij zeg maar nog veel winst te behalen van? Ik denk dat er landelijk wel meer is. Ik denk dat er landelijk wel meer training gegeven kan en mag worden inderdaad. Je hebt natuurlijk je e-learnings. Maar dat is online. Ik denk dat daar wel verbetering in zit. Om je scholing inderdaad up-to-date te houden. Jij vindt een training krijgen fysiek fijner dan een training online krijgen? En waar zit dat voor jou dat grote verschil dan? Als ik een e-learning maak merk ik aan mezelf dat ik wel snel afgeleid raak. Sommige zijn interessant. En ook echt wel leerzaam. Maar als je het fysiek meemaakt. Of dat je fysiek aanwezig bent. En het is ook nog eens een interactieve training. Dan heb je mij helemaal. Want dan vind ik het ook interessant. En dan doe je het samen met degenen die naast je staan op dat moment. Hoe belangrijk is ruimte voor ontwikkeling en autonomie voor jou? Belangrijk. Ik moet elke drie tot vijf jaar mijn handelingen. Vliegtechnische handelingen opnieuw laten aftoetsen. Mag ik ook uiteraard zelf aangeven als ik merk dat ik niet meer bevoegd of me bekwaam voel. En autonomie. Ik merk dat mijn werkgever dat op zich al doet. Bijvoorbeeld als je kinderen hebt. Dat je later mag beginnen om je kinderen naar school te brengen. Of dat je kortere diensten mag werken. Om welke reden dan ook. Dat doet mijn werkgever wel al gelukkig. Om inderdaad samen tot een goed rooster te komen. Wat wordt er volgens jou onderschat in de zorg. Als je kijkt puur naar instroomhebben houden. Ik merk bij mijn werkgever dat er al meer wordt gemoderniseerd. Om een heel goed voorbeeld te geven. Wij hebben passieve tailliften zoals dat heet. Zodat wij bewoners passief uit bed kunnen halen. Dat houdt in dat de zorgvrager geen loopfunctie meer heeft. En wij hebben sinds kort plafondliften. Dus dat zit dan vastgemaakt aan het plafond. En dat is ideaal. Want je hoeft niet meer de gang op te rennen om je passieve taillift te vinden. Hij werkt hartstikke licht. Dus dat is ook fijn voor je rug. En ik denk dat daar andere organisaties. En nogmaals ik werk niet bij andere organisaties. Maar dat ze daar misschien wel nog wat in kunnen leren. Om inderdaad dat behoud te hebben. Om ons werk makkelijker te maken. En efficiënter. En ook ergonomischer uiteraard. En wat mijn organisatie ook heel goed doet. Is uitjes organiseren. Net zoals aankomende week hebben we een kroeggetocht door Haarlem heen. Voor het personeel. En dat is ook heel leuk. Gezellig met je collega's. Precies. En je leert elkaar kennen dan buiten werk om. En je bouwt een band. Dat doet mijn werkgever wel echt enorm goed. Waar ben jij het meest trots op als je kijkt binnen je werk? Het meest trots, ja. Het kan echt voor alles zijn. Tot een cliëntenmoment tot adem. Ik heb dan wel een heel mooi voorbeeld van gister. Daar is mijn avonddienst. Dat een bewoner van oor tot oor glindert omdat hij een meisje ziet binnenkomen. En dat hij blij is dat ik dan een avonddienst heb. Omdat hij dan ook vraagt aan mij van ben jij degene die mij naar bed komt helpen? En wat ben ik blij dat je er bent. Het is iets heel kleins, maar dat maakt mij wel enorm trots. Dat ik het verschil kan maken voor een bewoner. Wat hoop je dat anderen ervaren door jouw werk? Dat ik wel heel erg betrokken ben. En dat ik de bewoner ook echt zie voor wie hij of zij is. Het is gewoon een persoon met vaak een grote levensachtergrond. Dat je verder kijkt naar dan alleen de aandoening die degene heeft. En dat je daardoor het verschil kan maken. Er zijn waarschijnlijk andere zorgorganisaties die het luisteren. Wat zou je ze willen meegeven om het behoud van qua personeel? Luisteren naar je personeel. Luisteren waar de behoeftes liggen. En natuurlijk wel binnen alle beperkingen uiteraard. Op die manier behoud je toch wel je goede personeel, denk ik. Wat hoop je dat de kijkers die nu luisteren mee kunnen nemen uit jouw verhaal? Ik hoop dat ik duidelijk heb kunnen vertellen wat de oudere zorg inhoudt. Wat een werkdag is voor mij, hoe dat eruit ziet. Ik hoop dat ik mensen hetzelfde gevoel geef als wat ik heb. Dat je heel veel voldoening kan halen uit je werk. Dat elke dag anders is. Maar je biedt hartstikke mooi werk. En je kan echt een verschil maken voor de bewoner. Dankjewel, Sherine, voor het delen van jouw verhaal. En voor je openheid en eerlijk vertellen van jouw verhaal in de zorg. Ik wil je hierbij bedanken. En dankjewel voor het luisteren naar deze podcast. Tot de volgende aflevering. Tot de volgende."
verzorgings-staat.mp3,interviews,Whisper-large-v3-fast,92.7,42.514722222222375,100,92.96333333333334,5052.3125,4793.485833333333,344.7345563575981,"De verhoging van de AOW-leeftijd is onder druk van politiek protest... en vakbonden van de baan. Maar het kabinet heeft ruim 6 miljard aan bezuinigingen... op onze sociale zekerheid nog niet opgegeven. We hebben het over de WW en de arbeidsongeschiktheidsverzekering WIA. Onacceptabel, zeggen vakbonden. En dus zal de polder weer om de tafel moeten. En de vraag is dan, wat voor een samenleving willen we nou... wetende dat Nederland is gebouwd op een sterke verzorgingstaat... en wie betaalt uiteindelijk de prijs? Daarover praat ik deze week met vijf kopstukken in BNR's Big Five... van de verzorgingstaat onder druk. En vandaag is dat niemand minder dan Koen van Oostrom... sinds 1 mei de nieuwe voorzitter van de werkgeversvereniging VNO-NCW. Van harte welkom. Goedemorgen. En heel leuk dat je weer terug bent bij de Big Five. Het is een paar jaar geleden dat ik hier was bij jou. Ja, zeker. En dat ging toen over de self-made men en women. Want je bent iemand die self-made is. Met eigenlijk weinig welvarend opgegroeid. En uiteindelijk ben je helemaal binnen... als vastgoedman en projectontwikkelaar. En daar hebben we toen uitgebreid over gesproken. Is het nog terug te luisteren? Ik heb het ook even terug geluisterd. Het was echt hartstikke leuk. Mooi. We gaan het nu over hele andere zaken hebben natuurlijk. Ook leuk. Overigens ben je ook nog invloedrijk VVD'er, maar nu snurkend lid, hè? Ja, dat werkt niet. Mijn achterbanden zitten duizenden bedrijven... en die hebben hele verschillende politieke kleuren. En dus laat ik de kleur van de VVD even liggen. Want daar sta ik nu niet voor. Ik sta nu voor de bedrijven. Ja, maar is dat moeilijk? Want het lijkt me heel moeilijk om ineens snurkend te zijn. Nee hoor, dat vind ik niet. En ik vind het eigenlijk ook heel erg leuk... om nu de andere partijen beter te leren kennen. En ik heb al een periode gehad dat ik daar een beetje soms naar keek... en dacht van, goh, wat gebeurt daar nou allemaal in die partijen? Maar als je dan beter kennis maakt, zelfs met mensen als Jesse Klaver... en CDA D66, dan krijg je toch ook iets meer gevoel... bij hun standpunten en hun achterban en hun gedachten. Dus dat is eigenlijk hartstikke leuk. Ja, leuk om daar meer over te horen. Ook over bijvoorbeeld Hans Spekman... die we ook later deze week te gast hebben, overigens. En we gaan natuurlijk over die verzorgingstraat praten... die onder druk staat. Maar eerst toch even het laatste nieuws... waar de Telegraaf gisteren over heeft bericht. En dat is dat alle supermarkten het lidmaatschap van VNO-NCW... hebben opgezegd. Klopt het? Ja, dat klopt. Dat is vorig jaar gebeurd. Zoals je weet is VNO een enorme vereniging. Er zitten duizenden en duizenden leden... en er komen elk jaar heel veel leden bij. En er gaan helaas ook elk jaar wel weer een paar leden af. Dat had in dit geval te maken met een nieuwe contributiestelsel. Nou, dat zijn dingen die gebeuren. En we zijn met ze in gesprek. Het is een beetje van voor mij tijd, maar... Je wist dit al bij de overdracht. Toen bij de overdracht wist ik dit. En ik ben ermee aan het werk gegaan. En ik heb toevallig vorige week ook met vertegenwoordigers... van de supermarkten gesproken. Eigenlijk een heel positief gesprek. Ja, wat ik ontzettend leuk vind... dat zijn natuurlijk kruideniers en enorme ondernemers. En die vechten om elke euro. En dat gebeurt ook. Het is te vroeg om te zeggen of er beweging in zit. Maar ik vind het in ieder geval prettig dat de relatie goed is. En we gaan eens kijken of we een oplossing kunnen brengen. En je zegt, we hebben heel veel leden. Maar dit is toch echt een hele grote groep. Als je als lobbyorganisatie dit deel kwijtraakt... dan ben je echt wel kleiner in omvang. Dan is dat aan de ene kant... Aan de andere kant zien we een enorme toestroom van technologiebedrijven... binnen ons huis. En daar is ook heel veel dynamiek. Daar werken ook heel erg veel mensen. Dus bij Saldo is het niet zo dat het een ramp is. Het is in het verleden overigens vaker gebeurd... dat supermarkten wel of niet lid waren bij ons. Dus het is ook niet zo dat het nou de pijler is waar VNO op draagt. Maar wat ik wel wil zeggen is dat... volgens mij is het zo ontzettend belangrijk in deze periode... dat er een beetje eenheid is. Eenheid aan de werkgeverskant en elke eenheid aan de vakbondenkant. We hebben gezien dat daar in het verleden gedoe was. Als er rust is in de polder is het makkelijker om met elkaar te praten. Daarom had ik het liever niet gehad. Je hebt liever dat dit ook even onder de radar blijft... of ze zijn nog met elkaar in gesprek. Dat is niet het geval, maar dat neemt niet weg dat van mijn kant... de houding 100% positief is om te kijken... of we toch met elkaar in gesprek kunnen blijven. En hopelijk bedenken ze zich, komen ze terug aan boord. En dan zijn we als VNO nog vollediger. We hebben al bijna het hele Nederlandse bedrijfsleven achter ons. Maar je wil ze gewoon erbij houden. Dat kan niet anders. Dit is zo groot in zo'n lobbyorganisatie. Ik snap dat er ook technologiebedrijven bij komen... maar je wil ze gewoon erbij houden. Dat is niet goed voor de beeldvorming. Ik denk dat hoe vollediger wij zijn namens het Nederlandse bedrijfsleven... hoe beter het is. Het was ook niet onze keuze om ze eruit te zetten. Ze zijn er zelf uitgegaan. Ik denk dat het in ieder geval niet verstandig is om het via de media te spelen. Ik denk dat het goed is om het gewoon... Misschien zat het er zo hoog dat ze dachten... nu moeten we dit wel doen, want ze luisteren niet. Ja, blijkbaar is dat dan vorig jaar gebeurd. Ik was toen nog niet de voorzitter, dus ik weet niet precies wat de dynamiek was. Of er sprake was van teleurstelling of zelfs boosheid op dat moment. Dat weet ik niet. Wat ik wel weet is dat er nu best wel productieve gesprekken met elkaar voeren. Je hebt wellicht gehoord dat een van de zaken die ook in dat telegraafartikel werd genoemd... ging over het wettelijk minimumloon. En daar hebben de supermarkten ook echt wel wat om de oren gekregen. Dat minimumloon, per 1 juli wordt dat 14,99 euro, 15 euro afgerond. Dat was 10 euro, dus dat is 50 procent omhoog gegaan. Nou ja, als je dan een winkelier bent, dan heb ik er wel begrip voor dat je zegt van... Dan voelden we ons niet goed vertegenwoordigd. En beste VNO, heb je wel goed voor ons gezorgd. Ik snap die vraag. En wij doen alles op alles om te proberen om dat, ook in de gesprekken in de polder, om daar wat mee te gaan doen. En dan heb ik ze het liefst aan boord, want dat praat makkelijker. Ja, dus dat is het punt waar je misschien toch wat kan doen nog voor ze. Wat zou dat dan betekenen? Dat zou zomaar een van de dingen kunnen zijn. Alleen de polder is ingewikkeld, want er spelen heel veel belangen. Ja, ik wou net zeggen, dit punt is moeilijk terug te draaien, lijkt me. Nou ja, terug te draaien. Ik heb gezien dat vrijdag Hans Spekman hier op bezoek is, en misschien kan dat jouw eerste vraag aan hem zijn. Meneer Spekman, kan het minimumloon niet een beetje naar meneer? Ja, je moet wel nog gast over hem gaan, merk ik. Ja, nou ik heb een goede band met hem. En jij zei net, ik ben een selfmade ondernemer, en dat klopt ook. En hij is dat in zekere zin ook, selfmade. Hij had ook geen makkelijke jeugd, en hij heeft daar heel veel uitgehaald. Nou, ik heb dat gedaan met de bouw van heel veel gebouwen. En ik heb daar een vermogen mee kunnen opbouwen. En hij heeft dat heel anders ingezet. Hij heeft een heel leuk verhaal, hij is ooit een kroeg begonnen. En nou ja, ik zou dan denken, oh een kroeg, en dan een tweede kroeg, en dan een netwerk van kroegen. En bij hem was het zo dat hij gezegd heeft, ik heb daar een social business van gemaakt. Dus de opbrengsten daarvan, die gingen terug. Naar allerlei goede doelen. En dat typeert de ondernemer Hans Beckman. En ik ben de ondernemer Koen van Oostrom die andere keuzes heeft gemaakt. En die zijn niet goed of fout, die zijn gewoon anders. En ik vind het wel heel erg leuk dat er nou eigenlijk twee ondernemers in de polder zitten. Ja, ontzettend leuk. En hij zat dus niet naar je te kijken, want ik weet dat je een hekel hebt aan dat woord vastgoedmiljonair. Dat ben je. Heb je toch gezegd hè. Heb ik het toch gezegd, ja dat is echt gemeen. Maar zo zat hij dus niet naar je te kijken. Nou, ik denk dat hij ook wel natuurlijk met belangstelling kijkt. Van hé, wie zit daar nou? En dit is duidelijk geen bestuurder aan de kant van VNO, dit is een ondernemer. Maar wat voor type ondernemer? En ik denk dat het altijd wel een beetje dan een vraag is. Is het een ondernemer die alleen maar bezig is met een groot mogelijk vermogen? Of is het iemand die maatschappelijk betrokken is? Ik denk, nou ik wil geen jury over mezelf zijn. Maar ik heb altijd geprobeerd, ook met de duurzaamheidszaken die ik gedaan heb. Waar wij ook een aantal jaar geleden over hebben gesproken. Ja, zeker. Om juist ook een brede ondernemer te zijn. Die onderdeel is van de oplossing en niet van het probleem. Nou ja, je vertelde toen dat je echt een switch hebt gemaakt. Dus dat je eerst wel was voor winnen, winnen, winnen. En zoveel mogelijk omzetten. En uiteindelijk toch ook hebt geleerd dat je er anders naar moet kijken. Het leuke als ondernemer is als je succesvol bent, dat je in een soort nieuwe wereld terecht komt. En bij mij was dat dat ik mensen leerde kennen zoals Peter Bakker, Feike Siebesma, Paul Polman. Die op dat moment het Nederlandse bedrijfsleven leiden. En dat niet deden alleen maar met de agenda shareholder value. Maar ook met de agenda hoe kunnen we zorgen dat we een land sterker maken. Dat we sociale cohesie hebben. En dat we grote maatschappelijke problemen oplossen. En dat is altijd onderdeel geweest. Sorry, dat moet ik goed zeggen. Nadat ik hen heb leren kennen is dat onderdeel geworden van mij portefeuille. En daarvoor was dat minder zo. Ik vind dat ook niet per se slecht. Ik kan me voorstellen dat een startende ondernemer eventjes een fase heeft dat die eendimensionaal is. Hij moet namelijk een product bedenken wat beter is dan de producten om hem heen. En op het moment dat je daar een stap verder in bent. Dan heb je iets meer ruimte om ook na te denken over hoe kan ik daar dan ook een positieve impact mee maken. En is dat misschien ook de reden dat je deze baan als voorman van VNO-NCW juist zo mooi vindt? Omdat je dus daarmee ook meer kan creëren voor Nederland? Ja, in die zin is het een beetje een bekroning op dat werk wat ik heb gedaan. En ik was een beetje op zoek ook naar zoiets. Ik was eigenlijk aan het zoeken in Europa. Omdat in het geweld in de wereld. We hebben vandaag weer het nieuws in het Midden-Oosten gezien. Wat er speelt in China. In Rusland. Maar zelfs ook bij onze partner Amerika. Die varen toch een andere koers dan een aantal jaar geleden. Moet Europa sterk worden? En ik dacht wat leuk om daar een rol in te spelen. Nou toen kwam VNO langs. En toen dacht ik ja maar dan wordt het ook wel heel concreet. En dat is ook heel mooi om Nederland veel sterker te maken. Het bedrijfsleven veel sterker te maken. En vanuit die kracht dan hele goede dingen te doen. En toen dat langskwam dacht ik ja dit is toch ook te mooi om waar te zijn. En hoe bevalt het? Ik vind het waanzinnig leuk. Ik vind het waanzinnig interessant. En als ik heel eerlijk ben. Diana wij kennen elkaar al een tijdje. Het is soms ook best wel pittig. Want ja ineens ben ik de spreekbuis van al die duizenden bedrijven. Als het gaat over sociale zekerheid. Nou als het gaat over economische groei. Ik hoop dat we het daar nog over gaan hebben. Ja daar weet ik heel veel. Want ik heb altijd met de CEO's gewerkt. Ik weet hoe moeilijk het is om een bouwvergunning te krijgen. Hoe de rechtelijke macht werkt in Nederland. Maar in sociale zekerheid is dat relatief nieuw. Ik moet eerlijk bekennen in mijn bedrijf liet ik het ook wel eens over. We hebben een HR afdeling. En dan vond ik het gewoon heel irritant dat we loondoorbetaling bij ziekte hadden. Dat je twee jaar verantwoordelijk bent als ondernemer voor iemand die ziek wordt. Maar nu zit ik er middenin. Nu ben ik er verantwoordelijk voor. En dat betekent dat ik sommige nachten doorbreng met het lezen van SER rapporten. En probeer te begrijpen wat de Stichting van de Arbeid precies doet. Je kan je niet echt makkelijk inwerken toch? Want je bent meteen kathuis. De hele shebang is op je afgekomen. Het is misschien een beetje naïef. Maar ik had de hoop om tot de zomer gewoon te luisteren. En dan, laten we zeggen, na de zomer echt vliegend uit de startblokken te komen. Zo werkt het niet. Vanaf dag één krijg je toch vragen op je af. De media speelt daar ook een rol bij. Die hebben grei kritische vragen. Als je iets zegt kan het nieuws zijn. Dus je moet op je woorden letten. Heel erg leuk. Volgens mij gaat het hier redelijk makkelijk af. Heb je Hans de Boer nog vaak in gedachten? Hij is één van jouw voorgangers natuurlijk bij VNO-NCW. En je kent hem ook goed. Ik ken hem goed. Hij was misschien ook al een klein beetje mentor voor me. Hij heeft een tijd bij een vastgoedbedrijf gewerkt. Waar wij ook mee samenwerkten. Dus daar uit die periode kende ik hem. En hij kwam nog wel eens een kop koffie drinken. En dan had hij altijd heerlijke, heldere, uitgesproken meningen. En dat is soms ook gewoon hartstikke goed in de polder. Dat mensen dingen scherp zetten. En dat deed hij als geen ander. Mijn gast vandaag is Koen van Oostrum. Hij is de voorzitter van VNO-NCW. En wij gaan het natuurlijk hebben over de verzorgingsstaat onder druk. En in relatie daartoe ook de sociale zekerheid. Want dat is enorm actueel. Eerst even de vraag. Wat heb jij überhaupt met de verzorgingsstaat? Wat natuurlijk drie pijlers heeft. De sociale zekerheid, gezondheid, zorg, onderwijs, dat soort zaken. Ik vind dat wij in Nederland oprecht het allermooiste land in de hele wereld zijn. Ik vind dat dit zo'n bijzonder land is. Waar het zo waanzinnig goed gaat met heel veel zaken. En daar is die sociale zekerheid gewoon een van de pijlers die daaronder staat. Voor de goede orde, ondernemerschap is ook een pijler. En daar maak ik me op dit moment echt zorgen over. Maar die pijler sociale zekerheid, die pijler het fatsoen wat wij hebben in Nederland. Dat als je om allerlei redenen uitvalt. En dat kan definitief zijn en dat kan tijdelijk zijn. Dat er dan een systeem is wat probeert om je te begeleiden. Om je weer terug op je voeten te zetten. En zo mogelijk ook weer aan het werk te krijgen. Dat vind ik briljant. Dat we dat hebben. De vraag is wel een beetje of het systeem wat we vandaag hebben. Met bijna een miljoen mensen in de WIA. Of dat nou het systeem is wat we nog steeds ons kunnen veroorloven. En of dat dat systeem is waar ik net van droomde. Dat dat onderdeel is van dat hele mooie Nederland. Daar ben ik ook wel een beetje kritisch over. Ja, toch als het gaat over een aantal punten van de sociale zekerheid. Hebben jullie natuurlijk met de AOW leeftijd verhogen. Zijn jullie echt achter de bonden gaan staan? Ja, nou ik weet niet of het achter de bonden is. We staan vooral achter onszelf. Maar VNO heeft zijn handtekening gezet onder een groot akkoord. Die ging over de verhoging van de pensioenleeftijd. Dat heeft mijn voorgangster Ingrid Thijssen gedaan. Daar sta ik honderd procent achter. En ik vind ook dat als je zo'n lange termijn afspraak maakt. Waarbij het voor een aantal partijen ook echt wel pijn heeft gedaan. Dat was voor de bonden ook niet makkelijk om dat te slikken destijds. Ja, dan vind ik ook dat je dan ook een zekere loyaliteit aan zo'n transactie moet doen. Nou, een beetje als ondernemer. Dat is ook gewoon afspraak is afspraak. Dat is gewoon een helder beginsel in Nederland. En dat vind ik ook eigenlijk in dit geval. Weet je, is het dan nooit bespreekbaar? Natuurlijk, als de wereld helemaal zou veranderen. Dan op een keer komt alles ter bespreking. Misschien een alternatief fiscalisering van de AOW. De verwachtingen die we destijds hadden toen we deze deal gedaan hebben. Die zijn ongeveer uitgekomen. Sterker nog, de leeftijdsgroei is iets minder geworden dan we hadden gedacht. Er is COVID doorheen gegaan, et cetera. En dan vind ik dat niet het onderwerp waar we nou over moeten praten. Dus daarvan heb je ook gezegd. Het moet gewoon in de, wat was het, in de vriezer of zoiets. Niet over hebben. Intussen is het dat ook van tafel. En dan kun je natuurlijk gelijk alle alternatieven daarvan op tafel leggen. Dus die fiscalisering, et cetera. En ik hoop eigenlijk dat dat niet nodig is. Ik zie dat er twee andere dingen spelen die veel belangrijker zijn. Onze economische groei is veel te laag. Als wij 2% economische groei hebben, hoeven deze discussie over die Paul Malliords. Die Paul Malliords niet te hebben. Want dan gaat die economie gewoon met vele miljarden per jaar omhoog. En het tweede ding is dat er zitten een aantal echte problemen in onze sociale zekerheid vandaag. Bijvoorbeeld de instroom in de WIA is veel te hoog. Als we Nederland gewoon vergelijken met België, Frankrijk, Duitsland. Het is ruim 800.000 of zo. Het is ruim 800.000, maar er zitten ook nog 200.000 mensen in het tweede ziektejaar in de regeling daarvoor. Wat door de ondernemers wordt betaald. Die komen er dus aan. Dus die instroom die blijft fors. En daarmee lijkt het erop dat we gaan groeien naar een miljoen mensen in de WIA. Dat is veel meer dan de landen om ons heen. En daar moeten we eens goed met elkaar over praten. We snappen voldoende waar dat door komt. Want je ziet ook dat er heel veel jongeren daarbij vertegenwoordigd zijn. Met psychische klachten. Dat daar echt ook een enorme stijging in zit. Dan hebben we met elkaar ook iets te doen. Misschien ook werkgevers. Want waarom zijn al die mensen zo ongelukkig als het om de psyche gaat? Ik vind dat precies de vraag die wij ons moeten stellen. En ik heb nog niet alle antwoorden. Wij werken keihard op dit moment binnen VNO. Maar ik weet ook wat binnen de SER. Sociale zaken als ministerie is hiermee bezig. Kim Putters ook later deze week te gast. Een formidabele denker die heel goed en heel scherp kan formuleren waar dan echt het probleem zit. Maar jij noemde bijvoorbeeld de jonge mensen. Het is natuurlijk doodzonde dat iemand die 30 is. En dat die in een burn-out terecht komt. En dat het niet lukt om die dan naar ander werk te begeleiden. Want het kan zijn dat er sprake is van toch ook een beetje een arbeidsconflict. Of te veel druk. Misschien in de samenhang tussen het privéleven en het werkende leven. Dat daar dingen mis gaan. Maar dat mensen dan in de situatie komen dat de kans bestaat dat ze nooit meer gaan werken. Dat vind ik verschrikkelijk. Dat vind ik voor die mensen verschrikkelijk. Maar het bedrijfsleven heeft ook heel hard deze mensen nodig. Omdat er nog steeds een tekort is aan arbeidskracht. Ja zeker. Als we het voor elkaar krijgen dat deze groep. En niet allemaal. Want er zitten mensen bij die andere dingen hebben. Waardoor ze echt niet meer inzetbaar zijn. Maar andere mensen zijn wel inzetbaar. En die moeten benaderd worden. Maar is er dan een goede weg om te zeggen wat het kabinet wil. Om daar dan 20% van af te halen. Wat ik heb geleerd in mijn zes weken dat ik al voorzitter ben. Het is nog kort. Wat ik in die zes weken heb geleerd. Is dat op het moment dat je het woord bezuiniging hanteert. Dan gaan overal de loopgraven dicht. En dan gaan mensen met een hak in het zand. En dan stopt een beetje de discussie. En dan verhardt de discussie. Snap je daarin ook de bonden. Want die zijn natuurlijk heel blij met dat cadeau van die AOW leeftijd. Maar zeggen toch nee we gaan toch weer staken. Want dit moet ook van tafel. En straks hebben we het nog wel over de WW ook. Nou over dat staken wil ik het zo nog even hebben. Want wat mij betreft was dat niet nodig geweest. Maar ik wil geen uitspraken doen over wat de bonden dan denken. Dat is misschien de vraag van vrijdag. Dat je niet weet wat zij denken. Maar dat je denkt nou ja ik begrijp het wel. Ik had het toch liever het gesprek wat meer open gehouden. Nogmaals ik denk dat die stakingen niet nodig waren geweest. Waar het echt over gaat. En waar ik denk dat ook Hans Spekman een partner gaat worden. Een miljoen mensen in de WIA is niet goed. Niet voor zijn achterban. Voor de werkenden in Nederland. Niet voor de bedrijven. En helemaal niet voor de overheid die daar helemaal geen geld voor heeft. Dan moeten we met elkaar kijken wat is nou de reden. Precies de vraag die jij stelde. Er zijn zoveel mensen die WIA in. Wat is daar nou aan de hand? Is dat COVID geweest? Maar waarom zijn de getallen dan zoveel groter dan in andere landen. Waar ook COVID was. Heeft dat te maken met zijn er veel vrouwen die net bevallen zijn. Die in een burn-out terecht komen. Wat is daar dan de problematiek. En kunnen werkgevers daar ook beter handen. Ik neem de verantwoordelijkheid op mij. Om echt aan die werkgeverskant te kijken. Doen wij nu voldoende aan preventie. Hebben we goede regelingen. Wat is daar de discussie die wij aan kunnen. En het is helemaal niet zo. Dat wij alleen maar zeggen. Het probleem ligt bij het UWV. Ik denk overigens wel dat we goed naar de rol van het UWV moeten kijken. Er zijn te weinig keuringsartsen. Ja want daardoor gaan mensen weer langer moeten wachten. Uiteindelijk op de WIA. In dat proces gaan dingen niet zo efficiënt als ze zouden moeten. Nou ik wil ook met Hans Pekman praten. Van wat kan hij nou doen vanuit zijn kant. Om met mensen in contact te treden. En te horen wat zijn nou echt de problemen daar. Nou en dan moeten we kijken. Met het bedrijf. Met het bedrijfsleven. En het bedrijfsleven wil dit ook. Want die willen die mensen heel graag weer terug hebben. Die willen die mensen graag aan het werk hebben. Wat kunnen we nou doen om die mensen weer aan het werk te helpen. Ja maar dit is wel echt lange termijn visie. Daarmee heb je het nu niet opgelost. En het kabinet zit met een probleem. Vanwege de defensie uitgaven. En allerlei dingen die rond stikstof. Wat ook belangrijk is voor werkgevers natuurlijk. En voor het bedrijfsleven waar jij voor staat. Het moet nu bezuinigd worden. Ja dat is een feit. Maar het is wel zo. Dat dat minder snel gaat. Dan sommige mensen denken. Als je naar de tabel kijkt die bij het regeerakkoord zat. Dan zie je in die tabel. Dat heel veel van de bezuinigingen. Pas in latere jaren. Echt impact hebben. Concreet voorbeeld. Nou ik heb geprobeerd namens de werkgevers te zeggen. Laat die AOW nou even met rust. Die AOW die ging pas ook. Over heel veel jaren echt impact hebben. Op de begroting van de overheid. Als we in de tussentijd die economische groei. Aan kunnen zetten. Als we weer naar 2% economische groei gaan. Ik ben een beetje ondeugend. Heel ambitieus. Ik denk zelfs dat we naar 3% economische groei zouden kunnen. Als we dat voor elkaar krijgen. Dan hebben we die verhoging van de AOW leeftijd helemaal niet meer nodig. Dus je zegt bezuinigingen. Dat is nu het verkeerde woord. Maar sluit je bezuinigingen uit? Nee ik sluit helemaal niets uit. Ik vind ook dat. Dat je realistisch moet zijn. Maar ik hoop in ieder geval. Dat we fundamentele veranderingen. In de sociale zekerheid voor elkaar kunnen krijgen. Veel meer mensen aan het werk kunnen helpen. En als we dat kunnen doen. Dan hebben we misschien. Misschien is er dan op korte termijn. Inderdaad nog wel. Een vraagstuk over de financiën. Maar die discussie wordt heel veel makkelijker. Als we weten dat er op termijn. Veel minder mensen in de WIA zitten. En ook in andere regelingen. En als we zien dat op termijn. De economische groei hoger is. Want dan heb je misschien voor 2028 of 2029. Dan nog eens een jaar. Dat het kort komt. Ik noem maar even een willekeurig getal. En dan. Dan zal toch even. Het gesprek met Eelco Heijnen moeten plaatsvinden. En ik begrijp heel goed. Hoe hij in de wedstrijd zit. Ik had ook bij mij in mijn bedrijf altijd een hele strenge CFO. En die zorgde er echt voor. Dat de discipline ook gewaarborgd bleef. Die rol heb je in een kabinet keihard nodig. Want anders gaat het echt alle kanten op. Maar dan hebben we een discussie. Over een veel kleinere omvang. En dan ga je eigenlijk ook een oproep doen. Ook jullie gezamenlijk. Om te kijken of hij daar een opening kan winnen. Misschien dat er dan ook wel allerlei creatieve oplossingen zijn. We hebben net gezien. Dat er geld gevonden is. Door Sjoerd Sjoerdsma. Door dingen uit de toekomst naar voren te halen. Op het moment dat ik kan bewijzen. Dat die economische groei omhoog gaat. Want dat moet natuurlijk ook niet een soort droom zijn. Dat moet dan ook echt wel verankerd zijn. Maar als we die verankering kunnen bewijzen. Ja wellicht zijn er dan ook mogelijkheden. Ik ga niet op de stoel van de minister van Financiën zitten. Die is buiten gewoon intelligent. Weet heel goed hoe het spel werkt. Maar je zegt gewoon er moet rust komen in de poel. En daarom is dit zo belangrijk. Dat is ook zo belangrijk. En weet je wat ik ook vind. Als er dan toch nog een bezuiniging over zou blijven. En nogmaals ik denk dat dat veel en veel kleiner zou kunnen worden. Dan is het ook een beetje aan het kabinet. Want dan komen er allerlei woorden rond. Van vennootschapsbelasting. Tot alle andere termen. Ook een ideetje van Specman. Winstbelasting omhoog. Dan zou ik ook zeggen. Als er dan toch nog ergens een gaatje zit. Het gat is dan vele malen kleiner. Als er dan nog iets over is. Dan is het kabinet aan zet. En dan wordt het politiek. En ik vind dat de poel er niet op de rol van de politiek moet overnemen. Om dat in te vullen."
hulpverleners.mp3,interviews,Whisper-large-v3-fast,87.5,33.8103563474388,100,93.08574610244989,4924.3125,4747.457266146993,329.2273667606733,"Meenal, zou je iets verder willen introduceren? Ja, mijn naam is Meenal Ahmad. Ik werk als onderzoeker aan de Vrije Universiteit Amsterdam. Ik heb zelf een achtergrond in culturele antropologie en in de afgelopen jaren heb ik dus een promotieonderzoek gedaan aan de Universiteit voor Humanistiek. Dankjewel. En kun je iets vertellen over de focus van het onderzoek en de noodzaak hiervan? Ja, in de afgelopen jaren, zoals ik al zei, heb ik onderzocht hoe mantelzorgers met een migratieachtergrond de zorg ervaren voor een familielid met dementie. En ik heb daarbij met name gekeken naar hoe de zorg gedeeld wordt binnen families en hoe de zorg gedeeld wordt tussen families en formele zorg. Daar was nog niet zo veel over bekend, want mantelzorgers met een migratieachtergrond worden heel weinig, te weinig meegenomen in dit soort onderzoek. En ja, de vergijzing en toenemende diversiteit in westerse samenlevingen maakt er de urgentie van dit onderzoek dus groot. Ik heb daarom een kwalitatief onderzoek uitgevoerd, vooral onder mantelzorgers en voor een kleiner deel onder zorg- en hulpverleners. En wat was er al wel bekend over de zorg bij mensen met een migratieachtergrond en wat voegt jouw onderzoek daaraan toe? Wat al wel bekend was uit voorgaande onderzoeken is dat mantelzorg... Mantelzorgers met een migratieachtergrond minder gebruik maken van formele zorg. Dat kan te maken hebben met taalbarrières, discriminatie of bijvoorbeeld een gebrek aan kennis over dementie. In die voorgaande onderzoeken suggereren dan ook dat deze mantelzorgers vaak intensievere zorg geven en daardoor vaker overbelast zijn. Maar waar nog niet zoveel onderzoek naar gedaan was is... Hoe mantelzorgers met een migratieachtergrond het delen van de zorg ervaren en hoe die ervaringen gevormd worden door hun sociale omgeving en door hun contacten met formele zorg. Zoals Savitri en Evelien in de video al vertelden, het geven van zorg is een complexe ervaring, vaak een emotionele en morele ervaring die beïnvloed wordt door verschillende factoren. En binnen dit onderzoek heb ik dus geprobeerd om daar inzicht in te geven. En in je onderzoek ga je dus ook in op die emotionele ervaring van het geven van zorg. Wat zegt je onderzoek over het ervaren gevoelswereld van deze mantelzorgers? De bevindingen laten zien dat het geven van zorg gedaan wordt vanuit twee sociale opvattingen of morele kaders kun je zeggen. Die stellen dat je voor een oude familielid hoort te zorgen. Het ene morele kader stelt dat je zorg geeft aan een oude familielid uit liefde voor je ouders bijvoorbeeld, omdat ze bijvoorbeeld ook voor jou hebben gezorgd als kind. En het andere morele kader stelt dat je zorg geeft vanuit een verantwoordelijkheidsgevoel, dus ook als je geen fijne relatie hebt gehad met je ouders. Deze opvattingen of morele kaders zijn al aanwezig in een samenleving. Maar vaak geeft slechts één vrouw in een gezin of in een familie je gehoor aan. Dat is vaak een dochter of een schoondochter. En met die morele kaders in gedachte neemt zij dus de meeste of alle zorg op zich. En doordat ze aan die morele kaders kan voldoen, geeft dat een gevoel van trots en kracht ook dat ze de zorg kan geven. En dat zorgt er ook voor dat ze de zorg kan blijven geven. Ja, dus het gehoor kunnen geven aan het morele kader van liefde voor je ouders en het morele kader van verantwoordelijkheidsgevoel geeft dus een gevoel van trots en kracht. En wat betekent dit voor delen van de zorg? Het betekent dat met die morele kaders in gedachte de mantelzorgrol langzaamaan een belangrijk deel van de identiteit van de mantelzorger wordt. Dat is zeker het geval wanneer... Wanneer de zorg niet gedeeld wordt binnen de familie. En om daarmee om te gaan dus, met een gebrek aan dat de zorg niet gedeeld wordt in de familie, wordt de mantelzorgerol afgezet tegen familieleden die geen zorg geven. Een mantelzorger kan dan denken van ja, ik ben in ieder geval wel een betere dochter of een betere gelovige dan familieleden die geen zorg geven. En dat is eigenlijk een manier van omgaan met gevoelens van overbelasting, maar vooral ook met gevoelens van teleurstelling in familieleden die geen zorg geven. Het onderzoek laat daarmee dus ook zien dat het geven van zorg een hele emotionele en morele ervaring is. En om de ervaringen en behoeften van mantelzorgers te begrijpen, heb je ook gebruik gemaakt van intersectionaliteit. Wat zijn hierbij de belangrijkste bevindingen? Wat vooral naar voren komt is dat iemands migratiegeschiedenis, dus hoe iemand gemigreerd is, en de sociale klasse waarin iemand is opgegroeid van groot invloed zijn op het verkrijgen van vaardigheden die van belang zijn bij het organiseren en het delen van de zorg. Maar wat dit in de praktijk betekent, verschilt per mantelzorger. Omdat andere sociale factoren of andere aspecten van iemands identiteit en iemands levensgeschiedenis, ook beïnvloeden hoe de zorg ervaren wordt, hoe de zorg gedeeld wordt. Denk bijvoorbeeld aan iemands positie in de familie, of er een sociaal netwerk is of niet, en wat voor rol religie speelt in iemands leven. Dus je zegt dus eigenlijk dat iedere mantelzorger andere levenservaringen heeft en daardoor dus ook andere behoeftes heeft bij het delen van zorg. Klopt dat? Ja, dat klopt. Het onderzoek laat daarmee dus ook zien dat we ons niet moeten blindstaren op cultuur, op de cultuur en etniciteit van mantelzorgers. Maar in plaats daarvan iedere mantelzorger te zien als een uniek individu die verschillende ervaringen heeft en waarvan de achtergrond eigenlijk heel complex is. En die beïnvloeden de manier waarop iemand de zorg ervaart en de behoeften die iemand nodig heeft. Dus het is heel belangrijk om te kijken. Kijken naar de persoon die tegen je over zit als professional. In plaats van labels te plakken op mantelzorgers door ze te zien als onderdeel van een culturele groep. Ja, en je hebt ook met zorg- en hulpverleners gesproken. Wat kwam hieruit naar voren? Wat vooral naar voren kwam is dat zorg- en hulpverleners in het contact met mantelzorgers en families het vooral belangrijk vinden. Dat er ook een gevoel van nabijheid is. Want dat is nodig om de zorg te kunnen delen. En daarvoor is het heel belangrijk dat er ook een gevoel van begrip en vertrouwen is tussen mantelzorger en professional. Maar bij mantelzorgers met een migratieachtergrond, in hun contacten daarmee, wordt dit gevoel van nabijheid vaak verhinderd. Ook mantelzorgers ervaren vaak een gevoel van afstand. Waardoor je een nabijheid en vertrouwen eigenlijk niet hebt. Wat eigenlijk niet mogelijk is. En dat leidt er dus vaak toe dat professionals deze mantelzorgers niet verder kunnen helpen. En dat ze dus vast raken in hun werk. Daarnaast kwam naar voren dat professionals in hun werk heel erg uitgaan van een vraag en sturen benadering. Evelien vertelde het ook al eventjes. En in deze benadering wordt de regie heel erg bij de mantelzorger gelegd. Dus het is aan de mantelzorger om de hulpvraag te formuleren. Maar vaak werkt dat gewoon niet zo. Ik weet nog dat een paar professionals me ook vertelden dat wanneer een mantelzorger de hulpvraag niet formuleert of aangeeft geen hulp nodig te hebben. Dat de professional het dan ook moeilijker vindt om een mailtje te sturen of om even te bellen om te zien hoe het gaat. Want dan zou je misschien als professional opdringerig overkomen. Want het past niet binnen een vraag en sturen aanpak. Maar deze aanpak werkt vaak niet wanneer er geen vertrouwen is. Want iemand zou de hulpvraag gewoon minder snel formuleren wanneer er geen gevoel van vertrouwen is en nabijheid. Daarnaast werkt deze aanpak ook niet wanneer een mantelzorger bijvoorbeeld geen kennis heeft van dementie. Dus gewoon niet weet wat dementie is. En ook niet op de hoogte is van wat de mogelijkheden voor ondersteuning zijn. In de breakout sessie zal ik daar wat verder op ingaan. Maar wat vooral naar voren komt uit het onderzoek is dat deze aanpak er echt vaak toe leidt dat professionals vast komen te zitten in hun werk. En waardoor vervolgens mantelzorgers ook niet ondersteund worden in het delen van de zorg. Ja, dus je gaat in op die nabijheid en vraaggerichte aanpak. En als dat niet wordt bereikt, wat gebeurt er dan? Ja, wanneer dat gebeurt... Eerst zag ik dat het vaak gerelateerd wordt aan culturele verschillen. Dus het contact lukt niet. En het eerste waar professionals vaak aan denken, niet altijd, maar vaak wel, dat het te maken heeft met culturele verschillen. Dat gebeurt doordat professionals het contact met mantelzorgers met de migratieachtergrond vaak vergelijken met mantelzorgers uit de meerderheidspopulatie. Waarbij het contact vaak wat makkelijker gaat. Maar op die manier worden deze mantelzorgers als de ander gezien. Waarmee het heel moeilijk is om contact mee te maken omdat ze de cultuur niet zouden kennen. Dat wordt dan, zo is die gedachtegang dan. Daarnaast wordt ook vaak aangenomen dat, ook wat Evelien al eigenlijk vertelde en Savitri, is dat wanneer mantelzorgers niet om formele hulp vragen, ook al snel wordt aangenomen dat dat niet gebeurt. Omdat mantelzorgers met de migratieachtergrond nou eenmaal liever zelf zorg geven. Of nou eenmaal liever binnen het eigen sociale netwerk hun probleem oplossen of op zoek gaan naar ondersteuning. Behalve dat dat niet overeenkomt met de ervaringen van de mantelzorgers die ik sprak, leiden deze manieren van denken er vaak toe dat professionals vastlopen in hun manier van werken. En ze ervaren daardoor ook vaak een soort handelingsverlegenheid. Waardoor ze ook een beetje terughoudend zijn in het doorvragen bijvoorbeeld. En ja, daardoor komen veel vraagstukken niet op tafel. En wordt het delen van de zorg dus verder belemmerd. En een paar professionals die ik sprak hadden wel andere manieren gevonden om toch verbinding te maken met mantelzorgers. En obstakels te overkomen. Maar... De meeste professionals die ik sprak hadden het toch vaak over dit soort obstakels die ze tegenkwamen in hun contact met mantelzorgers met een migratieachtergrond. En dan komen we al bij de laatste vraag. Hoe kunnen zorg- en hulpverleners die nu ook meekijken mantelzorgers met een migratieachtergrond ondersteunen? Vaak wordt gedacht dat... Vaak wordt gezocht eigenlijk naar concrete formules of concrete handvatten bij het delen van de zorg met families en mantelzorgers met een migratieachtergrond. Maar die zijn er niet. En die kunnen er volgens mij ook niet zijn. Want het gaat altijd om maatwerk. Van een aantal professionals hoorde ik bijvoorbeeld dat ze het fijn zouden vinden als er een boek was met een overzicht van verschillende culturele gebruiken per culturele groep. Zodat ze hun contact met mantelzorgers met een migratieachtergrond daar vervolgens op kunnen afstemmen. Maar zoiets werkt niet. Dat zou gewoon echt niet werken. Omdat mensen veel meer zijn dan de culturele groep waar ze toe behoren. Wat wel kan helpen is om geen culturele labels op mantelzorgers te plakken. Maar om open en nieuwsgierig het gesprek aan te gaan. En zoals ik al zei, het is altijd heel belangrijk om te kijken naar de mensen die tegenover je zitten. En je af te vragen, hoe is iemand opgegroeid? Hoe lang woont iemand in Nederland? Zijn er sociale netwerken? Zijn er sociale netwerken of niet? Er zijn heel veel vragen die belangrijk zijn om de achtergrond en de levensgeschiedenis van de mantelzorger helder te kunnen krijgen. Dit soort aspecten spelen allemaal mee in hoe de behoeften zijn. En daarmee bedoel ik ook dat het belangrijk is om contact, verbinding te maken met de leefwereld van mantelzorgers. Want zij zijn een enorme bron aan kennis. En zij weten als geen ander hoe de ouderen met dementie geleefd heeft. En wat de behoeften zijn in de zorg. Dus vooral het gesprek aangaan met mantelzorgers. Wat daarna heel belangrijk is, is dat professionals zich ook bewust zijn van hun eigen referentiekader. Wanneer we het hebben over mantelzorgers met een migratieachtergrond, gaat het vaak over de cultuur van de ander. Maar professionals hebben ook een cultuur natuurlijk. Ze hebben ook hun professionele bagage. En ze nemen ook zichzelf mee in het werk dat ze doen. Dus het is heel belangrijk dat ze daar bewust van zijn. Want objectieve hulpverlening is er niet. We komen allemaal ergens vandaan. We zijn allemaal met bepaalde normen en ervaringen opgegroeid. En die kleuren de manier waarop je situaties... zorgsituaties in dit geval ziet en benadert. Dus in het contact met mantelzorgers denk ik wel dat het heel belangrijk is dat professionals zich constant afvragen met welke bril kijk ik naar deze zorgsituatie of naar deze mantelzorger. Het is natuurlijk ook belangrijk dat professionals gesteund worden hierin. Door de organisaties waar ze werken. En dat zou kunnen door diversiteit en inclusie als aandachtspunt te nemen. Dankjewel Meenal voor dit gesprek. We kijken heel erg uit naar jouw promotie half november. En mocht je daarbij willen zijn, stuur dan ook een berichtje even naar VAROS. En dan linken we je door voor de online sessie."
ouderen-zorg-2.mp3,interviews,Whisper-large-v3-fast,100.0,39.81293082375892,100,90.53776582742606,5788.3125,4783.155814593009,162.3816843814544,"Nou, dit is mijn allereerste podcast, de Tommy en de Zorg podcast ga ik het maar noemen. Ik ben hier nu op Sint-Josefoord en ik vind het een hele mooie locatie. Eigenlijk wel heel bijzonder. Ik ben nu met Olaf Schut en we hadden al een afspraak staan. En uiteindelijk hebben we nu besloten om dit te gaan doen, om een podcast te gaan maken. Er zijn weinig podcasts over de zorg. En ik denk dat we daar nog wel hele leuke dingen mee teweeg kunnen brengen met de podcast. Maar ik ben hier nu met Olaf en Olaf is specialist ouderengeneeskunde. Zeg ik dat goed? Ja, dat klopt. En hoe noem je het nog meer? Het werd vroeger altijd verpleeghuisarts genoemd. En eigenlijk sinds 2008 is het gefuseerd met de oude sociale gedeaters. En sindsdien heet het specialist ouderengeneeskunde. Specialist ouderengeneeskunde. En zijn er veel mensen die jouw beroep beoefenen? Ja, volgens mij zijn het er om en nabij 1500. Het is een relatief kleine groep voor een hele grote doelgroep. En veel van hen werken nog steeds in het verpleeghuis. En je ziet dat daar een grote cultuurverandering ontstaat. Dat er steeds meer buiten het verpleeghuis gaan werken. Als je nagaat dat 6% van de kwetsbare ouderen wonen in het verpleeghuis. 6? Ja, dus van alle kwetsbare ouderen woont er maar ongeveer 6% in het verpleeghuis. Maar jij werkt niet in een verpleeghuis? Ik werk op dit moment vooral bij mensen thuis. En ga ook van tijds in Amsterdam ook wel in het verpleeghuis onder andere werken. Maar ook bij mensen thuis. En dan, wat voor mensen kom je dan tegen in jouw werk? Ja, eigenlijk allerlei soorten mensen. Dus veel mensen, het is natuurlijk het idee in Nederland dat we steeds langer thuis willen wonen. Deels vanuit de overheid, maar ook dat mensen dat graag willen. We worden steeds ouder. En we vinden het ook... Het is ook heel belangrijk om te kunnen doen hoe je er zelf in staat. Dus veel mensen willen zo lang mogelijk thuis wonen. Wat ik zie is, ik word veel door huisartsen ingeschakeld. En dan doen we een zogeheten eerste lijnsconsulten. Want de huisarts is de eerste lijn eigenlijk, de eerste zorg. En die kunnen ons inschakelen voor heel veel redenen. Maar veel voorkomend is bijvoorbeeld dat ze merken dat het op vele fronten steeds moeizamer gaat. En dat... Iemand steeds meer verschillende klachten heeft. Bij veel specialisten loopt. Bijvoorbeeld steeds meer gaat vallen. De medicatie wel eens vergeet. Geen thuiszorg heeft. Dat die ook niet wil. Echt een beetje een grijs gebied tussen gaat het nog wel thuis of niet. En dan zie je dat dit soort patiënten veel naar specialisten gaan in het ziekenhuis. En wat wij kunnen is ze in een korte tijd helemaal in kaart brengen. Dus dan worden wij ingeschakeld door de huisarts met een vraag. Van bijvoorbeeld... Wanneer valt het steeds vaker? Kun je daarin meedenken van een onderliggende oorzaak of of het überhaupt nog thuis wel veilig kan? En dan komen we een paar keer langs en dan brengen we ze eigenlijk in mijn kaart. Maar die... Ik weet wel als ik in de wijk werk, dan is het toch vaak de huisarts waarmee je de dealen hebt, zeg maar. En die heeft het niet zo vaak over zo'n specialist ouderengeneeskunde. Van het verpleeghuis ken ik het wel. Maar in de wijk dan... Ik zie ze dan niet zoveel. Hoe kan dat, denk je? Ja, ik denk dat het toch ook wel deels met de naamsbekendheid te maken heeft. En dat het ook wel lastig is dat het bijna in elke regio weer anders georganiseerd is. Dus die keten van zorg. Dus hoe zijn de onderlinge afspraken gemaakt? Als ik kom zelf uit Noordoost-Groningen, dan heb je echt een krimpregio. Daar werken heel weinig specialist ouderengeneeskunde. Dus als je er maar een weinig hebt, dan is het ook heel moeilijk om die eerste lijnsconsulten te doen. Dus als je al tekorten in je verpleeghuis hebt, dan zie je bij de grote organisaties vaak dat ze minder geneigd zijn om die consulten te doen. Wat eigenlijk gek is als je nagaat waar de grootste doelgroep woont. En ik denk dat dat ook nodig is. Dat huisartsen weten dat ze een sparringspartner kunnen vinden in de complexe zorg met ouderen. Maar dat wij ook een schakel kunnen zijn tussen de case manager, de thuiszorgmedewerker, de familie. En wat ik vaak zie is dat ik, ik zie meestal mensen één à twee keer. En dan hebben we meestal één of twee gesprekken. En dan brengen we ze helemaal in kaart. Ook soms met een verpleegkundige of andere erbij. En dan hebben we vaak een uitzaggesprek. En dan geven we eigenlijk heel veel handvatten om te kijken of iemand daardoor een stukje waardevoller nog thuis kan wonen. En het kan soms iets heel kleins zijn. Bijvoorbeeld dat ze nooit hebben gedacht aan die trappers aan te passen. Dus ik ben ook een beetje ergotherapeut. Ja, we proberen eigenlijk alles op alle domeinen in kaart te brengen. Dus bijvoorbeeld op lichamelijk vlak, maar ook op de ADL, dus de lichamelijke verzorging. Hoe ze dat organiseren. Of iemand nog wel of niet kan koken. Eigenlijk doen we een hele assessment van dat we alles in kaart brengen. Alle domeinen. Ook op psychisch vlak. Communicatief. Zijn er bijvoorbeeld zichtproblemen of gehoorproblemen. En dan lopen we dat stapsgewijs bij langs. Van wie zou daar nou een rol in kunnen spelen. We doen het vooral ook niet alleen. Want ook de wijkzorg doet ontzettend veel. En signaleert ook heel veel. Dus daar hebben we ook vaak contact mee. Maar kan dan zeg maar iemand een verpleegkundige verzorgen in de wijk? Kan die jou gewoon bellen? Ja, dat kan. Vaak wel. Meestal gaat het via de huisarts. En een hele belangrijke spin in de web is een praktijkondersteuner. Dus die zie je sinds de afgelopen jaren steeds meer. En dan heb je ook praktijkondersteuners ouderen. Die zijn eigenlijk ook het aanspreekpunt daarin vaak. Dus daar sparren wij het meest mee. Maar je ziet ook dat we bij bepaalde huizen bijvoorbeeld elke zes weken een MDO hebben. En dan een beetje verschilt het per regio. Maar dan kan het bijvoorbeeld zijn dat je daar een wijkverpleegkundige. Maar ook een WMO-consulent, een case manager. Een sociaal team of zo. Een sociaal team. Je kan eigenlijk daar alle belangrijke spelers van die wijk aan tafel laten komen. En dan bespreek je de kwetsbare ouderen. En dan kan het soms alleen al aan tafel voldoende zijn. En dan hoef je niet eens altijd. Iemand te zien. Maar dat je met het meedenken soms echt iemand al heel erg kan helpen. Ja. Oké. Dat is wel boeiend. Jammer dat er nog niet zo heel veel mensen van weten eigenlijk. Maar als je nou even teruggaat in de tijd. Je bent een man. En je bent nou dokter geworden. Al een tijdje trouwens. Ja. Wat wilde jij vroeger worden? Toen je jong was. Vroeger wilde ik professioneel basketballer worden. Oké. Ja. Met mijn 1,73 meter. Dat was wel een uitdaging. Heb je wel geprobeerd? Ik heb het op mijn manier wel geprobeerd. Heel veel gebaasd gewoond. Ja. Maar nee. Het is helaas niet mogen worden. Nee. En toen? Heb je toen... Toen wilde ik... Na een lange zoektocht wilde ik geneeskunde studeren. En dan wilde ik vooral sportarts worden. Want ik sportte nog steeds heel veel. Maar waarom geneeskunde? Geneeskunde omdat mijn vader, die was huisarts. Oké. Dat zie je vaak hè. Dat toch... Ja. Dat toch een beetje... In de familie zit hè. De dokters, toch? Klopt. Ja. En mijn moeder is zelfs verpleegkundige. Oké. Dus dat zag je ook. Mijn vader had een huisartsenpraktijk in Noord-Oost-Groningen. En aan huis. Dus ik heb het altijd gezien. Patiëntenzorg hielp me mee als er griepspuiten werden gezet. Met de registratie. En als ik wat ouder was, dan mocht ik ook wel eens een griepprik zetten. Oké. Onder supervisie. Ja, ja. En ik vond het stiekem eigenlijk altijd heel erg leuk. Maar een beetje in je puberteit, dan kom je zo'n fase dat je niet... Of juist helemaal zoals je vader wil zijn, of compleet niet. Nou, ik wilde het leger in. En ik wilde vooral heel veel sporten. Toen zei mijn vader ooit tegen mij... Hij zei, je hebt zoveel interesse in de mens en in het verhaal van de mens. Waarom word je niet gewoon eerst dokter? En dan kun je altijd nog het leger in. Ja, je kunt ook legerarts worden. Precies. Ja, militairarts. En dat vond ik eigenlijk wel heel logisch. Ik had een geget van hem, dat ik dacht, daar heb je eigenlijk wel gelijk in. Ja. En dan heb ik eerst een hele interessante studie. En dan kan ik daarna een heel mooi actief leven in het leger hebben. Dus je vader is wel een voorbeeld van jou? Ja. Ja, mijn vader is een groot rolmodel. Mijn beide ouders. Maar mijn vader wel uiteindelijk voor het pad wat ik heb bewandeld. En oké, dan ga je genetische kunde studeren. Ik ben verpleegkundige. En ik weet wel, heel veel mensen die in de zorg werken... ...kijken ook wel een beetje op tegen de dokter. Hebben veel geleerd. En ik denk ook de dokters van vroeger dat die wel een beetje anders in hun werk stonden. Was het moeilijk? De studie? De studie vond ik heel moeilijk, ja. Ja, ik vond... Mijn probleem was, ik was naar mijn middelbare school al een stukje naar het buitenland gegaan daarna. En toen ik begon met studeren, las ik elk boek wat er was. Over genetische kunde. Voor de studiestof. Veel studenten gingen veel tactischer kijken. Welke belangrijke boeken. Ik las elk boek, elke letter. En daardoor vond ik het moeilijk onderscheid te maken tussen kleine details die werden gevraagd. Dus hele zeldzame dingen. Ik wist vaak heel goed de klinische ziektebeelden. Maar minder goed een speciaal eiwit wat ineens werd gevraagd. Of een zeldzaam molecuul. Dat vond ik lastiger. Dus ik liep er in het begin best wel tegenaan. En ik heb ook echt overwogen om mijn studie te stoppen op een gegeven moment. Ja. Ja. Want voordat je basisarts bent, dat duurt zes jaar. Ja. In mijn derde jaar overwoog ik om te stoppen met de studie. En toen heel veel soul-searching gedaan. En gekeken van, ik wilde heel lang ook de theateracademie doen. Dus ik dacht, ga ik dat dan niet doen? Theater? Ja. Oké. Ben je dan zoekende geweest of zo dan? Zeker zoekende. En dat is ook wel iets wat ik herken bij mede-dokters en ook wel geneeskunde-studenten. Dat het echt een zoektocht is. Omdat het eigenlijk een hele brede opleiding is. En heel veel mensen denken, ik word er dokter mee. Maar eigenlijk kan je alle kanten ermee op. Maar tijdens je opleiding ben je ook, denk ik, heel veel bezig met jezelf. Ja. Ik denk dat dat wel erbij hoort bij jullie opleiding. Tenminste, ik weet niet of het zo is. Nee, zeker. En daar is denk ik ook veel meer aandacht voor. En ook wat patiëntencontact met je doet. Als ik vergelijk met mijn vader heb ik wel eens gevraagd. Hij heeft in zes jaar opleiding één patiënt gezien. En dat was eigenlijk vooral aan de start wanneer hij dokter werd. Terwijl nu de geneeskundeopleiding een hele praktische opleiding is. Waar je heel veel stages doet. Heel veel patiënten ziet. Vier keer per week wanneer een patiënt een college had. Zowel waarin live een patiënt was. En ook veel meer aandacht is voor communicatie met de patiënt. Dus ik denk dat daar echt wel een hele positieve verandering in is. Maar wat bijvoorbeeld gek is met wat je zei over die verpleegkundige. Wij hebben in ons eerste jaar een zorgstage. Dan moet je een maandje meelopen met de verpleging. Dan ben je eigenlijk even tijdelijk helpende. Of dan help je in de zorg. Ik vond dat super leerzaam. Ik heb dat in het ziekenhuis gedaan. En dan moet je mensen wassen en aankleden. En de wondverzorging. Dat hoort er echt bij. Maar dat is helemaal in het begin van de opleiding. En veel mensen hebben daar toch wisselende ervaringen bij. Wel leerzaam. Maar daarna ga je echt door met je opleiding. En dat ik wel eens achteraf denk. Het had leerzamer geweest als ik dat helemaal aan het einde van mijn opleiding had gehad. Omdat ik nu meer dan ooit realiseer. Ja. Hoe wij leunen op de verpleging. En dat het onze handen en voeten zijn. Onze ogen. Dat wij soms patiënten maar zo'n kort moment zien. Dat je elkaar echt nodig hebt. En dat je elkaar ook af en toe blindelings moet kunnen vertrouwen. En dat realiseerde ik me beter toen in die fase. In dat eerste jaar. Maar ja, dat gaat zes jaar overheen. En dan heb ik wel eens het gevoel dat mensen dat vergeten eigenlijk. En ik denk dat dat mede speelt. In die rollen. En in die hiërarchie die er misschien nog steeds wel is. Ik vind het wel mooi. Je zegt vertrouwen. Dat is denk ik heel belangrijk in de zorg. Maar even terug naar jou. Je hebt dus het basisarts. En daarna ben je oudere geneeskunde gaan studeren. Maar dat is eigenlijk toch, niet iedereen kiest daarvoor. Waarom kies jij specifiek voor de doelgroep oudere mensen? Want die worden niet meer zo snel beter. Nee, dat klopt. Nee, dat is eigenlijk denk ik bij mij ontstaan. Dat ik het sportarts heel snel had verlaten, dat beeld. Ik heb een keuzevak gedaan. Toen merkte ik dat het voor mij niet de doelgroep was. Maar ik eigenlijk. Als ik nou op zoek was. Ik had toch wat meer met mensen die toch wel ziek waren. En toen kwam ik op revidatie geneeskunde. Daar heb ik mijn hele studie eigenlijk op gericht. Onderzoek gedaan in India. En ook keuzevakken ingedaan in mijn oudste koosschap. En toen vond ik het toch wel lastig. Dat je toch nog best wel een grote afstand met de patiënt hield. En het patiëntencontact niet dichtbij genoeg kwam op een of andere manier. En toen dacht ik, ik word maar huisarts. Want dat was dan een soort van laatste keuze. Wat eigenlijk belachelijk is. Want het is een ongelooflijk complex vak. Maar toen dacht ik, vind je alles, alle interesses. Word ik toch zoals mijn vader. En die zei, ga maar in het verplegerswerk. Dat is het meest complexe doelgroep voor een huisarts. Als je dat een beetje onder de knie hebt, dan komt het huisarts worden wel goed. En hij had denk ik niet gerealiseerd dat het effect iets anders zou worden. Want... Dus jij ging eigenlijk met de intentie naar het verplegerswerk? Ja. En toen dacht ik, ik wil in het verplegerswerk. En toen dacht ik, uiteindelijk wil ik huisarts worden. En toen is er iets anders gebeurd, zeg maar. Ja, mijn eerste ervaring was niet meteen liefde op eerste gezicht. Ik had toen net in Suriname nog koosschappen gelopen. En toen ging ik in de Bijlmer in een verplegerswerk starten. Qua sfeer fantastisch. En ik heb ontzettend leuke bewoners gehad. Maar er was niet zoveel begeleiding. Dus het was een locatie die enorme onderbezetting had qua dokters. Dus toen heb ik ook gekozen om daar niet in te gaan. Om daar niet in verder te gaan na een paar maanden. Een klein uitstapje gemaakt naar de verslavingszorg. En daar kwam ik heel veel ouderen tegen. Met verslavingsproblematiek, met drankproblematiek, met benzoafhankelijkheid, slaapmedicatie. En ik vond dat stiekem eigenlijk heel erg interessant. Vooral omdat ze zulke mooie verhalen altijd hadden en zo anders waren dan die jongeren die aan de GHB verslaafd waren. En toen zeiden heel veel collega's tegen mij, volgens mij moet jij iets met die ouderen weer gaan doen. En ik had het in mijn hoofd al helemaal afgeschreven. Maar toen viel het allemaal op zijn plek. En als ik dan nu jaren later terugkijk, ben ik nu bijna klaar met de opleiding tot specialist. Dat is een driejarige opleiding. En ik heb daarvoor dus ook een tijdje in de ouderenzorg gewerkt. Dan merk ik dat die doelgroep zo ontzettend leuk is. En het is, er is geen dag hetzelfde. Vooral het werken met mensen die dement zijn, dementie hebben. Dat vind ik zelf heel erg mooi. Ja, maar waarom dan? Omdat je eigenlijk als dokter niet een standaard doktersrol hebt. Dus ik schrijf niet alleen maar pillen voor. Ik denk niet alleen maar in diagnoses. Maar je weet dat iemand dement is. Je weet dat ze een beperkte tijd hebben om nog te leven. En je kijkt eigenlijk naar veel, veel grotere dingen dan alleen de lichamelijke klachten. Je kijkt ook naar bijvoorbeeld, kunnen ze door die lichamelijke klachten ineens niet meer activiteiten doen? Hoe kun je die activiteiten doen? En hoe kan je dat dan nog op een bepaalde manier aanpassen dat ze het wel kunnen doen? Kon iemand piano spelen, maar kan die door zijn ziekte dat niet meer? Hoe kan je dan wel zorgen dat hij nog van pianomuziek kan genieten? En ook met dat soort dingen denk je heel veel mee. En je denkt het heel erg in het team. En het zijn mensen die heel dankbaar vaak zijn, omdat ze toch wat anders in het leven staan dan jonge mensen. En ook wat je zegt, je hebt dan geneeskunde gestudeerd. Dat zegt het al, bij deze mensen wordt het niet meer beter. En dan moet er toch wel iets zijn met die doelgroep die jou dan toch triggert of zo. Ja, ik vond het heel bevrijdend, dat heb ik ook wel eens een keer gezegd, dat ik vind het heel bevrijdend om niet alleen in diagnoses te denken. En zo is wel de opleiding heel erg ingericht. Iemand komt met een klacht, je denkt in een bepaald patroon en het zal een bepaalde ziekte kunnen zijn en je denkt in een behandeling. Je gaat oplossen, die wil je oplossen. Ja. En dat zit er ook soms nog wel in en dat kan ook heel nuttig zijn. Dat is ook af en toe zeker nodig, in acute situaties of bij bepaalde klachten, die je daardoor toch nog kan verhelpen. Want dat vergeten ook heel veel mensen denk ik, dat je bij ouderen ook echt bepaalde klachten zeker nog wel kan verhelpen. Ja. Ik bedoel, ik heb ook wel eens dat ik een schouder, dat ik daar een injectie in heb gegeven en dat iemand daardoor pijnvrij geen pillen nodig heeft. Ja. Nou, dat vind ik heel mooi om te kunnen doen. Maar ik vind het ook wel heel fijn dat, het heeft wel iets dat eigenlijk je als zo'n jonge dokter met een fase van het leven bezig bent, wat allemaal ons te wachten staat. Met de laatste levensfase, met de dood. En dat is heel bijzonder om mee te werken. Denk jij dat je zeg maar anders in het leven staat door jouw werk? Ja, 100%. En weet je, hoe oud ben je eigenlijk? 33. 33? Ja. En dan, je gaat heel vaak om met jouw patiënten dan, van hele oude mensen en die vertellen je verhalen. En dan, daardoor kun je dan beter je eigen leven relativeren of zo, denk je? Ja, soms wel. Soms denk je dan echt, dan maak je iets heftigs mee en dan denk je, jeetje, dan kom je thuis en dan denk je, wat ben je eigenlijk soms met benullige dingen, maak je je zorgen om? Van, of je toiletpapier op is of wat moet ik gaan eten vanavond? Ja. Het doet me, ik heb ook daardoor veel meer over de dood na, kunnen denken. Als kind was ik daar heel veel mee bezig en ook wel erg bang voor geweest. Je maakt nou heel veel, of heel vaak denk ik wel, de dood van dichtbij mee. En dat je ook een actieve rol zeg maar hebt. Precies, ik geloof oprecht dat dat geen toeval is dat ik dan daarom ook met deze doelgroep werk. Een beetje spiritueel al in jouw jeugd. Ja. Of het beroep mij heeft gekozen, zover weet ik niet, maar het is wel dat ik, doordat ik nu zo vaak rouw zie of iemand, ik heb meerdere mensen gehad die in mijn handen overleden. Dus als je zo dichtbij de dood komt, dat ik er wel op een andere manier naar ben gaan kijken. Ja, en dat ik dat heel bevrijdend vind eigenlijk. Ja, dat het ook wel iets heel moois kan hebben af en toe, maar ook heel bijzonder is dat je als dokter zo dichtbij dat proces komt. Ja, maar je bent ook heel verantwoordelijk eigenlijk in dat proces natuurlijk. Als verpleegkundige weet ik, je doet bepaalde dingen, je hebt heel veel verantwoordelijkheden, maar de dokter is toch wel degene die dan heel veel bepaalt en ook wel cruciale dingen. En ook wel, ik weet wel, in het hospice hadden wij een dokter en die was echt heel goed. Die was daar heel goed in. En als een dokter dat niet is, dan is het voor een verpleegkundige ooit wel eens lastig van, hé, moet je die dokter eerst bespelen om de juiste zorg te kunnen krijgen? En ik denk, wat was nou ook mijn vraag, als je dat goed kunt doen als, als dokter, als arts, dus super waardevol voor iedereen die betrokken is bij dat proces. Maar wat maakte dat voor jou dan dat je zei, je zegt van die dokters in het hospice konden dat heel goed, wat was dat dan in jouw beleving? We hadden in het hospice één dokter en die was ook gewoon gespecialiseerd in die terminale fase, zeg maar, waar mensen in komen en die, bijvoorbeeld mensen in de wijk die dan de eigen huisarts hebben, die palliatief op een gegeven moment terminaal, en je hebt dan huisartsen erbij die willen die zorg graag zelf doen, regelen, fixen zeg maar, maar die gaan heel anders om, omdat ze misschien niet genoeg ervaring daarmee hebben. En dat is soms heel frustrerend, want als je dan, ik weet van het hospice dat er, zeg maar, hele andere doseringen werden toegepast om mensen rustig te krijgen of om mensen geen pijn te laten hebben, dan zie je een huisarts iets anders doen en dan zie je dat het geen goed effect heeft op een patiënt, ja, dan is dat frustrerend. Maar zo'n dokter bedoelt dat niet. Hij bedoelt het natuurlijk goed, maar mensen met meer kennis op dat gebied, die kunnen denk ik toch wel beter die doseringen inschatten, zeg maar, voor de mensen. En dan denk ik dat dat wel heel erg waardevol is. Dus er is heel veel verschil in natuurlijk, hè. Zeker, ja. En als je dan misschien te trots bent om een, dan zeg ik het misschien heel zwart-wit, om een patiënt over te geven aan een andere dokter, ja, dat kan ooit wel eens heel lastig zijn, ja. Ja, ja. Is het dan altijd in het belang van de patiënt dat een huisarts dat, het is ook heel begrijpelijk hè, als je als huisarts natuurlijk heel lang een patiënt hebt geholpen. Ja, zeker, daarom hè. Maar het is wel dat je zegt ook, je merkt dat in de praktijk gewoon dat je er tegenaan liep, dat ze er gewoon niet altijd evenveel ervaring mee hadden. Ja, zeker. Je hebt dan zeg maar, je huisartsen die dan niet zoveel ervaring daarmee hebben, die willen het dan graag zelf doen en dan, dan weet je als verpleegkundige hoe het binnen een hospice gaat, of je wordt er anders mee omgegaan met zulke klachten bij mensen en dan, ik ga niet zeggen dat je het dan beter weet als verpleegkundige, maar soms, soms ook wel. En hoe ging je daar dan mee om? Want ik kan me ook voorstellen dat je dus door je ervaring dan wel eens denkt, goh, ik zou het zo doen. Voelde je dan de ruimte om dat aan te geven aan zo'n dokter? Jawel, soms wel, zeker wel. Je hebt zoveel verschillende mensen natuurlijk hè, en soms wel. Soms heeft ook wel eens ooit een dokter gevraagd, wat zullen we dan doen? En dat vond ik mooi. En die nam je mee? Ja, dat vind ik prachtig. Als je zeg maar zo erin staat, maar ook wel eens zegt, nee, zo is het en niet anders. En dan denk ik, ja, dat is, dan weet ik niet hoe het komt. Ik geloof echt dat iedereen met goede intenties in de zorg werkt en denkt dat hij het goede doet, maar het is denk ik heel belangrijk om voor elkaar open te staan, ongeacht hoeveel je gestudeerd hebt of wat precies je vak is binnen de zorg, ja. Ja, ik denk ook dat dat echt essentieel is dat je realiseert dat je het niet alleen kan. En ik heb zelf in het hospice drie maanden mogen werken tijdens mijn opleiding in een joods hospice. Dat was echt super waardevol. Ik ben zelf niet van joods komaf, maar dat was heel mooi om te kunnen meemaken. En daar werkte een huisarts die gespecialiseerd was in palliatieve zorg en ik als specialist oudergeneeskunde opleiding. En er waren een paar andere specialisten oudergeneeskunde ook aan verbonden. Dus het grootste gedeelte van de dokters waren specialist oudergeneeskunde. Ja. En wat bijzonder was dat ik daar ook soms met hele jonge mensen te maken kreeg, die gewoon net zo oud als ik waren. Die gingen overlijden. Die gingen overlijden. Dat vond ik zelf wel ook weer een moment dat ik dacht, ik ben wel heel dankbaar dat ik niet met jongere patiënten werk. Ja, ik vond het heel moeilijk. Ja, dat herken ik wel. Ik kan me herinneren dat er een keer een jongen in het hospice lag die op mijn leeftijd had. Ja, dat is dan onwerkelijk of zo. Dan ga je heel erge dingen op jezelf betrekken. Je bent dan wel professional, maar dan doe je dat toch. Ja. Had je dat ook? Ja, dat herken ik heel erg. Ik heb echt een patiënt gehad dat ik dacht, dat had ik kunnen wezen. Het was alleen dat ik heb dan een dochtertje en dat had hij niet. Maar voor de rest had ik compleet dezelfde persoon kunnen zijn. En hij had het pech dat hij een tumor had waar hij aan kwam te overlijden. En ja, dat het leven dan zo, dat je soms gewoon pech kan hebben. Maar ik vond het heel bijzonder dat in dat hospice werd er zoveel aandacht gegeven aan de beleving van, dat laatste stukje. En er werd daar ook gezegd, het leven wordt gevierd tot het laatste moment. Dat geloven mensen ooit niet hè, bij een hospice. Als ik ooit vertel over het hospice, dat mensen dan, hebben ze zoiets van, oh ja, dan gaat iedereen dood en dan is het heel duister. En terwijl, ja, jij weet het ook, het leven staat nergens zo centraal als in een hospice, denk ik. Nee, nee, zeker. En er wordt ook heel veel gelachen en lekker gegeten en soms zelfs hele mooie muziek gedraaid. En via de wensambulance bijvoorbeeld bepaalde dingen nog gedaan. Ja, dat is ook mooi hè, wat die doen. Ja, ik volg hen ook op LinkedIn en dan zie ik altijd van die mooie foto's van iemand die nog ergens in een bos een laatste picknick doet of dat vind ik zo. Ik vind dat wij in de zorg voor dit soort dingen echt aandacht moeten hebben en niet alleen voor, verder moeten kijken dan alleen de ziekte. En als ik dan terugkijk, heeft dat dus ook meegespeeld waarom ik ooit voor revidatiegeneeskunde koos. Want die kiezen, die werken ook heel vaak vanuit de ziekte. Dus iemand heeft bijvoorbeeld een beroerte doorgemaakt en daardoor beperkingen opgelopen en hoe ga je daar dan vervolgens mee om? En dat is zo'n andere manier van denken en dat is wel denk ik ook lastig dat veel geneeskundestudenten dat niet gewend zijn om te denken. Dus is het ook logisch dat je daardoor sneller voor een beroep zal kiezen later, waar je zes jaar lang wat over te horen hebt gekregen. En daarom kiezen denk ik zoveel mensen ook voor het ziekenhuis. Dat ze denken ja, ik hou van de actie, ik wil mensen kunnen genezen. Ja en dat ik nu wel steeds, ik denk dat het grootste gedeelte van de specialist oudergeneeskunde in opleiding nooit dat van tevoren dacht het te zullen worden. Omdat je in de opleiding er weinig van ziet? Nee, ik heb in Amsterdam naar de UvA gestudeerd. Ik heb geen enkel college van een specialist oudergeneeskunde in zes jaar tijd gehad, maar ook niet van een geriater. Dus ik wist helemaal niks van oudergeneeskunde. Qua specialismes. Ik had er nog nooit van gehoord. En dan is het natuurlijk heel lastig om voor iets te kunnen, wel of niet te kunnen kiezen als je überhaupt niet weet dat het bestaat. Of dat er verkeerde verhalen over bestaan. Dus ik geef nu elke week les, ook op de VU, aan geneeskundige studenten, vlak voordat ze hun stage gaan lopen in het verpleeghuis. En dan vragen mensen ook heel vaak hetzelfde aan mij. Waarom heb jij in godsnaam voor dit vak gekozen? Ja, dat... Het is ook niet voor de hand liggend, hè? Kijk, je bent jong, je bent een man, je hebt ook tatoeages volgens mij. Ja, dat klopt. En dan werk je in de zorg en ook nog eens met oudere mensen. Ja. Ja, dus die vragen krijg je dan inderdaad, van wat maakt het dan? En ik denk dat hoe ouder je wordt, en ik ben helemaal nog niet oud, maar ik sta aan het begin van mijn carrière, maar is dat je wel steeds meer gaat kijken, waar krijg ik energie van en waar word ik gelukkig van? Ja. En voor mij is dat af en toe een onorthodoxe rol van de toekomst. Ja. Dus ik ben een onorthodoxe dokter, gecombineerd met ook een hele pragmatische rol. Dus ik ben af en toe ook een soort huisarts. Alleen dan voor alleen maar ouderen. Dus ik heb ook wel eens een teennagel weggehaald, omdat die een ontstoken teen veroorzaakte. Ja. Of een schimmelinfectie behandelen. Dat doe je ook. Of de diabetes van een suikerpatiënt goed instellen. Dat doe je ook. Ja. En wat vind je nou echt, als je nou heel specifiek kijkt naar jouw vak, wat vind je nou echt het mooiste wat je tegenkomt bij de dingen die je nu mag doen? Wat ik het mooiste vind om te doen, is denk ik iemand in de laatste levensfase, met name het laatste stuk, zo goed mogelijk kunnen begeleiden. Echt het allerlaatste bedoel je? Ja. Ja, dat vind ik denk ik een van de meest waardevolle stukken. Gekombineerd, als tegenhanger, mensen ondersteunen in de thuissituatie. Dus door die constatatieve rol in de eerste lijn. Dat is een soort yin-yang voor mij. De ene kant is eigenlijk het, misschien wel een beetje het tegenovergestelde wat ik ooit heb geleerd. De dood en de dilemma's. Of iemand nog wel of niet naar het ziekenhuis moet gaan. Dat je daar met de familie een heel intens gesprek over kan hebben. Bij iemand die dement is en er niet meer over na kan denken. Of het niet meer kan verwoorden. En dat in tegenstelling tot iemand die dat wel heel goed kan. Ja. Maar net heeft ontdekt dat hij dement begint te raken. En het leven uit zijn handen ziet glippen. En een soort toekomstbeeld voor zich ziet van, oh god, ik moet ooit naar het verpleeghuis. Hoe moet dit allemaal? En daar ook dan in mee te kunnen denken. Ja. En die twee tegenhangers in het vak, dat vind ik eigenlijk heel erg gaaf. Maar goed, ik denk dat we wel een beetje dezelfde missie hebben, zeg maar. Van meer aandacht. Aandacht genereel ook voor de oudere mensen. Voor de zorg voor oudere mensen. Maar heb je daar een idee over? Van hoe kun je daar nou het beste doen? Hoe kunnen we nou zeg maar, je kunt niet mensen overhalen om in de zorg te gaan werken. Daar ben ik echt van overtuigd. Maar hoe kun je nou zeg maar er wel voor zorgen dat mensen, want ik was net zo onwetend als jij eigenlijk. Ik had ook zelfs vooroordelen. Ik dacht saai, oude mensen, wil daar niks mee te maken hebben. Mij is het ook gegrepen. Hoe kunnen we nou zeg maar ervoor zorgen dat we die doelgroep kunnen bereiken? Want er zijn heel veel mensen, denk ik, die nou ook niet weten wat ze willen. Zoekende zijn. Wel een vooroordeel hebben over iets waar ze niet weten. Hoe kun je die mensen triggeren om misschien daar eens over na te denken? Of om het eerst te gaan ervaren? Ja, ik denk twee dingen. Zeg maar lange termijn, korte termijn. Lange termijn om de grootste impact te maken. Nu wordt een nieuw raamplan geschreven voor het geneeskundecurriculum. Dus dat is zeg maar, hoe ziet het curriculum van die hele opleiding eruit? Zijn ze op dit moment aan de tekentafel aan het ontwerpen voor de komende zoveel jaar? Zit jij daarbij ook? Nee, maar er zitten wel grote spelers zoals Nienke Nieuwenhuijzen en ook mensen van het ministerie zitten erbij. Er wordt echt vanuit allerlei vakgebieden over nagedacht. En er zijn ook wel geluiden waarin ze... Ik verwacht ook wel dat er echt een grote verandering daarin gaat plaatsvinden. Tot lange termijn dan, hè? En dan plaats je over tien jaar bijvoorbeeld? Een idee is bijvoorbeeld, nu is het geneeskundecurriculum heel erg ziekenhuisgericht. Terwijl we weten uit onderzoeken dat meer dan een helft uiteindelijk niet in het ziekenhuis gaat werken. Maar huisartsvoort of specialist oudergeneeskunde of arboarts, allemaal buiten het ziekenhuis. Toch is het gek dat we dan de opleiding zo erg ziekenhuisgericht hebben. En ook de coachgrappen is denk ik 80% allemaal ziekenhuisgericht. Je doet allemaal ziekenhuis stages. En het aller allerlaatste stukje, een paar weken, is het verpleeghuis of soms niet eens. In Amsterdam op de VU gelukkig wel. Ik denk dat daar de verandering moet starten. Dus dat je coachgrappen op z'n kop gooit. Dat je het grootste gedeelte allemaal buiten de ziekenhuizen stage loopt bij de huisarts. En dat als je patiënt, je oudere patiënt bijvoorbeeld, een keer een operatie nodig heeft, dat je meegaat. Dat je gaat kijken in het ziekenhuis. En dat je daardoor het stukje van die operatie leert. In plaats van dat je acht weken lang op een afdeling van de CDC staat. Waar je ook heel vaak niet nuttige dingen doet. Dus in de opleiding. Daar moet de grootste slag geslagen worden. Ik denk als je daar meer aandacht voor hebt, dan heb je het profijt voor de langere termijn. Dat veel meer mensen het normaal vinden om met ouderen te werken. En ook buiten het ziekenhuis te werken. Dus dan heb je veel completere dokters. Dus nou ligt voor jou meer de focus op het ziekenhuiswezen en niet op de andere dingen. Daar wordt er dan misschien op het laatst als uitstapje even bijgedaan van dit is er ook nog. Maar dan wordt het automatisch ook als een soort tweede, derde keuze door mensen ervaren. Dat ze denken, nou als het niet het ziekenhuis wordt, dan maar dat. Terwijl het grootste gedeelte uiteindelijk voor de huisartsgeneeskunde kiezen of de oudergeneeskunde. En het achteraf dan vaak zeggen van had ik dit maar eerder geweten. En dus die zoektocht. Ik denk dat je mensen minder zoekende zouden zijn als je een completer beeld in je curriculum neerzet. En een korte termijn oplossing is dat je als eerste stap. Dat je bijvoorbeeld op alle plekken van de, als ik het puur over de dokters heb. Op alle geneeskunde faculteiten een verplicht koosschap oudergeneeskunde zou doen. Dus nu zijn er maar een paar plekken die het doen. Onder andere de VU, Nijmegen doet het volgens mij. En anders is het een onderdeel van een sociale stage. Dus de een komt bij een arboarts en de andere bij een verpleeghuis. Als je dat overal in Nederland doet. Dan weet je zeker dat elke student het in ieder geval een korte fase ziet. Dan hebben ze het ervaren. Precies. En ik denk ook niet dat het nodig is dat iedereen in de oudergeneeskunde gaat werken. Nee. Maar als een chirurg later door heeft van wat er afspeelt in de thuissituatie. Wat heeft geleid tot die heupfractuur. Waarom het zo lastig is om thuis te wonen met dementie. Dan zou je die patiënt ook heel anders benaderen als die opgenomen wordt in het ziekenhuis. En dan zou je ook een andere afweging soms kunnen maken. Van is deze operatie wel op zijn plek. En waar je dat nu niet doet omdat je het niet weet. Je kent het niet. Dat zeg je wel heel mooi. Ook al ga je er niets mee doen. Die ervaring aan zich met die doelgroep gaat je alleen maar een completere dokter maken uiteindelijk. Hoe zou je dat voor de verpleegkundige voor je zien? Nou hetzelfde denk ik. Ik denk vooral dat ook op hbov-opleidingen dat een verplichte ouderenzorg stage goed zou zijn. Gewoon om hetzelfde idee. Dat ze dan uiteindelijk wel een beeld ervan hebben. En of je er in gaat werken ja of nee. Dat ligt aan jezelf. Je kunt niet mensen verplichten tot in de ouderenzorg gaan werken. Maar het is natuurlijk wel zo dat er heel veel ouderen zijn. Mensen houden we steeds langer in leven. Door onze mooie geneeskunde toch. Maar ja die mensen hebben ook zorg nodig. En uiteindelijk hebben we daar wel heel veel mensen nodig. En ik denk dat dat wel heel belangrijk is. En dan op alle opleidingen gewoon. Bij de verzorgende opleiding ben ik er wel van overtuigd. Want ouderenzorg is daar gewoon, daar gaat het heel vaak over. Verpleegkunde is dan toch ook weer heel vaak, oh het ziekenhuis. Jonge mensen die denken ik ga verpleegkundige worden. Waarvan de moeder of vader niet in de ouderenzorg werkt. Die willen in het ziekenhuis werken heel vaak. De actie, daar kun je veel dingen doen. En ik denk dat dat komt ook heel erg door de series. Grace Anatomy en ER of hoe heet die serie. Ik denk echt dat het daar wel mee te maken heeft. De beeldvorming van mensen die is al een beetje gekleurd door de media. En dat is mooi, dat is prima. Ik denk dat er ook een keer een serie over de ouderenzorg mag komen ofzo. Maar zo'n verplichte stage gewoon om het te ervaren vind ik iets heel goeds. Want je kunt mensen nooit verplichten. Maar het ervaren maakt mensen alleen maar rijker denk ik. Ja en ik ben er ook wel eens een keer voor gevraagd. Er was een stelling in een blad dat iemand aan mij vroeg, aan een paar mensen vroeg. Zou je er voor zijn? En dan zei iemand die erop tegen was, die zei dat verplichten zou ik niet willen. Ik noem het ook verplicht, maar het zou eigenlijk de norm moeten zijn. Het is nu de norm dat je stage loopt bij de chirurgie, bij de interne, noem maar op. En het is niet de norm, het is de afwijking, de uitzondering. Dat je een keer in een verpleeghuis een stage zou kunnen lopen. Terwijl daar zal een verandering in moeten plaatsvinden van ook een cultuurshift. Maar ook wat wij uitdragen als dokters. In de ouderenzorg. Dat we ook daar een heel ander beroep hebben dan dat het een paar jaar geleden was. Dus ik denk dat als veel meer mensen weten dat we ook heel veel in de wijk en bij mensen thuis werken. Wat een huisarts heel veel doet, maar wij hebben veel meer tijd en veel meer expertise op een specifiek gedeelte. Dat dat ook heel aantrekkelijk is voor jonge artsen om in te gaan werken. En daar zullen zelfs instellingen, verpleeghuisinstellingen ook naartoe moeten gaan. Dat ze hun dokters die nu allemaal binnen de verpleeghuismuren vooral werken. Dat ze die ook veel meer gaan stimuleren om de wijk in te gaan. En samen te werken met de thuiszorg en de case managers. En de praktijkondersteuner en de huisarts. Daar ligt de toekomst van ons vak. Niet in het verpleeghuis. Daar ben ik echt van overtuigd. Ik vind het wel mooi dat je ook, eigenlijk ook gek dat het de norm is dat je wel op chirurgie en allerlei plaatsen komt. Maar de ouderenzorg een beetje vergeten is. Terwijl het is niet zeker dat je ooit in je leven een chirurgische behandeling nodig hebt. Maar we worden allemaal ouder. Tenminste die kans is groter verwacht ik. En daar is dan weinig aandacht voor. Oké, nog een laatste dingetje. De toekomst. Ik ben best wel positief over de zorg. Ik denk dat het allemaal goed komt. Niet zonder enige inzet. Hoe kijk jij naar de toekomst van de zorg? Want er zijn nu een hoop problemen. Veel in de media. Wet, zorg en dwang. Wet, zorg en dwang is ook een dingetje. Zoals ik vandaag. Hoe zie jij de toekomst? Ja, ik denk dat er heel veel gaat gebeuren. En ik denk dat er ook veel gaat innoveren in specifiek de ouderenzorg. Dus dat we een hele andere manier van werken gaan nodig hebben. Maar ik zie dat heel positief in inderdaad. Ik denk dat we allemaal onze schouders eronder moeten zetten. Mijn collega's en wij hebben het heel zwaar. Werkdruk en het kan niet meer. Dat is een signaal dat we afgeven met z'n allen. Hoe zit dat bij jullie? Ja, dat wordt ook op een vergelijkbare manier wel gedaan. Of dat ze zeggen, we kunnen niet... Hoe kunnen we zo direct de toekomst aan? Met de tekorten die we hebben. De babyboom generatie gaat massaal met pensioen. En daar is een hele... Dat kunnen we letterlijk qua aantal mensen niet... Ook al zou iedereen voor de oudergenees kunnen kiezen. Zou je dat niet kunnen compenseren. Nee, dus we moeten wel iets doen. Daarom moet je de manier van werken ook gaan veranderen. Dus daarom zie je in de ouderenzorg ook dat we... Vaker met verpleegkundige specialisten gaan werken. Of physician assistants. Of dat we vaker met basisartsen werken. Of ook praktijkverpleegkundigen. Dus dat we veel meer een andere manier van hoe je je werk inricht. Taakdelegatie, taakherschikking. Dat dat ook heel erg belangrijk is. Maar dat betekent dat dokters ook soms moeten loslaten. En verantwoordelijkheden moeten kunnen loslaten. Dat is denk ik niet voor iedereen even makkelijk. Maar het is onvermijdelijk. En als dat gebeurt. En ook op het stuk op de geneeskunde faculteiten. Gaat omdraaien. Dat de focus een andere focus wordt. Meer gericht op de eerste lijn. Dat we ook zien dat je in die laatste levensfase. Eigenlijk nog heel veel mooie dingen kan bereiken. En ook zelfs nog wel op curatief. Dat je dingen kan behandelen. Maar dat je beter kan afwegen. Wanneer stuur je nou iemand wel of niet in. En dat je er vroeger ook over gaat praten. Samen met de huisarts. Samen met de familie. Dan kun je heel veel dingen voorkomen. Dan kun je de crisisopnames vaker voorkomen. Dan komen mensen niet zomaar altijd op de spoedeisende hulp. Omdat het ineens niet meer gaat. Nee, je hebt daar in een vroeger stadium eigenlijk al over nagedacht. Dat is denk ik waar de toekomst naartoe gaat. En wat denk ik echt een heel mooi onderdeel is van ons vak. En ik denk dat er veel dokters zijn. Die eigenlijk ook dat stiekem wel willen. Mee willen werken aan innovatie en verandering. Merk je een verschil tussen de nieuwe generatie dokters. En de wat oudere generatie dokters. Wat is daar het grootste verschil tussen die twee groepen? Ik weet niet waar je de lijn moet trekken hoor. Ja, ik denk dat je zeker wel een verschil merkt. Kijk, bijvoorbeeld hè. De dokter. Als je kijkt binnen mijn collega's. De verpleegkundige verzorgen. Die het gewoon een beetje eng vinden om de dokter te bellen. Want de dokter is toch wel een man of een vrouw. Maar die weet het allemaal. En zo denken wij dan hè. Heb jij dat ook? Nou ja, niet meer zo. Maar ik weet wel dat ik de eerste keer een dokter moest bellen. Vond ik toch een beetje eng. Ik heb ook wel eens een dokter aan de telefoon gehad. Die niet zo aardig deed. En dan denk ik. Ja, dan vormt je dan wel natuurlijk een beetje van. Als je dan de reactie krijgt van. Ja, raar dat je dat vraagt. Gewoon heel kort afdoen. Maar ik heb merendeel van de dokters die ik heb gesproken. In mijn loopbaan tot nu toe. Vonden het juist super leuk. Als ik een vraag stelde. Dat ze mij dingen uit konden leggen. Dus ik snapte ook. Voor mij is die angst er niet meer. Maar ik merk wel dat er nog best wel veel is. Dat ze de dokter toch op een soort voetstuk plaatsen. Van oh, die weet eigenlijk alles wel. En ik moet maar geen domme vragen stellen. En ja, die zal het wel druk hebben. Snap je wat ik bedoel? Ja, zeker. Dat er een soort kloofje is of zo nog steeds. Tussen de verpleegkundige, verzorgende, helpende, maakt niet uit. En de dokter. Ik denk dat er zeker een groot verschil daarin is ontstaan. Ook zelfs in het ziekenhuis. Dat je daar een verschuiving ziet. Bij bepaalde specialismen is het nog wel wat meer hiërarchisch. Bij de chirurgie echt wel wat meer. Als co-assistent mag je op bepaalde plekken zomaar niet gaan zitten bijvoorbeeld. Dat mag niet? Nee, dan hoort daar de specialist te zitten. Op een stoeltje ergens. Dan zit je op de befaamde co-assistent. De kruk. Dat verandert wel steeds meer. En ik denk dat er wel steeds meer een teamgevoel is. Alleen al onder de artsen ook. Maar richting verpleging? Maar richting verpleging zie ik zeker een verandering. Als ik naar mezelf kijk. Als ik bijvoorbeeld visite doe met een verpleegkundige. Dan vraag ik heel uitgebreid vaak hoe zij het zien. Of zij vinden dat het heel anders gaat. Of dat zij zich zorgen maken. Of waar denk je zelf aan? Ik nodig ze heel vaak uit om zelf ook over die dingen na te denken. En ik hang dan ook op dat moment aan hun lippen. Omdat ik ook nog maar in de startblokken sta. Ik heb wel een hele berg aan kennis. Maar het is ook deels geleerd uit boeken. En soms heb je een verpleegkundige waar je mee samenwerkt. Die al twintig jaar patiënten helpt. En veel meer daarover weet dan ik. En ik weet bepaalde links te leggen of een plan te maken. Maar we hebben elkaar daarin nodig. Dus ik denk dat dat wel heel belangrijk is. Dat ik die samenwerking altijd probeer op te zoeken. Ik denk niet dat dat wel een leeftijd ding is. Dat oudere artsen dat niet per se doen. Maar je moet je wel voorstellen dat zij in een cultuur zijn opgegroeid. Qua geneeskunde student als dokter. Waar dat wel veel meer heerste nog. Ja sowieso. Als ik kijk naar oudere mensen. Ik heb ooit een mevrouw gehad. Weet ik nog goed. Dat was een mevrouw met dementie. En die nam mij niet voor serieus aan. Toen heb ik een jasje aangedaan. Een wit jasje. Want op die afdeling waren geen witte jasjes. Heb ik een stethoscoop omgehangen. Toen ben ik naar haar toe gegaan en heb ik nog even gevraagd. Ik weet niet meer waar het over ging precies. Maar toen was het, oh dat is de dokter. En ze stond op. Ze was gevallen en ze wilde niks weten. En toen was het in een keer goed. En dat vind ik wel mooi. Dat een dochter toch wel voor deze mensen heel veel respect krijgt. Ik heb ook heel veel respect voor alle artsen. Want het is natuurlijk een super verantwoordelijk beroep. Je redt levens. Je maakt levens beter. Je laat het einde van een leven prettiger en mooier verlopen. Dat is toch je taak denk ik. Als ik het zo even samenvat. Dus je bent super verantwoordelijk. Het is gewoon heel mooi. Heb je zeg maar een tip voor. Alle dokters in Nederland. Heb je zeg maar tips gezien in de toekomst. Van wat is nou het belangrijkste in de zorg om te doen op dit moment. Wat we met z'n allen eigenlijk al vanaf morgen kunnen gaan doen. Zodat we een toekomstbestendige zorgsector hebben. Complexe vragen. Zo ja, dat is een grote vraag. Kun je morgen in de Tweede Kamer? Dan krijg ik het telefoontje van minister De Jonge. Ja. Als ik hem iets kleiner zou maken. Specifiek in de ouderenzorg. Denk ik dat het belangrijk is. Dat we ons allemaal moeten realiseren. Dat onze doelgroep op een hele andere plek woont. Dan waar we nu onze focus op leggen. Dus we focussen ons in de ouderenzorg breed. Voornamelijk op hoe regelen we dit nou goed in het verpleeghuis. En ik denk dat we veel meer moeten gaan kijken. Hoe zorgen we dat we complete zorg leveren bij mensen thuis. En ervoor zorgen dat we veel meer gaan samenwerken. Dus ik hoop. Ik denk dat het toekomstbestendig is. Dat we veel meer gaan samenwerken bij mensen thuis. En dat ik als dokter in de ouderengeneeskunde. Ook veel intensiever ga samenwerken. Met alle partijen die daar betrokken zijn. En als we dat allemaal doen. Dat we veel mensen een mooiere tijd thuis kunnen gunnen. Door samenwerking. Door samenwerking. Daar sluit ik helemaal bij aan. Ik denk dat het zo belangrijk is in de zorg. Dat je niet onafhankelijk wil zijn. Of alles zelf wil doen. Maar gewoon die wederzijdse afhankelijkheid. Dat dat gewoon heel mooi is. En dat je uiteindelijk het toch samen moet doen. En dat je alleen samen. De juiste zorg kunt leveren denk ik. Want je kunt het niet alleen doen. En dat hoeft ook helemaal niet. Nee en ik denk dat dat ons vak juist zo mooi maakt. Ik vind het ontzettend. Ik ben juist heel dankbaar. Voor de dingen die een thuiszorgverpleegkundige doet. En ik denk dat dat heel belangrijk is. En ik denk dat dat heel belangrijk is. En ik denk dat dat heel belangrijk is. Omdat als ik vraag of ze nog vaker kunnen komen. Omdat iemand dan wat meer structuur heeft. Bijvoorbeeld die dement is. Of daardoor veilig zijn medicijn ineens inneemt. En daarover spart met elkaar. Of dat haalbaar is. En ook met familie over nadenkt. Dat vind ik veel waardevoller. Dan dat ik op een papier een medicijn voorschrijf. En denk dat daardoor is. Die blaasontsteking ineens verholpen. Ik denk dat het veel waardevoller is. Om te kijken. Verder dan alleen de ziekte. En ik heb. De thuiszorgmedewerker net zo hard nodig. Als dat zij mij. Of een huisarts ook nodig heeft. En als we dat beter realiseren. Dat we niet allemaal. In onze eigen eilandjes denken. Denk ik dat je de oudere zorg. Veel behapbaarder maakt. En zal dat. Uiteindelijk ook leiden tot successen. Waardoor misschien in de politiek. Maar ook vanuit andere. De zorgverzekeraar. Instillingen dat ze ook. Een cultuurshift zullen gaan zien. En zullen gaan zien dat je daar dus ook. Veel meer kan gaan investeren. En kan vertrouwen dat je het anders kan gaan inrichten. Vertrouwen is ook een ding. Ja. Vertrouwen. We hebben het over de bureaucratie. En daar zul je ook last van hebben denk ik. Dat is ook wel met vertrouwen te maken. Ik denk wel zoiets van. Laat dingen toch een beetje los. Alles registreren en aftekenen. En vastleggen en aanvullen. Sowieso die mappen die er nog steeds zijn. Die papieren mappen. Ja. Dat heeft ook met vertrouwen te maken denk ik. Alles aftekenen. Heb je daar ook last van in jouw werk? Dat je heel veel moet verantwoorden. Die mappen daar moest ik wel bij lachen. Want voor mij is dat soms ook wel handig. Want ik kom weleens bij iemand. En dan kan ik daar toch een deel van de informatie in vinden. Maar ik snap heel goed wat je bedoelt. Dat het op een gegeven moment voorbij gaat. En dat ook bijna een soort wantrouwen aanwakkert. Ik moet blijkbaar verantwoorden. Of ik mijn werk wel goed doe. En wij moeten het ook veel voor de financiën. Om te kijken dat je wel goed wordt betaald. Voor de consulten die je bijvoorbeeld doet. Of de tijd die je aan een bepaalde behandeling besteedt. Ik denk dat dat niet het doel op zich zou moeten zijn. Het doel op zich is dat je iemand goed wil helpen. En als je meer tijd kwijt bent met registreren. Dan met eigenlijk iemand helpen. Dan is er iets fout. Dan is er iets fout gegaan. Is dat momenteel zo? Dat je meer tijd bent? Nou, dat hoor ik heel veel van verpleegkundigen. En thuiszorgmedewerkers. Daarom is er volgens mij dat minister De Jonge daar ook veel mee bezig is gegaan. En dat er geluiden zijn om meer dingen af te schaffen. Vraag me af of dat in hoeverre dat in de praktijk dan ook al meteen voelbaar is. Dan valt het mee. Ja, valt mee. Ik denk dat er heel veel dingen veel makkelijker afgeschaft kunnen worden. Bijvoorbeeld die 5 minuten registratie. Die kan echt in mijn beleving. En ik denk dat heel veel mensen het daar misschien wel niet mee eens zijn. Maar die kan morgen al stoppen. Kunnen ze gewoon ergens anders regelen. Bij een zorgverzekeraar. Iemand heeft een indicatie van 4 uur per week bijvoorbeeld. Jij geeft ook zulke indicaties af. Ja, zeker. Stel je voor, iemand heeft een indicatie van 4 uur per week. Dus die mag 4 uur per week zorg krijgen. Ik begrijp zelfs dat daar bijvoorbeeld een half uurtje van gereserveerd moet worden. Voor handelingen die gedaan moeten worden voor iemand. Maar 3,5 uur per week, daar is het gewoon. En dan kun je gewoon leveren die zorg. En huis je in, huis je uit op je telefoon om te registreren hoeveel minuutjes je ergens bent. Is dan niet nodig denk ik. Nee. Ik weet zeker als je aangeeft aan collega's. Nou, je hebt daar ongeveer een half uur. En als je nou structureel merkt dat het veel langer duurt. Geef het even door. Gaan we eventjes met de dokter in gesprek. Of met iemand anders die de indicatie mag aanvragen. Een wijkverpleegkundige om deze op te hogen. Maar dat je niet meer steeds als. Ik denk dat het gewoon makkelijk realiseerbaar is. Dat zeg maar een zorgverlener. Een verzorgende die gewoon bij mensen thuis komt. Dat die niet meer alles zelf moet registreren. Dat stukje. Op hun telefoon. 10 minuutjes meneer Jansen. 20 minuten mevrouw Jansen. En een half uur meneer Pieterse. Dat als dat stukje al weggaat. Ik denk dat dat voor een hoop rust zorgt. Tenminste voor mij he. En denk je dat dat ook uiteindelijk meer. Zal het ook een ander effect hebben dan alleen. Meer tijd voor de patiënt. Zal het ook nog een invloed kunnen hebben. Op hoe mensen het vak zelfs ervaren. Ja ik denk juist dat. Kijk die tijd blijft hetzelfde natuurlijk. Maar het feit dat je weet dat ergens 10 minuten voor staat. Geeft bij heel veel mensen al een bepaalde druk denk ik. Ik weet nog goed dat ik net in de zorg werkte. En ik wist. Dat staat 10 minuten voor die persoon. En ik was al 12 minuten. Had ik de rest van mijn route haast. Is raar natuurlijk. Nu weet ik hoe ik daar mee om moet gaan. Maar waar heel veel mensen natuurlijk nog wel zo is. Dat je denkt oh ik ben toch over de tijd heen. Dan moet ik bij de volgende maar wat sneller gaan. En als je dan al je route op die manier begint. Dan denk ik van ja die tijd is een indicatie. Dus laat die tijd even voor wat het is. En ga gewoon je werk doen. En als je nou echt merkt. Nou bij die persoon zijn we steeds zo lang bezig. Omdat er iets aan de hand is. Regel het met zijn allen. Maar dat je niet steeds meer. Terwijl je aan het bed staat. Om maar zo te zeggen. Je telefoon erbij moet houden. Van hoe lang ben ik hier. Dat vind ik niet nodig. Nee. Maar ook voorstellen dat je gewoon minder aandacht hebt. Voor echt letterlijk ook delen van je werk. Dat je net even die. Dat stuk van de wond. Of een handeling. Of die patiënt angstig is of niet. Dat je daar allemaal minder aandacht voor hebt. Omdat je eigenlijk een beetje in je achterhoofd. Met iets heel anders bezig bent. Ik denk wel. Ja inderdaad. Als je zeg maar achterloopt. Om maar zo te zeggen. Dan krijg je haast. En dan heeft dat echt effect op hoe je je werk doet. En ik ben er echt wel van overtuigd. Dat iedere zorgverlener. Je bent verzorgd. En dan waar je gewoon mee doorgaat. Maar dan nog. We hoeven die werkdruk niet te ervaren. En ik denk dat ligt ook een beetje aan jezelf. Hoe je bent. Maar ook wel een beetje aan het systeem. Waarin wij nu moeten werken. Maar al met al werken in de zorg blijft mooi. Dat vind ik gewoon zo. En. Ja want je ziet hier ook kans in. En eigenlijk heel praktisch gewoon. Zijn het helemaal niet zulke grote stappen zeg jij. Ik denk van niet. Ik denk gewoon. Kijk die uren die moeten ergens geregistreerd worden. En dat kan iemand op het hoofdkantoor ook prima doen. Door gewoon alles op oké te zetten. En mocht het dan. Oké tenzij. Ja inderdaad ja. Ja oké tenzij. Zorg en dwang. Nee ik denk. Ik denk echt. Dat dat wel anders te realiseren is. Dat je zeg maar wel zo'n telefoon hebt. Waar je in je dus kunt zien. Naar wie moet je toe. En wat moet je daar doen. En hoe gaat het nu met die persoon een beetje. En wat is daar het beeld. En dat je dan vervolgens binnenkomt. En dat je daar gewoon. Zonder een map te zoeken. Of zonder ergens formulieren in te vinden. Dat je gewoon met die persoon samen kunt zijn. En dat je dan kunt kijken. Hoe kan ik op dit moment het beste voor diegene zorgen. En of dat nou een douche is. Of iets anders. Maakt niet uit. Dat kan een zorgverlener goed zelf. Bepalen denk ik. Samen met die persoon. Op dat moment. Ja. Ik denk wel dat het te realiseren is. Dat denk ik zeker. Ik weet eigenlijk niet eens. Hoe lang we nou hiermee bezig zijn. Met deze podcast. Er staat hier geen tijd in beeld. En ik vind het een leuk gesprek. Maar hoe lang duurt zo'n podcast eigenlijk. Weet je dat. Ja. Een half uur. Een uur. Kan van alles. Ja. Oké. We zien dadelijk hoe lang het is geweest. Ik vind het in ieder geval een super leuk gesprek. Feliciteerd. Ja. Het is mijn eerste keer dat ik een podcast opneem. Met Olaf Schut. Hier in het mooie Nuland. Sint Jozefwoord. Ja. Heet het he. Ja. Ik vind het echt respect voor deze mensen hier. Omdat we vandaag gewoon nog hier gewoon mochten gaan zitten. In een vergaderruimte. Met twee microfoons. Praten over de zorg. En ik hoop dat de mensen met een beetje plezier hebben geluisterd. Hoop ik ook. Wat vond je ervan? Ja. Ik vond het leuk om te doen. Dank je wel. Dat ik het ook samen in dit gesprek kan hebben met jou. Dit is de eerste keer. En daar gaan we gewoon nog een keer over doen. Goed? Lijkt me goed. Oké. Nou. Dan ga ik het nou beëindigen. Dank je wel. Jij ook bedankt voor jouw input. Graag gedaan."
seksuele-voorlichting.mp3,interviews,Whisper-large-v3-fast,82.5,39.8505893909628,100,92.7917485265226,5020.3125,4774.088531434185,323.46662325687174,"Uit nieuwe cijfers blijkt dat het aantal infecties zoals gonoreu en syphilis in tien jaar tijd fors zijn gestegen. Ook in Nederland maken deskundigen zich zorgen. Volgens onderzoekers spelen meerdere factoren een rol. Het condoomgebruik daalt, mensen laten zich steeds minder snel testen en betrouwbare informatie over SOA's wordt steeds minder gevonden. Maar hoe staat het er eigenlijk voor in studentenstad Groningen? Welke SOA's komen het meest voor en wanneer is het verstandig om je te laten testen? Daarover ga ik vandaag in gesprek met Mariette van de GGD Groningen. Ik ga er even op bellen. Met Mariette, afdeling seksuele gezondheid GGD Groningen. Hoi Mariette, je spreekt met Madelief van Spot TV Groningen. Hoi, hoi. Ten eerste heel erg bedankt dat je even tijd voor ons hebt vandaag. Zou je jezelf kort kunnen voorstellen en vertellen wat jouw rol is binnen de GGD? Zeker. Ik ben dus Mariette en ik ben werkzaam als verpleegkundige op de afdeling seksuele gezondheid hier van de GGD. Waar wij ons bezighouden met alles wat met seksuele gezondheid te maken heeft. Voor de gehele provincie. Dus dat kan gaan. Om het doen van SOA-testen, seksualiteitsproblematiek, seksuele gezondheid, noem maar op. En we zien de laatste tijd berichten over een stijging van het aantal SOA's. Is dat iets wat jullie ook opvalt? Ja, er is inderdaad heel wat aandacht momenteel voor het feit dat er meer SOA's zijn. Het is wel iets wat wij zien, maar wij zien het al wel een wat langere tijd. En wat daar misschien wel goed is om te benoemen is. We zien nog steeds dezelfde SOA's en het is ook nog steeds iets zo dat de meeste, de grootste SOA die gevonden wordt, dat is chlamydia. Dus die vinden we nog steeds het meest. Maar er zijn een bepaald aantal SOA's waar we nu wat meer besmettingen van zien dan voorheen. Dus daar is wel een lichte stijging in te zien. Zou je daar eens wat meer over kunnen vertellen? Ja, tuurlijk. Nou, we zien voornamelijk dat onderdeel en syphilis nu wat aan het stijgen zijn. Dus voorheen, we zien eigenlijk altijd al wel veel chlamydia besmettingen. Maar we zien dus nu ook wel wat meer gonoreu en syphilis. En dat is eigenlijk sowieso landelijk wel te zien, maar ook al in heel Europa. Maar dat is dus ook al wel van het afgelopen jaar dat dat aan het spelen is. Dus het is niet dat er nu opeens een enorme uitbraak is of zo. Het speelt al wat langer en het is gewoon een geleidelijke stijging. Dus het is ook niet dat er nu in Groningen een enorme uitbraak van SOA's is. Maar ja, het is wel iets wat wij opmerken. Ja. En waarom denk je dat dat nu dan past? Zo onder de aandacht komt in het nieuws als je zegt van het is eigenlijk al een jaar gaande? Ja, dat is wel een hele goede vraag. Dat is ook wel interessant. Ik denk omdat er een Europees onderzoek is uitgekomen waarin dit wordt benoemd. En dat dat dan toch iets is waar mensen op aanstaan. Wellicht ook wel wat angst voor hebben. En dat er daardoor ook dan gewoon media aandacht voor komt. Dat het dus eigenlijk al iets is wat wij al wel wat langer zien. En hoe staat het er op dit moment? Hoe staat het er voor in Groningen? Want je zei al even die stijging is hier ook te zien. We hebben natuurlijk een studentenstad met een studentencultuur. Hoe staat het er voor hier bij ons? We zien dus ook in Groningen wel dat Gronereu wat meer stijgt onder jongeren. Maar überhaupt onder mensen en de syfilis ook wel wat. Nu is syfilis nog steeds iets wat we voornamelijk vinden bij mannen die seksen met mannen. En Gronereu wel onder alle doelgroepen die wij zien. Ja. Maar ik denk dat... Kijk, het is altijd vervelend dat SOA's stijgen. We willen het liefst dat er zo min mogelijk SOA's zijn. Want SOA's, nou die brengen zorgen met zich mee. Die kunnen gezondheidsregio's met zich meebrengen. Dus dat is natuurlijk nooit wenselijk. Maar het is niet dat het nu zo de spuigaten uitloopt dat wij het hier in Groningen denk ik heel slecht doen. Maar ja, wat je zegt, wij zijn wel een studentenstad. Het kan zijn dat er natuurlijk hier veel onveilige seks plaatsvindt. Maar het is nou niet zo dat wij als Groningen het zo veel slechter doen. Of dat het hier heel opmerkelijk is dat het hier extra is dan in de rest van Nederland of van Europa. Dat is een geruststellende gedachte, denk ik. Dat het hier niet zo de hand op de spuigaten uitloopt dat men alleen maar naar Groningen kijkt. Nee, nee hoor. Dat is helemaal niet nodig. Want zijn er bepaalde leeftijdsgroepen waarin de stijging het hoogst is of het meest te merken is? Ja, daar kunnen wij eigenlijk niet heel veel over zeggen. Kijk, wij zien eigenlijk alle leeftijden wel vanaf dat mensen een beetje seksueel actief worden. Dus dat kan beginnen vanaf veertien en dat gaat echt door tot in negentig. En al die leeftijdsgroepen zien wij ook. Dus wij kunnen niet per se, en heel veel wordt natuurlijk ook nog steeds bij de huisarts gezien. Of mensen doen thuis online testen. Dus wij kunnen niet echt per se. We kunnen niet per se iets zeggen over in welke leeftijdsgroep dat nou meer voorkomt. We zien overal wel dat soms wat meer stijgen. Dus dat is bij studenten, maar dat is ook bij mensen die ouder zijn en bij volwassenen. Ja, oké. Want merk je dat jongeren dan anders omgaan met seks en bescherming dan bijvoorbeeld een aantal jaar geleden? Nou, we zien wel vanuit cijfers dat condoomgebruik echt wel wat aan het afnemen is. Dus er wordt onder zoveel jaar een onderzoek uitgevoerd dat heet seks onder je vijfentwintigste. Nou, bij. Veel is een beetje hoe het ervoor staat met de seksuele gezondheid van jongeren. En daarin zien we wel dat er een daling te zien is in het gebruik van condooms. En dat kan natuurlijk ook weer met zich meebrengen dat we nu meer soa's zien. Dat zou wel een logisch gevolg zijn natuurlijk. Dus voorheen was het toch wel wat gebruikelijker om een condoom te gebruiken. Ik denk dat dat voorheen en al helemaal jaren geleden sowieso al wat normaler was. Maar dat wordt dus toch steeds wat minder sexy. Terwijl er eigenlijk heel veel van deze dingen voorkomen kunnen worden als mensen wat meer condooms zouden gebruiken. Maar ook dat het niet gebruik van condooms, dat zien we eigenlijk ook weer bij bijna alle leeftijden wel terug. Dus het is niet zo dat studenten daar echt het grote probleem in zijn. Misschien überhaupt dat condoomgebruik wat aan het afnemen is, wat minder sexy wordt gezien. Want wat denk je dat de verklaring is dat het condoomgebruik zo afneemt? Ja, dat vind ik best wel moeilijk om te zeggen. Ik denk dat het voornamelijk wellicht te maken heeft met het feit dat er minder campagne op wordt gevoerd. Dus vroeger had je echt grote condoomcampagnes, werd er heel veel aandacht aan besteed tijdens seksuele voorlichting. Was het dus veel meer een besproken onderwerp, echt wel een beetje een hot topic. En dat ging natuurlijk zo goed dat ze toen gedacht hebben, denk ik van nou, dat is niet meer nodig. En nu zien we dus ook dat er al best wel een tijd niet echt condoomcampagnes hebben plaatsgevonden. Dat het wellicht ook de seksuele voorlichting wat aan het veranderen is. En dat dat dus wellicht nu tot gevolgen heeft dat mensen minder condooms gebruiken. Op wat voor manier verandert de seksuele voorlichting dan? Nou, ik weet niet. Ik denk dat we er voorheen gewoon wat meer aandacht aan besteden. Dus misschien dat scholen er steeds meer voor kiezen om de seksuele voorlichting zelf te geven. Wij hebben überhaupt ook in Groningen minder capaciteit om langs alle scholen te gaan natuurlijk. Maar er is ook wel een beetje verschuiving. Om te zien dat het wellicht allemaal wat preutser wordt. En ja, eigenlijk is er eigenlijk, dat is wel van alle tijden, dat er tijdens seksuele voorlichting op school is er heel veel aandacht voor de praktische zaken. Dus wel zoals bestaan, je kan zwanger worden, seks is eigenlijk hartstikke eng, begin er maar niet aan. En veel minder, hoe bereid je jezelf goed voor en hoe zorg je ervoor dat seks leuk is. En nou ja, wij zeggen ook wel, leuke seks is seks zonder zorgen. Maar daar is eigenlijk weinig aandacht voor. Wat eigenlijk heel jammer is. En wellicht als jongeren toch beter voorbereid hun seksuele carrière ingaan. En daarmee ook meer oog hebben voor, nou, ik vind het belangrijk om mezelf te beschermen. Ik vind het ook leuk om zorgloos seks te hebben. Dus ik pak er vaker een condoom bij. Is er dan wel voldoende kennis over SOAS? Of zien jullie ook nog vaak misverstanden? Nou, ik heb wel het idee dat er op zich best wel wat kennis is. Maar ja, helaas zien we ook nog steeds wel wat misverstanden. En dat heeft dan voornamelijk te maken met hoe kan je een SOAS, hoe kan je een SOAS oplopen? We horen soms echt nog wel verhalen van, nou, kan ik dan een SOAS krijgen van de wc-beel? Of opzoenen? En dat zijn hele goede vragen om te stellen. En we zien toch ook wel nu met de verschuiving van het testen op chlamydia, dat heel veel jongeren dan nu opeens denken, nou, chlamydia is helemaal niet meer gevaarlijk. Dus daar hoef ik me helemaal niet meer voor te testen. Terwijl, ja, dat is eigenlijk niet waar. Het is wel nog steeds belangrijk om je te testen als je klachten hebt. Of als je wat de partner bijvoorbeeld chlamydia heeft. Want een chlamydia met klachten kan nog steeds wel gevolgen hebben voor je gezondheid. Wanneer is het verstandig om je te laten testen? Nou, dat is voornamelijk verstandig als je klachten hebt. Dus merk je iets op, denk je, dit voelt niet helemaal pluis. Ga dan zeker testen. Maar ook als je bijvoorbeeld een waarschuwing hebt gekregen. En ik denk dat het überhaupt verstandig is om je bijvoorbeeld elk half jaar of elk jaar wel te testen. Testen als je onveilige seks hebt. Dus heb je regelmatig onveilige seks, nou, dan is het misschien toch verstandig om je elk half jaar tot jaar te testen op SOA om er zeker van te zijn dat je niks hebt. Maar het is voornamelijk belangrijk om te komen testen als je ook echt daadwerkelijk klachten hebt of een waarschuwing hebt gekregen. Ja, ja, wat gebeurt er als een SOA niet op tijd wordt ontdekt of behandeld? Ja, dat is een hele goede vraag. Nou, en dat dat verschilt een beetje per SOA. Dus een chlamydia zonder klachten. Dus dat is een hele belangrijke. Een chlamydia zonder klachten, dat kan niet heel veel kwaad. En dat ruimt je lichaam ook gewoon vanzelf op. Heeft ook niet meer die hele schadelijke gezondheidsrisico's die voorheen wel verteld werden. Dat is wel wat anders met een gonoreu. Dus een gonoreu is natuurlijk ook een SOA. Kan nog steeds bestaan, ook zonder klachten. Maar een gonoreubesmetting wordt eigenlijk niet zo goed door het lichaam zelf opgeruimd. Dus daarvoor is het wel belangrijk om te testen. En loop je heel lang. Rond met een gonoreu of heb je een chlamydia met klachten. Ja, dat is voornamelijk gewoon vervelend voor de cliënt zelf. We zien eigenlijk pas dat SOA's echt invloed kunnen gaan hebben op je gezondheid. Als je meermaals een SOA hebt gehad met klachten. En dan kan het zijn dat dat voornamelijk bij vrouwen wat effect kan hebben op de vruchtbaarheid. Ook dat is wel, daarom is het ook wel zo belangrijk om je te beschermen tegen SOA's. Door middel van condooms. Dat er toch heel veel mensen zijn. Die toch wel echt een kinderwens hebben. Maar het is dus wel niet zo, we willen wel een beetje weghalen van oh, wees maar super bang. Want het is echt niet dat je in één klap onverruchtbaar wordt. Dat denken ook wel heel veel mensen. Maar het is zeker wel belangrijk om je te beschermen. Omdat dus vaker een SOA hebben, wel daadwerkelijk daar effect op kan hebben. Ja. En ik denk dat het goed is dat je dat ook zo benoemd. Omdat ik inderdaad ook in mijn omgeving dan hoor van oh, met chlamydia dan hoef je nu niet meer te behandelen. Hoef je geen kuurtje meer. Dus het kan allemaal niet zoveel kwaad. Als je een keer chlamydia krijgt. Maar dat is dus niet waar. Nee, dat is toch wel wat genuanceerder dan die uitspraak van oh, ik heb chlamydia, dat boeit allemaal niet meer. Want ook al heb jij zelf geen klachten. Dan kan je het nog steeds aan iemand anders geven. En die kan wel klachten krijgen. En heb je dus een chlamydia met klachten. Ja, dan kan het nog steeds zeker wel een gezondheidsrisico met zich meebrengen. Ja. Ik denk heel goed om te weten. Dan zou ik graag willen afsluiten met de vraag. Wat is volgens jou de belangrijkste boodschap over veilig seks hebben. Je laten testen op soa's. Voor de mensen die hier misschien naar kijken. Ja, nou ik denk eigenlijk dat het heel goed is dat we condooms weer een beetje gaan promoten. En ik weet dat heel veel jongeren, maar überhaupt mensen denken van oh maar condooms daar is toch helemaal niks aan. Maar daar is echt nog heel veel in te experimenteren. En ook heel veel in te doen als we bijvoorbeeld zitten niet lekker. Kijk een keer naar een andere breedte maat. Ben je bang voor de kosten. Je hoeft echt niet altijd de Durex condooms te doen. Kruidvat eigen merk is net zo goed. En dan ben je voor 3,50 euro. Heb je al een pakje condooms. En voornamelijk ook leuke seks is seks onder zorgen. En heb je seks gehad en heb je toch die zorg van oh heb ik misschien een soa. Dat heeft toch invloed op die hele ervaring. Doe je het veilig. Heb je het vaak ook leuker. Hoef je die zorgen niet mee te dragen. En heb je toch een keer dat je denkt dit is niet helemaal goed gegaan. Of ik wil me toch even laten checken. Nou dan kan je altijd bijvoorbeeld op onze website kijken voor meer informatie. En dan kunnen we altijd met mensen meekijken of ze bij ons kunnen komen soa testen natuurlijk. Ja want waar kunnen mensen terecht voor betrouwbare informatie of een test? Nou betrouwbare informatie sowieso altijd op onze website. Dus als je gewoon naar GGD Groningen gaat. En dan klikt op seksualiteit. Dan kom je bij onze pagina. Nou daar staat heel veel informatie. Je kan altijd bij je huisarts terecht voor gewoon goede soa testen. Je kan ook bij sommige online aanbieders. Dus bijvoorbeeld soa polynoord is een hele goede die wij veel aanraden. En dus vooral je bij ons in onze doelgroep. Dan kan je ook bij ons komen testen. Alleen ja bij ons is er gewoon maximale capaciteit. Wij kunnen helaas niet heel Groningen zien. Dus maak je echt heel veel zorgen. Wil je zo snel mogelijk terecht. Dan kan je altijd naar de huisarts. Maar wij kunnen ook altijd met je meedenken. Nou super. Ik denk dat dat heel goed is om te weten voor een hele hoop mensen. Mooi. Ik wil je heel erg bedanken voor je tijd. En je wijze woorden. Geen probleem. Super. Wil jij nou niet met een duiper lopen deze zomer? Gebruik dan toch gewoon weer een condoom. Want fijne seks is zorgeloze seks. Mocht je nou toch denken dat je iets hebt opgelopen. Laat je dan testen bij de lokale GGD. Via de huisarts. Of via een kit die je zelf kan bestellen op het internet. Bedankt voor het kijken en tot de volgende keer."
psychiator-stress.mp3,interviews,Whisper-large-v3-fast,100.0,35.95377539287012,100,89.82541203526256,5820.3125,4881.703071100038,136.57518381161634,"Het tijdformul wilde maken, want het zijn hele belangrijke thema's toen het boek uitkwam, maar ja, nog vele malen meer volgens mij. Dus laten we even bij het begin beginnen. Ja, heel goed. Nou goed, ik zit hier in het Erasmus MC met professor Witte Hoogendijk. Ik kwam op jouw sport door een boek, ik zie hem daar staan, van Big Bang tot Burnout. En toen dacht ik, die meneer moet ik spreken. Een fascinerend boek. Ik vind, dus om stress te bekijken vanuit de big history, ik zie hem hier ook op de muur, geniaal. Ik denk dat dat voor heel veel mensen heel erg zinvol is. Maar kunt u misschien in vogelvlucht ons even, nu zeg ik weer u, in vogelvlucht ons meenemen wat dat inhoudt en wat de relatie stress, evolutionaire, het evolutionaire perspectief, stress, depressie, burnout. Dus wat ik samen met Wilma de Rek van de Volkskrant heb gedaan, is te kijken, is er sprake van een evolutionaire mismatch tussen datgene wat er op ons afkomt als moderne mens en datgene waarvoor we gebouwd zijn. En daartoe zijn we teruggegaan in de tijd en hebben we gekeken waar voor het eerst gaan die twee uit elkaar lopen. Dus waar voor het eerst wordt er iets van ons gevraagd. Als soort waar we niet op gebouwd zijn. En dat is eigenlijk wat we gedaan hebben. En wanneer was dat? We denken dat dat is in de agrarische revolutie. Dat daar het spoor, dat het daar ontspoorde zeg ik. Ja, want daarvoor waren we natuurlijk al mens, maar toen waren we nog jager-verzamelaar, net als de apen voor ons. En alle knaagdieren en überhaupt de vissen, iedereen. Dus alle soorten voor ons waren jager-verzamelaar. Althans de... De belangrijkste soorten. Maar wij dus ook. Dus wij deden eigenlijk waarvoor we gemaakt waren. Jager-verzamelaar. En onze fysiologie, onze stressresponse was daar helemaal op afgestemd. En vanaf de agrarische revolutie is wat onze configuratie, zo noem ik het dan altijd maar, niet meer geschikt voor datgene wat van ons gevraagd wordt. Wat bedoel je met configuratie? Ja, de stressresponse, onze impulsen. Ons gedrag, vanuit de biologie gezien, onze bedrading, om het dan zomaar even te noemen, loopt dus niet meer synchroon met wat er daadwerkelijk nodig is. Precies. Ja. En wat heeft dat voor gevolgen? Nou, het gevolg is dat je een situatie krijgt waarin... Bijvoorbeeld bij de agrarische revolutie krijg je de situatie dat je gaat samenwonen met meer mensen dan waar je... bij je hersenen opgebouwd zijn. Dus je ziet bij alle primaten, alle aapachtigen, dat hoe groter de bepaalde verhouding van de hersenschorstel, het hersenvolume aan de ene kant is, hoe groter aan de andere kant de groep waarin die leeft. En dat is ook wel voorstelbaar, met grotere hersenen even kort door de bocht, kan je beter onthouden van, nou, die is te vertrouwen, van hem heb ik nog wat te goed, met hem kan ik goed jagen. En voor de mens kom je dan uit op ongeveer 150 mensen in een groep. Danbar's limit. Danbar's limit. Toch? Exact. Ja. Er is wel kritiek op geweest op die studie, maar het algemene idee van Dunbar klopte. Als je kijkt naar kleinere apen, zoals chimpansees, dan zie je ook dat ze in kleinere groepen leven. Dus dat klopt wel. En het klopt ook met sociologisch onderzoek naar de mens, wat dat bevestigt. En je weet het uit je omgeving ook, als je op iemands bruiloft komt, waarin iedereen heeft uitgenodigd, tot en met de melkboer op de hoek, dan zit je ook op zo'n 150 maand, zeg maar. Nou, althans in onze cultuur. Als je nou beseft dat je, wanneer je gaat settelen, die groep eigenlijk ongebreid al kan groeien, je dorp kan ook 200 mensen worden, of 1000, of 10.000, of 10 miljoen zoals het nu is. Veel wereldsteden zijn groter dan 10 miljoen. Dan kan je je voorstellen dat je allerlei regels moet opstellen om die samenleving nog ordentelijk te laten verlopen. En de theorie is ook dat die regels eerst via mondelingenoverdracht op volgende generaties zijn overgegeven en later zijn vastgelegd in de heilige geschriften. Met als belangrijk doel om die regels vast te leggen. Ja. Maar je kunt je tegelijkertijd voorstellen dat op het moment dat het nodig is om regels op te stellen of hoe je met je buren omgaat, dat er ook een stressor wordt geïntroduceerd. Die nieuw is voor jou, waar je miljarden jaren niet om gevraagd hebt, als soorten in de evolutie. Maar opeens heb jij daarmee te maken, omdat jij in een dorp woont wat groter is dan 150. Ja. Nou, dat is één. Twee is dat op het moment dat je stopt met jager-verzamelaar zijn, en je gaat je vestigen op één plek, is het voor het eerst nuttig om bezit op te bouwen. En voor het eerst mogelijk om dat te doen. Want als je daarvoor leefde, als jager-verzamelaar, en je had bijvoorbeeld een beest gedood, dan deelde je het met de anderen. Want het had geen zin om het voor jezelf te houden. Want je krijgt het niet op, het verrot, en je kan het niet meenemen als je weer verder trekt. Terwijl als je je settelt, dan kan je een opslag plaatsmaken, en dan kan je het verhandelen. En daar krijg je dus voor het eerst bezit, en daarmee ook ongelijkheid. Zoals ongelijkheid tussen mannen en vrouwen. En dat is een andere stressor, ongelijkheid. Dus zo zie je dat het aantal voorbeelden van, je vraagt van, wat gebeurt er dan? Nou, dit soort dingen gebeuren dan. En dat perspectief van big history, dus soms wordt onze evolutie, de geschiedenispad geslagen tot één dag. Of in dit boek was het volgens mij de hele moderne eeuwen, volgens mij. Het begint in, ik ben even het jaartal kwijt. Maar we zitten nu zeg maar in de laatste seconde van één dag. En waarom is dat perspectief, dus dat extreme, extreme, extreme uitzoomen, om te kijken naar, hé, maar waar komt dat vandaan waar we tegenaan lopen? Waarom is dat zo cruciaal? Ja, nou, omdat je, onze hersenen zijn niet gebouwd op het begrijpen van al te abstracte begrippen. Dus wij begrijpen concrete dingen. En een beetje complexe of een beetje abstracte dingen ook nog wel. Maar als het te abstract wordt, dan kunnen we onze hersens niet omheen krijgen, als het ware. Dan snappen we het niet. Bijvoorbeeld een logaritmisch verband. Ja, je kan het berekenen en je kan het snappen, maar je kan het niet echt doorvoelen, zeg maar. Nou, datzelfde geldt voor grote getallen. Je weet nog net wat je voor een miljoen kan doen. Een mooie auto en een mooie huis en klaar. Maar wat kan je voor een miljard kopen? Daar heb je eigenlijk al geen idee van. Nou, dus daarom, omdat evolutie in miljarden jaren gaat, hebben we daar een trucje voor bedacht. Hebben we gezegd, nou, stel dat één seconde in het huidige leven gelijk staat aan duizend jaar evolutie. Dan ben je in één tel terug in de middeleeuwen. Twee tellen, het jaar nul. En dan op die manier ben je na een dag tellen, ben je dan honderd miljoen jaar terug. Zelfs dat is al mindboggling, zeg maar, als je er te lang over nadenkt. Ja, dat is ook zo. Maar het helpt je wel als je vasthoudt aan die ene dag. Want een dag kunnen we heel goed doorvoelen, hoe lang dat is. Bijvoorbeeld door de oefening te doen. Wat deed jij gisteren? Gisteren op deze tijd. Weet je het nog? Probeer eens te bedenken. Drie uur. Dan moet ik eerst even nadenken, welke dag is het vandaag? Daar begint het al. Daar begint het al, dat bedoel ik. Het besef van tijd is moeilijk. Ja, ja, ja. Maar weet je het? Gisteren werkte ik thuis rond deze tijd. Ik zat waarschijnlijk achter mijn computer iets met ons marketingplan bij te werken of zoiets. Ja, ja. Nou, dan moet je vervolgens bedenken wat je daarna ging doen, die middag. Wandeling gemaakt. Wandeling gemaakt. En of je daarna ging borrelen, eten. Nee, daarna was het avondeten en lekker relaxte avond met mijn vriend, ja. Oh, hou je niet van Ajax dan? Nee. Het was echt geen relaxte avond gisteren. Oh, oké. Nou, ik woon, ik woon echt heel erg afgelegen, ook heel erg in het groen en heel rustig. Ja. Ik kijk ook geen televisie, geen kranten. Oké. We hebben een vrij minimalistisch bestaan wat dat betreft, maar... Nou, goed, nou, goed. Nou, daar komen we misschien nog wel op te spreken over dat type bestaan dat dat goed is. Maar, dus dan is het pas avond en dan ga je nog slapen en dan ga je lekker ontbijten en dan ga je... Vanmorgen heb je allemaal dingen gedaan, toen ben je hier naartoe gereisd, heb je nog geluncht eerst, je bent naartoe gereisd en nu zit je weer hier. Ja. Dat is best een lange periode, zo'n 24 uur, maar je kan hem goed doorvoelen, je kan hem goed overzien. Ja. Dus als je dat vasthoudt, dan snap je ook meer hoe de verhoudingen in de tijd zijn in de evolutie en dat is heel belangrijk voor het punt wat we willen maken, want op deze manier, als je deze manier van tellen aanhoudt, dan zou, stel dat wij op 9 mei nu leven, dan zou het heelal op 1 januari zijn ontstaan, de aarde zo ergens in maart, ik weet het niet uit mijn hoofd meer, begin van het leven zo 5 weken geleden, de eenzellige, overigens is het einde van het leven op aarde over 6 weken alweer, want dan houdt de zon op met schijnen, dus wij zitten ongeveer in het midden. Dat las ik in het boek en dat heb ik opgeschreven, toen dacht ik, oeh, dat is iets om eens een keer een meditatie aan te wijden, het feit dat wij op de helft, grofweg, van 4,5, ja daar ga je al, miljard of biljard, ik weet het niet eens meer. 4,5 miljard jaar, dat we, en dat het nu nog over 4,5, 5 miljard vergaat, de hele boel. Nou, dan is er geen leven, dan is het heel koud, te koud om te leven. Hele saaie bende wordt het dan, volgens mij. Ja, toen dacht ik nou, wow, dat is ook echt fascinerend om daar zo over te versiveren, wat dat überhaupt voor ons betekent als mens, dat wij op de helft of over de helft zijn. Maar over 6 weken stopt de zon met schijnen, met schijnen, oh, hoe weten we dat? Dat is zo'n brandstof. Helium, waterstof, en als ik het uit mijn hoofd goed zeg, is nu voor een bepaalde hoeveelheid op, dat kan je zien aan metingen, en je weet hoeveel die verbruikt per dag, zeg maar. Dus dan kan je uitrekenen hoeveel dagen je er nog heeft. Oké, wow, demotiverend. Nee, of juist niet, juist niet. Ja, waarom is het demotiverend? Nee, het is voor mij persoonlijk absoluut niet demotiverend. Maar ik kan me voorstellen dat het dat soort gedachten wel in de hand werkt. Bij mensen van, oh jee, we zijn op de retour, en dat dat weer een hele kettingreactie aan gedachtes kan veroorzaken. Ja, ik denk dat het hierbij nog wel meevalt, want het nadeel wat je had bij dat een miljard te abstract is om te snappen, is hier je voordeel. Ja. Je kan niet 5 miljard jaar te leven, dat is best prima. Nee, zeker, maar het feit dat de zon over 6 weken, dat de brandstof op is, dat besef ook, dat geeft eraan dat het blijkt zo oneindig, lal, oh dat daait oneindig uit, en de tijd ook, maar nu in een keer draait die om, oh nee, maar dat is misschien helemaal niet zo. Ja, nou ja, mensen zijn altijd op zoek naar zekerheden in het leven, en dit is er eentje van. Ja, ja, ja, we hebben er een aantal, dat we als mens doodgaan, maar dus ook als aarde, als planeet, als soort, tenzij we dus de ruimte ingaan. Ja, als leven, niet als planeet. Als leven zelfs. Maar inderdaad, tenzij je interstellar gaat. Ja. Wat natuurlijk heel waarschijnlijk is. Ja, mijn vriend staat daar helemaal wild van, omdat ze het gedachte-experimenten, die leest en luistert, en kijkt daar ook veel naar. Voor mij gaat het nog net even iets, iets te abstract. Alle rijke mensen op aarde zijn ermee bezig. Ja. Alle miljardairs. Ja. Dus. Om een ticket, een way out te kopen. Ja. Ja. Maar goed. Dus we hebben het big history, dus de stelling van het boek is dat we, als ik het goed heb verteld, dat het niet helemaal passend is, omdat we. Ja, maar mag ik nog even het punt afmaken van die, waarom we dat gedachte-experiment hebben gedaan, van die seconde op een duizend jaar. Is namelijk dat je, ik was bij de begin van het leven op aarde. En dan wat je ziet is dat de vis zeven dagen geleden voor het eerst op aarde kwam. Ja. Toevallig zeven dagen van de schepping, maar dat is, er staat er los van, zo'n parallele hypothese, zeg maar, van de schepping. Maar dat dus de reptielen dan vijf, als ik uit mijn hoofd goed zeg, de zoogdieren vier, even kijken, dan de aapachtige twee en wij dan op die negende mei. Oké. Dus aapachtige. Eén dag geleden en dan zoogdieren drie dagen geleden enzovoort. En dan zie je dus dat elke soort die moet wennen aan een compleet nieuwe omgeving, zoals een vis die op land moet gaan leven, die heeft aan één dag blijkbaar, zo ongeveer, genoeg om zich aan te passen, evolutionair, aan een compleet nieuwe omgeving. En dat zie je bij al die soorten. Maar bij de mens, zouden wij in dit voorbeeld op 9 mei. Die hele 9 mei ter beschikking hebben, op de manier zoals jij net terugredeneerde van wat je gedaan hebt gisteren om drie uur, om ons evolutionair aan te passen. Oftewel, zouden we 100 miljoen jaar de tijd hebben gehad om ons aan te passen aan de grote veranderingen sinds de Aghaïsche revolutie. Maar dat is niet waar, want die Aghaïsche revolutie was 10.000 jaar geleden en je hebt blijkbaar soorten ongeveer 100 miljoen jaar nodig om evolutionaire veranderingen te ondergaan. We missen nog een paar nullen. Precies. Dus als je goed gaat kijken, dan is de tijd die we echt gehad hebben om ons aan te passen sinds de periode dat het echt veel sneller ging allemaal, sinds de industriele revolutie, een paar honderd jaar geleden, is in deze telling 0,2 seconde. Dat is een split second, waar je 24 uur nodig hebt. En nog van die 0,2, nog een veel kleiner fragment in deze connected mobiele wereld. Nou, daar heb je helemaal gelijk. Dus als je dat doorredeneert, dan zie je dat alle omwentelingen sindsdien elke keer tien keer zo snel elkaar opvolgen als de vorige. Dus als je kijkt van, de Aghaïsche revolutie is dan 10.000 jaar geleden. De grote ontwikkeling daarna is collective learning, dat je zoveel abstracties in je taal inbouwt dat je het kan overdragen op een nieuwe generatie, waardoor je als soort voor het eerst slimmer wordt. Ja. Duizenden jaren. Industriele revolutie, honderden jaren. Digitale revolutie, tientallen jaren. En nou artificiële intelligentie, zelflerende machines, jaren. Dus er gaat steeds een nul vanaf. Dus de tempo neemt steeds keer tien toe. Dus dat is precies wat je bedoelt, want het gaat steeds maar sneller. En wij ons maar afvragen waarom het soms zo stroef en moeizaam gaat, want dan komen we op het stuk ook, stress, depressie, overspannen burn-outs. We lopen dus tegen de lamp, het wrijft, waarom is dat eigenlijk? Misschien niet waarom, want ik snap wel dat het de mismatch is, maar waarin uitzicht dat voor de meeste mensen? Hoe uitzicht dat voor de meeste mensen? Ja, dus eigenlijk moet je zeggen voor de minste mensen, want het gros van ons kan hier nog steeds goed tegen, want we zijn weliswaar evolutionair niet aangepast, want we zijn nog steeds het beest wat we waren. Daarom heet dat tweede boekje Levens een beest. Qua stress respons. Maar er is nog een tweede mechaniek waardoor we kunnen veranderen en ons kunnen aanpassen aan onze omgeving. En dat is wat je noemt neuroplasticiteit, dus de veranderlijkheid van de hersenen. Dus als je iets onthoudt, bijvoorbeeld als ik dit tegen je zeg en je weet het vanavond nog, dan is er iets veranderd in je hersenen. Er zijn hersencellen die meer connecties met elkaar gemaakt hebben. Dat is ook aantoonbaar. Daar heeft Kandel de Nobelprijs voor gekregen. En als je het vergeet, dan zijn die connecties blijkbaar weer verloren gegaan. Dus daarom zeg je dat de hersenen veranderlijk zijn, plastisch zijn. Dat geldt dus niet alleen voor het onthouden van feitjes, maar ook voor het aanpassen aan nieuwe omstandigheden. Dus dat zou best aan de hand kunnen zijn dat de nieuwe generatie die opgegroeid is met social media en de hele dag tikken op mobieltje, net iets anders brein heeft dan wij bijvoorbeeld. Mijn achtergrond is ook psychologische wetenschapper. Ja. Nog steeds heel erg jammer dat ik mijn eigen afstudeeronderzoek niet over toen nog MySpace, toen was er nog geen MSN en helemaal nog geen social media. Dat wilde ik heel graag afstudeeronderzoek doen. Kijken naar identiteit en hoe dat dan samenhangt en wat het allemaal bijvoorbeeld zou betekenen. Achteraf denk ik, had ik dat maar gedaan. Want nu vind ik het nog echt zo, ik ben zo benieuwd wat de wetenschap over vijf jaar of over tien jaar vindt van de kinderen inderdaad. Ik heb wel wat geluiden gehoord. Over jonge meisjes die veel op Instagram zitten, dat die vaker auto moeten leren om maar even een gek spoor te noemen. Wat voor invloed heeft dat op onze mentale gezondheid? Mijn intuïtie zegt volgens mij is dat best wel zwaar. Dus we komen eigenlijk terug op je vraag van wat betekent dit voor de minste mensen? Want het gros van de mensen vaart hier prima bij door die neuroplasticiteit. Dus hoe meer informatie hoe beter, hoe sneller het allemaal gaat hoe beter. Maar er is een deel van ons wat daar minder goed tegen kan. Het stressgevoelige deel. Dus mensen die wat angstiger zijn aangelegd of wat controlebehoeftiger zijn. Of de dingen wat minder makkelijk kunnen volgen. Doordat ze heel jong zijn of juist heel oud. Doordat ze een culturele achterstand hebben. Of een IQ, een lager IQ. Of een psychiatrische stoornis. Er zijn een hele groep mensen die... Daar wat minder goed tegen kan. Die zijn wat minder weerbaar eigenlijk. Ja, wat minder stressbestendig. Voor deze hoge complexe, snelle maatschappij. En dat is natuurlijk altijd zo geweest. Er is altijd een bepaalde verdeling in de populatie geweest. Waarbij het gros van de mensen in het midden zit. Aan de linkerkant een aantal mensen die heel stressbestendig zijn. De durfals. En dat zijn dan de jagers en de verkenners. En heel nuttig. En dan andere uitersten. Dan de hele voorzichtige mensen. De dwangmatigere mensen. De angstigere mensen. Maar die waren ook heel belangrijk voor de populatie als geheel. Omdat ze controleerden of er geen giftige besjes bij het eten zitten. En of iedereen wel zich aan de regels houdt. En iedereen fair play doet. Precies, ja. Hoe kunnen we dan stress eigenlijk het beste definiëren? Want ik begreep ook uit het boek. Het is nuttig. Het is zinvol. Het heeft ons helemaal gebracht tot waar we nu zijn. Zeker. Dus ik zie het boek ook als een soort verwachtingsmanagement. Dat is er. En daar kunnen we gewoon mee omgaan. Maar toch wordt stress nu heel negatief weggezet. Te veel cortisol. Allemaal negatieve effecten in het lijf. Burn-out als gevolg daarvan. Maar wat is stress dan eigenlijk? Stress is allereerst een containerbegrip. Dus er wordt van alles onder verstaan. En daarom is het inderdaad goed om het te definiëren. En het uit elkaar te raken. En de plaats waarin je het kunt afkaven, eigenlijk bestaat het uit 3 componenten. Stress is het gevoel wat je hebt in je hoofd. Wanneer de omgeving iets van je vraagt of eist. Dat is de stressor. Waar je alleen maar aan kan voldoen door in actie te komen. En dat is de stress respons. Dus stress is het gevoel wat je hebt in je hoofd als de omgeving iets eist. De stressor. Waar je alleen maar aan kan voldoen door in actie te komen. En dat is dan de stress respons. Die drie begrippen, stress, stressor en stressresponse, die moet je goed uit elkaar houden. Misschien zeg ik dat dan fout. De gedachten die wij zelf creëren, kunnen die ook als stressor optreden? Ja. Dus een ingebeelde bedreiging eigenlijk. Ja, dat is precies ook het probleem van de mens. Dus als je die mismatch niet hebt, dan heb je wel stressoren. Elk beest heeft stressoren. Denk maar aan ziekte, de dood, honger. Maar zijn fysiologie is daarop afgestemd, want zijn stressresponse past daarbij. Dus als hij honger heeft, dan gaat hij magerder worden, gaat hij eten zoeken, et cetera. En als hij ziek is, dan gaat hij zich gedijst houden, dan gaat hij weinig energie besteden. Als er dood is, wat in de hele evolutie natuurlijk overvloedig geweest is, dan gaat hij een bepaalde onthechtingsfases in, wat wij ook nog kennen als rouw. Dat zijn allemaal normale... Stressresponsen die passend zijn bij de stressor. Ja. Maar de mens, die heeft geen, vaak tegenwoordig, geen concrete stressoren meer. Die heeft abstracte stressoren. Zoals een dreigende reorganisatie die je via de e-mail tot je komt en jaren boven je hoofd kan hangen. Of de zeespiegel gaat stijgen tegen het jaar 2050. Ik bedoel, hoe kan je daar een gezonde stressresponse op leveren? Je kan er niet van vluchten, je kan er niet tegen vechten. Dus wat moet je daarmee? Dus wat je ziet, is dat bij de mens de acute stressresponse nog net zo functioneel is als die altijd geweest is. Als je opzij moet springen voor een tram die eraan komt, of je moet een voordracht houden. Of je moet op tijd zijn voor een afspraak. En zelfs de wat korterdurende chronische stressresponse is nog functioneel. Maar als het te lang duurt, doordat het te abstract is en je eigenlijk niks meer kan, dan is het niet meer functioneel. En dan kan het niet meer functioneel. En dan kan je er zelfs bijwerkingen van hebben. Zoals een verhoogde hartslag die je in je keel voelt. Of een gespannen gevoel in je hoofd. En dan is die stressresponse eigenlijk niet meer dan een bijwerking van een systeem wat verouderd is. Zoals je Verstandskies of je blinde darm. Restjes uit de evolutie die je eigenlijk niet meer nodig hebt. Maar waar je ook geen last van hebt totdat ze gaan ontsteken. En zo kan je het chronisch stressresponse systeem in zekere zin ook zien. Ja, interessant. En wat betekent dat voor mensen die daar last van hebben? Die zich chronisch gejaagd, gestrest en daar dus ook op lange termijn negatieve gevolgen van ervaren? Die acute stress, die kan dus overgaan als je er niks aan doet. En als de stress zorg maar chronisch genoeg is en abstract genoeg overgaan in chronische stress. En die chronische stress die kan overgaan in overspanning. En die overspanning kan overgaan in burn-out. En die burn-out kan overgaan in depressie, lichte depressie. En soms zie je dat er ook een ernstige depressie uit voortkomt. Is dat ook de, want dat was een van de vragen die ik ook had. Het boek heet Van Big Bang tot Burn-out. Maar eigenlijk als je het leest is het meer Van Big Bang tot depressie. Omdat burn-out daar dan een stapje voor zit. Is dat ook de relatie tussen die drie? Dat je door die fase heen gaat? Dat kan. Oké. Je kan depressief worden op een heel andere manier. Maar je kan ook op deze manier tot een depressie komen. Wat, en wat is precies het verschil tussen burn-out en depressie dan? Nou, als je een groep burn-out patiënten goed onderzoekt, psychiatrisch. Dan blijkt eigenlijk 50% al een lichte depressie te hebben. Dus er is een overlap tussen die twee. Ja. Maar er zijn ook grote verschillen. Je kan bijvoorbeeld depressief worden zonder ooit stressgevoel te hebben. Bijvoorbeeld als je een naaste verliest. En daarna ook je baan verliest. Ja. Dan ben je dus niet overbelast geweest. Maar je hebt gewoon een dubbele verlieservaring. Ja. Waardoor je even helemaal terug gefloten wordt naar, ja. Ja, wat er gebeurt weten we niet. Nee, oké, oké. Maar zo zou je het kunnen noemen. Ja. Dus je kan via een hele andere route depressief worden. En daarnaast heb je daarbij ook symptomen. Die anders zijn dan bij burn-out. Zeker als het een ernstige depressie betreft. Hm. Want dan kan je afvallen. Dus dat je zo weinig honger hebt dat je gewichtsverlies hebt bijvoorbeeld. En zo zijn er nog een aantal kenmerken die anders zijn bij ernstige depressie dan bij burn-out. Ja, het lijkt me lastig om ze uit elkaar te rafelen. Ook omdat ze samen voorkomen. En ook deels dezelfde symptomen hebben. Ik heb het geluk dat ik ze beide heb gehad. Ja. Leuk in je boek las ik, hè. Dat hele van, oh nee. Het ligt aan mijn genen. Dus dat kan ik daardoor verklaren. Dat mocht ik niet meer doen. Mijn vader voelt al zijn hele leven depressief. En als ik naar die familielijnen kijk, denk ik nou ja, ik snap misschien wel dat diegene, dat die switch bij mij makkelijk aangaat. Om het dan zomaar even te zeggen. Hm. Ik heb ook een burn-out gehad. En inderdaad, die twee die voelen wel. Ik ervaarde ze ook anders. Hm. En soms vraag ik me af. Moet het burn-out heten? Ik heb ook een burn-out gehad. En die twee die voelen wel. Ik ervaarde ze ook anders. Hm. En soms vraag ik me af. Moet het burn-out heten? Kunnen we het niet een soort van overload noemen? Want dat lijkt wel alsof dat, voor mijn gevoel, alsof dat gaande is. Het is gewoon een soort van overload. Ja, alsof je computer even vastloopt. Zo van, help. Ik heb geen geheugen, geen schuifruimte meer. Stop daarmee. Ja. Ja. Een burn-out klinkt alsof we op zijn. Maar zo voelt het dan niet. Het voelt dan eerder alsof we op zijn. Ja. Ja. Ja. Ja. Ja. Ja. Ja. Ja. Ja. Ja. Ja. Ja. Ja. Ja. Ja. Ja. Ja. Ja. Ja. Ja. Ja. Ja. Maar misschien denk je, zeg jij, instant, nee, dat klopt echt helemaal niet, ik ben heel benieuwd naar jouw perspectief daarop. Ja, nou ik denk dat je voegt naar het onderscheid tussen burn-out en depressie, maar het onderscheid tussen overspanning en burn-out is minstens zo belangrijk. Oké, wat is dat? Waar zit, waar zit dat in? Nou, het zijn eigenlijk, het wordt door elkaar gebruikt, hè, ik ben overspanning en independent oud limitations, toch? twee totaal verschillende beelden oké dus bij overspanning heb je een lijst van symptomen van acht symptomen waar je de drie van moet hebben om te voldoen aan dat eerste criterium en die symptomen die vallen in twee groepen uit elkaar eigenlijk een is het gevolg van slecht slapen dus dan ben je moe en je kan je minder goed concentreren dat is dat is logisch dat zijn drie symptomen slecht slapen en moe en minder concentreren blijven er vijf over en die vijf symptomen die kenmerken zich eigenlijk door een soort onrust labiliteit agitatie dat heb je dat mensen niet tegen herrie kunnen dat mensen een kort lontje hebben gauw geprikkeld aangebrand dat mensen in huilen kunnen uitbarsten de emotionele labiliteit dat mensen veel piekeren en dus dat dat is het gevoel dat je hebt dat is het gevoel dat je hebt dat is het gevoel dat je hebt dat je dat is een een een set van zoveel die die gekenmerkt wordt door ja onrust labiliteit dat is de overspannen dat is overspannen ja ja criterium a dan heb je nog criterium b waar je aan moet voldoen en dat is dat je gevoel van controleverlies hebt en een onvermogen om met nieuwe stressoren goed om te gaan en de reden dat ze dat niet als gewoon symptoom negen hebben gemaakt maar gewoon als apart criterium waar je aan moet voldoen is dat je een gevoel van controle hebt dus dat kan je wel bedenken dat als je dat hebt dat je steeds verder in een negatief spiraal raakt want als je het heel erg druk heb je bijvoorbeeld chronische stress maar je bent nog niet overspannen en iemand vraagt nog iets aan je en zeg je van nee ho wacht even dit kan ik er echt niet bij hebben terwijl als je al in die overspanning zit ben je daar niet meer toe in staat en voor het wijd ligt ook dat op je bord snap je dus heb je te weinig energie om nog dingen af te houden en Raak je dus nog verder belast. Dus dat is criterium B. En dan heb je nog criterium C. En die zegt dat deze klachten een significante impact op je leven moeten hebben. Dus je moet echt minder goed door functioneren. En D, het moet niet beter te begrijpen zijn als depressie. Want depressie is een ernstiger beeld. En je kan geen overspanning diagnosticeren als je ook een depressie hebt. Dus er moet geen depressie zijn. Oh zo, ja, ja, ja, ik snap het. Er moet geen depressie zijn. Oké, dus maar die eerste twee criteria zijn het belangrijkste. Als je nou, ja? Nee, ik moet meteen denken aan, ik sta heel veel voor young professionals. En die lopen allemaal met het vraagstuk, die ervaren overwhelm. Deel ook leeftijdsfase, deel ook denk ik nu de maatschappij. Wat je beschreef van, je zit eigenlijk al vol. Het is heel erg druk. En voor je het weet komt er nog meer op hun bordje. En zij geven heel veel, van die groep geeft aan, dat ze dat ook een soort van doen uit een ambitieuze motivatie. Van goh, ja, nee, dat zal wel horen als ik carrière wil maken in mijn eerste vijf jaar werken. Ja, tuurlijk wil ik dat, tuurlijk wil ik dat. En dat ze zich dus allemaal in een soort van, naar een overspannen toestand zouden kunnen werken. Het is niet zo gezegd, maar. Nee, dus wat jij beschrijft is de fase daarvoor. Dat is die van chronische stress. Ja, kom maar, kom maar. Ja, ja, ja. En dat is dus voor veel mensen geen probleem. Die vinden het zelfs leuk, maar voor voor een kleiner clubje is dat risico dat je dan naar de volgende fase gaat. En dat is dan de overspanning. Volgens mij niet eens een heel klein groepje. Ik weet de statistie, maar ik denk dat heel erg, dat overwhelm, dat hoor ik bijna alleen. Ik heb veel trainingen bij bedrijven en dat is nummer één klacht. Ja, ja, dat is dan de stress. Ja, ja. Het is overwhelmed door stressoren. Ja, ja. Nieuwe indrukken, fear of missing out ook. Het hoge tempo van alles, mondialisering, de social media, waardoor alles in het hier en nu altijd maar op je afkomt. Ook in het weekend, ook van je werk. Dus dat speelt daarin mee, maar dat is nog geen overspanning. Nee, oké, oké, maar goed van ook om te weten. Ja, want het moet de zichting van de impact op je functioneren hebben. Ze zitten nog wel bij jou op die, op die, op die cursus, trainingen en niet bij jou als huisart. Nee, snap je? Dus dat is wel een verschil. Je moet niet iedereen overspannen noemen. Nee, oh, zeker niet, zeker niet. Maar het is goed om te weten dat dat, dat het heel goed is dat ze nu bijvoorbeeld trainingen volgen of boeken gaan lezen. Omdat ze ook wel doorhebben van, goh, weet je wel, dit moet ik niet op lange termijn doen. Dat is niet goed voor me. Absoluut. En, nou, wat, wat is depressie? Weet, weet de, de psychiatrie of de wetenschap dat, wat het precies is? Ja, er zit nog één stapje tussen, dat is die burn-out. Ja. Dus misschien goed om die eerst even. Onder de loep te nemen. Want die is dus echt anders dan die overspanning. Burn-out is, criterium A, je moet overspannen zijn. Dus dat zit er sowieso in. Alles wat we je voor gezegd hebben, moet je hebben. Ja. Of hebben gehad. En B, heel belangrijk, moet zes maanden aan de gang zijn. Dus als je vijf maanden overspannen bent, dan heb je geen burn-out. Volgens de. Volgens de, de huisartsen definitie. Ja, ja, ja. En die is goed om aan te houden, want anders dan heeft iedereen zijn eigen definitie. Nee, natuurlijk. Huisartsen en bedrijfsartsen houden dit nu aan. Ja. Ja. En criterium C, ook een belangrijke, is dat het zo is dat je vermoeidheid, lichamelijke vermoeidheid en uitputting op de voorgrond staan. En de reden dat dat niet zomaar symptoom 10 is uit het rijtje van overspanning, is dat het aangeeft dat je lichaam mee gaat doen. Dus dat je psychische spanning zich vertaald heeft in je lichaam. Wat je vroeger somatiseren noemde. Er zit een aspect van somatiseren in. Zoals je ook spierspanningshoofdpijn hebt, of rugpijn, of buikpijn, als presentatie van een psychische probleem. Ja. En dat betekent weer dat het zo hardnekkig is, de burn-out. Maar het betekent ook dat het vooral gekenmerkt wordt door die uitputting. En dat is een heel ander beeld dan die labiele agitatie van de overspanning. Ja, ja. Dus zo kun je die twee heel goed uit elkaar houden. En dan is het eigenlijk heel gek dat het door elkaar gebruikt wordt. Ja, maar nu weten we het. Nu kunnen we het ook niet meer fout doen, ja. Nou, en depressie is dan eigenlijk een situatie waarbij dus ook een aantal andere symptomen erbij komen kijken. Zoals dat afvallen. Zit daar ook nog een verschil in het soort gedachten die mensen hebben? In de drie verschillen? Dus bijvoorbeeld meer depressieve gedachten bij de een dan bij de ander bijvoorbeeld? Ja, dus... De inhoud van de gedachte is vaak wel anders. In de zin van dat een depressief iemand soms ook geneigd is om de schuld bij zichzelf te zoeken. Ik ben een waardeloos figuur. Laag zelfgevoel. Ik ben de schuld van alle mislukkingen. Terwijl bij iemand die burn-out is, die kan ook zeggen van nou, als ik een betere baas had gehad die redelijker mij belaste, dan had ik hier nooit gezeten. Ja, ja. Dus de burn-out en de overspanning, die zijn toch ook wel iets meer vaak door heel concreet overbelasting ontstaan. Ja. Terwijl de depressie door allerlei factoren kan ontstaan. Maar daarnaast heb je dus ook andere inhoud van gedachten daarbij. Ja, ja, ja. En wat moeten we hiermee? Ja, ja. Ja, ja. Ja, ja. Ja, ja. Ja, ja. Ja, ja. Ja, ja. Ja, ja. Ja, ja. Ja, ja. Ja, ja. Ja, ja. Ja, ja. Ja, ja. Ja, ja. Ja, ja. Ja, ja. Ja, ja. Ja, ja. Ja, ja. Ja, ja. Ja, ja. Ja, ja. Ja, ja. Ja, ja. Ja, ja. Ja, ja. Ja, ja. Ja, ja. Ja, ja. Ja, ja. Ja, ja. Het is de evolutie. Het zit ook in jou. Nee, maar het is niet door mij veroorzaakt. Ik ben niet... Het is niet door jou veroorzaakt, precies. En het is ook niet een probleem voor jou als individu, maar een probleem van ons als een soort. Dus iedereen zit hier bij tijd en wijle mee met die stress-relatiële klachten. Alleen onderkent niet iedereen het altijd even goed. En doet ook op social media, Facebook, et cetera, alsof het niet bestaat. Alsof je alleen maar gelukkig en succesvol bent. Social media is nu een paar keer gevallen. Ja. Wat is jouw visie daarop? Hoe draagt dit bij in het hele speelveld? Of juist niet? Nou, één ding is belangrijk om te beseffen, denk ik. Dat jongeren er meer last van hebben dan ouderen. Omdat zij vaak de eerste generatie zijn die met een nieuw medium te maken hebben. Dus toen mijn kinderen opgroeiden met Facebook, had ik er geen ervaring mee. Dus ik kon ze daar moeilijk in coachen. En dat zie je vaak bij nieuwe generaties. Verder is het zo dat het gros van ons er prima tegen kan en er veel plezier van heeft. Maar als je stressgevoelig bent, dan zou het kunnen dat die overload of overwhelming van informatie... en emotioneel gedragen informatie een soort achtergrondbelasting veroorzaakt. Dus het is niet de echte stress, zoals de dood van iemand of een reorganisatie. Maar meer een achtergrondbelasting wat we ook wel daily hassle noemen. Dat is vergelijkbaar met een onveilige buurt of luidruchtige buren. Iets wat elke dag een beetje druk geeft. Ergens op de achtergrond continu zo aan het roepen. Precies, ja. Draaglast geeft. Ja. Ja. Ja. Ja. Ja. Ja. Maar als je beseft dat alle ellende uit de hele wereld ongecensureerd en real-time in je broekzak komt... is dat voor sommige mensen die daar gevoelig voor zijn, belastend. Daar kan ik me alles bij voorstellen. Maar bewezen is dit niet. Het is maar een hypothese. Nee. Dat is dan weer het... Nou, niet het diaat of het mankement, maar gewoon... waarom ik zo heel erg benieuwd ben wat de wetenschap over vijf of tien jaar doet... nu we dit soort generaties kunnen volgen... en nu die ook op... psychiatrische consulten komen vaker of bij huisartsen vaker komen... of in andere trajecten verzuild raken. Want volgens mij moet er nog een hele hoop data geanalyseerd worden of gemijnd worden. Zijn daar op dit moment al onderzoeken of hypotheses die nu getest worden? Als je kijkt vanuit het oogpunt van de psychiatrie, van goh, weet je wel, in welk speelveld zitten we nu? Ja. En wat moeten we daarmee? Nou, er wordt wel heel veel onderzoek gedaan vanuit de psychologie... naar het effect van gaming bijvoorbeeld en social media. En wat daaruit komt is wisselend. Dus je kan er nog niet echt chocolade van maken. Maar uw mening, of dan zei ik weer uw, sorry. Jouw mening? Nou, ik heb de mening dat ik ook niet alles hoef te bewijzen. Want het is ook een beetje de vraag wie de bewijs last heeft. Ik vergelijk het altijd met de opwarming van de aarde. Daar begonnen 30 jaar geleden... of langer mensen over te praten en die werden weggehoond. En tien jaar later werden ze niet meer weggehoond... maar werd ze wel verteld van bewijs het maar eens. En dat is eigenlijk tot een paar jaar geleden niet mogelijk gebleken... omdat het zo moeilijk is om ijskappen te meten of weet ik veel wat. Daar heb ik geen verstand van. Maar op een gegeven moment zag je toch dat 90% van de wetenschappelijke wereld die hypothese aanhing. En eigenlijk langzaam die bewijslast omklapte naar de mensen die beweren dat er geen opwarming van de aarde is. Zonder dat er echt keihard bewijs is. Er zijn wel statistieken en associaties en warme zomers en bla bla bla. Maar het is heel moeilijk om echt die klimaatverandering, dat het klimaat aan het veranderen is, om dat te bewijzen. Ja, en je zegt dat het zo'nzelfde zal nu misschien ook zijn met dit soort thema's. Ja, dus wat je zegt. Je noemt de face validity, dus het boerenverstand naar kijken, zegt je dat er veel meer op ons afkomt dan 100 jaar geleden. Het tempo ligt veel hoger met alles. Kijk maar naar wanneer je voor het laatst een film uit de jaren 50 helemaal hebt kunnen uitkijken. Dat is gewoon niet te doen, zo traag als dat gaat. Ik heb laatst al een hele oude tekenfilm die ik uit mijn jeugd, waar ik helemaal gek van was, die ik terug zit te kijken. Oh, wat leuk om die weer te zien. Dan dacht ik, wat praten die? Die mensen raken. Dat is echt niet normaal. Maar vooral hoe langzaam het gaat. Ja, en de taalgebruik en hoe ze met elkaar omgaan. Allemaal heel rustig. Ja, braaf. Ja, en nogmaals, voor het gros van ons is dat nog geen probleem. Maar voor mensen die stressgevoelig zijn, zou het maar zo kunnen dat dat een extra achtergrondbelasting geeft. Maar bewijzen kan ik het niet, maar bewijzen hoef ik het misschien ook niet. Want het is zo, ja, obvious bijna. Ja. En de grote hamvraag, hoe kunnen we zorgen dat wij, degene die daar hinder van ondervindt, dat wij wat meer weerbaar worden daartegen? Ja, dus je kan een paar dingen doen. Eén is denk ik belangrijk om je te beseffen waar jij zit op die normaalverdeling van stressgevoeligheid. Zit je helemaal aan de kant van de deurvals en kan je alles aan? Prima. Zit je ergens in het midden? Ook prima. Maar zit je aan die andere kant, in die rechterkant, en ben je stressgevoelig, bijvoorbeeld omdat je al een keer zo'n aandoening hebt gehad, of dat je het in de familie hebt gehad, of dat je merkt dat je bij het minste of geringste van de leg bent, dan kan je daar ook maar beter een beetje naar leven. Het is geen ziekte, het is nog steeds onder de normaalverdeling als je zit helemaal aan de rechterkant, maar het is altijd voor de groep als geheel functioneel geweest. Dus het is niet een ziekte van jou als persoon, maar meer een verschijnsel van ons als soort, dat sommigen van ons daar gevoeliger voor zijn. Dus het is geen ziekte, maar je kan er maar wel naar luisteren, naar je lichaam luisteren ook, naar die stresssignalen, stressresponsignalen. En dat doe je denk ik op een paar manieren. Eén is, als je weet dat je aan die gevoelige kant zit, blijf een beetje uit de redrace, uit de competitie, de harde competitie. Je kan heel goed je ambities kwijt zonder met anderen in de strijd te gaan de hele tijd. Twee is, als je die mismatch dus heel erg voelt van datgene wat er in de moderne tijd op je afkomt en datgene waar we als soort op gebouwd zijn, leef dan maar een beetje naar de soort die we eigenlijk nog zijn, namelijk toch een soort beest. Het leven als een beest. Dus dat wil zeggen dat je, en nu komen er een paar open deuren, maar die ik toch maar even noem, gaan wat vaker naar buiten. Want het is in die laatste split second dat we binnen zijn gaan zitten, heel onnatuurlijk. Beweeg wat meer, want dat zijn we ook mee gestopt opeens. Eet wat minder, want daar zijn we ook opeens heel veel meer gaan doen. Het is allemaal dik geworden. Het wil wezen dat we nooit dik zijn, als in de vrije natuur leven. Behalve als ze aan onze lijn door het park lopen. Precies, in gevangenschap, maar in de vrije natuur zijn ze nooit te dik. Ze kijken wel uit, dan worden ze gepakt. Ja. Ga wat meer om met de mensen waar je echt contact mee hebt. Ja. Eén van die 150 die je aankan, waar je echt iets aan beleeft. Mensen die echt iets aan jou hebben, in plaats van die duizend vage Facebook vrienden. Slaap als een beest. Dus een beest zorgt altijd dat hij voldoende slaap heeft, terwijl wij rustig een slaaptekort opbouwen. Wat heel onverstandig is, omdat het risico voor stress gerelateerde stoornissen toeneemt. En relaxen als een beest. Als je hard werkt is prima, die mensen die bij jou op cursus zitten, moet je vooral stimuleren, lekker doorbeulen, maar daarna moet je een periode van rust hebben. En als je naar het dierenrijk kijkt, de meeste dieren zijn niet langer dan vier uur per eetmaal actief. Twintig uur liggen ze lekker te luieren, terwijl wij van s'morgens vroeg tot s'avonds laat aan het rondrennen zijn. Dat ligt een beetje aan het type soort dat we zijn. Maar het is toch belangrijk om te bestrijden. Om te beseffen dat het, als je echt wil leven als een beest, die je echt bent, die je al honderden miljoenen jaren bent eigenlijk van binnen, dat je daar een beetje naar luistert. En als dat niet helpt, het zijn open deuren, maar tegelijkertijd denken we dat door de manier waarop we het uitleggen, dat mensen het beter begrijpen en daardoor ook beter kunnen volhouden. Want het is niet zo moeilijk om een advies op te volgen, ga vaker naar buiten. Maar het is moeilijk om het volgende week nog steeds te doen. Laat staan een jaar later. Hetzelfde geldt voor eten en bewegen. Ja, want dan komt er iets van gedragsverandering. Precies. En dan moet je echt van diep van binnen begrijpen waarom het is. En daarom is dat evolutionaire perspectief zo leuk. Dan snap je echt waarom het is. Dus dit zijn een aantal adviezen. En daarnaast heb je nog een heel protocol vanuit de huisartsen. Wat je kan volgen om met een activerend beleid in verschillende fases, iemand weer uit zijn overspanning of burn-out te volgen. En daarnaast kun je jezelf helpen. En als dat niet helpt, dan is er nog psychotherapie en etcetera. Ja, er is natuurlijk een hele legio aan coaches die zich daar ook in specialiseren om mensen daaruit te helpen. Ja. Coaching is een goede tussenweg tussen psychotherapie en de huisarts. Ik weet niet of je het concept wel eens heeft gehoord. Forest bathing. Ik weet even het Japanse woord niet meer. Dat doe ik voortaan elke dag. Al best een paar maanden nu. Dus ik kijk naar mijn eigen mentale gezondheid en mijn eigen zwakheden. Want jij noemde net een paar dingen. Dan denk ik, goh, eigenlijk is zo'n wandeling door het bos, tik ik al bijna alles aan. Ik neem mijn telefoon niet mee. Ja. Dus ik ben ook even, want dat hoor ik niet, maar dat is misschien een plug-in even. Dus niet bereikbaar zijn en niet doelgericht iets aan het doen zijn. Maar ja, ontspannen als een beest. Ja. Dan denk ik, ah, dan heb je toch iets van vier vliegen en één klap. Ik ben buiten. Ik ben in het bos. Want dat is ook dan weer... Ja. ...hebend wordt gedacht. Ja. Ik wandel. Ik mediteer. Of in ieder geval, ik gun die tijd voor mezelf om mijn hoofd even gewoon leeg te maken. Of op mijn ademhaal te letten. Ik denk, waarom... Hoe lang duurt het nog voordat dit misschien ook wel... Want ik heb psychologie gestudeerd. Ik heb het nog niet zo verhoord. Dat dit meer gemeen goed wordt. Ook dit soort adviezen en dit soort lifestyle. Deze inzichten als het gaat over stress en de informatieoverloot. En de vele uitdagingen die we hebben. En de gevaren die daarbij horen. Zo van, kijk, oké, het is niet helemaal in sync. Ja, duurt het dan echt zo lang voordat de wetenschap daar... Dat ze dat ingehaald hebben? En dat dat dan vervolgens ook weer in de collegezalen terug wordt gegeven aan de nieuwe lichting? Ja. Dat is eigenlijk precies mijn punt van waarom ik het niet altijd nodig vind om iets wetenschappelijk te bewijzen voordat je het naar buiten mag brengen. Want eigenlijk is dat geen eerlijke race. Omdat de krachten die daar tegenover staan veel... Veel sneller handelen. Denk aan de suikerindustrie en de fastfoodindustrie die ons allerlei ongezond eten en veel calorieën opdringen. Denk aan de social media bedrijven uit Silicon Valley en China die in gevecht zijn om onze aandacht om advertenties te slijten. En daardoor verslavende elementen inbrengen in de games en de apps door de rode bolletjes. Waardoor je per se wil openen. Wat zit er in? Misschien is het wel een beloning. Dus dat maakt dat er industrie en veel grotere krachten zijn die ons de verkeerde kant op van het padje af proberen te duwen. Dan dat wij met onze goede bedoelingen vanuit de wetenschap misschien wel tien jaar bezig zijn voordat we een klein snippertje bewezen hebben. En dan nog eens inderdaad naar de collegebanken krijgen. Dus dat is geen eerlijke strijd. Dus je moet gewoon je gezond verstand gebruiken. En zeggen van bepaalde dingen zijn gewoon niet helemaal een goede match meer. Het is gewoon een mismatch en daar moeten we iets aan doen. Voor preventie van wat wij noemen moderne tijdsziektes. Dus de stress gelateerde stoornissen, overspanning, burn-out, depressie. Maar ook overgewicht en daarom vaste suikerziekte, hart- en vaatziekten. Het zit direct aan overgewicht vast. Verslaving aan allerlei middelen. Alcohol, sigaretten, maar ook de drugs. Dus dat met je gezond verstand snap je dat je die mismatch best mag aanpakken. Als je weet dat er zulk druk vanuit de industrie bestaat om ons van het padje te drukken. Zonder dat je per se alles bewezen hoeft te hebben. En wat zien jullie in de praktijk waarom dat dan toch voor mensen zo ontzettend moeilijk is? Dus de mensen die op consult komen of die misschien al in behandeling zijn. Want het zijn open deuren. Ik zeg soms ook. Ja, mensen die nu nog niet weten. Dat suiker niet goed voor je is. Mijn hemel, onder welke stenen heb jij de afgelopen 10 jaar gezeten? Maar toch. En ik doe het zelf ook nog steeds. Wat is dan toch in ons mensen dat dat zo verschrikkelijk moeilijk is? Ook al weten het allemaal. Nou, je zegt het goed. Wat is het in ons mensen? In ons mensen zit ingebakken de biologie van 100 miljoen jaren evolutie. Dus kijk naar die beloning van dat appje. Dat rode bolletje wat je wil openen. Omdat er een uitnodiging in kan zitten. Of een complimentje. Of iets wat je per se niet wil missen. Daar komt die fear of missing out weer vandaan. Waarom is dat zo verslavend? Omdat je, als je die beloning krijgt. Kort door de bocht en simpel gezegd. Krijg je dan een shotje dopamine in je hersenen. Wat jou een gevoel van bevrediging geeft. En wat voortkomt uit die oude evolutionaire taak. Van dat shotje dopamine. Wat je krijgt als je voedsel gescoord hebt. Of seks gehad hebt. Ja. Een gevoel van als iets goed voor de voorbestaan of de voorplanting. Dat het systeem. Dat zit nog diep ingebakken in de mens. En daar worden we nog steeds diep van binnen door gedreven. Dus daarom is het zo moeilijk om te veranderen. Want we kunnen het rationeel wel bedenken. Maar zolang we dat van binnen anders voelen. Is het heel moeilijk te beteugelen. Maar niet onmogelijk. En de oplossing is denk ik. Dat je het niet alleen doet. Maar dat je ook ten diepste begrijpt waarom je het doet. Die verandering. en dat je accepteert dat het nooit vanzelf zal gaan. Dat je het altijd moet blijven trainen, jezelf bij de les moet blijven houden, moet blijven oefenen. En dat hoor je ook van mensen die heel ervaren zijn in mediteren. Die zijn niet echt, je hebt niet echt het gevoel dat ze klaar zijn daarmee. Die zijn altijd maar verder aan het oefenen en het trainen. En ja, dat is gewoon de prijs die je betaalt. Maar het is wel nodig. Ja, ik interviewde een gelukskundendocent en die zei ook, de reden waarom dit thema mij zo ontzettend grijpt, is omdat ik, die zat misschien in de angstige hoek, ik heb dit elke dag voor mezelf als reminder nodig. Want het gaat tegen mijn bedrading bij wijze van spreken in. En dat heb ik met de podcast over persoonlijke ontwikkeling, en groei en leiderschap, en vooral heel erg mindset en bewustzijn. Dat is ook als een soort van, continu reminder in mijn eigen proces, en dus ook met de mensen die luisteren. Ja. En dat mensen wel zeggen, ja, als je er net bent, ben je er nou niet klaar mee? Heb je niet genoeg gesprekken gevoerd, genoeg boeken gelezen, een podcast? En dan denk ik, nee, dat blijft. Ja, ja, ja. Mediteer je bijvoorbeeld zelf ook, of wat voor dingen, of hoe val jij in dat spectrum? Ja, nee, ik doe het met de natuur. Met de natuur? Ja, en met wielrennen en alles waar je in een kadans kan komen, met lopen, of met fietsen. Oh ja. Dus dat is voor mij de manier om het te doen. Dat merk ik zelf ook, in het lopen, in de kadans van het lopen, alsof je het dan een soort van weg kan hebben, en niet hier in je hoofd rondjes blijft cirkelen of zo. Ja, op het moment dat je de tijd vergeet, en dat je denkt van, hé, ik ben er al. Ja. Dan ben je goed bezig. Oké. Dat is perfect. Moet ik nou net nog vragen? Nee, ik ben er nu. Ik ben er nu even kwijt. Oh ja, minimalisme. Dat is best wel een trend, hè? Minimalisme, maar ook simpeler gaan leven. Nou, bijna een open deur, maar volgens mij onderschrijf je dat ook. Zou dat voor ons als geheel, of specifiek voor die groep die daar gevoelig voor is? Of zouden we allemaal als mensen gewoon wat simpeler, wat eenvoudiger, wat rustiger, af en toe disconnected zijn, of zeggen, nee, wij zijn zo capabel, om ons aan te passen, dat het echt niet voor iedereen hoeft? Ja, dus je zegt eigenlijk twee dingen. Van, dat het niet voor iedereen hoeft. Nee, dat is natuurlijk zo. We zijn verschillend in onze stressgevoeligheid, dus we moeten ook verschillende dingen daarin doen. Maar je zegt tegelijkertijd, vraag je ook van, zullen wij als soort, moeten wij als soort niet wat minimalistischer zijn? Ja, we jagen nu natuurlijk complexer, complexer, complexer, groter, mooier, beter. Wat volgens mij ook geweldig is, want het brengt allemaal hele fantastische innovaties. Maar ja, dan moet ik weer denken aan het feit dat we het hoekje over zijn, op het grotere schaal, als van, oh, moeten we dan ook niet een beetje downscalen in onze ambities? Maar ja, wie ben ik dan als soort? Ja, precies, de vraag die daar aan vooraf gaat is, heb je die keuze? Als soort? Ik denk het niet. Nee, als mens natuurlijk. Ja, als mens denderen we voort, omdat we gewoon nieuwsgierig van natuur zijn. We willen altijd weten wat er om het hoekje zit, omdat je dan weer een dopamine shotje hebt, een dopamine shotje krijgt. Je hebt een gevoel van tevredenheid, een gevoel van zingeving in het leven. En mensen willen altijd exploreren en uitzoeken hoe dingen zitten. En dat, ja, dat uitzicht in innovatie en wetenschap. Mag ik nog iets vragen over de gedachtes en het omgaan met gedachtes als je in een, nou, depressief durf ik dan bij niet zeggen, maar als je je down voelt en je merkt dat je negatieve gedachtes hebt. Wat, wat? Nou, ik zelf heb echt wel geleerd om uit te zoomen, even te wachten en te beseffen van, hé, mijn hoofd bedenkt nu dit, maar ik kan ook prima een heel ander scenario bedenken. En ze kunnen alle twee waar zijn, want ik weet het niet, ze zijn allemaal maar scenario's. Dus ik kies ervoor om in dat andere te geloven. Maar goed, dat is mijn ezelsbruggetje, omdat ik in de angstige, depressieve hoek viel. Maar zijn er misschien nog andere manieren om als je opgeslokt wordt in zo'n, in zo'n negatieve bui, met angstgedachten of piekeren of je zorgen maken, wat je kan doen om jezelf daar uit te trekken? Er zijn in de psychotherapie natuurlijk verschillende technieken, met name in de cognitieve gedragstherapie, die heel praktisch zijn. Denk aan de gedachtenstop. Die ken ik niet. Dus de oefening van de gedachtenstop gaat als volgt. Je neemt een angstige piekergedachte die je vaak hebt, die moet je even naar voren halen. Ja. Oké, ja. Dan ga je vervolgens drie minuten... Voel hem, gadverdamme. Dan ga je vervolgens die gedachten gedurende een bepaalde tijd, ik zeg nu maar even een halve minuut, maar je kan het ook voor drie minuten doen, heel erg duidelijk door piekeren. Dus niet zomaar een beetje piekeren, maar echt. Volop piekeren. Oké. Dan ga je hem echt hebben. Die gedachten gingen zo, en zo, en zo, en zo. Dan ga je dat doen. En dan de volgende stap, als je dat een paar minuten gedaan hebt, is de volgende stap dat je jezelf voorneemt, of dat je een alternatieve gedachte klaarlegt die leuk is. Bijvoorbeeld een strand waar je deze zomer was, met dat barretje en die cocktail en die leuke vrienden. En zoals je daar lag. En dan pak je die piekergedachte weer op, die zet je weer in, maar je spreekt met jezelf af dat je op een gegeven moment tegen jezelf zegt stop. En dan pak je die leuke gedachte en die stop je daarvoor in de plaats. En dan dwing je jezelf om aan dat strand te denken. En als je dat vaak oefent, dan leer je dus om controle te krijgen over waarover je denkt. Want dat hebben wij natuurlijk... Als voordeel boven alle beesten voor ons, in de evolutie, we hebben die enorme hersenschors, waarmee we zelf kunnen bepalen waar we aan denken. We hebben ook een bewustzijn die zich uitstrekt buiten het hier en nu. Beesten kunnen alleen in het hier en nu denken, maar wij kunnen denken aan zoals het was op die vakantie, of die verheugen op iets in de toekomst. En dat is ons voordeel. Dus wij, en dat besef je niet zo, maar je kan denken waar je wil. Dat kan jij bepalen. Alleen vraagt het weer, net als meditatie, veel oefening. Mindfulness is eigenlijk iets wat hieraan gelinkt is. En dan heeft het iets andere invalshoek, namelijk dat je bepaalde gedachtes op een andere manier gaat, vanuit een ander perspectief gaat bekijken. Dus een nare gedachte is niet iets wat jou helemaal bevolkt en beheerst, maar kan ook iets zijn wat je voorbij ziet drijven. Ja, ja. En dus op die manier zijn er, vanuit de cognitieve gedragstherapie, allerlei oefeningen. En ik ben daar zelf geen expert in, maar die je kan toepassen, die je kan oefenen met een psychotherapeut. Maar je kan ook, wat ik net noemde, in die activerende benadering van de huisarts of de bedrijfsarts, of van een coachende benadering, leren om te gaan met het type stressoren wat op je afkomt. Hoe begrens je dat? Hoe kanaliseer je dat? En je kan met een, zoals het verhaal van het Onze, als het Onze, kan je de symptomen uit je lichaam beter begrijpen en daardoor ze minder alarmerend vinden. Je kan dan denken van, god, die stressrespons van dat kloppende hart, dat had die vis een half miljard jaar geleden ook al. Dat is gewoon een oude, verouderde visrespons waar ik niks meer aan heb. Want mijn problemen zijn veel te abstract daarvoor. Dus neem het met een korreltje zand. Het is ook een vorm van loslaten. Precies. Ja, mooi. En als je echt iets hebt, dan moet je naar een psychiater. Op welk moment is het zo erg dat je inderdaad naar een psychiater moet? Wat zijn echt wet flags voor mensen die misschien niet luisteren, van oké, dan is het echt tijd om professionele hulp in te schakelen? Nou, eigenlijk is het moeilijk te zeggen als je er zelf in zit. Eigenlijk is dat aan de huisarts, die bepaalt wat dat moment is. En dus als de klachten met name met psychotherapie niet voldoende verholpen kunnen worden, kan het aangewezen zijn dat iemand ook medicatie krijgt. En dan komt een psychiater al gauw om de hoek kijken. Wat is het volgende grote project? Of wat is het volgende grote thema wat bij jou op de plank ligt, wat je graag wil gaan onderzoeken? Nou, we doen nu al, onderzoek in samenwerking met veel andere mensen, naar hoe je stress bij studenten het beste kan benaderen. Oh, super interessant. Ja, dus daar is een andere afdeling hier in huis de trekker van. Dus zo lopen er een heleboel projecten eigenlijk. We kijken ook naar bijvoorbeeld stresshormoon cortisol in het haar van zwangere moeders die dan kinderen krijgen, die stress ook in het haar van het kind te meten zijn en te meten is, objectiveren is, in hoeverre dat doorgegeven wordt aan via het ongeboren kind. Oh, of die theorie, want die is natuurlijk al wat langer, dat dat overdraagbaar is, of dat ook echt feitelijk... Ja, dus daar is dan een van de psychiaters hier in huis, Maaike van den Berg, mee bezig. En zo zijn er allerlei onderzoeken die lopen. Maar wel nog steeds gewoon het thema stress. Ja, altijd stress. Ja, ja, ja. Waar komt die fascinatie vandaan? Nou, ik ben tijdens mijn studie geneeskunde al daar ingerold met mijn promotieonderzoek bij Dick Swaap. En daar kwam eigenlijk naar voren dat stress een heel leuk sleutelconcept is om psychologie, biologie en sociale eisen samen te brengen. Anthropologie zelfs. Anthropologie. Dus daar komt eigenlijk, in het fenomeen stress komt alles samen. En dat... Siri wil zich ermee bemoeien. Ja. Dus dat is leuk, omdat ik zelf in de biologische psychiatrie me aan het specialiseren was. Dus daar waar psychische klachten zich lichamelijk vertalen in de hersenen, is dat stressconcept een soort scharnierconcept waardoor al die dingen samenkomen. En daardoor is het altijd bij me gebleven. Zelf ook in een situatie van, als een burn-out. Want ja goed, ik ben zelf ook een PSD-traject ingewezen. Ik weet hoe overweldigend dat kan zijn. Ja. Nou, het is grappig dat je het PSD-traject noemt, want ik had op het eind, toen ik voor de deadline voor de drukker zat, had ik zo'n nacht doorgewerkt. En toen zag ik opeens dingen wegschieten in mijn ooghoek. En ik kreeg een soort muiskramparm, omdat ik de hele tijd dingen zat te... Ja. En toen dacht ik van, oh ja, zo voelt het dus als je te ver gaat. Nu moet ik echt even stoppen. En toen was het gelukkig ook klaar. Ja, ja, ja. Ja, ik kan me wel voorstellen dat het ook voor veel mensen ook een motivatie is om daar iets mee te gaan doen, omdat ze zelf weten hoe dat voelde. Ja, nee, zo was het bij mij niet. Andersom. Ik kreeg juist de klachten van het onderwerp. Oh, dat is ook wel grappig. Ja. Maar er komt niet een nieuw boek aan over... Oh, er komt er een vervolgde, want we hebben natuurlijk dat Leef als een beest. Die kende ik heel eerlijk, moet ik eerlijk bekennen, dat ik die niet heb gelezen. Ik zal het je zo meegeven. Oh, nou, wat fijn. Misschien wel leuk om hem misschien wel aan een van de luisteraars ook te verloten. Ja, prima. Tof. Zijn er nog onderwerpen waarvan je denkt van, oh, dat moeten we echt even bespreken? Of dat is... De tweede boekje is ook samen met Wilma de Rek gemaakt. Oh, ja. Ja, ik vond het las echt ontzettend prettig. Ja. Dat is helemaal haar verdienste. Ja. Ja. Er is nog een onderwerp waarvan je denkt van, nou, dat moeten we echt even bespreken. Of dat is nu echt zo belangrijk. Ik wil echt dat veel mensen daar, dat ze dat nog meegeven. Nou, volgens mij hebben we wel heel veel besproken. Ja. Oké, dan wil ik je bedanken voor je tijd. Ja, jij bedankt voor het komen. En heel veel succes met het onderzoek. Dank je wel."
ouder-worden-2040.mp3,interviews,Whisper-large-v3-fast,100.0,38.889144316730544,100,93.43422733077905,5788.3125,4809.145194763729,357.74792998993235,"Welkom Jan, goed dat je hier bent. Jij hebt heel veel functies. Je bent lid van de kwaliteitsraad, je bent algemeen coördinator van Nederland Zorgt voor Elkaar en ook nog voorzitter van Oosterliet Zorgt. Dat heeft ook allemaal met elkaar te maken, toch? Ja, dat klopt. Ik begon met mijn vrijwilligersbaantje eigenlijk bij mijn eigen zorgcoöperatie in het dorp Oosterliet waar ik woon. En dat bestaat een jaar of tien, ik ben sinds een jaar of drie voorzitter daarvan. En vanuit Oosterliet zijn we het netwerk Nederland Zorgt voor Elkaar begonnen, het landelijk netwerk voor al dit soort initiatieven. En ja, zo ben ik in die functie van algemeen coördinator gerold en van daaruit ook weer in de kwaliteitsraad terechtgekomen. Nou, heel veel verschillende functies en nou heb je ook nog besloten om je te gaan verbinden aan het programma Ouder Worden 2040. Wat spreekt jou daar zo in aan? Nou, ik moest in eerste instantie wel even nadenken toen ze me vroegen van, wil je meepraten? Over dat programma, want er zijn natuurlijk al behoorlijk wat, ja, ik noem het maar even praatclubjes of think tanks in de zorg en eromheen. Maar ik vond dit wel een interessante initiatief omdat het echt heel breed gaat. Dus het kijkt niet alleen maar naar het zorgaspect, maar alle aspecten van het leven van de vergrijzende samenleving komen daarin aan de orde. Dus de thematiek sprak me in die zin aan omdat ik denk dat alles echt ook met elkaar verbonden is. Niet alleen maar het zorgaspect eruit halen, want dan, ja, dan vind je niet de oplossingen die je nodig hebt. En het tweede aspect wat ik aantrekkelijk vond is dat ook in de, ja, zeg maar de deelnemers, degenen die erover gaan meedenken. Of nu op dit moment dus in die verschillende gremia zitten, is gekozen voor een hele brede, een heel breed palet aan mensen vanuit allerlei hoeken van de samenleving. En ik denk dat het ook sterker maakt. Dus niet alleen zorgbobo's die met elkaar praten, maar ook echt mensen uit de samenleving, bedrijfsleven. De actieve burgers zijn er allemaal bij betrokken. Ja, nou ja, actieve burgers, daar hebben we meteen ook het onderwerp waar jij in gespecialiseerd bent, zullen we maar zeggen. Want we staan voor nogal een opgave, hè, met het ouder worden 2040. Wat is het belang van burgerparticipatie in de komende 20 jaar bij die ouder wordende samenleving? Ja, ik denk dat we niet zonder kunnen. Ik denk dat als we de zorg blijven organiseren zoals we dat nu eigenlijk de laatste 50 jaar doen. Waarbij we dus de, ja, alle aspecten van het zorgen en het ondersteunen van mensen eigenlijk uitbesteden hebben aan professionals, aan organisaties, welzijnsorganisaties, zorgorganisaties, woningbouwverenigingen. Alle partijen, zeg maar, zijn, bestaan uit professionals die allemaal hele nuttige dingen doen natuurlijk. Maar, nou ja, er is natuurlijk al door allerlei mensen die er verstand van hebben berekend dat dat allemaal niet, op termijn niet meer. Inhoudbaar is, omdat de druk op dit soort organisaties steeds groter gaat worden door de vergrijzing, door de toenemende hulpvraag. En dus we zullen echt moeten nadenken over alternatieven. Hoe kunnen we de samenleving zelf betrekken bij het, ja, het zorgen voor en het ondersteunen van de toenemende groep ouderen in onze samenleving? Ja, en je zegt, daar moeten we over nadenken. Daar heb je vast ook al ideeën over. En hoe zouden wij die, een deel van die formele zorg en hulp overnemen? En hoe zouden wij die over kunnen dragen naar het informele circuit? Ja, nou, in feite gebeurt dat denk ik al wel op behoorlijke schaal. We hebben gezien nu dat het aantal initiatieven wat, zeg maar, op lokaal niveau binnen een eigen dorp of wijk dit soort dingen organiseert, dat neemt enorm toe. We zitten nu al op 1500 ongeveer, die we kennen. Een paar jaar geleden waren het er nog maar 500. Dus dat gaat echt heel hard. Dus, zeg maar, de basis is er om dat te gaan doen. Maar nu moeten we alleen nog de structuren vinden. Omdat op een goede manier. In te bedden. Want nu is het eigenlijk, zijn er twee parallelle trajecten. Je hebt het formele zorgtraject en je hebt, wat ik dan even noemde, nul de lijn zorg. Dus dat is de georganiseerde zorg door burgers. Dat dat, in sommige plekken gaat dat goed samen, maar op heel veel plekken loopt het eigenlijk nog parallel aan elkaar. En we moeten dat eigenlijk met elkaar zien te verbinden. En dat is best wel een opgave. Want ja, er zijn natuurlijk allerlei elementen in hoe we de zorg en ondersteuning nu georganiseerd hebben, die dat best wel bemoeilijken. De verschotting die we hebben. Met alle verschillende, en daar hebben we niet alleen professionals last van onderling. Maar ook in de samenwerking met burgers maakt dat dat best wel ingewikkeld. Dus daar moeten we echt nieuwe aan modellen voor gaan ontwikkelen. En daar wordt ook wel echt aan gewerkt op dit moment. Vanuit onder andere vanuit Nederland zorgt voor elkaar. Maar ja, daar zijn we nog volop in ontwikkeling eigenlijk. Ja, maar die nieuwe modellen zijn wel nodig. Want als we nu kijken, merk je toch heel veel berichten over overbelaste mantelzorgers bijvoorbeeld. Ja. De manier waarop we dat doen. Wat we nu georganiseerd hebben, ook voor die informele zorg, is ook niet houdbaar, denk ik. Nee, dat klopt. We hebben ongeveer een half miljoen, en inmiddels misschien zelfs wat meer, structureel overbelaste mantelzorgers in Nederland. Ik denk dat dat echt een probleem van de toekomst gaat worden, als we daar niet veel meer op gaan inspelen. Dat is iets wat je heel goed lokaal kunt organiseren, zonder dat je het systeem daarbij nodig hebt, om even zo te zeggen. Dus bijvoorbeeld bij ons in Auschwitz hebben wij meer dan 100 vrijwilligers. Op een bevolking van ongeveer 1700. En we hebben een dorpsondersteuner, een professional, die wij aansturen. En die houdt echt die mantelzorgers in de gaten bij ons in het dorp. Die worden dus gemonitord, om het zo te zeggen. En zij kan heel makkelijk vrijwilligers inschakelen om respite te bieden of om te ondersteunen. Om even op adem te komen bijvoorbeeld. Ja, om even op adem te komen. Maar ook gewoon structurele ondersteuning. Een schaakmaatje voor iemand die daar behoefte aan heeft. Zodat... Degene die de mantelzorg moet verrichten, even tijd heeft om wat anders te gaan doen. Dat is eigenlijk heel makkelijk lokaal te organiseren. Maar ik denk dat we ook moeten kijken naar meer verbindingen tussen informeel en formeel. Dat ook in het hele zorgtraject, als het wat meer professionele kenmerken gaat bevatten. Dat we daar ook een betere samenwerking gaan krijgen. Dat is nog wel een aardige opgave waar we voor staan. Ja, want dan is het ook wel van belang om te kijken naar hoe wordt die formele zorg... georganiseerd en dat zal ook moeten veranderen. Ja, ik denk dat we nu eigenlijk wat we gezien hebben in de afgelopen periode... is dat we steeds meer schaalvergroting hebben gekregen. Dus dat we veel meer op een regionaal niveau of op gemeentelijk niveau zijn gaan organiseren. De hele WMO is bijvoorbeeld op een gemeentelijk niveau georganiseerd. Die hebben dan wel zowel weer wijkteams. Maar ook die wijken zijn vaak niet ingedeeld op de manier waarop bewoners zelf naar hun wijk kijken. Auslitz is ingedeeld samen met een wijk in Zeist... waar we eigenlijk helemaal niks mee te maken hebben. In Auslitz hebben we het zo geregeld dat wij een eigen dorps-team hebben. Dus de WMO is daar afgesplitst van de reguliere WMO omdat wij gezegd hebben... wij willen dat ook die ondersteuning via dezelfde patronen loopt als de informele zorg. Dus diezelfde dorpsondersteuner regelt ook de WMO. Dus die regelt het vrijwilligerswerk, maar die regelt ook de formele ondersteuning. En eigenlijk kun je dat ook doorvertalen aan de wijkverpleging. Die kun je ook veel beter op datzelfde niveau... organiseren, dus we hebben ook een wijkverpleegkundige die heel nauw samenwerkt met die dorpsondersteuner. En eigenlijk als je dat op die kleine schaal van een paar duizend mensen organiseert... dan is het heel simpel. En dan zolang je maar vanuit het belang van die gemeenschap gaat redeneren... en gebruik maakt van de kracht die er in die gemeenschap zit... bij vrijwilligers zijn ook heel vaak bestuurders die in zo'n dorp wonen of in zo'n wijk wonen... die daar best ervaring mee hebben om dat te organiseren. En daar maak je ook gebruik van. En maak ook gebruik van de zilveren generatie waar de RVS het over heeft. Het enorme potentieel aan jonge pensionado's die nog heel actief kunnen zijn en dat ook graag wel willen. En ik denk dat we daar nog veel te weinig gebruik van maken om die ook in te schakelen... bij de zorg en ondersteuning voor de mensen die nog ouder zijn en die echt zorg en ondersteuning nodig hebben. Er zijn nog genoeg. Ja, een zaak om aan te pakken. Maar als dat allemaal op die manier ook aangepakt wordt... hoe ziet jouw ideale zorgsamenleving bijvoorbeeld over tien jaar eruit? Ja, ik hoop dat over tien jaar overal zorgzame gemeenschappen zijn in Nederland. En zorgzame gemeenschappen bedoel ik een dorp of een wijk waar ze als bewoners... ook eigenaarschap hebben genomen voor het zorgen voor elkaar. En dat zal in de ene wijk of dorp heel anders uitzien dan in de andere. Dat mag ook. Dat moet je vooral zo inrichten dat het past binnen de gemeenschap. En dan hoop ik dat de formele zorgpartijen en ondersteuningsorganisaties zich daarop gaan aansluiten. Dus dat die niet meer leidend worden, maar dat de lokale processen leidend worden... en dat daar ondersteuning wordt geboden vanuit de gemeente, vanuit woningbouwverenigingen. En als laatste punt, wat ik denk heel belangrijk vind, is dat we ook qua oudere huisvesting... op een manier moeten gaan werken dat we dat ook heel lokaal gaan organiseren. Dus ieder dorp of wijk, wat mij betreft, zou een kleinschalige woonvoorziening voor ouderen moeten hebben. Dat heeft twee grote voordelen. Eén is dat ouderen dan niet ontworteld worden uit hun eigen netwerk. We hebben in Auschwitz gemerkt, toen we nog geen zorgwoningen hadden, dat mensen op de laatste fase van hun leven... vaak nog moesten verhuizen naar een verpleeghuis in de buurt, in Zeist of in Drieberg of zo. En dat had meestal... vrij dramatische gevolgen. Het is maar een paar kilometer verderop. Ja, maar je wordt toch echt ontworteld en je raakt je netwerk kwijt. En er zijn mensen ook echt uit heimwee overleden. Die kennen wij ook gewoon, die dat gewoon een heel kort volgehouden hebben. Dus dat is één. Het tweede voordeel is dat als mensen hun sociale netwerk kunnen blijven houden, is dat die mantelzorgers ook intact blijven en dat die nog steeds kunnen blijven zorgen. Dus je krijgt veel meer informele steun op het moment dat je mensen in hun eigen woonomgeving kunt opvangen, ook als ze wat zwaardere zorg nodig hebben. Er is nog een grote opgave, er moet veel gebeuren. Daar ga jij je ongetwijfeld ook hard voor inzetten, samen met een aantal andere mensen. Hartelijk dank Jan voor je komst naar de studio. En u weer hartelijk dank voor het kijken naar deze aflevering van het programma Ouder Worden 2040. Tot ziens."
verpleegkundige gevangenis.mp3,interviews,Whisper-large-v3-fast,95.1,40.04425960637229,100,90.75913776944705,5788.3125,4804.664889878163,186.77731301228457,"Maar iedereen heeft recht op zorg. Of je nou iemand vermoord hebt of een brood gestolen hebt, ja, je hebt recht op zorg, punt. Als je weet dat je het kan, dan moet je er ook voor gaan. Echt een duidelijke norm richting de samenleving. Wij horen achter onze politiemensen te staan. Leuk dat je luistert of kijkt naar de politiepodcast Boeiend. En we hebben vandaag weer een interessant onderwerp voor jou in petto. We gaan namelijk niet de politieorganisatie induiken, maar de penitentiaire inrichting. En om daarover te praten zit bij mij aan tafel Carlijn. Welkom. Dankjewel. Jij werkt niet zomaar in de PI, want jij bent verpleegkundige. Klopt, ja. Justitieel verpleegkundige. Justitieel verpleegkundige. Kan je wat vertellen over wie jij bent en wat je doet? Ja, ik werk inmiddels bijna twaalf jaar in de PI. En ik werk in de PI Rotterdam, locatie de Schie. En ja, als justitieel verpleegkundige. En het leuke is aan mijn baan. En ja, ik heb ontzettend veel vrijheid. En we draaien eigen spreekuur. Een heel gevarieerd beroep heb ik. Ben je dan een soort van huisarts in de PI? Moet ik dat zo zien? Nou ja, zo zou je het een beetje kunnen zien. Als een soort huisartsenpraktijk. De medische dienst is een soort huisartsenpraktijk. En wij zijn eigenlijk de buffer tussen de huisarts en de gedetineerden. Dus in de eerste instantie komen mensen kunnen een verzoekbriefje invullen op de afdeling. Als er iets aan de hand is, komen ze altijd eerst bij ons. En dan gaan wij inventariseren. Is dit iets wat wel naar de huisarts moet? Kunnen wij dit zelf afhandelen? Moet iemand doorverwezen worden naar de fysio of naar de opticiën? Of nou, noem het allemaal maar op. Dus ja, inderdaad. Bijzonder. Ja. Hoe ziet dan een werkdag er voor jou uit? Ja, nou, als we ochtends binnenkomen na het even opstarten, een bakje koffie, dat soort dingen. Ga ik meestal eerst eventjes langs de OBS, de observatiecellen. Oftewel de isoleercellen. Strafcellen, maar net hoe je het wil noemen. Daar zitten mensen die of iets hebben gedaan wat niet mag, of voor hun eigen veiligheid. En die bezoeken wij elke dag in principe om even te horen of het goed met ze gaat, of ze iets nodig hebben en of we iets voor ze kunnen betekenen. Nou, dan gaan we daarna meestal het spreekuur draaien. Alle verzoekbriefjes die binnen zijn gekomen, afhandelen, agendapunten. Dat kan zijn wondzorg of bloeddruk nog een keer meten of noem het maar op. En dan heb je vaak inkomsten. Die komen dan weer bij jullie vandaan. Nieuwe mensen die zijn opgepakt, die moeten de PI in. Daar gaan we een hele intake mee doornemen. Dus binnen 24 uur vragen we hun hele medische voorgeschiedenis uit eigenlijk. Kan je wat vertellen over de PI waarin jij werkt? Locatie de Schie, de PI Rotterdam. Wat is dat voor wereld? Hoe ziet het er daar een beetje uit? Nou, heel bijzonder, want het is ontworpen door... architect Karel Weber in 1989 geopend. En het is een cacophonie aan kleuren. Oh, wauw. Ja, het is een heel kleurrijk gebouw van binnen. Dus groen, geel, rood, blauw, alles komt voorbij. Daar kan je een hoop van vinden, maar ik vind het zelf eigenlijk wel een soort vrolijk of zo. Het is een vrij kleine PI. We hebben voornamelijk enkelcellen. Sinds kort een paar dubbelcellen ook. En we hebben verschillende... regimes. Dus we hebben huis van bewaring en gevangenis. Maar ja, voor degenen die niet weten wat het verschil is. Huis van bewaring zijn ze nog niet afgestraft. Gevangenis zijn ze wel afgestraft. Dan hebben we een extra zorgvoorziening. Dat is een afdeling voor met name psychisch kwetsbare mensen. Daar is net een iets ander regime. Daar hebben ze een ander dagprogramma. Het personeel is daar net even anders opgeleid. En dan hebben we nog een terroristenafdeling. En hoeveel mensen zijn er dan in totaal ongeveer... in detentie bij jullie? Rond de 260, 265. Dus dat is vrij klein hoor. En je hebt dan te maken met mensen die daar niet voor niks zijn. Maar die ook vaak ontzettend op hun kwetsbaarst zijn. Hoe is dat om met mensen om te gaan die in zulke omstandigheden leven? Het grappige is dat je dan op de afdeling ziet... dat ze zich soms best als haantjes kunnen gedragen. De grootste afdeling telt 72 man. En dat kan soms best intens zijn als je daar rondloopt. Het is allemaal drukte en een beetje stoer doen. Dan komen ze bij mij in de spreekkamer met bijvoorbeeld hartklopping. Een jonge vent. Dan doe je hier controles en dan merk je dat daar niet zoveel aan de hand is. En dan komt het eruit en zitten ze ineens te huilen. Ik mis mijn moeder. Dus ja, die kwetsbaarheid... dat is wel een behandelrelatie die je een beetje opbouwt. Dat is natuurlijk niet op dag één over het algemeen. Maar ja, die kwetsbaarheid zien we ook. En wat maakt dan het werk als verpleegkundige in een PI... anders dan bijvoorbeeld een verpleegkundige in het ziekenhuis... of op de ambulance bijvoorbeeld? Ik ben in 2001 afgestudeerd. Toen had ik eigenlijk al meteen zoiets van... je moet mij niet aan bed zetten. Dat is niet voor mij weggelegd. Mensen wassen, dat soort dingen, dat is niet voor mij. Maar ja, de technische handelingen... en gesprekken voeren met mensen... dat vond ik wel altijd leuk. En dat is wat ik in de PI dus wel heb. En daarnaast heb je gewoon heel veel vrijheid. Ik kan zelf mijn dag indelen. Als ik ochtends naar de OBS ben geweest... dan kan ik bedenken... nou, wat wil ik nu doen? Heb ik veel briefjes? Dan ga ik eerst mijn spreekuur starten. Maar heb ik weinig briefjes? Nou, dan ga ik eens even op de afdeling kijken. Even horen hoe het met die meneer gaat met die gebroken arm. En dan ga ik eens even zo... hier en daar een praatje doen. En dan ga ik een briefje maken, mijn oor te luisteren leggen. Dat soort dingen. Dus je kan echt jezelf je eigen dag indelen. Dat vind ik ook heel prettig. Ben jij de enige verpleegkundige van PI de Schie? Of werk je in een team? Hoe moet ik dat voor me zien? Nee, we zijn met een team. Er horen er zes te zijn. Die zijn er nu niet. Maar we horen met z'n zessen te zijn. En meestal ben je met drie à vier op een dag. Dat is wel een beetje het streven. En werken jullie dan soort van kantoortijden? Of gaat het 24-7 en in de weekenden door? Nee, we hebben... een politiedienst geopend op werkdagen... van half acht tot vijf. En... het kan natuurlijk gebeuren dat er vanuit... het politiebureau... vrijdagmiddag laat... nog iemand bij ons naar binnen geschoven wordt. Ja, dan komen we op zaterdagochtend... de intake doen. Maar that's it in principe. We hebben geen 24 uur zorg. Dat is overigens in andere PI's wel zo hoor, soms. Maar wisselt. Ja, precies. We zitten allemaal onder de dienst justitiële... inrichtingen. En er zijn natuurlijk... allerlei verschillende functies binnen... die hele wereld. Wat voor andere... taken zijn er nog meer... binnen zo'n PI? Nou ja, wij werken eigenlijk heel nauw... samen met alle disciplines. Met name natuurlijk bijvoorbeeld... de PIW'er, de Penitentiaire Inrichtingswerker. Dat zijn de beveiligers... op de afdeling. Die zijn de hele dag... met die jongens samen. Dat zijn natuurlijk ook voor een deel onze ogen en oren. Dus als wij... iemand op spreker krijgen met een bepaald... verhaal of hij wil iets... dan in sommige gevallen checken we ook wel even... van goh, klopt het wat hij zegt? Of andersom werkt het... ook zo. De PIW'er ziet... iets op de afdeling en signaleert... ons van goh, misschien moet je even bij die man gaan kijken. Nou, dan heb je natuurlijk... de complexbeveiligers die... letterlijk het complex beveiligen. Die zitten achter de knoppen, die geven de deuren... die doen ook cel-inspecties. Nou ja, de... afdelingshoofden werken we mee samen. Je hebt... case-managers die de belangen behartigen van... de gedetineerden. Er is geestelijke verzorging, dus een... pastor, een imam, een... orthodox... Russische... hoe noem je zo iemand? Nou, van alles wat in ieder geval. Nou zijn er natuurlijk een hele hoop mensen... die in de samenleving roepen... we moeten zwaarder straffen, die gasten... verdienen geen medische zorg, weet ik... het allemaal wat, sluit ze langer op. Maar jij werkt in die wereld, hoe kijk je daar... tegenaan? Ja, ik vind dat best wel lastig. Kijk... het is niet... ik denk als je er niet zo over denkt... als ik, dan kan je niet in een PI werken, want... de heren die daar zitten... en natuurlijk dames ook ergens, maar... Want jij werkt alleen op mannen? Ja, we hebben alleen mannen. Die zijn al gestraft. Dus het is niet aan mij... om daar op eigen houtje... nog eens een schepje bovenop te doen. De rechter heeft ze afgestraft... en dat is hun straf. En ik heb mijn werk te doen... en dat doe ik met plezier, maar iedereen... heeft recht op zorg. Of je nou iemand vermoord hebt, of... een brood gestolen hebt, ja, je hebt recht op... zorg, punt. En dat is hoe ik... ernaar kijk. En dat is best wel eens met... buitenstaanders lastig, als je het over... zware delicten hebt. Ja, de hoogste boom inderdaad, of... Ja, dat is niet hoe ik ernaar kijk. Ja, precies. Nou zijn er ongetwijfeld mensen die naar deze... gast kijken of luisteren, die interesse... hebben in het werken bij de DJI. Of misschien wel in jouw rol. Aan wat voor competenties moet je voldoen? Wat voor mens moet je zijn om in die wereld... te werken? Nou, dat is wel grappig. Ik heb ook... in het verleden wel eens in sollicitatiecommissies... gezeten, als ik het dan even heb over de verpleegkundige. En ik kijk zelf altijd meer naar... wat voor persoon zit er tegenover me... dan wat staat er op iemands... cv. Iemand kan... net van school afkomen en... tegenover mij zitten... en dat ik dan denk, goh... ik zie jou doen. Je staat stevig in de schoenen. Dat gaat helemaal goed komen. En iemand kan een prachtig cv hebben, dat je denkt... nou, op papier fantastisch, maar die zit... bij elke keer als er een pieper af gaat... met angst in de ogen... om zich heen te kijken, ja. Dus het is wel een beroep waarbij... je een beetje stevig in je schoenen moet staan. En toch, ja, je verbaal... je mannetje moet staan. Ja. We gaan daar... we gaan ook straks een kijkje nemen op jouw... werkplek. Ik ben zelf nog nooit in PI de Schie geweest. Ik vind het ook ontzettend interessant om... straks daar ook echt een kijkje te nemen. Voordat we het nog meer over... jouw werk gaan hebben, willen we wat meer... over jou te weten te komen. En dat doen we in het verhoor. Het verhoor. Wat is het leukste aspect van jouw werk? Goh... Ik denk de diversiteit in de doelgroep. Ja. Als jij niet als verpleegkundige... zou werken, wat voor werk zou je dan doen? Dat is een leuke. Ja, ik ben wel een... regelneef. Dus ik denk dat ik dan... ooit in de Bluif lang geleden... in de evenementenorganisatie gewerkt. Ik denk dat ik die hoek... Feesten organiseren? Ja, weet ik niet. Dat vind ik dan weer lastig. Ik vind het wel leuk als er toch ook een maatschappelijk... belang bij betrokken is. Dus ja, zoiets in die hoek... denk ik wel. Heb jij ook een muzieknummer... wat het beste past bij het werk wat je doet? Och... Jeetje... Nou ja, ik... ben eigenlijk best wel fan van Johnny Cash. Oké. Ja, dat is natuurlijk bij uitstek degene... die altijd in de gevangenissen ging... optreden. Dus ja, als je het hebt over Johnny Cash... dan kan je een heel oeuvre natuurlijk op tafel gooien. Maar ja, Johnny Cash... zou dan de artiest zijn die erbij is. Ik heb ook staan welke film moet iedereen gezien hebben. Maar is dat dan ook Walk the Line? Die gaat over Johnny Cash, toch? Ja, nou ja... Nee, dat is niet... Ik moet... meteen denken aan... The Green Mile. Dat is natuurlijk echt een prachtig film. Ik heb hem al zo vaak gezien en elke keer... weer tranen met tijd. Maar de manier waarop Tom Hanks... kijkt naar die grote... kerel. Een hele beangstigende kerel. Een hele beangstigende kerel en toch... ziet hij de menselijke kant van die man. En dat is ook een beetje... hoe ik naar mijn werk kijk. Ja, ik denk dat... die dan wel bovenaan mijn lijstje staat. Wat is de grootste... misvatting over het werken in een PI? Dat ze allemaal in oranje... pakken lopen. Denk ik. Ja, dat is serieus. Die vraag heb ik al zo vaak gehad. Dat mensen echt denken van... Lopen ze in hun eigen kleren dan? Ja, een soort Orange is the New Black... achtige... beeldvorming, ik weet het niet. En wat doe jij als je niet aan het werk bent? Heb je ook hobby's? Dingen die je in de vrije tijd doet? Ja... Dan probeer ik... toch wel... Kijk, het is best wel een pittige... baan. Je maakt soms echt heftige dingen mee. Dus... mijn ontspanning vind ik in yoga... bijvoorbeeld. Daar word ik heel blij van. Fysiek en mentaal... je rust pakken. Ja, zeker. Wat is voor jou het fijnste moment van je dag? Ik denk... wat ik net ook zei, als er... de tijd voor is, dat ik even... naar de afdeling kan lopen en daar gewoon... even aan kan schuiven... bij stelgasten die... een potje aan het schaken zijn of dat je gewoon... even een praatje maakt met ze. Verdachte feitjes. Dit verdachte feitje gaat over muziek. En niet zomaar muziek, maar... muziek gemaakt door de politie. Nou, wat houdt dat in? We hebben namelijk één nationaal... politieorkest en maar liefst dertien... ensembles, koren... en orkesten verspreid over heel Nederland. Zij ondersteunen... bij een interne ceremonie... een herdenking over een evenement. Het verschil tussen het Nationale Politie... Orkest en de dertien andere... orkesten, ensembles... is dat in het Nationaal... Politieorkest alleen... politiecollega's in actieve dienst... spelen. En in die... andere dertien, daar spelen ook... burgers. Dus... zij worden gescreend en worden dan aangenomen... als politievrijwilliger. Nou... ik hoop dat je weer wat wijzer bent geworden... over de wondere wereld van de politie. Ik zie je graag weer bij het volgende... Verdachte Feitje. Jouw vraag. Wij stellen de kijkers en luisteraars van deze podcast altijd... in de gelegenheid om vragen te stellen. Nou, er is natuurlijk ook heel veel interesse... in jouw bijzondere baan. Voordat we aan die vragen... toekomen, wil ik heel even terugpakken op wat jij net zei... over dat die mensen... die bij jullie verblijven... in hun eigen kleren rondlopen. Kan jij... iets vertellen over hoe zo'n dag... en hoe hun leven op dat moment er... een beetje uitziet? Ja, het dagprogramma... bedoel je? Ja. Nou... ik moet eerlijk bekennen, daar hebben wij... natuurlijk in die zin vrij weinig mee te maken. Behalve dat ik weet dat ze... op bepaalde momenten, als ze bijvoorbeeld naar de arbeid zijn... niet opgeroepen kunnen worden... voor de medische dienst. Maar voor zover ik het kan vertellen... ze hebben verschillende dingen... waar ze recht op hebben. Persoonlijke verzorging... dus dan kunnen ze douchen, dat soort dingen. De gevangeniskrant... heeft verplicht arbeid... een halve dag per dag, zeg maar. Ze moeten een halve dag werken. Sommigen kiezen er ook voor om hele dagen... te werken, dat mag ook. Kan ik me ook voorstellen, trouwens. Want als je daar heel de dag zit... ik denk dat ik ook hele dagen zou gaan werken. Ze hebben... luchten, ze hebben recreatie... dus dan kunnen ze koken op de afdeling. Ze maken ook kookclubjes... dan koopt één de boodschappen... en de rest kookt het en dat roeleert dan. Wel ironisch als je voor kook daar zit... om dan vervolgens in de kookclub te gaan. De kookclub, ja precies. Ja, zo... een bibliotheekmoment... en dan zijn er natuurlijk gesprekken met... van allerlei instanties waarbij... de ketenpartners waar wij mee samenwerken... dus ja, dat is... van de reclassering tot de politie... tot, noem het maar op... case managers, medische dienst... psychologen. Het lijkt me... wel een hele heftige... wereld om in te zitten... als gedetineerde. Is het een... spannende... is het een spannende wereld? Hangt er vaak een gespannen sfeer? Nou, dat kan soms wel zo zijn. Dat hangt er een beetje vanaf... welke afdeling het ook is... maar... ja, kijk, je stopt een groep mannen... bij elkaar... op de grootste gevangenisafdeling zijn... dat er dus 72... ja, dat kan wel eens spanning opleveren... en dan gebeurt er iets... en niemand is het daar niet mee eens en... ja, dan is soms... de spanning ook wel voelbaar, maar dat... dat weer die samenwerking met... met de PIW'ers op de afdeling... ja, die weten dondersgoed... die voelen dat feilloos aan en die weten dondersgoed... van... oh, kom je voor die en die? Doe maar... even niet. Slechte dag. Ja, slechte dag. Ja. Jij werkt hier natuurlijk... als verpleegkundige, daar gaat ook... deze podcast over. Ja. Hoe werkt dat? Want jij hebt een eigen soort van... praktijk daar, maar je bent dus ook vaak... op de zaal of in de... kamers, op locatie... als het ware, je werk aan het doen. Klopt dat? Ja. Nou, voornamelijk zitten we op de... medische dienst. Je hebt natuurlijk met medisch beroepsgeheim te maken... en iedereen heeft recht op privacy... tijdens zo'n consult. Dus de meeste consulten doen we... op de medische dienst, dus dan komen ze naar ons toe. Maar ja... soms weet je hè, als iemand... aan zijn been geopereerd is... dan moeten ze dus van de afdeling naar beneden... het halve pand door, naar de medische dienst weer... naar boven. Ja, dat doe je dan niet. Nee, precies. Dus plus... ja, op sommige dagen zit het... vol met personeel. Heb ik geen kamer? Nou, dan doe ik mijn bloeddrukje even op de... afdeling. Ja. Ja. En wat voor medische... hoe noem je dat? Handelingen zeg maar? Verricht jij dan het meest? Waar kom je het meest... mee in aanraking? Nou, dat is het leuke... dat is zo divers. Dat gaat van... spoedgevallen, dat hebben we natuurlijk ook hè. Mensen... het is een afspiegeling van de samenleving. Dus je hebt... van alles wat. Je hebt ook diabetes. Je hebt ook hartpatiënten. Je hebt ook kankerpatiënten. Je hebt ook mensen met HIV, dus... het gaat van dat tot een... ingegroeide teennagel... en alles wat daartussen zit. Ja. Ja, dus dat is wel... dat maakt het ook zo leuk. Het is... geen dag is hetzelfde. Nee. Zijn er bepaalde dingen... die jij zelf dan het leukste... leuk is natuurlijk niet het goede woord, maar... dat je er zelf van denkt, oh ja, nu wordt het interessant voor mij? Ja, iedereen heeft zo zijn eigen... specialiteiten hè, bij ons in het team. En ik ben bijvoorbeeld... wat minder van de oren uitspuiten. Daar is een collega van mij, die kan dat goed... en die vindt dat leuk. Dat vind ik dan weer minder. Ja, en ze noemen mij wel eens... dokter Pimpelpopper. Oh ja? Ja. Dus als het iets... is met pus... of iets opensnijden, dan... Ja, echt? Ja, heerlijk. Maar dat is wel een beetje zuster-eigen hoor. Oh ja? Ja, er zijn heel veel verpleegkundigen... die dat ook zo hebben. Die dat mooi vinden? Ja, lekker vieze dingen. Ja? Ja. En dan even skalpel... erin als het kan. Ja joh, en gewoon... lekker wonden verbinden... en dat soort dingen. Bloed prikken... dat kan ik dan weer heel goed, mag ik wel... zeggen. Ja. Dus... dat zijn wel leuke dingen. Ja. En... die gasten, als ik dat zo kan zeggen... maar die kennen jou natuurlijk ook allemaal... in principe op een gegeven moment. Ja. Hoe loopt dat contact tussen jou... en de gedetineerde? Ja. Eigenlijk heel relax. Als ik... even terugga naar mijn allereerste dag... twaalf jaar geleden, liep ik met een collega... mee. Dat was in detentiecentrum... Rotterdam. En... we lopen op de afdeling... en er loopt een gedetineerde achter mij. En die zei hallo. En ik... keek hem echt zo aan van... Oh, Joke... mag ik nu hallo terug zeggen? Weet je wel? Ja. Ja, en nu is dat gewoon... hé, Carlijn... hoe is het? En een praatje en... maar wat wel heel belangrijk is in dit beroep... en dat geldt voor alle functies... is dat je je afstand naar bijheid gewoon heel goed... in de gaten moet houden. Je moet je altijd... realiseren waar je werkt. En... wij spreken mensen nooit aan bij de voornaam. Ik zal altijd zeggen... meneer Jansen of meneer Pietersen. Ook al is het contact al zes en een half jaar... hè... gaat dat redelijk soepel... blijft meneer. Ja. Dat moet je altijd realiseren. Want je hebt natuurlijk met duizend en één verschillende... types te maken. Ja. En dat zal bij de ene een stuk makkelijker zijn... dan bij de ander, denk ik. Want ik kan me... best voorstellen dat jij een gigantische misser hebt gemaakt... in je leven, daarvoor een flinke straf... krijgt, maar eigenlijk... een super relaxed persoon bent. Ja. En dat dat voor jou dan soms ook wel eens lastig is. Van ja, ik ben best wel ook geïnteresseerd in je leven... en gewoon, hè, normaal... gesprek. Ja, klopt. Maar het moet niet op een... vriendschap gaan lijken, bijvoorbeeld. Nee, absoluut niet. Nee, nee, nee. En... ehm... weet je... soms heb je wel eens... hè, we krijgen... met kerst bijvoorbeeld, krijgen we van sommige... gedetineerden elk jaar een kaartje. Allemaal alle verpleegkundigen en... ja, dat is natuurlijk hartstikke leuk. Maar ik zal bijvoorbeeld... nooit eten aannemen, weet je. Dan hebben ze een cake gebakken of een taart of... ja, dat... dat doe ik... allemaal niet. Nee, nee, nee. Daar moet je wel... echt voor waken. Je moet dat echt wel... gescheiden houden. Ja. Afstand bewaren. Ja, absoluut. We gaan eens even naar de vragen... die op mijn lijstje staan. Ja. Wat... en die vraag is... meerdere keren gesteld, trouwens. Maar wat is nou het raarste... wat je hebt meegemaakt? Ja, kijk, wat dat betreft kan ik natuurlijk... een boek schrijven over alles wat ik... gezien heb aan gekke... dingen. Want... buiten dat... gedetineerden soms gekke dingen doen, komen... er ook wel eens, ja, gekke mensen binnen. Die zal... je hier ook hebben bij de politie. Mensen die echt ernstig verward zijn... of wat dan ook, psychose. Dus... ja, dat is ook wel weer lastig... omdat ik natuurlijk niet alles kan vertellen... en dingen misschien ook herleidbaar zijn... Ehm... Maar... Ja, ik vind het een... lastige vraag zonder dat ik... in detail treed. Nou, laten we het er gewoon op houden dat je genoeg... Dat spreekt tot de verbeelding van... van een geestenherfst. Ja, zeg... Ja, je maakt echt wel... echt gekke dingen mee. Dat je... aan het einde van de dag op de bank zit thuis... en dat je denkt, wacht even, even terugspoelen. Wat? Ja, precies. Was ik... daarbij? Ja. Ik heb ook vragen binnengekregen over jouw... veiligheid en veiligheidsgevoel. Voel je je weleens onveilig in je werk? Die vragen krijg ik vaker. Ehm... En dan ga ik daarover nadenken en... Ehm... Als ik dan terugdenk is er... zijn er één of twee situaties waarin ik me... misschien niet onveilig voelde... maar wat minder prettig. Er is bijvoorbeeld een keer gebeurd dat... ik op de ring stond op de afdeling... en er was een gedetineerde die was het niet eens... aan mijn beleid. En ik ging hem dat daar vertellen. En het was op dat moment druk... dus ik keek op een gegeven moment ook achter me... en er was even geen personeel... en die man was aan het schreeuwen en die smeet met zijn... stalen deur en... En toen dacht ik, oké... Nou, ik ben gewoon rustig gebleven. En toen kwam er een andere gedetineerde die ik al lang herkende... die kwam naast me staan. Hij zegt... Wat is er aan de hand, Carlijn? Ik zeg, nou, meneer... is een beetje boos. Hij zegt, ik zie het. Ik blijf wel even bij je staan. Oh, ja. Dat is de andere kant van de medaille. Dus er zijn jongens... die zitten daar zo lang en... die ken je inmiddels al best wel goed. En ik durf mijn handen ervoor... in het vuur te steken dat als er echt stront aan de knikker... is, als er eentje echt zou flippen... dat die ertussenspringen. Op jouw werkplek heb je natuurlijk... allerlei verschillende materialen. Skalpels, naalden... allerlei dingen die je in principe in een PI... niet zou willen hebben. Zijn er protocollen voor? Is dat gevaarlijk? Hoe werkt dat? Ja... Nou, laat ik beginnen bij de... medische dienst. Wij... hebben al onze spullen. Het ligt... natuurlijk netjes achter slot een grendel in de kast. Maar er moet bijvoorbeeld... wel bloed geprikt worden bij mensen. Dus ja, dat doe je inderdaad met een naald. Of als ik bij iemand een verbandje... aan moet leggen, moet ik dat afknippen met een schaar. Dan zijn dat doorgaans verbandsscharen. Daar kan je niet zo veel mee, maar... Ja, we hebben daar in die zin... protocollen voor. Stel, ik zit bij iemand met iemand... in de ruimte om bloed te prikken... en ik moet even iets pakken. Ik laat die man... niet alleen in de spreekkamer zitten. Met mijn... spullen die daar liggen. En als ze wel heel even... als ik iets moet pakken of wat dan ook... alleen in de spreekkamer zitten, dan zorg ik dat... er geen spullen liggen waar ze zo makkelijk bij kunnen. En voor zover ik weet... op de afdeling is het zo, als ze bijvoorbeeld willen koken... met een aardappelschilmesje, dan kunnen ze... dat bij de PIW'er halen. Dan gaat er een kaartje... aardappelschilmesje bij hun... naam op het bord. En dan weten ze precies, oh die heeft het. Dus die is ook verantwoordelijk voor het mesje. En als die het niet terugkrijgt, dan heeft die een probleem. Ja, precies. Dus alles wordt in de gaten gehouden. Alles wordt in de gaten gehouden. Absoluut. Want over wat voor gevangenisstraf... hebben we het grofweg? Van letterlijk... een dag. Ik heb... zelfmelders gehad, die moeten zich... wel melden om nog een straf uit te zetten van een dag... tot levenslang. En alles wat daartussen zit. Zijn daar mensen die er langer zitten... dan jij daar werkt? Ja, ja. En die er ook nog langer zouden blijven? Die blijven ook nog wel even, ja. We hebben ook een vraag binnengekregen... vond ik zelf ook wel een... interessante vraag. Maar proberen ze... je wel eens te versieren? Ehm, nee. Nee, ik... denk dat de jongens donders goed weten... dat ze... dat dat een hele domme zet zou zijn, omdat ze weten... dat er dan consequenties aan zitten. Dan krijgen ze gewoon een rapport en dan krijgen ze een straf. Want dat is gewoon niet acceptabel gedrag. Dus grensoverschrijdend gedrag... Nee, dat zie ik zelden. Flink opgehandhaafd ook. Ja, absoluut. Absoluut, ja. Wat zijn de meest... voorkomende klachten die je behandelt? Ehm... Nou, we hebben best wel jongens... die geregeld... bij ons komen, die... voor hun detentie dan... ineens toch onveilig seks hebben... gehad en dan bang zijn voor een SOA. Dus SOA-testen worden best geregeld. Dat wordt uitgevoerd. Ehm... Stressklachten. Je kunt je voorstellen... als je binnen zit en... Nou, ik had er laatst eentje... die zijn vrouw stond op klappen. Zwanger op klappen. Ja, dan kom je ineens binnen te zitten. Je kan niet bij de bevalling zijn, dat weet je al. Of een zieke moeder. Dus ze komen... bij ons ook echt wel eens uithuilen. Ehm... Voor de rest... echt alles wat daartussen zit. Ik kan oprecht niet benoemen... dat er één klacht meer voorkomt. Nou ja, een voetschimmeltje of zo. Dat zien we ook wel geregeld. Maar ik kan niet zeggen van... het is of dit of dit. Het is zo... uiteenlopend. Ja, dat is echt zo. Ja, dat is superleuk. We hebben ook een vraag van een vrouwelijke... luisteraar. Ik weet zeker dat zij... ervaring spreekt, want er zit nog Anton in. Hebben ze daar ook last van mannengriep? Oh, hou op. Ja, breek me de bek niet open over de... mannengriep. Ja, het is echt... Ik wil naar de medische dienst, want... ik heb een loopneus. En ik moet fixen... strepsels en... In het griepseizoen... hebben wij op een gegeven moment een paar jaar geleden... besloten, dan hangen we ook gewoon een... brief op alle afdelingen. Het is griepseizoen. Heb je last van... dit en dit en dit? Vreetparacetamol. Nee, geen paracetamol. Want je moet lekker die koorts zijn werk... laten doen. Maar... laten drinken, in je bed gaan liggen en over... een paar dagen is het over. Ja, op een gegeven moment... werd het gewoon te gek. We zagen alleen maar mensen... met loopneuzen en... en hoestklachten, ja. Ja, maar als een man zich ziek voelt, Carlijn... dan voelen wij ons echt heel erg ziek. Ja, ik weet dat. Dan gaat het niet goed. Geloof me, ik weet dat. Kan het ook zo zijn, want ik kan me best... voorstellen dat als je... misschien wat ruzie hebt met... anderen gedetineerden of je voelt je niet veilig... dat het ook even een rustmoment... kan zijn. Even veilig bij de... verpleegkundige. Heb je wel eens het idee... van, oké, ze zoeken ons een beetje... op, ook om even gewoon... een normaal praatje te maken, heel even... een stapje uit van de afdeling af te zijn... of dat soort dingen? Ja, ik heb... Pas geleden had ik ook... een jonge knul. Die had allerlei businessplannen... liggen, maar... om een eigen zaakje te gaan beginnen, maar die... was op de verkeerde plek... met de verkeerde mensen... op de verkeerde tijd. Is toen opgepakt, moest een aantal maanden zitten... en die vond... totaal geen aansluiting bij... de jongens op de afdeling. Wat ik net al zei, met een beetje pech... kom je in een... populatie, het zijn allemaal stoere... jongens, allemaal van die haantjes. Hij had... daar niks mee, hij kon er niks mee, hij kon geen aansluiting... vinden bij die jongens. En toen moest hij een keer... bij mij zijn voor iets en toen vertelde die dat... Nou, dan nodig ik die jongen en kreeg... twee weken, als ik tijd heb... even uit, kan hij even ventileren... kan hij even zijn verhaal kwijt en toen... hij met ontslag ging, kwam hij speciaal nog... even langs om te bedanken... dat dat hem echt er doorheen had geholpen. Ja, dat vind ik dan toch... dat geeft ook voldoening. En dat is niet per se... medisch of verpleegkundig... maar toch prettig dat je iemand hebt kunnen... helpen op die manier. Ja, psychologische... zorg is ook een soort medische zorg. Absoluut, ja. Want zijn er ook psychologen bijvoorbeeld? Ja, zeker. Ja. We hebben drie psychologen... bij ons in de ski lopen en... daar worden ook echt behandelingen... gedaan. Dus je kunt je voorstellen... dat er ook echt wel mensen rondlopen die... behandeling nodig hebben. Ja. En dat kan van alles zijn, maar ook... traumabehandeling. Jongens hebben best wel soms... heftige dingen meegemaakt. En het doel is natuurlijk om ze beter... naar buiten te laten gaan dan dat ze... naar binnen gingen. Ja, precies. Daar draagt dat natuurlijk aan bij. Zijn er ook artsen... in de PI... Ja. Dat verschilt... een beetje per... inrichting hoe lang er een... arts is per dag of hoeveel dagen. Bij ons is er elke dag een arts... en dan een halve dag. Wat ook fijn is, want... ja, wij mogen... en kunnen gewoon niet alles zelf... beslissen. Dus... dan verwijzen we door naar de huisarts. En het is fijn, op een gegeven moment heb je... een vast team met huisartsen en dan is het... ook makkelijk schakelen. Dan zit ik met iemand in... een spreekuur, waarvan ik denk... oeh, die uitslag op dat been, dat ziet er echt nasty... uit. En dan zeg ik, joh... kom eens even meekijken. Dat is heel fijn... samenwerken op die manier. Want jullie... verstrekken zelf geen medicatie, toch? Klopt dat? Nee, in principe niet. Kijk... heeft iemand zo'n bang van de kiespijn... dan gaat hij morgen naar de tandarts. Ja, dan krijgt hij wel... Brufem van mij, bijvoorbeeld. Dat soort... dingen. En een zalfje of een cremetje. Maar... ja, wij hebben als verpleegkundige... niet de bevoegdheid om... medicatie voor te schrijven. Nee, precies. Kom je weleens lastige... dilemma's tegen in je werk? Bijvoorbeeld als het gaat over... waar ligt de grens van je... arts-patiënt geheim? Of... hoe werk je samen met verschillende... disciplines... binnen het team? Ja. Ehm... Nou, kijk... het beroepsgeheim... Wij hebben daar niet zozeer last van... maar anderen hebben daar last van. Ehm... Dus het is soms best lastig om... te proberen om aan een... andere discipline iets uit te leggen. Dan... bestempelen ze iemand als... een zeikerd of weet ik wat. Ja, dat... En ik weet meer. Maar ik kan daar niks over zeggen. Dus... dat is best wel eens lastig. Ook... aan de afdeling bijvoorbeeld. Van ja, weet je... ik snap waarom je dat denkt. Maar vertrouw er maar op... dat wij informatie hebben... waardoor we er anders over denken. Dat kan best wel eens lastig zijn. En dan moet je bijna een soort van gaan verkopen... waarom je bepaalde beslissingen... Ja, dat klopt. Ja. En... Ja, ook... in die zin met de politie... is het wel... dat is wel heel fijn samenwerken. Want... de VAR komt hier. Forensisch arts Rotterdam-Rijnmond. Ja. En daar hebben we ook korte lijntjes mee. Dus als mensen hier... politiebureau al gezien zijn... door de VAR... dan... wij contacten met ze op. En dan... krijgen we die informatie. Kunnen we vertellen over... Kunnen zij ons vertellen van nou heeft die en die... medicatie gekregen van ons of... methadone of dat soort dingen. Ja. Wij hebben hier natuurlijk ook... een arrestantencomplex. Ja. Die ligt boven ons hoofd. Ja. Hoe kijk jij aan tegen... de politie? En dan met name als het gaat om... mensen die aangehouden zijn. Wat is jouw... wat is jouw mening of visie daarop? Ja. Oh, dat is een leuke vraag. Ehm... Nou, ik vind het sowieso leuk... om hier een keer te zijn nu. Want ik woon al... 40, 42 jaar in Rotterdam. En ik... ben hier dus nog nooit geweest. Ja, wij werken best wel... nauw samen. En... Ehm... Ja, mensen die... bij jullie vandaan komen, komen... over het algemeen, ze komen van het politiebureau. Dan worden ze bij ons gebracht. Komen ze binnen... bij het BAD. De binnenkomstafdeling... delinquenten. Afkorting. Hoewel ze dan de... medewerkers daar ook badmeesters... noemen. Ja. En die... Nou, dan worden ze... ingeschreven. En negen van de tien keer... gaan ze linea recta naar ons. Dus eigenlijk... koud vanuit het politiebureau komen ze bij ons. En toch is het soort... Ehm... Ja, een soort vaag iets. Het is moeilijk te peilen... wat er dan gebeurt. Weet je wel? Het is wel prettig wat ik dan merk. Soms moeten wij zelf ook even naar een arrestantencomplex. Als er iets onduidelijk is, dan bellen... we even naar het arrestantencomplex om te vragen van... joh, wat is daar nou gebeurd? En die samenwerking, dat gaat eigenlijk altijd... soepel. Welke arrestantencomplex... moet je dan gaan? En dan is er ook een soort van... religious... verblijf. Ja, de vrijheid... is wel... Ja... Ja, dat is ook... Ja, dat is wel... Ja, dat is ook... Ja, dat is ook... Ja, dat is ook... Ja, dat is ook... Ja. We zijn allebei, voor zover ik dat kan zien, hebben we een Nederlandse roots. Maar toch werken we in een wereld waar je natuurlijk ontzettend veel culturele diversiteit hebt. Absoluut, ja. Is dat in jouw werk soms een uitdaging? Moet je daar bewust van zijn? Ja, het is meer bepaalde... Ik zie het vaak bij bijvoorbeeld Marokkaanse jongens. Dan zit je met ze te praten en dan stel je ze een vraag waarop het antwoord dan nee is. En dan doen ze dat geluidje maken. En in het begin dacht ik echt, wat doet die nou? Vind je mijn vraag irritant of zo, weet je wel? Maar dat is gewoon hun manier van nee zeggen. Ja, dus dat zijn die verschilletjes. Wij zitten natuurlijk wel met een taalding. Dat was in detentiecentrum nog veel erger. Maar er komen natuurlijk mensen binnen die... die geen Nederlands en geen Engels spreken. En dan spreek ik een heel klein beetje Frans en een heel klein beetje Duits. Oh, dat is een liedje, geloof ik. Maar verder kom ik niet. Dus gelukkig hebben we dan een tolketelefoon. Dus dan kun je met de tolketelefoon... Ja, dan kom je toch een heel eind. Ja, precies. En loop je er dan wel eens tegen aan dat mensen je dingen niet willen vertellen? Waarvan je denkt, ja, als je nou even eerlijk bent, dan kan ik je beter helpen. Ja, absoluut. Ja, zeker. En dat is vaak ook wel... Dan claimen ze een bepaalde medicatie bijvoorbeeld te gebruiken. En dan zeg ik, nou, oké, hoe kom je daar aan? Ja, van de huisarts. Ja, wie is je huisarts? Dan weet ik niet. Ja. Ja, want ik haalde net bij de apotheek. Wie is je apotheek? Ja, weet ik niet. En dan denk ik, ja, je weet het wel. Je kreeg het helemaal niet van de huisarts. Je kocht het op straat. Ja, dus dat is dan... Ja, maar goed. En bepaalde informatie willen ze niet delen omdat ze dat eng vinden of zich te verschamen. Dat kan natuurlijk ook. Als jij, noem maar wat, genitalen verratten hebt. Ja, dat kan best lastig zijn als je daarvoor bij een vrouw komt en daarover moet vertellen. Wat zijn voor jou de moeilijkste momenten in het werk? Nou, wat ik tot de dag van vandaag nog steeds wel eens lastig vind, is dat er soms ook best goede acteurs tussen zitten. Die best een gedegen verhaal hebben. En dat ik dan heel moeilijk het moeilijk vind om in te schatten. Ben jij mij nou aan het bedonderen of spreek je nou de waarheid? Ja. Dat is, ja, en dat is natuurlijk, dat is in jouw werk niet anders. Of voor een rechter of wie dan ook, weet je. Dus dat is, maar dat is in mijn beroep ook. En dat vind ik nog steeds wel eens, ja, dat ik dan echt twijfel van, goh. Of dat ik bijvoorbeeld iemand bestempel van, nou, hij... Geef er een draai aan, maar dat klopt niet dit verhaal. En dat vervolgens bijvoorbeeld de huisarts hem spreekt. En die zegt dan van, ja, ik heb hem gesproken, maar wat zielig. En dat ik dan denk, wacht even, zit ik er nou zo naast of? Ja, ja, ja. En kun je wat vertellen over waarin ze je dan zouden bedonderen? Gaat het dan om het verstrekken van medicatie bijvoorbeeld? Nou, voornamelijk. Of iets voor elkaar krijgen, hè. Dat ze zeggen van, nou, ik heb daar en daar last van. Dus ik moet dit en dat. Ik kan niet werken. Ze komen natuurlijk ook bij ons voor arbeidsbeperkingen. Dat moet de huisarts dan beslissen. Maar wat ik net ook zei, dat komt eerst bij ons. En dan gaan wij beoordelen van, oké, dit gaat om een arbeidsbeperking. Dit gaat naar de huisarts. Ja, ik kan niet werken, want ik heb dit en dat. Oké, nou, bewijs het maar dan, of zo. Ja, dat is lastig. Dat is echt lastig. Ja, dus je moet echt wel mensenkennis hebben ook. Ja, en dat komt met de jaren, hoor. Ik bedoel, dat had ik twaalf jaar geleden ook niet op die manier. Dus dat komt echt wel met de jaren. Alleen moet je er wel voor waken dat je niet te achterdochtig wordt. En iedereen als leugenaar bestempelt. Want dat is natuurlijk lang niet altijd zo. Kan je ons eens meenemen in een zaak of een incident die wat indruk op jou heeft gemaakt? Het was een paar jaar geleden met kerst. Dat was de dag van kerstavond. Toen was er een nieuwe inkomst vanuit het politiebureau. Die meneer, die was denk ik begin vijftig of zo. En een heel zware alcoholist. En ondanks dat hij al een aantal dagen op het politiebureau had gezeten. Dus die eerste roes was eraf. Maar dan kunnen er daarna ook nog allerlei dingen ontstaan. Denk aan een korsakof of Wernicke. Dat soort syndromen. Dat ze eigenlijk gewoon... Een soort van de wereld zijn door langdurig alcoholmisbruik. En die man werd binnengebracht. En dat was op vrijdagmiddag. En ik weet niet meer precies. Het was natuurlijk kerstavond. En uiteindelijk, omdat hij zo in de war was. Hebben we die man op de OBS moeten zetten. Op de isoleersaal moeten zetten. Voor zijn eigen veiligheid. Dat doe ik natuurlijk niet alleen. Dat gaat in samenspraak met een huisarts en een afdelingshoofd. En de directie. Die beslist daar uiteindelijk over. Maar die man was verder wel gewoon heel vriendelijk. Bijna een soort kinderlijk vriendelijk. Dus ik ben daarbij gebleven bij die plaatsing. En toen zat hij daar zo. Dan krijgt hij zo'n scheurhemd aan. Dat is zo'n soort lange jurk die niet kapot gescheurd kan worden. En toen zat hij daar op zijn matrasje. Een soort kinderlijk om zich heen te kijken. Ik vond het gewoon zielig. Het was zo zielig. En dan zit ik s'avonds met kerstavond wel op de bank. Zat ik even aan die man te denken. Ja, het is kerstavond. Zit die man daar. En dus met de kerst ook. Want wie gaat hem daar uithalen? Dat moet toch een arts of een psycholoog zijn. Dus voor zijn eigen veiligheid heeft hij dus met kerst daar gezeten. Tuurlijk bieden ze hem overdag wel wat aan. Dus laten ze hem wel even recreëren op de afdeling of iets dergelijks. Maar dat vond ik wel indrukwekkend. Ik denk ja, die man zal er uiteindelijk... ook niet voor gekozen hebben om hier te zitten. Zo op die manier. En het was echt een klein vergrijp waarvoor hij binnen was gebracht. Ja, dat vond ik echt zielig. Het was schrijnend. Schrijnend, ja. Dat is misschien een beter woord. Ja. Hoe ga je daar dan vervolgens mee om? Want het kan zich opstapelen en aan je gaan knagen. Dat soort dingen. Ja. Ja, moet je niet doen. Nee. Ja, het is. Hoe ga je daar mee om? Ja, met je collega's toch over praten. Kijk. Thuis kan je natuurlijk vrij weinig vertellen. Want je zit sowieso met een medisch beroepsschijn. Maar ja, het feit dat dat binnen justitie gebeurt, doet er nog een schepje bovenop. En met je collega's erover praten. Ik heb ook jaren daarvoor nog wel eens een keer, was ook met een OBS plaatsing, ook een schrijnend geval. En dat maakte ook zo'n indruk op me dat ik terugkwam op kantoor en dat gewoon de tranen in mijn ogen sprongen. Ja, dan heb je collega's waar je op terug kan vallen. Dat is weer dat team wat zo belangrijk is. Ja, dan snap je ook wel wat meer. Ja, die snappen mij en die snappen waarom dat zo'n indruk maakt. Ik denk dat het tijd wordt om een kijkje te gaan nemen op jouw werk. Ja, leuk. Ja, gaan we doen. Ik ben heel benieuwd. We zijn in PI de Schie. Dat klopt, hè? Ja, klopt. Wat gaan we hier doen? Wat wil je hier allemaal laten zien? We staan hier echt in een supermooie gang eigenlijk. Ja, de circulatiegang zoals dat heet. En hierboven zijn de afdelingen. Dit is één kant van het pand en aan de andere kant hebben we nog zo'n gang. En daar zitten ook weer twee afdelingen boven. En waar wij nu staan in deze gang, is dit ook waar gedetineerden zich ook verplaatsen en bewegen? Ja, hier is de keuken en de arbeidszalen zijn hier beneden. En al het verkeer, vandaar noemen ze het de circulatiegang, die gaat helemaal rond. En dan kunnen ze via deze gang overal naartoe. Aan de wandel? Ja. Kunnen ze hier ook hardlopen of is er een sportruimte ergens anders? Nee, je mag niet rennen in de PI. Dat is altijd de regel. Ja, ja, ja. Dat het een spoedgeval is. Ja, precies. En kunnen ze hier dan ook gewoon hangen, zeg maar? Nee. Of is dit echt alleen een gang? Nee, het is echt een doorgang voor de circulatie. En waar gaan we nu naartoe? Ik wil jullie even de isoleercellen laten zien, als dat kan. En misschien even een shotje op de afdeling. Kijken of daar, gaan we even kijken hoe het daar eruit ziet. Ja, super. Ja. Kom jij ook altijd binnen aan deze kant van het gebouw? Ja. We hebben allemaal een eigen sleutelbos en een eigen pieper. Ja. En die pieper, ja, die dien je ten alle tijde bij je te dragen. Want er kan elk moment alarm zijn en dan moet je wel weten waar het alarm is. Niet dat ik erop hoef te lopen, maar als het algemeen alarm is, dan mag je niet door het pand bewegen. Ja, precies. Dus dan moet je wel weten hoe of wat. Ja, precies. Ik hoor een vogel. Ja, dit is extra zorgvoorziening. Ja. Dus hier hebben ze, zitten er psychisch wat kwetsbaarheden. Ja. En die hebben ook vogeltjes die ze dan kunnen verzorgen en dat soort dingen. Ja. Ja. Kom jij dan ook, als jij aan het werk bent, eigenlijk overal in de PI? Ja, ik moet eerlijk zeggen aan deze kant wel iets minder, omdat dit niet mijn afdelingen zijn. Ja. Ik doe de gevangeniskant. Ja. Dus de A-afdeling is van mij en als mijn collega van de B, dat is ook gevangenis, er niet is, dan neem ik die waar. De C en de D neem ik over het algemeen niet zo vaak waar. Nee, precies. Ja. Nou, dit is een leefafdeling. En is het nu volle bak druk of staat er heel veel leeg? Hoe is het nu? Nee, het is volle bak. Het is eigenlijk, we hebben nu sinds kort ook dubbelcellen. Dus ze zitten ook zelfs met z'n tweetjes op één cel. Ja. Dus het is echt wel, ja, volle bak. En ze kunnen dan aan deze kant ook koken. Als ze hun boodschapjes hebben ontvangen, dan kunnen ze hier eten koken met z'n allen. Ja. Ja. En is dat altijd een beetje een groepsdynamisch ding ook? Nou, de één kookt voor zichzelf en de andere, ze hebben van die groepjes waar ze dan mee koken. Ja. Ja. Dus dan kookt de ene dag die en de andere dag die. Ja. En zo doen ze dat een beetje. Ja. En ik zie een tafelvoetbal en een televisie. Ze hebben ook gewoon contact met de normale filmseries televisie? Ja. Ja. Ze hebben gewoon lineaire tv op hun cel. Ja. Dan kunnen ze gewoon kijken wat er op tv is. Het gebouw is een soort acht eigenlijk. Ja. En dan heb je dus twee binnenplaatsen. Dit is de sportplaats en de andere binnenplaats is de luchtplaats. Dus als er sport gegeven wordt, dan is het hier. Dan wordt hier gesport. Ja. Ja. Eigenlijk altijd voetbal. Ja. Dat is weer klandisie voor ons, hè. Allemaal die enkels en die knieën en ja. Ja, precies. Allemaal blessures. Allemaal sportblessures, voetbalblessures. Wordt er ook gefitnessd? Ja. Er is ook een fitnessruimte en dat wordt dan begeleid door ILO'ers, Instructeur Lichamelijke Opvoeding. En die geven die jongens sport. Ja. Ja. Dus dit zijn ook twee luchtkooien. Dus de mensen die op de OBS zitten, kunnen dan hier luchten. Individueel eventjes fris hun neus halen. Ja. Hier beneden heb je de, dit is de B-afdeling, de B1, 2 en 3. De B1 is ingericht voor, dat noemen ze de zelfredzaamheidsafdeling. Dus dat zijn mensen die hebben net iets meer interne vrijheden. Hebben vaak ook de meest gewilde baantjes. Reiniger van het pand, hè. Afdelingsreiniger, dat soort dingen. Of in de keuken het eten distribueren. Bijvoorbeeld die bakken die dan vandaag geleverd zijn van de winkel. Ja. En dat zijn eigenlijk de mannen die zich gewoon voorbeeldig gedragen. En dan kan je dat dus verdienen om op deze ring te komen en hier een soort extra vrijheden te verdienen. En dan hebben we nog een metaalbewerking. Daar wordt alles met metaal gedaan. Er is een poederkoterij, er wordt metaal, dingen van metaal worden daar gemaakt. Ja. Dus daar kunnen we even naartoe lopen. Ja, gaan we even kijken. Hier wordt heel veel gemaakt van metaal. Tof. Ja, onderdelen van vrachtwagens. Lampenkappen, hier hangen ze. En als je hier dan aan het werk bent, krijg je dan ook betaald? Ja. Ja. Het is een klein bedrag. Ik weet niet precies wat het bedrag is. Ja. Maar ze krijgen voor elke uur wat ze werken, krijgen ze betaald. Krijgen ze betaald, ja. Hier kunnen ze ook diploma's halen, hè. Dus als je naar buiten gaat en je wilt bijvoorbeeld verder als lasser, dan kun je dus als lasser hier je lasdiploma halen en metaalbewerking, poederkoterij. Ja. Lopen we nu naartoe. Dus ja, zo ongeveer alles wat je gespoten wil hebben, dat gaat hier de poederkoterij in, in de kleur die ze willen. Dan wordt het poeder erop gespoten. Heet gemaakt, ja. Ja, dan gaat het inderdaad hier aan deze carousel en dan gaat het daar de oven in. Twee keer. En dan… Ja. En als iemand hier zijn vingers brandt, dan komt die bij jou terecht. Dan komt die bij mij. Ja, precies. Ja, dit is de medische dienst. Dit is waar wij onze mensen ontvangen. Psychologen zitten ook hier. Ik zal het even laten zien. Ja, dit is dus een spreekkamer van met name de huisarts zit hier een dagdeel per dag. Ja, hier doen wij onze onderzoeken, behandelingen. Jouw domein. Ja. Ja, hier zit ik het grootste deel van de dag eigenlijk. Ja. En hoe gaat dat dan in zijn werk? Want iemand die heeft bepaalde klachten, er wordt besloten van nou, je moet inderdaad even bij de verpleegkundige langs. Ja, vult een briefje in. Wordt die dan door iemand hierheen gebracht en ook weer opgehaald? Of hoe gaat dat? Nee. Ja, meestal niet. Er zit hier een gangwacht, zoals wij dat noemen. Dat is een complexbeveiliger die hier de boel in de gaten houdt. En die controleert ook alle verkeer, zeg maar. Dus als ik iemand wil spreken, geef ik een briefje aan hem of haar om die persoon op te roepen. En dan regelt die persoon dat die persoon hier komt. En dan weet die ook precies wie er is. En soms heb je wel eens van, oh, die heb ik al opgeroepen, want die moet voor de case manager komen. Dat soort dingen. Nou ja, en dan hebben we hier nog een ruimte. Die wordt ook door de fysio gebruikt. Je kunt je voorstellen dat ook de mensen die hier zitten wel eens last hebben van hun nek of schouder of blessures hebben of operatie hebben gehad. Dus wij doen hier ook spreekuur, bloedprikken doen we hier. En de fysio komt hier. Ja. Ja. Eigenlijk alles wat er in de, ja, ik zou bijna willen zeggen burgermaatschappij. Ja. In de samenleving gebeurt. Ja, dat is het. Eigenlijk is het een soort mini-samenlevingtje. Ja, dat klopt. Ja. Ja. En dit is een mini-huisartsenpraktijkje. Ja. Ja. Heb jij dan, en dat is meteen natuurlijk een gevoelige vraag, maar heb je dan het gevoel dat jij voor jouw werk voldoende middelen krijgt vanuit je werkgever om je werk goed te doen? Ja, ik denk het wel. En er is altijd wel ruimte voor gesprek ook, hè. Want het blijft maatwerk. Je kan wel bedenken, hè, we leggen alles vast in protocollen. Maar zo werkt het niet als het op medische dingen aankomt en op mensen. Nee. Dat gaat gewoon niet. Ja. Dus tuurlijk hebben we voor bepaalde ziektebeelden of wat dan ook hebben we bepaalde protocollen. En dat doen we wel, dat doen we niet. Maar over het algemeen kijk je altijd wel samen met de huisarts en als het nodig is met hogerop van joh, wat kunnen we, wat kunnen we hiermee? Ja, precies. Bepaalde casussen. Zo. Nou. Freedom. Zit het erop, ja. Ja. Freedom als je weer buiten komt. Dat voel ik wel. Ja, hè. Ja. Toch wel. Even zo weer lekker, even de frisse lucht. Ja. En dan zo over dat water uitkijken en dan is het toch altijd soort, ja, altijd wel lekker dat je weer buiten staat. Ja. Ja. Heel bijzonder om eens in jouw wereld te kijken. Ja. En wij hadden het net, buiten de camera's om, nog even over iets wat eigenlijk ook wel heel erg belangrijk is. Namelijk, wat heb je nou eigenlijk nodig aan opleidingen om jouw werk te doen? Ja. Je moet minimaal verpleegkundige zijn. Dat mag hbo of mbo zijn. Ja. Maar het idee is dat je, als je in dienst bent, dan krijg je vanuit justitie de opleiding of de specialisatie eigenlijk tot justitieel verpleegkundige aangeboden. Ik weet dat er op het moment wat wijzigingen zijn in die opleiding, maar in principe is het zo dat je een jaar lang twee keer in de week, of één keer in de twee weken naar school gaat. En dan leer je over verslavingszorg, infectieziekte, psychopathologie, toegeleiding naar de huisarts, dat soort zaken. Dat zijn dingen die hier wat meer voorkomen. Ja. Ja. Interessante wereld. Ja, zeker. Heftige wereld ook wel. Ik heb wel echt het gevoel, en jij bent er natuurlijk aan, maar je stapt wel echt de gevangenis in. En daar ben je zelf dan ook echt, ja, het is misschien hartstikke logisch ook, maar je wordt daar ook een soort van onderdeel van. Ja. Nou ja, maar dat is, en dat heb ik als ik op jouw plek rondloop, maar dat is, ja, dat is wel wat het is. Ja. Ja, dat klopt. Gaan wij weer terug naar de studio. Wij gaan terug. Ja. Dankjewel. We zijn aan het einde van deze, voor mij, super vette podcast, want ik vond het heel leuk om in jouw wereld te duiken. Ja. Je hebt een bijzondere job. Ja. Super cool. Ja, zeker wel. Ja. Ik stel de gast, en dat ben jij in dit geval, altijd toch even in de gelegenheid om een slotwoord met ons te delen, een soort afsluiter. Heb je nog iets voor ons? Ja. Nou ja, ik vind het ook wel belangrijk om dit te vertellen, mijn verhaal te vertellen, ook. Ik denk dat we het eerder over hadden, dat er best wel oordeel is van de buitenwereld, van ja, die gasten, hang ze aan de oogstboom, dat. Maar ja, ze zijn al gestraft, dus wie ben ik om daar nog een keer een straf overheen te gooien? Dus ik vind het ook belangrijk om te laten zien, het is echt niet P.I. de Efteling. Nee. Het is, weet je, het wordt echt wel serieus gehandhaafd en ja, en daarnaast, ja, er zit, er zit meer achter werken bij DJI, zo simpel is het ook. Het is echt wel een hele mooie, mooie omgeving om te werken en ja, we zoeken ook nog heel veel mensen. Ik voelde hem al aankomen. Je voelde hem aankomen, hè? Ja. Ja, we zoeken echt nog heel veel mensen buiten dat we P.I.W'ers, complexverveiligers ook verpleegkundigen. Dus ja, voor de luisteraars en kijkers die het interessant vinden wat ik vertel, kijk vooral even op werkenbijdji.nl. En mocht je dan toch niks vinden, kijk dan op P.I.W. Ja, die zag ik ook aankomen. Ja, precies ja. Nou ja, ik denk inderdaad, er zitten in het profiel zitten heel veel overeenkomsten. Absoluut. Ja. Ja. Supermooie job. Ja. En bedankt dat jij hier was om jouw verhaal met ons te delen. Ja. Nou, jij dankjewel. En jij bedankt voor het kijken of luisteren naar deze aflevering van Boeiend. Normaal gesproken verschijnt deze podcast één keer in de twee weken op YouTube of in je podcast app, maar in verband met de zomer gaan we daar een tijdje tussenuit. We hebben nog wel een hele mooie special gemaakt over een moordzaak en die verschijnt ergens in de zomer ook op dit kanaal. En daarna gaan we natuurlijk weer verder met reguliere afleveringen van Boeiend. Mocht je nou in de tussentijd een suggestie hebben voor een onderwerp, stuur mij dan vooral even een DM op Instagram. En daarna zie ik jou na de zomer heel graag terug in de volgende afleveringen van de politie podcast Boeiend. Als je weet dat je het kan, dan moet je er ook voor gaan. Echt en duidelijk. Echt en duidelijk. Een norm richting de samenleving. Wij horen achter onze politiemensen te staan."
bewegingsapparaat.mp3,Dokter Patient,Qwen3 ASR 1.7B,36.6,25.304347826086968,100,61.14673913043478,5778.3125,5749.35597826087,13.203256157751174,"Goede middag. Komt u verder? Ik heb voor u de uitslag van het ruggenonderzoek. Zoals vorige keer besproken was er een sterk vermoeden op een breuk, een ingezakte wervel. Hoe gaat het nu met uw rug? Dankzij de pijnstilling is het wel te doen. De ruggenfoto laat zien dat u inderdaad een ingezakte wervel heeft. Verder is het een stabiele breuk waarvoor een operatie niet nodig is. Gelukkig. Het minder goede nieuws is wel dat de breuk veroorzaakt is door osteoporose. Dit houdt in dat de dichtheid van uw botten minder wordt. Weet u wat ik daarmee bedoel? Betekent dit dan dat ik veel vaker botbreuken zal oplopen? Het is vervelend voor u om te horen. Helaas kan dat wel voorkomen. Maar kan ik dan helemaal niet meer gaan wandelen, want zoals het natuurlijk de vorige keer gebeurdt? Het is juist goed om te blijven bewegen. Hierdoor bouwen de botten meer kracht op. Ah, maar ik ben dan bang dat ik ga vallen waardoor ik weer iets kan breken. Mm-hm. Ik kan me heel goed voorstellen dat u hier bang voor bent. Maar er zijn wel manieren om dit te voorkomen. Deze kunnen we later wel bespreken. Oké. U lijkt nog niet echt gerustgesteld. Ja, het voelt gewoon alsof mijn lichaam me in de steek laat. Mm-hm. Het is natuurlijk ook vervelend om dit te horen, maar we kunnen de maatregelen bespreken die de kans op breuken zo klein mogelijk maken. Goed? Ja, ik weet niet of ik daar het nut zo van een zie. En waarom niet? Ja, dan moet ik zeker oefeningen gaan doen of zo. Ik kan me voorstellen dat het wat weerstand oproept, maar de maatregelen kunnen het risico wel degelijk verlagen. Vindt u het goed als we rustig het een en ander doornemen, en dan kunnen we daarna kijken wat voor u goed voelt? Oké. Oké, fijn. We kunnen u allereerst aanraden vitamine D-supplementen en calciumtabletten te nemen. Beide stoffen bouwen de botten opnieuw op. Of in plaats van calciumtabletten kunt u minimaal vier zuivelconsumpties nemen op een dag. Wat denkt u? Ik eet best veel yoghurt en drink eigenlijk ook altijd wel twee glazen melk. Oké, dan kunnen we die calciumtabletten al achterwege laten. U zou dan baat hebben bij de vitamine D-supplementen. Verder is het juist goed om te blijven bewegen en actief te blijven. Wat zou u kunnen doen qua beweging? Het gaat gelukkig wel redelijk om elke dag even te blijven wandelen. Blijf dat vooral doen, zo blijven de botten gewend aan de belasting. U rookt niet, maar drinkt u wel regelmatig alcohol? Nee, alleen in het weekend. Goed, met uw bloeddrukverlaging vormt dat in principe verder geen risico. Verder raad ik u aan fysiotherapie aan te leren en een goede balans en evenwicht te behouden, zodat u minder kans heeft om te vallen. Wat denkt u daarvan? Ja, dat wil ik wel proberen. Wat denkt u van deze adviezen? Het valt me eigenlijk wel mee. Ik had het erger verwacht om eerlijk te zijn. Gelukkig maar. Dus kort samengevat: u kunt vanaf nu starten met vitamine D-supplementen en er vooral voor blijven zorgen dat u genoeg calcium binnenkrijgt. Verder is blijven bewegen belangrijk en maakt u een afspraak met de fysiotherapeut. En qua rugpijn kunt u doorgaan met de pijnstilling zoals we die de vorige keer hebben besproken. Is het zo duidelijk of heeft u nog vragen? Nee, het is wel duidelijk zo en ik ben er ook wel content mee. Zullen we dan over een week of drie een nieuwe afspraak inplannen? Dan kunnen we bespreken hoe het gaat. Dat zou ik fijn vinden. Bedankt voor het prettige gesprek, dokter."
ademhaling.mp3,Dokter Patient,Qwen3 ASR 1.7B,31.0,25.698275862068968,97,59.172413793103445,5782.3125,5782.174568965517,19.12715640998652,"Ik denk dat ik inmiddels voldoende informatie heb over uw klachten. Dan zou ik nu nog even naar uw longen willen luisteren. Dat is prima, hoor. Oké, u kunt zich achter het gordijn omkleden en de kleding daaraan een haakje hangen. U hoeft alleen nu bovenlichaam te ontkleden. Oké, dus de broek mag ik aanhouden? Klopt, die mag u aanhouden. U mag plaatsnemen op de onderzoeksbank, met uw benen naar deze kant. Ik ga nu even luisteren naar de longen en ik zal op verschillende plekken gaan luisteren. De stethoscoop kan wat koud aanvoelen. Ik zal het even op uw hand laten voelen. Gaat dat zo? Ja hoor, het valt me mee. Fijn. U mag de armen gekruist op uw borst leggen. Zou u eens diep kunnen zuchten met mond open? Het mag u een aantal keren halen in een rustig tempo, terwijl ik naar de longen blijf luisteren. Prima, ik heb het goed kunnen horen. Dankuwel. Mag ik me dan nu weer aankleden, dokter? Ja, natuurlijk. U kunt zich weer aankleden achter het gordijn. Doe maar rustig aan, hoor. Dan bespreken we dadelijk wat ik heb gehoord."
diabetes.mp3,Dokter Patient,Qwen3 ASR 1.7B,28.6,25.377372262773736,100,61.91970802919708,5816.3125,5791.845346715329,13.618623442855888,"Goedenmiddag meneer Visser. Goede middag. Vertel, waarvoor bent u vandaag gekomen? Nou, ik ben al een tijdje erg moe. Ik heb nergens zin in, totaal futloos, echt heel vervelend. Ja, dat kan ik me voorstellen. Moe en futloos zei u. Wat verstaat u hieronder? Ja, ik heb gewoon overdag geen energie om iets te doen. Wat vervelend. En hoe lang heeft u daar al last van? Ja, al een weekje of zes. Zes weken dus. En wat maakt het dat u nu toch na zes weken komt? Ja, ik maak me zorgen. Ik vind het nu echt te lang duren. Ik wil graag weten wat de oorzaak is. Dat kan ik me voorstellen. Als ik het goed begrijp, wilt u vooral weten wat de oorzaak van uw klachten is. Hoe slaapt u? Heel goed, ja. S nachts ben ik wel een paar keer wakker om eruit om te plassen, maar daarna slaap ik vrijwel direct weer in. Hoe vaak is een paar keer? Ik denk gemiddeld wel vier keer per nacht. En hoe was het hier voor, qua plassen in de nacht? Oh, dat was minder. En ervaart u dan ook pijn bij het plassen? Nee, dat niet. Drinkt u veel voordat u gaat slapen? Ja, ik drink de hele dag veel. Ik heb vreselijk veel dorst de hele dag. Maar s avonds probeer ik een beetje minder te drinken, zodat ik niet zo vaak naar toilet hoef. Duidelijk. Als ik het goed begrijp heeft u dus sinds ongeveer zes weken veel last van vermoeidheidsklachten, heeft u veel dorst en moet u vaak plassen, vooral s nachts. Heeft u verder nog andere klachten? Nee, eigenlijk niet. Al wel, ik heb ook een paar wondjes op mijn rug die maar niet willen overgaan. Daar zal ik ook even naar kijken. Ik wil u ook nog wat algemene vragen stellen. Ja prima. Hoeveel weegt u? Zon dikke 100 kilo schat ik. Ik weet het niet precies. Dan gaan we u straks even wegen. Hoe is uw eetpatroon? Ik eet het liefst aardappelen met een lekker stukje vlees. Maar mijn vrouw maakt ook wel eens spaghetti en op vrijdag eten we altijd friet. Eten u verder ook nog fruit en groenten? Nou, daar hou ik niet zo erg van. En snoept u ook zoete of hartige tussendoortjes? Ach, een koekje bij de koffie en bij de thee, en s avers wat chips bij het biertje, maar meer niet, hoor. En hoeveel drinkt u gemiddeld? Eigenlijk altijd maar een paar biertjes. Verder geen wijn of sterke drank. Een paar biertjes zegt u. Hoeveel biertjes per dag ongeveer? Drie of vier denk ik zo. En rookt u? Ja, een pakje per dag ongeveer. En beweegt u ook dagelijks? Dat probeer ik wel af en toe een blokje om, maar veel meer is het echt niet. Oké. En komt er diabetes voor in uw familie? Diabetes, oh suikerziekte? Nee, niet dat ik weet. Maar hoezo? Denkt u dat ik suikerziekte heb? Ik sluit het niet uit, maar we hebben daar een aantal onderzoeken voor nodig. Vindt u het goed als ik u eerst lichamelijk ga onderzoeken? Natuurlijk, geen probleem. U kunt alvast op de onderzoekstafel gaan liggen. Zou u ervoor kunnen zorgen dat dit gehele bovenlichaam onblot is? Dan kunnen we deze goed onderzoeken. Ja, dat is prima."
hartziekten.mp3,Dokter Patient,Qwen3 ASR 1.7B,36.6,25.452577319587625,100,63.74226804123711,5816.3125,5816.3125,11.638022683913743,"Goedemiddag. Wat heeft u hier gebracht vandaag? Ik heb de laatste tijd wat last van mijn hart. Uw hart? En wat bedoelt u daarmee? Nou, ik merk dat ik steeds vaker hartkloppingen heb. Oké. En hoe lang heeft u daar al last van? Ik denk een paar weken, maar sommige dagen heb ik er ook helemaal geen last van. Dus eigenlijk heeft u bijna iedere dag er last van. En wat voelt u dan precies? Mijn hart klopt dus sneller en ik voel het echt in mijn borstkas kloppen. Oké, dat is vast een onprettig gevoel. U zegt dat u het al een paar weken heeft. Daarvoor had u het niet. Wat maakt nou dat u vandaag bent gekomen? Ja, het is gewoon een heel nare gevoel en ik denk dat ik een hartaanval krijg of zo. Dus ik wil het in en ander laten checken. Ja, dat begrijp ik helemaal. En op zo'n moment van de aanval, wat doet u dan? Ja, niks speciaals eigenlijk. Voelt u verder nog andere dingen op die momenten in de borstkas of in de rest van je lichaam? Nee, dat niet. Ik denk eigenlijk alleen in de borstkas en niets anders dan dit, hoor. En merk je bijvoorbeeld dat het hart ook van tempo wisselt, soms sneller en soms langzamer? Oh ja, dat heb ik wel enkele keren gemerkt, maar dat was niet zo heel erg, hoor. Oké. Heeft u verder ook geen klachten van misselijkheid, benauwdheid of zweten? Nee, dat eigenlijk niet. Alhoewel ik merk dat ik door de hartkloppingen ook wel een snellere ademhaling krijg. Oké, en heeft u daarbij ook een gevoel van kortademigheid? Nee, dat niet. Oké, dus als ik het goed begrijp, heeft u sinds enkele weken last van hartkloppingen, maar verder niet veel bijkomende klachten. Ja, dat klopt inderdaad. Mag ik iets anders vragen? Heeft u op dit moment ook last van stress? Dat valt wel mee. Dus wat drukker, maar ik ga binnenkort op vakantie. Ja, dat is een fijn vooruitzicht. En heeft u zelf al iets aan de klachten gedaan? Ik probeer gewoon even rustig te doen, dan zakken de klachten vaak wel. Lukt dat wel goed om even rustig aan te doen? En wat doet u dan? Nou, ik maak me soms wel druk en dan houden de klachten wat langer aan. En waarover maakt u zich dan druk? Ja, dokter, ik heb in mijn omgeving toch wel mensen gehoord die dezelfde klachten hadden als ik en dan ineens onderuit gingen of wat meer dan ineens meer slechter ging. Maar dat wil ik natuurlijk niet. Nee, dat is natuurlijk heel begrijpelijk. U hoeft zich daar geen zorgen over te maken. Dit soort hartklonkingen zijn heel veel voorkomend en zijn vaak onschuldig. Maar ik zal voor de zekerheid zo natuurlijk ook even naar uw hart luisteren. Oh, dat vind ik wel fijn om te horen. Het onderzoeken van het hart vind ik ook wel fijn eigenlijk. Ik kreeg de indruk dat dan niet al uw zorg zijn weggenomen. Kan dat kloppen? Ja, dat klopt misschien wel, dokter, want ik maak me vooral ook zorgen om mijn reis. U reis? Wat voor reis gaat u maken? Ik ga bij mijn dochter op bezoek in Australië, maar dan moet ik ook veel rijden en ik ben bang dat ik met deze klachten niet veilig achter het stuur kan zetten en kan deelnemen aan het verkeer. Ja, ik kan me dat goed voorstellen. Maar ik kan u hierin wel geruststellen, zeker als we dadelijk bij het luisteren naar het hart niets schets horen. Deze klachten zullen uw reisvaardigheid niet beïnvloeden. Naar mijn mening kunt u dus gewoon veilig op reis om uw dochter te bezoeken. Dat is goed om te horen, dokter. Dank u wel. Ik zal eerst even naar uw hart luisteren en dan kunnen we de andere dingen ook makkelijk uitsluiten."
oncologie.mp3,Dokter Patient,Qwen3 ASR 1.7B,36.6,25.59391891891895,100,62.608108108108105,6538.3125,6498.623310810811,14.413740854548175,"Fijn dat u vandaag bent gekomen voor het bespreken van de uitslag van de onderzoeken. Zoals u weet hebben we de afgelopen donderdag het aanvullende onderzoek gedaan en nu heb ik de uitslag. Ja, goeiemiddag dokter. Ik ben wel een beetje bang voor de uitslag. Dat kan ik me goed voorstellen. Ik heb helaas geen goed nieuws voor u. Ik moet u mededelen dat u kanker heeft in het dikke darm. Er is een tumor gezien op de scopepie. Wat denkt en voelt u nu? Er gaat wel veel in mij om op dit moment. Ik was er al een beetje op voorbereid, maar ik merk dat het toch wel erg confronterend is wat u mij vertelt. Het is ook heel heftig nieuws om te horen. Betekent dat nou dat ik dood ga, dokter? Bent u daar bang voor? Ja, eigenlijk wel. Ik begrijp dat u zich hierover zorgen maakt, maar zijn er genoeg behandelopties die in dit stadium van de ziekte toegepast kunnen worden? Ik weet even niet zo goed hoe ik hierop moet reageren. Ik vind het wel heel beangstigend allemaal. Hoe gaat het nu verder? Kan ik nog blijven werken? Moet ik het nou iedereen vertellen? En hoe ga ik het thuis aan mijn partner en mijn kinderen vertellen? Ik begrijp dat dit veel vragen bij u oproept op dit moment. Heeft u iemand in uw naaste omgeving die u kan steunen? Ja, zeker mijn partner. Dat is goed om te horen. Uiteraard hoeft u dit niet alleen te doen. We zullen vanuit hier u en uw familie zo veel mogelijk begeleiden. Oh, dat is wel fijn om te horen. U vraagt zich af hoe u dit aan de familie moet zeggen. Wilt u hier hulp bij? Oh nee, ik denk dat dat wel zal lukken. Goed om te horen. Wilt u nu al de verschillende behandelopties horen, of wilt u dat liever op een later moment bespreken? Ja graag. Ik weet alleen niet zeker of ik alles nu kan onthouden. Ik kan u de informatie ook op papier meegeven. En de volgende keer herhalen we alles gewoon nogmaals en kunt u uw verdere vragen stellen. Oh bedankt dokter, dat zou ik heel fijn vinden. Een operatie is sowieso nodig. Hierbij wordt een deel van de dikke darm weggehaald en de rest wordt weer aan elkaar gemaakt. Soms is het tijdelijk nodig een stoma te gebruiken. Wat vindt u ervan? Ja, ja, het klinkt wel begrijpelijk. Na de operatie moeten we het hebben over chemotherapie. Met de combinatie van een operatie en chemotherapie heeft u in dit stadium 90 procent kans om de kanker volledig uit uw lichaam te krijgen. Oké, dus ik krijg een operatie en u raadt chemotherapie aan. Dat klopt inderdaad. Wat vindt u ervan? Ja, het is duidelijk en ja, het zal het zal wel moeten, hè? Wilt u een folder met de informatie? Ja, heel graag. Dan zal ik u een folder meegeven met informatie over de behandeling van darmkanker. Kan ik u verder nog ergens mee helpen? Nou, ik ben al heel erg blij met deze informatie, dus dank u wel daarvoor. Fijn om te horen. Als u vragen heeft, kunt u deze opschrijven. Bij de volgende afspraak kunnen we alles nog eens rustig doorlopen. Het zou goed zijn als u dan iemand mee zou nemen. Ja, dat is zeker goed. Ik neem mijn partner mee. Ja, goed zo. Veel sterkte de komende week en we houden contact. Ja, dank u wel."
abdomen.mp3,Dokter Patient,Qwen3 ASR 1.7B,28.6,25.36315789473686,100,62.30263157894737,6546.3125,6541.101973684211,13.839125477663751,"Goedemiddag. Neemt u plaats? Dan zullen we de uitslag van het onderzoek gaan bespreken. Goedemiddag, dokter. Ik ben erg benieuwd. Ja, zoals u weet, hebben we net een echo gemaakt en we konden daarop duidelijk zien dat u een blinde darmontsteking heeft. En dit veroorzaakt ook de buikpen die u heeft. Oh, dat dat klinkt niet goed. Wat houdt dat precies in? Ja, er is een ontsteking van een aanhangsel van de blinde darm, de appendix. Hoe het ontstaat is niet helemaal duidelijk, maar het ontstaat vaak plotseling. Oké, ik snap wel wat u bedoelt, denk ik. U klinkt nog niet overtuigd. Maakt u zich zorgen? Wel een beetje, om eerlijk te zijn. Is het wel goed te genezen? Ja, het is eigenlijk zonder ernstige complicaties goed op te lossen, maar we moeten het wel gaan behandelen. Oké, dat zet me gelukkig gerust. Wat kan er dan gedaan worden? Nou, eigenlijk zijn er twee opties. Optie één is een operatie, waarbij het ontstoken deel verwijderd wordt. Dit is de optie waar het meest voor gekozen wordt. De andere optie is behandelen met antibiotica. Die worden dan direct via een infuus in de aders toegediend. En we kunnen samen kijken wat voor u de beste optie is. Dat lijkt me wel fijn, ja. Ja, na de operatie kan de ontsteking nooit terugkomen, omdat het ontstoken deel in zijn geheel verwijderd wordt. Het terugkomen van een ontsteking noemen we ook wel een recidief. En de kans op recidief na behandeling met antibiotica ligt tussen de 20 en 30 procent in de twee jaar na de behandeling. Maar zitten er niet ook nadelen aan een operatie? Ja, een operatie kan gepaard gaan met complicaties, ook al zijn deze veelal klein. De operatie wordt onder narcose gedaan met een kijkeroperatie. Oké, maar is het dan niet zo dat de darm misschien minder goed functioneert omdat je het weghaalt? Nee, gelukkig niet. Dit stukje van de darm heeft geen functie, dus het weghalen heeft verder geen nadelen. Ik ben ook nog wel benieuwd naar wat details over de behandeling met antibiotica. Ja, voor de behandeling met antibiotica moet u een paar dagen opgenomen worden om de antibiotica toe te dienen. De opname duurt korter dan de keuze als je kiest voor een operatie. Na een behandeling met antibiotica herstelt u wel snel en daarna de operatie, maar een onderliggende oorzaak van de ontsteking kan niet achterhaald worden. Bij een operatie kan dat wel. Wat kunnen die oorzaken dan zijn? Nou ja, de meest ernstige oorzaak is een vorm van kanker. Die komt niet vaak voor, maar bij één of tot twee procent van de mensen. Hm. Ja, dat is niet veel, maar het lijkt me geen fijn idee om met die onzekerheid te leven. Ja, dat is begrijpelijk dat u dat zegt. Was het verder betreffende behandelopties wel duidelijk wat de voor- en nadelen zijn, of heeft u nog vragen? Nee, dat is eigenlijk al duidelijk. Heeft u op dit moment een voorkeur voor een van beide behandelingen? Ja, voor een operatie, ondanks dat het herstel misschien langer duurt. Ik vind het wel fijn om zeker te weten dat het niet terugkomt, of misschien wel veroorzaakt wordt door een vorm van kanker. Vindt u dat een logische keuze? Ja, ik zou de meeste mensen een operatie adviseren. Oké, kan ik even mijn partner op de hoogte stellen voordat we verder gaan? Hij maakt zich namelijk nog wel wat zorgen. Ja, natuurlijk mag dat. En dan bespreken we zo verder de vervolgstappen."
auto-immuunziekten.mp3,Dokter Patient,Qwen3 ASR 1.7B,30.0,25.486627906976764,100,61.43023255813954,6546.3125,6546.3125,15.579408291245413,"We hebben het zojuist gehad over uw klachten. U gaf aan zijn ze langere periode klachten te hebben van buikpijn en diarree en u bent flink wat kilos afgevallen. Ook voelden zich vermoeid en vuilloos, waardoor u overdag weinig energie heeft. En u maakt zich daar zorgen over. Klopt dat? Ja, dat klopt inderdaad. Dan zou ik u nu graag wat specifiekere vragen willen stellen over de klachten. Prima. Zou u kunnen omschrijven waar u de buikpijn voelt? Vooral wat lager in de buik. Het is echt een krampende pijn. En is er iets wat u kunt doen om die pijn te verzachten? Het liefst houd ik me rustig. Maar ik moet dan vaak naar het toilet. Op de wc heb ik dan nog wel veel buikpijn, maar na de hand is de buikpijn vaak iets gezakt. Dus nadat u naar het toilet bent geweest, is de pijn minder. En is de pijn verder de hele dag door aanwezig? Nee, dat niet. Het gaat vaak een beetje op en af. Ik merk dat het een paar uur na het eten vaak het pijnlijkst is, hoewel ik er s nachts ook wel veel last van heb. Ik moet dan ook een aantal keer naar de wc. En dan na de toiletgang is het weer minder? Ietsjes. Slaapt u verder wel goed? Redelijk, behalve dat ik er dus wel vaak uit moet s nachts. Het inslapen duurt dan soms ook wel weer even. Ja, dat snap ik. U zei dat u diarree heeft en kunt u aangeven of de ontlasting altijd zo dun is? Eigenlijk wel. Soms is het wat harder, maar meestal is het gewoon heel dun tot zelfs waterdun. En hoe vaak gaat u gemiddeld per dag naar het toilet voor de ontlasting? Ik denk gemiddeld wel een keer of vijf, zes de afgelopen periode. Dat is inderdaad wel veel. Weet u misschien of er ook bloed of slijm bij de ontlasting zit? Nee, dat gelukkig niet. En heeft u verder nog last van opspingen of zuurbranden? Ik heb het altijd wel een beetje gehad, maar dat is niet veel erger geworden in de afgelopen periode. En voelt u zich dan ook wel eens misselijk? Of moet u misschien overgeven? Nee, dat gelukkig niet. Dat is fijn om te horen. En heeft u nog wel een normale eetlust? Nou, ik heb niet vaak zin om te eten, moet ik zeggen. Dus toch wel een afgenomen eetlust, als u het zo zegt. Ja, dat wel. En hoe is uw eetpatroon? Zou u voor mij eens kunnen omschrijven wat u op een dag zoal eet? Ik probeer wel genoeg groente en fruit te eten. Daarnaast eet ik elke dag een stukje vlees of vis. Soms snoep ik wat tussendoor, maar meestal houd ik wel een beetje rekening met wat ik eet. Oké, ik denk dat ik zo wel een goed beeld heb. Bent u Toevallig recentelijk ook nog in het buitenland geweest voordat de klachten begonnen. Ik ben wel op vakantie geweest naar de camping op Frankrijk, maar verder niet. Duidelijk. Heeft u ooit korts ervaren bij de klachten? Dat weet ik eigenlijk niet zo goed. Ik heb soms wel heel koud en dan weer warm, maar dat is niet altijd zo. Oké, we kunnen zo meteen ook de temperatuur wel meten. Zou u kunnen aangeven of u medicijnen of pijnstiller gebruikt? Medicijnen niet, maar ik neem wel af en toe een pijnstiller. Soms helpt dat iets tegen de buikpijn. En heeft u verder nog aandoeningen in de voorgeschiedenis? Nee, eigenlijk niet. Heeft u misschien toevallig in de familie ooit gehoord dat iemand dit soort klachten heeft? Volgens mij had mijn tante hier ook wel eens last van. Ik zou het eens kunnen aanvragen. En weet u misschien voorverder erfelijke ziektes in de familie zitten? Hm, ik weet dat mijn oma een vorm van reuma had, maar ze is al een tijdje terug overleden. Verder denk ik het eigenlijk niet. Oké, als u het goed vindt, wil ik u graag lichamelijk onderzoeken. Is dat goed voor u? Natuurlijk. Zou u dan voor mij de buik willen ontbloten? Dat kunt u daar achter het gordijn doen. En uw BH mag u aanhouden. Oké, dat is goed."
neurologie.mp3,Dokter Patient,Qwen3 ASR 1.7B,43.6,27.5054726368159,100,61.17412935323383,6546.3125,6546.3125,13.672072465176173,"Goedemorgen. Wat kan ik voor u betekenen vandaag? Ik heb last van heel ernstige hoofdpijn. Heel ernstig? Wat is ernstig? Ik heb gewoon hele hevige hoofdpijnsaanvallen. Hoe lang heeft u hier al last van? Ik denk al enkele maanden, maar de laatste weken wel steeds vaker. Oh, dat is al best wel lang. Wat maakt dat u vandaag naar mij bent gekomen? Ik ben er klaar mee. Ik wil nu vanaf, want het heeft echt invloed op mijn dagelijkse leven. Hoe bedoelt u? Ik wil echt iets tegen de pijn. Dat begrijp ik. Heeft u al iets geprobeerd om de pijn te verlichten? Ik ligt dan het liefst gewoon op mijn kamer in het donker, maar soms word ik ook echt misluk als ik moet opstaan. Heeft u zelf een idee waar het vandaan kan komen? Ik ben eigenlijk wel bang dat het iets ernstigs is. Waar denkt u dan aan? Iemand in de familie is na dezelfde klachten gestorven aan een hersentumor. Ik ben er eigenlijk wel bang voor dat ik dat ook heb. Ik kan me voorstellen dat u zich dan zorgen maakt. Wie was dat in de familie? Dat was een neef van mijn moeder. Dus als ik het goed begrijp, is dat ook de reden dat je vandaag bent gekomen? Ja, eigenlijk wel. En natuurlijk ook iets tegen de pijn. Als ik kijk naar de hoofdpijn, waar in het hoofd voelt u de hoofdpijn? Meestal een beetje voor in het hoofd, meer aan de linkerzijde. En hoe zou je de soort pijn omschrijven? Het is vooral een bonzende pijn. En hoe lang is de pijnaanval dan meestal? Soms is het na één dag al minder, maar het kan soms ook drie dagen duren. Wat doe je dan als je zo'n aanval hebt? Ik ga dan in bed liggen, meestal de deuren en de gordijnen dicht. Begrijp ik goed dat je ook last hebt van licht en geluid overgevoeligheid? Ja, inderdaad. Heeft u verder nog bijkomende klachten? Ja, soms ben ik misselijk. En als u misselijk bent, moet u dan soms ook braken? Heel soms, maar gelukkig niet zo vaak. Heeft u tijdens de aanvallen ook last van slechter zicht? Tijdens de aanvallen merk ik wel dat ik het soms niet goed kan zien, maar ik wil het liefst ook mijn ogen dicht houden vanwege het felle licht. Gebruikt u verder medicatie? Soms een pijnstiller voor de hoofdpijn. En helpt dat tegen de pijn? Ja, meestal wel. Dus nog even kort om samen te vatten: het is dus een bonzende hoofdpijn die in aanvallen komt, vrij ernstig van karakter, vooral aan één zijde van het hoofd. Soms bent u ook misselijk met braken en meestal helpt rustig aandoen in een donkere kamer en soms een pijnstiller. U bent ook best bang dat het iets ernstigers is en wilt graag iets tegen de pijn. Heeft u zo nog aanvullingen? Nee, dat is eigenlijk wel compleet. Uw hoofdpijn doet me sterk denken aan migraine. Bent u bekend met deze term? Ik heb er wel iets van gehoord. Maar u denkt dus niet aan een tumor? Nee, eigenlijk niet. Het komt bijna precies overeen met het schoolvoorbeeld van migraine. Oh, ik wist niet dat die pijn zo hevig kon zijn. Dat kan helaas wel heel verhinderend zijn. De aanvallen zullen helaas blijven terugkomen, maar er zijn wel wat dingen die je kunt doen om de hoofdpijn te verzachten. Op het moment dat de pijn opkomt, is het aan te raden rust te nemen. De pijn kan versterkt worden door stress, onrust en weinig slaap. Dit zijn dus elementen waar je op kan letten om de hoofdpijn te verminderen. Eerwaardt u veel stress? Soms wel, dokter. Maar het wordt wel rustiger op mijn werk binnenkort. We krijgen een extra collega. Dat is fijn om te horen. Hopelijk neemt de stress dan ook af. Verder kunt u zodra de pijn opkomt beginnen met twee paracetamol. U kunt dit dan consequent de dag door op maximaal vier momenten nemen, tot dat u merkt dat de pijn minder wordt. Een parasitene mol gaat dat wel helpen tegen deze heftige pijn? Een parasitene mol is een medicijn dat verder niet heel schadelijk is, maar het kan wel heel effectief zijn, zeker als het zo op vaste tijdstippen wordt genomen. Mocht het niet helpen, kunnen we altijd overgaan naar een andere pijnstiller. Vindt u dat een goed idee? Dat klinkt wel redelijk. Ik ga het in ieder geval eens proberen. Zullen we dan afspreken dat we over ongeveer vier weken een nieuwe consult plannen en kijken hoe het gaat? Mocht het dan niet voldoende helpen, kunnen we dan overgaan op een andere behandeling? Dat is goed. Bedankt dokter. Heeft u verder nog vragen? Nee, het is wel duidelijk zo. Dan zie ik u graag over vier weken."
misbruik.mp3,Psychologische gespreksvoering,Qwen3 ASR 1.7B,36.6,25.527647058823508,100,66.13529411764706,6546.3125,6546.3125,17.316774111432117,"Nou, goeiemiddag Sara. Mijn naam is Stara en ik heb je even apart genomen omdat ik bij binnenkomst zag dat je behoorlijk overstuur was. Ik stel voor om even gewoon een kwartiertje samen te gaan praten, gewoon even kijken wat er aan de hand is, dat jij even je verhaal kan doen en dat we samen kunnen kijken wat we eventueel voor jou kunnen betekenen. Is dat goed plan? Ja. Oké. Allereerst, wat, waarom ben je gekomen vandaag? Omdat ik niet naar huis kan gaan. Je kan niet naar huis. En waarom kan je niet naar huis? Ja. Ik durf gewoon niet meer naar huis nu te gaan. Daarom ben ik ook weggegaan. Oké. Ja. Dus je bent weggegaan van huis omdat je niet meer naar huis durft. Daar komt het op niet. En waarom durf je niet meer naar huis? Dat vind ik niet overmatig. Kan je kan je eerst iets vertellen over gewoon over je thuissituatie dan? Mmm. Ja. Mijn ouders zijn twee jaar geleden gescheiden en daardoor zie ik mijn vader niet zo veel meer. Mijn moeder heeft nu een nieuwe vriend maar kan het eigenlijk niet meer vinden. Dat is een beetje een beetje viezemannetje. Oké. Mijn ouders zijn gescheiden twee jaar geleden. Ja. En hoe is de scheiding gegaan? ja best wel rot eigenlijk want daardoor ziet mijn vader eigenlijk helemaal niet meer maar een keer in de twee weken, het weekend en dan ja hij heeft helemaal geen tijd voor mij als ik er dan ben en ja wat voor gevoel werd dat bij je op dan dat je dat je vader je zo weinig ziet ja verwaarloos of zo omdat hij geen zin heeft om me om me dan te zien ja dus bij je vader voel je je een beetje verwaarloosd en bij je moeder wil je eigenlijk niet meer zijn nee en is dat omdat je moeder er is of nee door die vriend ja mijn moeder gaat helemaal met hem mee en dan zijn wij er dus alleen maar hij ja alles wat hij zegt is zijn waarheid toch zo ja dat snap ik snap dat dat erg vervelend is inderdaad maar hoe lang zijn je moeder en vriend nu samen? ik weet niet halfjaar of zo pas oké en jij hebt een beetje het gevoel dat hij eigenlijk alles al bepaalt in huis ja dat zij gaat gewoon een beetje met hem mee ja en nou je zegt je vindt het een beetje een vies mannetje kan je daar daar een voorbeeld van geven ja ik heb gewoon het idee dat hij weet dat naar me zit te kijken en dan was ik uitgeacht zo zegt hij oh je ziet er echt sexy uit en dat is dan van echt heel vervelend dus je kan eigenlijk wel zeggen dat je hem erg ongepast vindt en ja ja en ook als ik langsloop of zo gaat hij net even zijn hand op mijn schouder leggen of net op mijn heup of zo dan moet ik mat blijven maar is dat vandaag ook gebeurd ja en ik had ja nou niet per se vandaag maar ik had even moeder gezegd en te zeggen dat ik me gewoon niet zo aan moest stellen en dat ik gewoon mijn handen moet doen oké ja dus je weet eigenlijk niet zo goed wat je nu moet nee een beetje ja ik ga er echt niet meer naar terug als zij me niet geloven of zo en als hij dan dat gewoon kan doen dan moet mijn moeder er gewoon zeggen dat ik het zit te verzinnen of zo ja en heb je er al met iemand anders over gepraat nee ik vind hem bijzonder moeilijk over de braten. Dan zoekt iemand anders ook dat ik het verzie. Dus een lastig onderwerp inderdaad. Ja, daar heb je helemaal gelijk in. Naja, dan moet ik zeggen dat ik erg blij ben dat je naar ons toe bent gekomen. En om het even voor mezelf op een rijtje te krijgen: jouw ouders zijn gescheiden. Je vader zie je vrij weinig en je vader hebt je eigenlijk het gevoel dat hij geen omkeer naar je heeft. Je moeder heeft sinds een half jaar een nieuw vriend en die vriend is nogal ongepast. Ja. Tegenover jou. Daar heb je je moeder mee geconfronteerd. Ja. Oké. En kan je voorbeelden noemen van ja, je hebt al gezegd dat die dan dat die dat die zegt dat je dat je sexy bent of ja maar seksie uitzien telt toch niet nee ja ja dat is ja dat is een lastig onderwerp moet zeggen dat ik het zelf ook dat ik zelf even moet nadenken hoe we hier verder midden wat ik in ieder geval uit jouw verhaal begrijp is dat je je gewoon niet veilig voelt ja daar komt het uiteindelijk op neer om het even concreet te maken voor mezelf heb je zelf een idee wat er aan gedaan kan worden ja hij moet gewoon weg gaan eigenlijk want anders dan kan ik niet meer eens oké Hij moet weg, gewoon. Ja, het moet gewoon opgelost worden. Ik wil gewoon thuis kunnen zijn, maar het kan niet dat hij er is. Ja. En dat heb je dat ook met je moeder besproken? Nee, nog niet, want ze geloofde me meteen al niet. Dus dan heeft hij niet echt ze hem laten zeggen. Maar hoe ben je hoe ben je tegen je moeder daarover begonnen? Ja, ik was wel naar toe gaan. Ik zeg: ja, een momentje horen. Die lief voor jou. Dat kan gewoon echt niet. Al dat hij doet, dat hij zegt dat ik sexy ben en dat hoort hij niet echt met zeggen. Ik zie dat je tussendoor een beetje begint te geneken op een of andere manier. Een beetje van tegeneken denk ik. Ja. Van een beetje, ja, ongemakkelijke situatie. Ja. Oké, dus maar even we zijn hier natuurlijk om jou, want ik merk dat sowieso in het begin al dat je dat je dat je een beetje ongemakkelijk voelde en niet helemaal uit jezelf dingen durft te vertellen. Heb je wel het gevoel dat je hier een beetje veilig bent? Ja, vind ik ook. Ja, denk ik ook. Oké. En nou ja, ik wil graag met jou gaan kijken naar een oplossing voor dit probleem in ieder geval. Ja, zegt zelf. Ik wil dat die weggaat. Nou, denk ik. Als ik even zo bij mezelf denk, dat is een beetje een een lastig lastig oplossing. Zijn er andere dingen waarvan je zegt dat zou ik willen proberen? ja, zou er wel gewoon een keer goed met mijn moeder willen praten, zonder dat ze meteen gaat roepen dat het niet waar is en dat het me aanstelt en zo. Dat is gewoon even naar buiten. Ja. Oké. Dus met je moeder praten, maar zou je dat willen doen thuis of zeg je doen maar een andere situatie? Nou, dan liever niet thuis, maar gewoon er zo gewoon rustig kunnen praten. Dat hij er ook niet in zijn binnencallo op of zo. En zou je er iemand bij willen hebben? Ja, denk dat dat fijn is. En ja, ik ik kan me voorstellen. dat ik erbij ben, dus dat we met je moeder een afspraak maken en dat we met ze alle even gaan zitten, want je bent hier natuurlijk niet voor niets gekomen. Dat is één ding dat we vast kunnen stellen. Dan lijkt het me verstandig als we dat doen. Als jij daar veilig bij voelt als ik erbij ben. Ja. Want zij zelf zegt. Nou. Nee, ik vind het allemaal wel veilig als jij erbij bent. Oké. Wat wat wil je tijdens het gesprek van mij dan? Misschien gewoon een beetje mij de kans ook geven om uit te praten, zeg maar, niet aan moeder, tegen mijn moeder. Ja, dus. dat je je verwacht of mij je verwacht, mij je wil dat ik daarbij ben om een beetje de orde eigenlijk te houden en jou de kans te geven dat je je ding kan zeggen en dat je moeder je niet onderbreekt. Ja. Oké. Nou, dat vind ik. Ik vind het fijn dat je zelf ook bedacht hebt van dit wil ik. En daar kunnen wij je hartstikke goed bij helpen en daar zal ik je ook zeker bij helpen. Als jij zo meteen het nummer van je moeder even achterlaat bij mij, dan ga ik haar een belletje geven en dan ga ik even uitleggen wat wij hebben besproken hebben, namelijk gezondheid. Namelijk dat je je niet veilig voelt thuis door het feit dat je je vader of je vader zie je eigenlijk niet en dat je moeder de nieuwe vriend gewoon naar jouw gevoel gewoon geen normale dingen doet bij jou, zoals dat hoort als vriend van je moeder en niet als vriend van jou. Dan zal ik je moeder daar even een belletje over geven. Ik zal ook niet te veel daarvan zeggen. Ik zal aangeven dat je hier behoorlijk overstuur bent gekomen en dat ik graag een mogelijkheid wil om met met haar te praten en met jou. En dan stel ik voor dat we dat ik met je moeder een afspraak maak en met jou dat we de volgende week onszelfde tijd nog een keertje afspreken. En dan bespreken we alles nog een keertje met je. Ja, is goed. Ja? Kan je haar vinden? Morgen hoor ik. Mooi zo. Dan zie ik je volgende week. Oké, doet wel. Ik spreek."
vrijheden.mp3,Psychologische gespreksvoering,Qwen3 ASR 1.7B,36.6,25.435655737704927,100,66.65983606557377,6546.3125,6546.3125,21.988875424405336,"Goedemiddag Lisa. Hi, ik ben Lisa. Ik ben even kreegzendige vandaag en ik heb gehoord dat jij een gesprek hebt aangevraagd om te rechten vrijheden. Nou, laten we daar eventjes over hebben samen. Laten we het lekker kort en bondig houden, zodat we hier niet te lang mee bezig hoeven zijn. We komen er wel uit, hoe lang we er mee bezig willen zijn. Laten we het op een kwartier ongeveer doelen en dan kunnen we het ook lekker op een opstap. Ja. Ja. Ja. Laat ik begin met vragen. Waarom jij dit gesprek op aangevraagd? Ja, ik wilde graag over mijn vrijheden hebben, want die, ja, die zijn ingetrokken vorige week. En nu kan ik, moet ik telkens met iemand, met iemand van de begeleiding boodschappen doen. En dat komt heel vaak niet uit. Dus ja, ik zou graag weer mijn vrijheden weer terug willen. En waarom zijn jouw vrijheden ingetrokken in de toernooi tijd? Ja, ik, ik heb mezelf gesneden. En waar heb je dat toen gedaan? Was er een aanleiding voor? herbelevingen. Het stemmetje zei dat ik dat moest doen. Welk stemmetje? Het stemmetje waar ik altijd last van heb, als ik te weinig heb geslapen. En was die je dan een tijd weg geweest, dat je daarom weer vrijen weer terug had gekregen? Ja, het ging een tijdje weer goed. Alleen nu, ja, vorige week werd het weer slechter en ben ik me meer gaan snijden. Toen heeft de behandelaar mijn vrijen weer ingetrokken. Ja. En wat is er wat is er gebeurd tussen dat het wel goed ging en dat het beter of minder goed ging? Is er een omslag geweest? Is er iets in persoonlijk leven gebeurd? Ben je misschien milder alcohol gaan drinken gaan gebruiken? Nee. Heb je slecht contact met een van onze medebewoners? Nee, dat gaat eigenlijk allemaal wel goed. Nee, dat is goed. Je kan niet bedenken wat er aanleiding is geweest voor de inslag. Nee. Ik slaap wel wat slechter en dan heb ik meer last van herbelevingen. Herbelevingen waarvan? Ja, daar heb ik het liever niet heel erg over, maar meer ja wat er vroeger is gebeurd na de herbelevingen ja dus wat er in je verleden in je jeugd is gebeurd eigenlijk ja oké we moeten liever niet over hebben nee helemaal nee heb je daar met andere mensen wel over ja met mijn psychologen bedankt voor het praten met vriendinnetjes maar ik heb het ook als je met de psychologen over hebt dan kan je daar niet ze begrijpt me in ieder geval wel en we proberen er samen wel uit te komen oké wat je zegt is je wil weer graag boodschappen gaan doen alleen ja en meer naar buiten. En ik wil eigenlijk jullie vragen of je dat weer een beetje kan doen. Ja. Als we niet weten wat er precies gebeurt in jouw hoofd, dan vinden we het moeilijk om jou zo naar buiten te laten gaan. Dus ik denk dat we pas jou weer echt vrij kunnen laten, als we dat weer vertrouwen dat er niks misgaat. En als je het er niet over wilt hebben, dan begrijp ik dat heel goed. Dan zou je het misschien toch wel weer echt goed met je psycholoog moeten gaan bespreken. En dan zouden wij samen met de psycholoog misschien kunnen gaan bedenken wanneer je weer klaar bent om zelf naar buiten te gaan. want ben je bereid om er aan te gaan werken? Ja, ja. Maar wat het is, ik doe, ik snijd bijvoorbeeld niet. Ik doe niet als ik buiten ben. Ik doe het altijd op mijn kamer. Dus ik snap niet zo goed waarom ik dan niet boodschappen mag doen. Hier is altijd al risico als je dus suïcidaal bent dat op een gegeven moment op een andere manier gaat gebeuren. En dat is wat wij willen voorkomen. Want je doet alleen op je kamer. Waarom alleen op je kamer? Ja, dat is het meest veilige plekje voor mij hier. dan zodat niemand het ziet is het omdat je eigenlijk niets wil doen nee het komt gewoon helemaal op en ik doe dat dan moet ik dat doen dan is de drang zo groot dat meestal probeer ik het ook wat tegen te houden maar de drang wordt zo groot dat ik het toch moet gaan doen ja de drang kan ook een keertje buiten komen kan het ook buiten gebeuren ja en dan ga ik eigenlijk altijd nog wel naar binnen zoals ik het goed begrijp is je denkt dat je gewoon zelfstandig er buiten kan ja dat het gewoon lukt alleen voor ons mag het nog niet wat denk je zelf hoe jullie vrijheid terugkonden krijgen want hoe heb je dat voorheen gedaan? Ja door te laten zien dat het dat ik mezelf niet sneept dan krijg ik het wel weer terug. Hoe lang hoe lang sneept je dan niet? Ja dat verschilde wel eens dat ja de behandelaar was daar is daar niet zijn niet echt de regels voor. Ja ja en als ik eigenlijk liet zien dat het goed ging met me maar dat hoefde nog niet te betekenen dat het goed toen het goed ging met me. en dan krijg ik ze wel terug, maar ik vind het moeilijk om daar afspraken over te maken, over te snijden, omdat dat zo in mij opkomt. en ik zou wel graag, gewoon alleen even boodschappen willen doen. en ik denk dat we, dat we wel misschien wat kleine afspraakjes kunnen maken om het op te bouwen. ik snap ook wel dat jullie misschien wat meer vertrouwen in mij moeten krijgen. ja. vind je het goed dat ik het ook met de psycholoog bespreek? voel je dat absoluut niet? want dan heb ik in ieder geval iemand die weet wat er precies aan de hand is. knop je daar niet met mij over te hebben. Misschien vertelt hij mij niet alles, maar in ieder geval weet ik een beetje de achtergrond. Ja, dat zijn er goed. Dan kan ik met hem gaan kijken hoe we dit verder gaan aanpakken. Bedoel, het liefst in mij, natuurlijk ook zelfstandig naar buiten gaan. Dus dat ik eerst met hem ga praten. Hij kent je wat beter. En dan ga ik met hem bespreken hoe we misschien hier naartoe stappen, plan kunnen opbouwen om jou er zelfstandig naar buiten te laten gaan. Maar dat we dat gewoon langzaam opbouwen. Met kleine stapjes. Dat je eerst eventjes een hoentje gaat lopen om het gebouw heen. Vervolgens dan maak je er twee en vervolgens uiteindelijk ja hopen natuurlijk weer dat jij gewoon je eigen boodschapjes kan ja dus is het een idee dat dat ik volgende week met jou weer terugkom want ik deze week evenjes de psycholoog spreek of vind je dat te lang duren je kan het ook nog breder ik zou het fijner vinden als het eerder komt oké moet ook nieuwe shampoo of zo oké na het weekend kom ik bij jou weer op terug want hoe is hij er niet dan spreek ik maandag met hem en dan maandagavond maandagmiddag maandagavond kom ik naar je toe en dan ja dan het psychologische prorke en kunnen we even kijken hoe we het gaan aanpakken en dan bespreken we het verder goed ja dat is goed oké we laten het voor nu hierbij fijn weekend dankjewel stiekje op maan fijne dag"
angststoornis.mp3,Psychologische gespreksvoering,Qwen3 ASR 1.7B,28.6,25.378350515463925,100,65.57731958762886,6546.3125,6546.3125,19.07430417012122,"Goed dat je er bent. Goed beginnen. Dank je wel. Martine, hoe was het voor jou om hulp te zoeken? Eigenlijk het hulp zoeken was voor mij niet zo'n probleem, maar de juiste hulp vinden, dat was echt mijn probleem. Ja. En waar liep je tegenaan? Ja, ik liep tegen aan dat ik dus bij heel veel therapeuten ben geweest, mindfulness van alles geprobeerd, maar eigenlijk werd het niet beter en ging steeds meer achteruit en ging steeds meer dingen vermijden en ja uiteindelijk durfde ik bijna niets meer. En toen kwam je uiteindelijk bij ons bij een intensieve behandeling, een drie daagse dagbehandeling. En hoe was dat voor jou? Heel spannend. Ja. Vooral het begin. want daar ik had nog nooit in groep eigenlijk therapie gehad, dus dat vond ik heel spannend. En maar dat beviel eigenlijk heel erg goed. En het einde vond ik ja spannend, omdat ik dan dacht, oh, nu moet ik het alleen doen. En dan dat je vangnet eigenlijk een beetje wegvalt. Zo voelde dat een beetje. Ja. Maar dat is allemaal goed gekomen. En tijdens die behandeling, wat vond jij toen het meest spannende stukje, of wat vond je het meest spannende moment of het moeilijkste moment? Nou, de exposure sessies, individueel en met groep vond ik heel spannend. Je zoekt dan echt, ja, je angst en je paniek zoekje op. Ja. Maar daarin word je heel goed begeleid dat je je wordt heel goed begeleid om met die angst om te gaan en daarom merk je eigenlijk al ik ik kan dit gewoon aan ik kan dit gewoon wat voor soort dingen heb jij dan bijvoorbeeld gedaan de lift ja ja de lift was voor mij echt een ding ja dat vond ik verschrikkelijk de eerste dag dat ik hier was zei kan ik niet met de trap naar boven ik ga de lift in ja met het openbaar vervoer zijn geweest ja ik heb zo veel dingen gedaan die ik normaal gesproken niet durfde medicijnen slikken dat klinkt raar paracetamol slikken ja ja ja dus dat was heel spannend hey en wat heeft jou nou het meest geholpen tijdens die behandeling toch wel ook die exposure, maar eigenlijk alle therapieën wel. Je krijgt van andere therapieën heel goed inzicht waar mijn valkuilen liggen en hoe ik in elkaar zat, waarvan ik eigenlijk dacht dat heeft niet met mijn angststoornis te maken, maar dat heeft het dus duidelijk wel. Dus dat heeft me heel geholpen om inzicht te krijgen. Waar moet ik aan werken? Ja. En hoe gaat het nu met je? Het gaat heel goed met mij. Er blijven altijd uitdagingen. Ja. Maar die ga ik gewoon aan. En mijn leven is nu gewoon weer leuk en ik heb mijn vrijheid weer terug. Ik doe leuke dingen. Ik ondernem van alles. Ik stap in liften. dus het gaat eigenlijk heel erg goed met me nu wat fijn ja zeker super"
intake-bedrijf.mp3,Psychologische gespreksvoering,Qwen3 ASR 1.7B,37.5,25.54339622641504,100,66.75052410901468,6546.3125,6546.3125,14.813088580449284,"Frank, fijn dat je bent gekomen. Ben je wel als eerder bij een psycholoog geweest? Nee, dit is de eerste keer. Oké. Nou, dan is het misschien goed als ik even iets vertel over de manier waarop ik graag werk. Ik wil dit eerste gesprek graag gebruiken voor kennismaking en kijken met welke vragen je rondloopt en wat er daarbij voor jou meespeelt. Dan kunnen we even zo daarna vervolgens spreken inplannen, waarin we wat beter en dieper in kunnen gaan op de belangrijke aspecten en ook misschien concreet kunnen kijken naar wat we kunnen doen om je verder te helpen. Hoe lijkt je dat? Ja, dat is goed. Als je nog vragen hebt, dan kun je die nu gerust stellen. Nee. Oké. Zullen we dan maar gewoon beginnen? Dat is goed. Oké. Kun je me vertellen wat je hier heeft gebracht? Nou, ik ben hier eigenlijk op aanraden van een vriend van mij. daar heb ik eens mee gesproken en die die zei tegen me zoals je nu in hetzelfde kringetje ronddraait dat dat kan gewoon niet meer en hij vond dat ik maar eens moest gaan praten kringetje ronddraait nou ik loop al een tijdje met het idee rond om een eigen bedrijf te beginnen in automatisering ik doe automatiseringsprojecten ja en dan ga je wel eens denken hoe je dat wilt en toen nou ik heb nu ook best een leuke baan maar op een gegeven moment ga je wel denken ik moet maar eens wat anders dus je hebt het wel een beetje gezien in jouw oude baan ja ja dan ga je op zoek naar een nieuwe uitdaging en een eigen bedrijf leek me eigenlijk een hartstikke goed idee dus dan toen heb ik er met mijn vriendin over gesproken en met mijn ouders en met vrienden en eigenlijk Was iedereen ontzettend enthousiast. Dus je kreeg veel steun uit je omgeving. Ja, ja. Dan zet je een volgende stap. Dan ga je naar de Kamer van Koophandel. En daar heb ik een starterspakket aangevraagd, een cursus gevolgd, een compleet ondernemingsplan geschreven en met banken gepraat. Dus de plannen zijn eigenlijk best al vergevorderd. Ja, ik ben zo al een tijdje bezig, een jaar of wat bezig met het opzetten van een eigen bedrijf, misschien nog wel iets langer. Oké. En sinds een paar maanden zijn er wat dingen veranderd en daardoor vraag ik me nu af of die dingen, die die plannen die ik had of die nog wel kunnen of niet. En je zegt dingen veranderd? Nou, sinds een maand of wat is bekend dat mijn vriendin zwanger is. En dan verandert er wel veel ja. Daar schok je van die verandering? Nou ja. dus trokken we allebei nogal van, dat hadden we niet op gerekend. En dan veranderde er gewoon heel erg veel. Jullie hadden het allebei niet verwacht. Kun je daar iets meer over vertellen? Hoe ging dat? Ja, Caroline had keurig de pil geslikt, had hem niet vergeten of te laten ingenomen of zo. En toen werden ze niet ongesteld. Dus toen hebben we een zwangerschaps-test gedaan. En toen zaten we naar die uitslag van die test te kijken. Je kon eigenlijk je ogen niet geloven. Nee, dat was te gek voor woorden. Oké. Om even kort samengevat: je hebt eigenlijk hele serieuze plannen om een eigen bedrijf te beginnen. Daar was je ook kreeg veel steun uit je omgeving en daar was je ook echt al een eind mee. En nu is je vriendin plotseling zwanger en nu komt het even op losse schroeven te staan. Klopt dat? Ja. Misschien is het goed om nog even terug te pakken over je plannen voor een eigen bedrijf om daar iets dieper op in te gaan. Je zei net dat je je ouders die waren er enthousiast over en je vriendin ook. Ja, mijn ouders hebben een eigen bedrijf. Mijn vader geeft autorijlessen en heeft zelf een hele rijschool opgezet. Dus ik ben als het ware groot geworden met dat idee van een eigen bedrijf. Dus toen ik bij mijn vader met dat idee aankwam, had hij zoiets van ja natuurlijk, dat is een hartstikke goed idee. En je vriendin? Ja, die was eigenlijk ook heel enthousiast. Ze werkt fulltime. Ze is unithoofd van een verpleegafdeling. En zij vindt een goede baan en een uitdaging ook heel belangrijk. Dus toen ik met haar bij haar met die plannen aankwam, had zij zoiets van ja, dat dat is echt iets voor jou. Dus vanuit je omgeving kreeg je steun voor die plannen. Je gaf net aan dat de zwangerschap was onverwacht, was echt een verrassing. Kun je me vertellen wat dat verder teweeg heeft gebracht? Nou ja, het was voor Caroline ook al even schrikken. Ze werkt fulltime. Ja, als ik dat dan zo mag zeggen, dan komt die zwangerschap ook niet echt goed uit. En dan nu met die plannen, dan is het eerst wel even schrikken. Oké, even schrikken. Maar hoe is dat nu? Nou ja, het zette dingen wel een beetje op zijn kop. En Caroline die is nu langzaam er aan het wel zo ver dat ze net iets zitten, die heeft zoiets van dan gaan we allebei vier dagen werken en dan dan vangen we het samen wel op. Oké, dus Caroline die ziet het nu wel wel zitten. Ja. En heeft ook al wat concrete ideeën over hoe jullie het zouden kunnen aanpakken. Ja, die begint er onder andere al waarom voor te draaien. En jij? Ja, kijk, het feit dat die zwangerschap er is, dat eigen bedrijf kan ik nu wel vergeten. Ik moet nu helemaal het nieuwe beginnen. Dat klinkt een beetje bitter, zoals je dat nu zegt. Ja. En ik hoor je ook zeggen, ja als het kind komt, dan kan eigenzaak gewoon niet doorgaan. Nee, ik vind dat als je iets doet, dan moet je het wel goed doen en anders niet. Dat doe ik binnen mijn werk nu ook. En een eigen zaak moet je helemaal zelf doen. En een kind moet je juist goed doen. Nou, dat dat botst. Ja, dat kan voor jou niet niet samen gaan een eigen zaak en een kindje. Nee, dan rafel je net af. En dat kan met een eigen zaak niet en met een kind al helemaal niet. En je voelt je verantwoordelijk. Ja, een kind is niet iets wat je er naast neemt. Nou, je zegt van dan moet ik helemaal opnieuw beginnen. Wat bedoel je dan? Ja, wat bedoel ik eigenlijk? Dat weet ik eigenlijk niet. Die baan die ik nu heb, die heb ik in zekere zin al, daar heb ik in zekere zin al afscheid van genomen. Dus daar blijven, dat heeft geen zin meer. En een nieuwe baan, dan werk ik weer onder een baas en dat wil ik juist niet meer. Ik wil eigen baas zijn, eigen bedrijf beginnen, iets van de grond af aan opbouwen. Iets waar je trots op kunt zijn. Ja, precies Oké, om het even op een rijtje te zetten. Je wilde een eigen bedrijf starten. Kreeg daarbij ook veel steun van onder andere je ouders en ook van Caroline. Sinds de zwangerschap een feit is, loop je eigenlijk rond met het idee dat het dat het eigenlijk niet meer kan, want je zegt een een kindje en een eigen bedrijf dat kan niet samen. Want dan heb je het gevoel dat je een van de twee niet goed zou doen en dat zou je heel erg vinden. Dat betekent dus eigenlijk dat dat je het eigen bedrijf niet door kunt zetten en dat is voor jou heel onbevredigend, want je had echt behoefte aan een nieuwe uitdaging, aan die voldoening. Klopt dat? Ik zit te denken, hebben je het onlangs nog met Caroline over die plannen gehad? Je zei van nou, ze was eerst heel en dus jij ook. En hoe is dat nu? Ja, ze steunen me nog wel steeds, maar ze is steeds meer bezig met dat kind. Oké, je zegt ze steunen me nog steeds. Hoe bijvoorbeeld? Nou, zij vinden dat idee van een eigen bedrijf nog steeds een heel goed idee. Ze verklaren me niet voor gek of zo. Dat dat noem ik wel steun. Oké, en maar de manier waarop je het zegt, dan dan heb ik het gevoel dat je het er misschien niet echt onlangs meer over gehand heb. Klopt dat? Nee, de laatste tijd niet meer zo. Hoe komt dat, denk je? Nou, dat heeft niet zoveel zin meer. We hebben er heel veel over gesproken en zij is heel erg met die zwangerschap bezig. We hadden gewoon heel erg zin in dat bedrijf samen en we zijn er heel lang mee bezig geweest. En ik had het gevoel dat we dat we er echt aan toe waren, samen. Caroline ook. En dat vind ik eigenlijk nog steeds dat wij dat bedrijf moeten. Nou, dat maakt het nu erg lastig. Misschien is het goed om even in te gaan op ja de de gevoelens die deze situatie eigenlijk te wege hebben gebracht. Kun je me vertellen hoe je je nu voelt, nu je in deze situatie zit? Ja, ik vind het gewoon erg vervelend het hele idee dat dat bedrijf niet door zou kunnen gaan. En ik begrijp ook niet waarom zij niet zo enthousiast meer is. Want ik vind wel als je zoiets doet dan moet je het samen doen en anders niet. En ik had het gevoel dat dat zo was, maar maar blijkbaar niet. Je voelt je in de kou staan? Ja, ik heb nu het gevoel dat ik alles alleen moet doen. Als het al zou kunnen zo'n eigen bedrijf en dat had ik niet verwacht. Je bent teleurgesteld? Ja. Ik vind als je iets doet, dan moet je het gewoon goed doen en anders niet. En ja, dat eigen bedrijf dat kan ik nu wel vergeten. Je bent ben je ook boos op Caroline dat zij doet er eigenlijk makkelijk over en jij wil eigenlijk nog heel graag door? Ja, natuurlijk ben ik boos. Ze zet me voor het blok. Hoe bedoel je? Nou, toen we het net wisten, toen heb ik het over een abortus gehad. En helemaal niet zo van dat ze het weg moest laten halen, maar toen werd zij ontzettend kwaad en ze maakte me uit voor idioot en egoïst. En het was helemaal niet zo dat ik die abortus gewild had. Caroline en ik hebben het wel eens over kinderen gehad. Ik hou gewoon heel veel van haar. Alleen we wonen net samen en we hebben plannen om een eigen huis te gaan kopen en dan. Ja, we hadden wel allebei het gevoel dat dat dat het een stukje completer zou zijn als we daar ook een kleintje bij zouden hebben. Alleen niet nu. En door hoe zij nu reageert, heb ik het gevoel dat ik daar geen inspraak in heb. Je voelt je machteloos. Ja, en daar baal ik van. Ik denk dat dat ook het kringetje is, hè, waar we het aan het begin over hadden. Nou, je wil een eigen zaak. Daar was je ook al ver mee, ook samen met Caroline. Je kreeg steun van je omgeving. Dat was erg prettig. Nou, nu is Caroline plotseling zwanger en is er voor jou geen ruimte meer voor die eigen zaak. En dat maakt je ja teleurgesteld en boos, ook op Caroline. En ja, tegelijkertijd hou je ook heel veel van haar en hebben jullie echt plannen om samen een toekomst op te bouwen. waardoor jij het gevoel hebt dat ja dat je geen kant op kan en dat ja dat je klem zit. Hoe zie ik dat goed? Hoe zie je dat zelf? Ja, ik heb nu gewoon niet het gevoel dat. Ik weet nu gewoon niet hoe dat nu verder moet. Enig idee hoe je uit het kringetje zou kunnen komen? Heb je daar zelf ideeën over? Nou, nee. Ik had geloofd dat jij misschien wat ideeën aan de hand zou kunnen doen. Oké, nou je vraagt nu eigenlijk aan mij een pasklare oplossing. Denk dat dat goed is dat ik daar iets over zeg. Ik kan geen pasklare oplossing of suggesties aanbieden omdat ik Ik weet niet wat voor jou en Carolina het best of het belangrijkste is. Wat ik wel kan doen is met jou kijken, dingen die me opvallen in het gesprek, een aantal punten, en dat we het daar ook over hebben en kijken of daar misschien iets in zit waarmee je verder kunt komen. Ja, wat vind je daarvan? Ja, dat klinkt goed. Oké. Gezien de tijd lijkt het me goed als we gaan afronden. Ik heb net al even iets kort samengevat. Een aantal dingen die me zijn opgevallen is dat je heel stellig zegt van ja, een eigen zaak en een baby, een kind, dat gaat niet samen. Voor de volgende keer zou ik graag willen dat je dat je nadenkt over eventueel een manier is waarop een een kind en een eigen zaak toch gecombineerd zouden kunnen worden. Misschien dat daar een ja iets in zit waar we mee verder kunnen komen. Is dat goed? Ja. En verder, nou ja, we hebben het ook even gehad over Carolien en dat je de laatste tijd het niet meer zo gehad hebt over die eigen zaak. Misschien kun je eens nadenken over ja wat je zou willen zeggen nog tegen Carolien in zo'n gesprek en hoe je ook denkt dat zij daar op zou zou reageren. Ja. Ja, dat is goed. Oké. Nou, het doel van ons eerste gesprek was eigenlijk om kennis te maken en wat zicht te krijgen op wat er wat er speelt. In hoeverre denk je dat dat is gelukt? Ja. Dat weet ik niet. Ik heb wel het idee dat het goed is geweest om erover te praten en hier te komen en er niet zelf mee aan te zitten modderen. Er is inderdaad nog geen pasklare oplossing bovenkomen drijven, maar misschien staat ook wat te veel gevraagd voor nu. Dan denk ik ook. Het lijkt me goed om voor volgende week misschien een afspraak in te plannen en dat we er dan een uur voor uittrekken. Zou een donderdag bijvoorbeeld om vier uur goed zijn? Ja. Oké."
baan.mp3,Psychologische gespreksvoering,Qwen3 ASR 1.7B,39.0,25.507992565055698,100,67.16542750929368,6546.3125,6546.3125,14.674029697145302,"Hallo, welkom. Goedemiddag. Hallo. Goedemiddag. Je bent vandaag gekomen omdat je mogelijk moet kiezen tussen twee banen. Heb je in ieder geval een nieuwe baan aangeboden gekregen? Ja, klopt. En wat zijn die twee banen precies? Nou goed, ik werk nu bij het distributiecentrum van de Albert Heijn, die bevindt zich op in de Schiedam en in Zwolle. En ik heb een baan aangeboden gekregen als luchtverkeersleider op Schiphol in Amsterdam. Aangeboden gekregen omdat ik contact heb op Schiphol. Ik heb daar al eerder een keer gewerkt, maar dan een andere tak. En nou goed, via via heb ik contact gehouden en toen is me dit eigenlijk naar boven gekomen. Super tof. We kijken het gesprek van vandaag gaat ongeveer tien à vijftien minuten duren. Doel van het gesprek is niet persé dat je een keuze moet gaan maken of zo in je baan, want dat zou het het zal vooral zijn dat je iets meer voor jezelf te weten krijgt wat jij voor jou belangrijk is en dan de handhaving van de keuze kunt gaan maken mogelijk. Oké. Dat is wel aan het eind van het gesprek kan zijn als je nog iets gaat willen spreken, zal ik even aangeven dat we een paar minuten hebben. Ja fijn. Zou je zo de eerste vrouw vandaag hoe stijf vandaag erin? Op je schaal van nul tot tien gelukkig of verbijt vandaag? Ben je heel gelukkig of heel ongelukkig? Ja eigenlijk een vier denk ik. Ik heb net een drukke werkweek gehad, dus in Zwolle bij de Albert Heijn en daar is eigenlijk best wel stressvol. Nu vanwege corona staat er natuurlijk heel veel druk op het distributiecentrum, maar ik heb ook van de weken niet zo'n een leuk gesprek gehad met één van mijn collega's, dus ja, ik heb een drukke werkweek gehad die niet zo leuk is geëindigd en daar ben ik eigen voel me niet echt lekker over in hem. Ja, oké. Kun je uitleggen hoe je dit met voelde, met toen net gedaan? Als je nu keuzes moet maken op je gevoel, waar zou je, wat zou je dan doen? Voor welke baan zou je dan gaan en waarom zou je dan die keuze maken? Nou, daar zit ik dus heel erg mee en dat vind ik best wel moeilijk, want het liefst, ik ben een type die het fijn vindt om verder te kijken dan waar ze nu zit, zeg maar. Ik vind leuk om nieuwe uitdagingen opzoeken, etc. Maar met het nog over ben ik ook best wel een beetje onzeker, dus ik zit bijvoorbeeld dan nu gewoon goed. Waarom zou ik dat voor mijn gevoel me erg ruitering gooien, zeg maar? Nou, dat is dus een beetje waar ik tussen schommel. Mogelijk dat ik net zo'n drukke werkweek heb gehad en geen leuke gesprekken heb gehad en opzoetje heb gehad daar. dan is eigenlijk de keuze voor mij wel vrij duidelijk om voor die andere baan te kiezen. ja. maar goed, dat is zoveel meer verantwoordelijkheden, zo'n grotere uitdaging dan. ga ik daar dus ook weer over twijfelen. dat heeft dus ook te maken met mijn vier. het is het daar gewoon. je zit gewoon heel erg mee in dilemma bij jezelf. ja. oké. dat is wel duidelijk. heb je voor jezelf een lijstje gemaakt ervan met de voors en tegen's of zo? wat dan? ja. wat meest kunnen werken. nee, ik krijg dat wel vaak als tip. ik heb ook al met mijn thuisgevochten, gewoon gepraat, maar ik vind dat dat een beetje lastig. ik doe dat vaak in mijn hoofd. wat er resulteert, dat ik dus helemaal vol in mijn hoofd zit en dat het. leuke dag niet echt over is, echt lelijk zegt. maar dus nee, op papier heb ik eigenlijk nog niks gezet. nee. als je zo zou kunnen zou nu bij Albertijn of in het algemeen? Gewoon het algemeen. Wat bijvoorbeeld vroeger heb je bijbaantjes gehad? Ja. Ja. Wat vond je vroeger nou leukste bijbaantje en zou je dat kunnen uitleggen? Waarom was dat dan het leukste bijbaantje? Ik denk mijn leukste bijbaantje degene was tijdens mijn studie Misomplas. Dat was namelijk een bedrijf die heel erg in de krachten van de mens geloofde. Zeg maar als in van als dat je ergens voor wil gaan, want als je iets leuk vindt, dan wil je er ook voor gaan. Dus wij geloven jou, zeg maar. Ja. Dus we geven je die kans en dat vond ik eigenlijk het leukst. Dus ik vind het leukst om mezelf te kunnen bewijzen ergens, want daar haal ik mijn eigen energie en motivatie vandaan. Altijd een beetje te willen presteren. En dat is dus eigenlijk ook waar ik wel op zoek naar ben. Maar wanneer een uitdaging dus toch groot wordt ook wel eens heb gehad dat ik toen toch iets te veel hoorde me voor ik nam krijgen we toch ook wel snel in privé situaties te voelen eigenlijk te verduren. Ja, dus je wilt graag heel, je wilt veel presteren, maar je wilt eindelijk ook niet over je max heen gaan en daar wel goed controle in kunnen houden voor jezelf. Juist, ja. Ah tof. En hoe zit het nu dan bij je huidige baan? Heb je het gevoel dat dat allemaal kan? Nou, nee, eigenlijk niet echt, want het is daar goed georganiseerd nu en alles loopt, maar het is best wel een beetje ouderwets geworden en ze werken nog niet echt met de nieuwe systemen die nu bijvoorbeeld bedacht zijn. Hoe bedoel je ouderwets qua hiërarchie? Qua? Ook, ja, ze hebben best wel veel, ja, inderdaad gewoon echt een piramide qua hiërarchie. maar ook best wel voor ouderen. Het systeem al, er is al genoeg nieuw ontwikkeld in de logistieke wereld, maar daar maken ze nog geen gebruik van. Terwijl ik denk, van als je dat wel gebruikt, dan kun je veel sneller en veel beter. Maar mijn mening wordt daarin in die zin niet echt gehoord. Dus we blijven een beetje achter of zo. En dat, ja, dan kan ik mezelf ook niet meer verder ontwikkelen en dan kan ik niet meer mezelf verwijzen, want ik word niet serieus genomen in die zin. Ja, vind ik vervelend. Ja, eigenlijk wel. Dan denk ik ook een beetje van, nou ja, weet je, als jullie het niet belangrijk vinden, dan vind ik het ook niet belangrijk. En dan ben ik een type die dan de stammet spat en aangaf gooien. En dat is niet hoe ik wil zijn. Nee. Nee, oké, dat is wel duidelijk. Dus je weet van jezelf eigenlijk wel hetgeen wat je graag Is het vooral de zekerheid die je op dit moment nog hebt binnen, ben je in een eigen bedrijf, wat je niet zomaar wil weggooien? Beetje van beide. Ik weet natuurlijk nu dat ik hier eigenlijk in principe goed zit. En als ik naar een ander bedrijf ga waarvan de uitdaging veel te groot is, of dat het toch te veel op een pad komt, dan kan ik me daar niet gelukkig voelen, nog ongelukkiger dan ik het misschien op dit moment nog ga voelen daar waar ik nu zit. Ja. Maar goed, dat is juist ook hetgeen dat ik vervelend vind, wat er dus nu om die reden staat, dus albertijn ook stil. Ja. Ja. Wat is de reden dat je überhaupt aan het werk bent? Is daar een speciale reden voor dat je werkt? Ik vind het fijn om bezig te zijn, om mijn kennis kunnen ergst te laten zien. Ik vind het ook fijn om van toevoeging te zijn. Ja. schoon het geaccepteerd worden binnen een bepaald iets en ook dat werkelijk het idee hebben dat je nuttig bent in de maatschappij. Daarnaast is geld natuurlijk ook belangrijk. Ja, snap ik. Oké, maar is ook wel een deel van het geld. Hoe ver zit dat de extra psychische motivatie zit daar dan bij, denk je? Dat je van buitenaf middelen krijgt, toegrijp, maar in dat geld, hoe ver vind je dat belangrijk? Of vind je belangrijk dat je dat werkelijk leuk hebt op je werk? Of is het echt het loon wat je dan krijgt? Nee, interne motivatie vind ik echt veel belangrijker. Want als het qua loon lager zit, op hoger zit, ja, dat is natuurlijk lekker, maar daar haal ik mijn energie niet uit. Ja, dus dat zit verder geen geen keuze zijn voor jezelf. Nee. Nee. Er zijn bepaalde dingen die je moet ondernemen om dat werk aan de slag te kunnen bij bij schiphol. Ik woon natuurlijk en Schiphol is in Amsterdam en er staat elke dag ontzettend veel file en de treinen zitten bomvol dus eigenlijk is de enige manier waar wanneer ik daar met gemakkelijk wil werken dat ik daar op dat werkje ga wonen. Ja. Bij op Schiphol verdien ik wel meer, zit dan verschil in. Maar goed, ik ga dan natuurlijk naar Amsterdam toe, dus daar is dan de huizenprijs en het leven is daar stuk duurder. Dus in die zin ga ik eigenlijk een stapje omhoog. Maar. Ja. Oké. En hoe ver veel lastig om mogelijk een leven hier achter te laten en daar een nieuw leven op te moeten starten? Nou ja, dat vind ik dus ook best wel ingewikkeld. Puur omdat ik weet dat ik dus hier nu gelukkig ben en ik moet daar totaal nieuwe mensen gaan leren kennen. Ja. Een hele andere omgeving met andere dynamiek tussen mensen en andere. Naja. zeggen allemaal andere types daar, dan dat denk ik. Heb je dat eerder moeten doen? Een nieuw leven ergens op de openbare voetvolg? Naja, toen ik op kamer ging. Maar goed, ook ga je dus dan ga je een studie beginnen, dus dan kom je automatisch in een hele grote groep met mensen die daar allemaal nieuw zijn. Dat is dan toch anders dan wanneer jij voor gevoel als laatste ergens bij een bedrijf binnenkomt of ergens in een straat binnenkomt met alle mensen die je niet kent terwijl zij daar al dertig jaar zitten bij spreken. Ja, ja, dat is op zich wel logisch. Als je zo veel praat, heb je dan enige idee of je al een volker is voor een bedrijf of moet je daar echt nog wel over nadenken? Nee, als ik eigenlijk als ik het uitspreek en als ik daar ook over nadenk, dan over eerst toch wel de gedachte om naar Amsterdam te gaan. Maar ik heb als een engeltje en een duivel op mijn schouder zitten en die praten die schillen allebei tegelijk in mijn oor dus wanneer ik dan blij ben met het idee over dat het dus dan opzijval wanneer ik dan eindelijk mijn keuze heb gemaakt om dan toch naar amsterdam te willen gaan verschuilt die duivel dan in mijn oor met nee moet je doen dat je bent niet goed genoeg voor ja dus vooral de prestatiedruk is ook watgene wat je misschien tegenhoudt omdat je daar meer verantwoordelijkheid zou krijgen juist ja dat is op zich wel lastig voor jezelf ja ja en die prestatiedruk is dat nu hetgene ook wat je bij de albert heijn dan niet niet hebt voor je gevoel dus dat je daar aan het top van je kunnen zit of heb je daar juist het idee van ik kan nog wel meer als ik de kans er nog maar voor krijg beetje van beide ja beetje van beide want ik kan daar ik kan daar veel meer ik kan mezelf veel meer laten zien maar zij houden mij tegen zij staan niet voor open ze willen me die kansen bieden. Dus dan zit ik nu aan de top van me kunnen. Na misschien, zeg maar. Ja. Maar als zij wel openstaan voor nieuwe ideeën, dan kan ik daar ook mee aan de slag. Maar goed, ik werk daar nu al tien jaar en ik heb al vijf jaar over gespaard met mensen en die ideeën ingebracht. En dan wordt gewoon nog vijf jaar niets meer gedaan. Op een gegeven moment dacht ik wel mezelf van, nou ja, joh. Ja. En hoe ver heb je zelf vol tegen aangelopen dat je dat er dingen gebeuren die voor jezelf misschien boven je pet gaan en denkt ik kan op dit moment even niet aan? Hoe ga je daarmee om, normaal gesproken? En heb je het idee dat binnen een bedrijf wel zou kunnen binnen een schiphol? Nou ja, ik denk op binnen schiphol. Daar werken natuurlijk ontzettend veel mensen uit allemaal verschillende disciplines. Dus daar staan denk ik veel meer mensen open voor nieuwe ideeën, andere gedachten, andere structuren en zo. Dus ik denk dat ik daar wel daarmee aan de slag kan. Andere vraag heb ik even vergeten. Ja? Ja, mijn fout. Ik moet niet twee vragen tegelijk stellen. Nee, of jij denkt dat mensen in Schiphol het kunnen opvangen en hoe zullen ze daarmee omgaan op het moment dat jij wel iets te veel gooit voor je neemt? Nou ja, daar is natuurlijk wel de werkdruk echt al erg hoog. Ik ben vast niet de enige die op Schiphol wil werken en daar is prestatie terug misschien nog stuk hoger. Dus ik denk in die zin dat ik daar wel moet presteren en misschien mezelf ook keertje op een tweede plek moet zetten om mijn werk op eerste plek te zetten om mezelf nieuw te bewijzen. ja en hoe sta je daar in al vind je dat lastig vind je het moeilijk nee ik vind het eigenlijk erg wel leuk als ik maar weet dat er een bepaalde dat het een keertje ook voorbij is of zo of dat ik voor me gevoel dat we een keertje kan inhalen niet dat ik altijd achter de feiten aan loop oké en zijn er dingen waar je mee al gespannen hebt te vallen met je met het bedrijfsgeheel of je daar al over gehad hebt ja ik ben al een keer bekendesmaakingsgesprek geweest en ik denk dat het wel pittig wordt en ook wel aanpoten wordt maar wel op een leuke manier dat het wel iets is waar ik voor wil gaan ja maar goed dat ik daardoor wel het eerste jaar dat ik daar ben wel iets is harder moet werken dan de mensen om me heen ja en zou je zo'n investering willen en kunnen maken ja maar dan is het dan tegen wel lastig om dan ook nog in een nieuwe omgeving te zitten met alle mensen die je niet kent want dan is je werk privébalans daarmee ineens heel anders dus dan moet dan moet ik voor mezelf dan een goede structuur gaan aanbrengen in mijn agenda denk ik om daar ook ruimte te maken voor mijn privétijd dus eigenlijk de discipline vereist is vereist ja heb je het voor jezelf discipline of niet ik denk het wel eigenlijk heb je voor jezelf een beetje duidelijk gekregen wat voor jou de belangen zijn en wat jij belangrijk vindt binnen een baan nu tijdens het gesprek ja denk het wel ja wat zou dat zijn voor jezelf nou ja dat ik gehoord wordt en dat ik in ieder geval mezelf kan laten zien tijdens mijn werk ja ja als ik zo een beetje mag samenvatten aan het einde dan merk ik vooral dat dat je belangrijk vindt om verder te kunnen voor jezelf voor je eigen ontwikkeling dat je niet meer wordt tegengehouden in bepaalde ideeën en gedachten die je hebt dat in ieder geval dan geluisterd wordt en of het werkelijke keuze wordt gemaakt ja dat is dan weer aan bedrijf zelf natuurlijk maar dat je het ook wel spannend vindt om ergens weer wat nieuwte te stappen maar dat het eindelijk veel voor kan gaan zorgen dat je eindelijk gelukkig wordt omdat je daarvoor wel veel moet investeren als ik zou denken zou dat de overwegend moet zijn voor jezelf die moet maken ja en dan goed bij jezelf blijven en nadenken wat jij zelf zou willen en zorgen dat je in ieder geval bij jezelf blijft en daar een keuze van gaat maken oké zijn mijn tips en ik ben heel benieuwd wat je daarin gaat kiezen. Ja, je begon net het gesprek met of ik al zo'n lijstje gemaakt op papier. Denk je dat dat nog iets is om nog's kunnen doen? Dat zou altijd kunnen werken voor jezelf, maar zoals ik jou nu ook praat zijn vooral de gevoelens die je zelf hebt het belangrijkste. Dus of we dan daadwerkelijk de feiten die in zo'n lijstje gezet te daar tegenover gezette, of dat heel relevant is, dat weet ik niet. Weet je vooral voor jezelf. Als je zoiets zou doen, moet je niet gaan nadenken of de feiten een directe voor of tegen is, maar meer het gevoel dat jij bij dat feit hebt een daadwerbare waarde aangeven. Want voor de één kan een loodsvol van duizend euro heel veel toegevoegde waarde hebben, en voor jou is blijkbaar het heel veel toegevoegde waarde om jezelf te kunnen uiten en jouw ideeën door te kunnen laten stromen. Dus als show is doet, ga dan niet het een voor tegen een tegen afstrepen, maar geef dat leven waarde aan je voor of tegen die jij hebt neergezet. Oké. Ja. Ja. Bedankt voor vandaag en ik hoop dat we dat volgende keer. Ik zie het factuur overbijkomen. Vondt helemaal goed."
antidepressiva.mp3,Psychologische gespreksvoering,Qwen3 ASR 1.7B,36.6,25.490460526315776,100,66.16447368421052,6546.3125,6546.3125,20.93045909429638,"Hé Loon. Hekim, ik wil even iets met je bespreken, want ik denk ergens al een tijdje over na en ik weet niet zo goed wat moet doen. Oké, nou ja, natuurlijk kan je dat met me bespreken. Je klinkt wel serieus, wat is er aan de hand? Nou, het gaat over mijn antidepressiva, want eigenlijk wil ik er mee gaan stoppen. Oké, nou ja, je overdonderde me wel een beetje er mee. Ja, je antidepressiva, ik weet dat je dat wel heel lang slikt. Ja, hoe komt het dat je ineens wil stoppen? Ja, ik slikt ze wel bijna drie jaar. En toen ik ze begon te nemen, was ik echt in een hele depressieve periode in mijn leven. En alles voelde zwaar en hopeloos. Ik had gewoon echt het gevoel dat ik niet verder kon. De pillen hebben me toen wel echt doorheen geholpen, maar ik weet nu niet. Ik voel me anders. Oké, ja, ik snap dat je daar wel over na hebt gedacht. Kan je mij wel vertellen wat je bedoelt met anders? Ik voel me gewoon niet meer echt zoals ik me toen voelde. Toen ik ze begon te nemen. Het is moeilijk om uit te leggen, maar het is alsof ik achterklap ben. Begrijp me niet verkeerd. Ik ben niet meer zo somber als toen, maar het is ook niet. alsof ik echt blij of enthousiast kan voelen overdingen. Alles is gewoon neutraal en dat kan best wel frusterend zijn. Soms voelt alsof ik een deel van mezelf ga knippen. Ja, dat klinkt best wel mooi leuk, hond. Maar denk je niet dat het soms juist goed is om stabiel te zijn? Want ja, die neutraliteit misschien helpt je ook wel weer om niet weer in zo'n zware depressie te komen. Dat dacht ik eerst ook, maar naarmate de tijd verstrijkt begin ik me af te vragen of ik niet gewoon gewend ben geraakt aan het gevoel van stabiel zijn. zonder echt te ervaren wat ik wil ervaren. Het voelt een beetje alsof ik niet meer volledig mezelf ben. Weet je, ik kan me de laatste tijd, laatst keer dat ik echt oprecht geluk gewas, gewoon niet meer herinneren. En daar maak ik me een beetje zorgen. Ja, loon, dat klinkt inderdaad best wel moeilijk. Heb je dit ook al met je arts besproken? Want het lijkt me niet echt iets wat je zomaar zelf even kan of zou moeten beslissen. Ja, ik heb voor binnenkort een afspraak staan, maar tegelijkertijd wil ik wel met iemand praten die me beter kent, zoals jij. die begrijpt wat ik doormaak. Mijn dokter die ziet me echt maar een paar keer een jaar en hij ziet alleen maar medici's. Maar jij ziet me elke dag. Ja, dat klopt wel. Ja en ik zie ook wel hoe je hoe je er mee bezig bent, hoe je een beetje worstelt ermee. Maar ja, ik heb ook wel gezien van hoe ver je gekomen bent. Ja, dat is echt al een paar jaar geleden. Ja, maar dat ik ik kan het me nog heel goed herinneren, want het was best wel moeilijk om je zo te zien dat je zo veel pijn had. En ja, het idee dat je daar misschien wel weer terug zou kunnen vallen. Ja, in zo'n depressie. Ja, als ik daarover nadenk, vind ik dat toch wel heel erg moeilijk. Ja, dat begrijp ik ook. En ik wil als niet terug naar het voelen, maar ik vraag me af, als ik niet eens meer echt kan voelen, wat voor leven is dat dan? Wat is het verschil tussen pijn niet voelen en helemaal niets voelen? Ik wil het risico nemen om weer te voelen, zelfs als dat betekent dat ik ook verdriet kan voelen. Jeetje, ja nogmaals, ja, het klinkt gewoon allemaal best wel heftig. Ja, zeg je nou dat je het gevoel hebt dat je denkt dat je bepaalde emoties niet kan voelen? Nou, precies dat eigenlijk. Ik zie mensen om me heen genieten van de kleine dingen, zelfs hun verdriet lijkt echt. En ik voel me gewoon afgeplakt. Ik weet dat dat een deel is van hoe de medicijnen werken, maar soms heb ik het gevoel dat ze me meer weg nemen dan dat ze me helpen. Lou, het klinkt alsof je worstelt met de vraag of het mogelijk is om jezelf terug te vinden en dan dan zonder de medicijnen. Maar heb je wel een beetje nagedacht wat er kan gebeuren als je wel stopt? Ja, het is niet zo maar iets. Ja. kunnen veel dingen bij komen zoals ontwenningsverchijnselen. Ja, en dan is er ook het risico dat je je toch wel slechter kan gaan voelen. Ja, ik heb wel gelezen over de ontwenningsverchijnselen en daar ben ik ook best wel bang voor eigenlijk. Ik wil niet van de ene op de andere dag gelijk stoppen, maar er is ook een deel van mij dat zegt dat op een gegeven moment moet leren onzonder de medicijnen te kunnen leven. Gewoon het leven zelf aangaan zonder dat chemische vangnet. Anders hoe weet ik dan ooit wie ik echt ben? Ja, zoals je het nu zegt, ik begrijp wel wat je bedoelt. Ja, volgens mij wil je gewoon weten wie je wie jezelf bent, wie je eigen ik is, zonder al die medicijnen in je lichaam. Maar ja, dan blijft er toch de vraag is dat nu wel het juiste moment om dat uit te zoeken. Ja, kijk, je bent net met een opleiding gestart en ja, je hebt een nieuwe relatie net. Het zijn wel heel veel dingen die heel veel aandacht van je vragen. Ja, ik weet niet of het ooit echt een goed moment is, want er zullen altijd dingen zijn die druk op je uit oefenen, toch? Misschien moet ik gewoon de sprong wagen. En kijk hoe het gaat. Ik kan altijd weer beginnen als het echt goed lukt. Ja, maar zo, ja, dat is ook wel. Nee, laat ik het anders zeggen. Zo eenvoudig is dat niet. Ja, antidepressiva die, ja, hebben toch wel de tijd nodig om weer volledig te werken. Als je gestopt bent en weer opnieuw wil gaan beginnen. Ja, het is niet echt zoals een paar centen mol die meteen werkt. Ja, het kan echt wel weken gaan duren voordat je weer effect voelt als je weer start met de antidepressiva. Ja, en die die tijd kan je toch echt wel heel erg kwetsbaar voelen. Ja, nogmaals, ja, dat wil ik je niet ze meemaken. Ja, dat is wel waar. En dat is ook precies waarom ik me zo vastgelopen voel. Want aan de ene kant wil ik stoppen om te zien of ik zonder kan. Maar aan de andere kant ben ik bang voor wat er gaat gebeuren als het niet lukt. Het voelt een beetje als een soort van vastzitten en is het vangnis. Hoe langer ik wacht, hoe meer ik me afvraag of ik ooit zonder dat kan. Ja, ik begrijp je zorg ook wel. Ja, dat is één ding wat zeker is. Maar ja, misschien moet je niet zo denken in termen als ja vooral tijd. Dat dat is echt niet zo, denk ik. Wat als je nou denkt aan wat het beste voor jou is nu, dit moment? Ik weet hoe sterk je bent en wat je allemaal hebt doorstaan. Dus ja, misschien is het nu inderdaad wel tijd om even stil te staan bij jezelf en ja inderdaad ook te overleggen met je arts wat nu het beste is. Je staat er echt niet alleen voor. Bedankt Kim, dat helpt me al. ik voel me zo in twee strijd soms en ik weet dat jij het beste met me voor heb misschien moet ik inderdaad niet zo ver veruit denken en gewoon stap voor stap kijken wat er nodig is ja dat is zeker zo weet je wat je ook besluit Luna weet je ik ik sta wel achter je en ja dat betekent dat kijk als je als je wilt stoppen prima dan gaan we dat samen doen we komen er echt wel doorheen en ja ga je door is dat ook goed ik vind gewoon belangrijkste is ja weet je Ik wil dat jij je goed voelt. Dat dat is belangrijkste. Ook al pijn te horen. Ik denk dat ik deze week eerst met de dokter ga praten en een plan ga maken, want ik wil niet overhaast een beslissing nemen. Misschien kunnen we eerst de doses langzaam afbouwen en kijken hoe dat verder gaat. Ja, maar ja, weet je, dat klinkt gewoon ja als een goed idee. Ja, doe het wel vooral op jouw tempo, niet overhaast. En we gaan het samen doen. Ja, ik vind fijn dat dat je op vraagt en dat is altijd oké. ja daar sta ik altijd open voor dat weet ik dank je wel dat je me geeft ja loon ik ik doe mijn best daarin om je te begrijpen met alles en dat zal ik blijven doen dank je wel voor je tijd en dat je zo open was namelijk oké dank je wel"
studie.mp3,Psychologische gespreksvoering,Qwen3 ASR 1.7B,36.6,25.544852941176472,100,67.94117647058823,6546.3125,6546.3125,17.3783897542343,"Rolbij hem. Ga zitten Rol. Bedankt wel. Hoe gaat het? Ja, gaat wel goed. Bedankt. Oké. Mooi. Ik ben Martine Nieststra. Ik ben een assessor op de hogeschool Leiden. Ik heb begrepen dat jij wat vragen hebt met betrekking tot je studiekeuze. Ja. En daarom ben je vandaag hier. Vandaag wil ik er eigenlijk het doel van het gesprek is om wat meer informatie te verzamelen over wat er precies bij jou speelt en hoe ik jou verder kan helpen. Wat de gewenste stappen zijn om je verder te helpen bij je studiekeuze. Wat wij hier bespreken is vertrouwen. We blijven tussen ons. Mocht het nodig zijn om gegevens te delen, dan zal ik dat eerst met jou bespreken. Ja. Dit gesprek duurt ongeveer een uur. Ongeveer een uur de tijd voor. Ik houd de tijd in de gaten. Mogelijk maak ik wat aantekeningetjes voor mezelf, maar die zijn ook gewoon alleen voor mijn eigen gebruik. Mmm. Nou, vandaag zal ik je wat vragen over de opleiding, hoe dat gaat, eventuele activiteiten die je naast de opleiding hebt, zoals werk of hobby, sport, je thuissituatie. Dus dat komt allemaal aan bod vandaag en dan aan het eind zal ik kijken wat. wat dit gesprek heeft opgeleverd en wat er voor je verder kan doen. Oké. Is dat duidelijk voor jou? Jij wel. Jij wel. Maar ik had ook begrepen dat dat er iets met testen zou zijn. Oké. Ja. Nou, het het zou kunnen dat we inderdaad dat het nodig is om te testen af te nemen, maar dat hangt eigenlijk helemaal af van van dit gesprek. Wat er eigenlijk naar voren komt, wat het eigenlijk precies jouw vraag is. Oké. En mogelijk volgen er dan testen. Dat zal ik dan aan het eind van het gesprek laten weten. Maar het kan ook zijn dat ik je beter kan doorverwijzen. Misschien naar iemand anders, of dat we tijdens het gesprek al al tot een bepaalde duidelijkheid kunnen komen. En dan is het misschien helemaal niet nodig. Oké. Dus vandaag gaan we niet testen, maar dat zou een eventuele vervolgstap zijn. Oké, prima. Goed. Nou, dan gaan we beginnen. Kun je iets vertellen over over de opleiding hoe het gaat? Ja, het gaat op zich wel goed. Ik ik haal mijn vakken wel, maar meestal met een zesje. Het houdt niet helemaal over, maar ik haal ze wel. Oké, dus je zegt dat het gaat wel, maar ik ik haal voldoenders, maar het zijn niet hele ruime voldoenders. Hoe hoe komt dat? Ik ik merk toch dat het een moeite kost om heel erg gericht met die studie bezig te zijn, om om te leren, om die boeken te pakken. ja dan besteed je gewoon minder aandacht aan zo'n tentamen dan al die lage cijfers dus ik merk dat ik het wel kan maar ik kan me er zelf niet niet helemaal toe zetten je kan er niet zo goed toe zetten om echt te gaan leren nee en heb je een idee waar dat mee te maken heeft hoe dat komt dat je het moeilijk vindt om jezelf daarvoor te motiveren nou het lastig is ik ik dacht altijd van toe gepast psychologie van kijk dan daarbij kan ik dan dan mensen helpen alleen je merkt dat dat er niet zo niet zo heel erg in zit we moeten dan moeten we een voorlichting maken ik snap ook wel dat dat dan ook wel bij hoort maar ik zou liever mensen echt ook gewoon willen helpen denk dat dat ook een beetje bezorgt dat ik ik het niet altijd even allemaal even leuk vind. Dus als ik het goed begrijp, dan voldoet de studie niet helemaal aan de verwachtingen die je vooraf van de studie had. Nee, dat klopt. Ik vind het wel leuk, maar ik vind allemaal heel interessant alle onderwerpen. Maar met die projecten dan, iets ja. Daar doe ik het niet voor, om zo te zeggen. Ja, oké. En wat zou je, wat mis je, wat je, waar je eigenlijk wel van tevoren verwacht had tegen te komen? Waar kan je naar op zoek? Dat je mensen kunt helpen. Dat zoals dit gewoon dat je in gesprek gaat met iemand om te kijken, wat dat is nou het probleem, waar kan ik nou mee helpen? ja dat dat vind ik leuk om te doen. De vrienden van mij die die zeggen dat ook altijd, dat ik dat zo goed kan. Ik kom altijd naar me toe. Maar ja dat dat dat zit er nu nog niet zo veel in. Nee, dus je zou eigenlijk liever met mensen een op een in gesprek gaan en kijken hoe je mensen zou kunnen helpen. Ja. Ja. Heb je dit ook? Heb je besproken met je SVP-dozen? Ja, heb ik wel over gehad en die ze die zeggen van dat komt nog wel in andere stukken van de studie dat dat aan bod komt. Maar ik merk dat ik het dan nu zo tegen van aanloop dat dat dat ik daar nu niks van merk. Ja. Ja. En hoe lang ben je nu precies bezig met de opleiding? Ik zit nu in het bijna een derde blok. In derde. Ja, ja. Dus we gaan een half jaar. Ja, gaan een half jaar. Goed. Wat wat is zelf jouw idee over? Want je twijfelt. Wat zijn je gedachten op dit moment over over je studie en en hier dan even heren weer? Of of ik of ik dit wel moet doen of dat er niet iets anders is wat dan wat dan beter past bij wat ik wil. Ja. Want dat zeg ik zeg dat dat niveau dat kan ik wel aan. Maar ik moet het toch ook wel voor willen inzetten. Ik merk dat dat taak niet schort en misschien dat daar dan. geopleidingen beter bijpas, maar misschien is dit ook wel juist wel de beste. Dat dat vind ik heel lastig, zonder om dit weg te gooien als dit misschien toch wel goed zou zijn. Ja, dus je wil eigenlijk nog eens even goed kijken of er een andere opleiding is die beter bij je past, waarin je dit element of dat dit het is, of dat dit het is. Goed, dat is me duidelijk. Oké. Dan gaan we verder. Dan wil ik je nog iets vragen over wat je eigenlijke activiteiten naast. Nou, Roel, we zijn aan het uitgekomen eigenlijk van het gesprek. Ik heb genoeg informatie verzameld. Oorspronkelijk is je vraag geweest: past deze studie goed bij mij? je mist het individuele eigenlijk het individuele contact bij de opleiding individuele gesprekken mensen echt concrete kunnen helpen dus je wil weten is er misschien een opleiding beter bij me past dat is eigenlijk jouw jouw vraag klopt dat of een opleiding beter bij me past of of deze opleiding of dat deze opleiding toch de beste keuze is geweest ja of dat er misschien een opleiding is die nog beter past bij jouw interesses precies goed nou ik ga mijn gegevens verwerken en dan ga ik kijken welke testen ik het beste bij jou af kan nemen om een antwoord te krijgen op deze vraag van is er een studie die misschien beter bij mijn interesses past. Ik ga je daarvoor apart nog een uitnodiging sturen. Oké. En dan kan je de testen maken. Op basis daarvan maak ik dan een rapport ervan, een verslag met een advies richting jou. En daarvoor zal ik je dan nog een keertje uitnodigen om dat rapport te laten zien en om je een advies te geven. Oké. En die afspraak die komt dan nog. Ja. Eerst gaan we maken een afspraak voor de testafname en daarna maken we nog een afspraak om de de uitslagen te bespreken. Oké. Is dat is het duidelijk? Ja, prima. De volgende stappen zijn. Ja. Oké. Goed. Dan dan ontvang je van ons een uitnodiging. En dan voor dit gesprek. Bedankt."
GGZ-exposure-therapie.mp3,interviews,Qwen3 ASR 1.7B,39.0,25.507254901960792,100,69.25,8588.3125,7619.361519607844,15.044269543575128,"In deze aflevering heb ik Maika te gast en zij is psycholoog en ze gaat ons alles vertellen over ja wat een psycholoog voor jou kan betekenen als je last hebt van hyperventilatie, paniekklachten, andere stressgerelateerde klachten. Dus welkom Maika, kan je even kort voorstellen? Ja, dankjewel, ik hoor. Goedemiddag, goedemiddag luisteraars ook. En mijn naam is Maika Groen. Ik ben 38 jaar en ik ben de oprichter van Vrij zijn met eten. Ik begeleid vrouwen met een eetstoornis en ik heb hiervoor heel lang gewerkt als psycholoog. Nee, 16 jaar gewerkt als psycholoog en onder andere ook bij angststoornissen, waaronder dus ook paniekaanvallen, paniekstoornissen zeg maar voorkwam. ja dus dat is even kort over mij ja fijn dat je tijd tijd kan maken om ons te gaan vertellen ja wat een psycholoog voor jou zou kunnen doen als luisteraar en want vaak als je naar een huisarts gaat met deze klachten met ik heb last van paniekaanvallen angstoornezen of vage onverklarbare klachten zoals hyperventilatie dan krijg je vaak een doorverwijzing naar een psycholoog en wat ik heel graag van jou wil weten is wat gebeurt er nou eigenlijk je krijgt zo'n verwijzing en dan bel je op om een afspraak te maken en hoe gaat dat hele proces dan eigenlijk in in zijn gang Ja, nou allereerst zou je waarschijnlijk met de secretariaat antwoord lichteroverig aan of het hebben over een GGZ-instelling of een vrijgestelde psycholoog. Dat kan natuurlijk ook nog altijd. Daar kan je ook nog met een verwijsbrief aan. Maar als het een GGZ-instelling betreft, dan zal in eerste instantie met de secretariaat een afspraak in kunnen plannen en vervolgens wordt er dus een intake ingepland, een intakegesprek, waarin, nou ja, eigenlijk zo volledig mogelijk een beeld van van jou wordt verkregen. Dus hoe ziet dan jouw paniekaanvallen daaruit? Hoe vaak komt het voor? Frequentie. Is dat altijd al zo geweest of is dat pas geleden gestart? Zijn er andere problemen, bijvoorbeeld alcoholproblematiek, bijvoorbeeld? Dat is een contraindicatie. Noemen we dat. Dus dat betekent dat we dat er eerst aan de alcoholproblematiek gewerkt moet worden voordat we dus aan de panieksto En zo wordt dus eigenlijk een volledig beeld verkregen van de persoon om te weten van ja wat gaan we nou precies doen en is dat nu ook het moment om de behandeling in te zetten voor een paniekstoornis. Ja, dus ze gaan eerst gaan jullie eigenlijk dan kijken van hey maar waar komt het een beetje globaal vandaan, oftewel wat heb je andere klachten, bijvoorbeeld ook misschien zitten er een depressie bij of zitten er een trauma achter. Dat wordt eigenlijk even breed gekeken. Misschien zijn natuurlijk ook veel mensen met met PTSD of of autisme of en dan wordt eigenlijk even van hey maar wie is deze persoon eigenlijk en dan wordt er dus pas een een traject in gang gezet. Dus dat wordt dan een beetje op de ja de persoon afgesteld denk ik. Ja, niet een zeker niet beklare oplossing. Nee, dat klopt inderdaad. Er wordt per persoon gekeken en ook welke problematiek staat op de voorgrond. Dus als inderdaad andere problematiek op de voorgrond staat, dan dient dat eerst behandeld te worden. Bijvoorbeeld trauma is een goed, een goed voorbeeld wat je neemt. Als dat echt meer op de voorgrond staat, dan moet dat eerst behandeld worden voordat dus dan bijvoorbeeld de paniekstoornis behandeld zou kunnen worden. Dus daar wordt eigenlijk een overwogen keuze ingemaakt. Ja. Maar ik kan me ook voorstellen dat als jij dan een afspraak maakt, dat je zelf helemaal niet zo duidelijk hebt waar het dan vandaan komt en dat in een gesprek zal dat dan ook niet altijd allemaal duidelijk zijn, toch? ja nou wat er op dit moment is aan klachten is meestal wel duidelijk hè dat zijn dat daar kan de psycholoog ook vragen met nou dat zijn bijna een soort van ja nee vragen bijna van hè is er sprake van dit heb je nog andere klachten hè of loop je hier nog tegenaan nou dat is op zich kan je dat of bevestigen of ontkrachten dus dat is op zich helder waar precies vandaan komt dat is inderdaad niet altijd helemaal helder hè wat bijvoorbeeld uit onderzoek blijkt is dat vaak nou ja de enige samenhang is bijvoorbeeld met verlating of verlies in de jeugd hè dat dat daar komt vaak paniekstoornis dat heeft daar vaak wel koppeling mee dat zien we dan vaak En met agorafobie, dus dat betekent dat niet naar buiten durven gaan of voor bepaalde plekken, dus ook voor mij, dat er ook combinatie bij is. Straatvreest. Zien we dat dan ook, bijvoorbeeld? Precies, ja, de straatvreest zien we dat dat vaak dan bijvoorbeeld weer juist gerelateerd is aan problemen met zelfstandig gaan wonen, dus rond de twintig, dertig jaar, zo'n beetje ontstaat vaak ook. Maar het is ook soms niet helemaal helder te krijgen waar komt het precies vandaan en op zich is dat voor behandeling ook niet niet zo zeer relevant. Dus daar gaan we eigenlijk niet heel erg naar graven of wat dan ook. We gaan echt meer in het praktische aan de slag daarmee. ja, maar dat is wel belangrijk, hè, want ik kan me voorstellen dat er ook mensen zijn die denk, nou, ik heb helemaal geen zin om over mijn jeugd te praten, of ik had best een prima jeugd, dus ik, dus helemaal niet relevant, of ik, ik begin zin om mijn ouders de schuld te geven, of die worden ik ook nog wel eens, dus echt niet altijd het geval dat daar ingaan gegraven wordt. Nee, tenminste bij bij ons was dat dan met name gewoon heel licht vragen. Zijn er nog bijzonderheden in de jeugd? He, zijn er nog dingen wat we moeten weten, wat we, want kijk, zouden nou hele ernstige trauma's zijn in de jeugd, dan is natuurlijk wel belangrijk om te weten, want dan moet daar misschien op ingegeven worden in plaats van de paniekstoornis mee te starten bijvoorbeeld. Maar nee ja, anders is dat inderdaad, ja. Vooral wordt er gevraagd naar bijzonderheden en wordt er vooral eigenlijk daarmee dus afgewogen van is is de paniekstoornisbehandeling dus nu ook het beste om nu in te zetten. Ook om eerlijk te zijn, want stel dat er een hele heftige trauma is geweest in de jeugd, ja dan kunnen we misschien wel werken op die paniekstoornis, maar we als we verwachten dat we trauma behandelen, dat dan de paniekstoornis vanzelf overgaat, dan heeft het misschien niet zo veel nut om dus aan die paniekstoornis te werken. Te misden, dan verwachten we dus dat er meer effect zal zijn door aan het trauma te werken. Maar dat kan nog altijd overwogen worden van, nou weet je, dan gaan we toch aan met de paniekstoornis aan de slag als je niet met het trauma aan de slag wil gaan. En gaan we kijken, maar we zijn wel eerlijk, we gaan kijken hoe ver we daarmee gaan komen. ja dus dat gaat wel in overleg natuurlijk ja zeker ja er wordt niks geforceerd sowieso is hè het is geen verplichte behandeling of wat dan ook dus het is allemaal vrijblijvend en de cliënt is daar zelf ook bij dus die mag zelf inderdaad ook aangeven van nou dit is precies wat ik zoek of dit is totaal niet waar ik naar op zoek ben nee ja logisch natuurlijk hè want het gaat natuurlijk om jouw herstel natuurlijk ook belangrijk dat je daar ja iets over te zeggen hebt natuurlijk ja precies soms moet je natuurlijk ook wel het advies aannemen van degene die daar vroeger leert heeft en die natuurlijk ja ingespecialiseerd is ja zeker ja ja en tegelijkertijd weten we ook niet alles hè dus soms Denken we dat dat in dat dan beter is om aan de trauma te werken. Maar uiteindelijk is de wil zo groot bij de cliënt en de motivatie dat het dan wel lukt om aan de paniekstoornis te werken, gewoon met het paniekstoornisprotocol. En soms zie je dat dat dan weer juist, maar voor korte termijn heeft gewerkt. Dus dan zie je dan toch een cliënt weer terugkomen, dat hij na een aantal jaren dan weer zegt van, nou, het is toch weer terug, het was toch onvoldoende. En dan toch als nog wel de trauma behandeling doen of wat dan ook. Ja. En en wat je benoemde, we hebben het paniekstoornisprotocol. Want stel, we gaan er gewoon van uit dat jij, we hebben natuurlijk ook paniekstoornis, maar dat valt hyperventilatie natuurlijk ook onder, hebben jullie als psycholoog? Nou, het is gaar dat we het zo noemen nu. Nou, het is mooi dat je dat zo noemt, want we maken echt wel onderscheid tussen paniekaanval en paniekstoornis. Paniekaanvallen is echt hè, die kortademigheid, het gevoel hebben te stikken, transpireren, duizelig, beven, trillen op je benen, misselen. Nou, al die symptomen hoort bij paniekaanval. Maar een paniekaanval, ongeveer bij 23 procent van de bevolking komt wel eens een paniekaanval voor. Dus een paniekaanval op zichzelf is eigenlijk niet zozeer het probleem. Het probleem zit de meestal in dat de persoon bang wordt, hè, heel erg. Overmatig bezorgd wordt dat het weer eens voorkomt die paniekaanval. Dat wordt een paniekstorenis. Want dan wordt het hele leven zeg maar, hoe zeg je dat, opgebouwd rondom het vermijden van dat het nog eens gebeurt, met behoorlijke angsten enzovoorts. Dus daar maken we wel een verschil in tussen hebben het over een paniekaanval, we hebben het over een paniekstorenis. Ja, en dus is het vooral de angst voor de angst. En daar komt dan bijvoorbeeld die straatvrees vij. Of het vermijden van de supermarkt, of dat je niet meer naar verjaardag durft. Of uitdorrijen is natuurlijk ook zoiets wat heel veel voorkomt. Precies. Dus vermijding komt bijna daad heel erg bij voor, ook veiligheidsgedrag. Dus alleen maar nog met je partner durven gaan bijvoorbeeld. of dat soort dingen, dus of altijd het toch een medicatie nemen van tevoren om wat rustiger te zijn, of nou dat soort dingen, dat bevestigt ook weer van, het is inderdaad een angst, het is tenminste het is inderdaad een angstige situatie. Ik kan het alleen maar aan als ik met mijn partner daar ben. Dus dat zijn dingen die uiteindelijk dan ook in de behandeling uiteindelijk doorbroken moeten worden, om om te zien van, hey, maar die paniekaanval komt niet altijd voor. Het is inderdaad angst voor de angst. Het is angst om daar dus weer in te geraken. Vaak is dat een soort van controleverlies geweest wanneer dat is gebeurd of wat dan ook, en is vooral een grote angst dat dat weereens voorkomt. Ja. En dan hebben we de intake gehad en dan is er dus eigenlijk een wordt er een plan opgesteld. En wat voor therapie is dan eigenlijk de meest gangbare? Wat voor behandelingen krijg je dan? Ja, dat is best een hele reeks eigenlijk. Allereerst wordt altijd gestart met het registreren. Dus we gaan even bijhouden hoe verloopt dat nou precies zo'n paniekaanval. Wat gaat er aan vooraf? Is dat in bepaalde situaties? Is dat altijd op een bepaalde tijdstip? Of is dat altijd? Kunnen we daar iets in terugvinden in het registreren? En vervolgens wordt gestart met interoceptieve exposure heet dat. En dat betekent dat je dus gaat nabootsen van een paniekaanval. En daar hebben we dan bijvoorbeeld meerdere oefeningen voor. Dus dat gaat dan bijvoorbeeld over dertig seconden je hoofd, dus je benen zetten en dan weer heel snel omhoog komen, of zo veel keer draaien op een stoel, of heel hard rennen op de plek. Of nee, je gaat dus al die sensaties die wel eens voorkomen bij een paniekaanval, ga je nabootsen om dus te kijken van, he kan een cliënt daar dus inderdaad van leren? Van dit betekent niet dat ik doodgaan of dit betekent niet dat dat ik gek wordt of nou ja noem maar op wat voor nou ja ernstige iets er aan gekoppeld is vaak dus eigenlijk van dat dat iets ernstigs betekent dus daar wordt er dus aan gewerkt tenminste eigenlijk mee geoefend dus in eerste instantie om te leren dat die lichaamsignalen op zichzelf niet zo zeer gevaarlijk zijn dus daar eigenlijk een soort van gewenning aan te krijgen als het dan heel heel angstig is wordt dat dan altijd gedaan of kan je dan ook zeggen van nou dit slaan we nu eventjes over want hij zit zo hoog in de angst dat hij dit echt niet wil ja en dan angstig is voor deze bijvoorbeeld een hart een hart dat sneller klopt of het warm krijgen of het trillen op de benen dat bedoel je dus dan angstig ja inderdaad als je dit al hoort idee ik ga niet naar psychologen want dan moet ik dat gevoel opwekken ja spanning al ziet dat je denkt nou dat begin ik niet aan ja ja snap ik wat eigenlijk dan gebeurt is we gaan het niet vermijden want juist die vermijding zorgt ervoor dat je juist bevestigt van ja een snel hart een harder kloppend hart dat betekent dat ik doodga dus eigenlijk als we dat meegaan in die vermijding die vermijding bevestigt eigenlijk jou Nou ja, gedachtes, jouw gedachtes daarover. Dus het doorbreken gaat echt met het doen. Maar we kunnen zeker kijken of we dus misschien wat korter kunnen maken. Dus dan hebben we niet over dertig seconden hoofd tussen de benen bijvoorbeeld, maar dan doet het maar twee seconden. Zeg maar wat dan begin je gewoon heel licht en op die manier dat heel langzaam dan verhogen. Dus dat is dan wel een mogelijkheid. En altijd kan er ook gestart worden met, nou ja, wat dan wel gedurfd wordt. En dan kunnen we dan kijken later naar degene wat echt wel spannend is. Overigens is wel dat degene wat dus juist spannend is belangrijk om dan wel te gaan herhalen. Het is niet van het één keer dus twee seconden je hoofd tussen je benen te hebben gedaan en dan dus die sensatie van bijvoorbeeld misselijk in het hoofd. door dat dus vervolgens nooit meer te doen in je leven, dat je dus gaat leren van: er gebeurt inderdaad helemaal niks als ik een beetje misselijk voel in mijn hoofd. En we kijken dan ook heel erg van tevoren van: wat verwacht je dat er gaat gebeuren? Ga je flauwvallen? Wat dan ook? Oké, hoe ziet dat er precies uit? Want het is dan hebben we niet alleen over een gevoel van flauwvallen, want ja, misselijk voelen in het hoofd kan heel erg verwart worden van: ja, dit is ook wel een gevoel van flauwvallen bijvoorbeeld. Nee, wat is flauwvallen precies? Nou, op de grond liggen eigenlijk. Dus echt gevallen zijn. Dan pas kunnen we zeggen: nou, dit was echt inderdaad. Nu ben je echt flauwgevallen. En dan gaan we dus continu naar zo'n oefening kijken van: is er gebeurd waar je nou eigenlijk voor vreest? Nou, want eigenlijk nooit gebeurd vooral flauwvallen. Flauwvallen gebeurt pas wanneer jouw bloeddruk verlaagt, juist en niet verhoogd. Dus dat eigenlijk gebeurt nooit wat wat gefreesd wordt. Dus daarmee kan je eigenlijk de verwachtingen te niet doen. Dus door zo vaak oefenen hebben merk van ja eigenlijk gebeurt het niet, waardoor dus ook in jouw hoofd dus hersteld wordt die verwachting die jij hebt opgeslagen. En daarmee dus uiteindelijk dus ook dat kan gaan doorbreken. Overigens is dan ook de volgende stap dus het gaan doen. Dus door middel van gedragsexperiment of exposure in vivo, dus het ook in realiteit. Dus nu hebben we het over gehad over oefeningen die dus zorgen dat je dus, nou, die symptomen oproept, maar uiteindelijk ga je dus ook in het werkelijke leven, dus bijvoorbeeld ook oefenen. Dus bijvoorbeeld als je bang bent, hè, dus bijvoorbeeld dat het in de tram gebeurt, dat je dus dat dat dat je dan misselijk wordt en dat je dan flauwvalt en een paniekaanval krijgt of wat dan ook, dan gaan we dus oefenen met dus ook in de tram stappen en kijken of dat dan weer gebeurt en of je dan ook werkelijk in dat de paniekaanval hebt gekregen. Ja, maar dat gaat geleidelijk aan natuurlijk, hè. Dus niet bij de eerste behandeling meteen dat jullie op op in die tram of in die drukke supermarkt of in die auto op de snelweg zetten. Dat gaat natuurlijk heel geleidelijk stapje voor stapje. En dat gaat dan echt omdat je vertrouwen leert krijgen weer in je lichaam. Ja, dat er niks gebeurt, dat dat er echt niet iets heel ernstigs is. En waardoor je dan stapje, ja, voor stapje dat vertrouwen krijgt. En het dus ook dan steeds die exposuretherapie, want verder gaat het uitbreiden. Ja, zeker. Ja, en dat is inderdaad ook het gevoel moet dan ook langzaam meegaan. Het gevoel is altijd wel lastig, want soms weet je het met je hoofd. Ja, ik weet dat het inderdaad niet echt gaat gebeuren. Maar het duurt altijd wat langer voordat gevoel ook meegaat. Het is helaas altijd het geval dat je hoofd gaat sneller dan je gevoel. Dus de angst kan nog steeds wel opkomen, ondanks dat je met je hoofd weet van ja, maar dit kan eigenlijk niet meer. En daarvan geldt dat echt het doen, het blijven oefenen, hè? Dus het is niet door thuis achter een geranium te gaan zitten dat het dan opgelost wordt, maar het is echt door het gaan doen dat je dus gaat merken van inderdaad er gebeurt helemaal niks. En dan gaat jouw gevoel dus dat ook mee. Dus die angst gaat daardoor dus ook verminderd worden. Je zou het eigenlijk ook een beetje kunnen vergelijken met een kind dat valt van een fiets. En na het vallen van de fiets gaat hij nooit meer op een fiets zitten. Nou, zijn angst voor een fiets wordt dan enorm groot, want het laatste wat hij opgeslagen heeft is die val voor die fiets. En die verwacht alleen maar als ik weer op een fiets ga zitten, dan val ik weer. Maar terwijl als je hem dan direct na zo'n val weer op de fiets zet en de dag erna weer op de fiets, dan wordt het een van de vele herinneringen. En het is één keerje gebeurd, maar het is ook vele keren niet gebeurd. En daardoor krijgt het kind wel vertrouwen, zeg maar, van ja, meestal gebeurt het niet. En zo gebeurt, zo werkt dat dus met angst. Ja, want soms is er maar één keer iets gebeurd en dan slaat dat heel erg vast in ons systeem. Terwijl het al honderden keren dat het wel goed is gegaan. En toch blijf je dan angstig voor die ene situatie. Dat is heel bijzonder hoe dat werkt eigenlijk in ons systeem. Daar gaan we het niet over hebben, want daar zitten we nog te huren. Ik lette daar. En we gaan nu even over de praktische kanten hebben. En dan heb je dus over exposuretherapie. Zijn er ook nog andere? Krijg je dan nog meer meer oefeningen en in dingen om te doen? Dus zij een dagboek bijhoudt. Meestal noem ik dat het een dagboek bijhouden dat je opschrijft. Ja. Wanneer treedt het op? Wanneer je gaat kijken of je patronen kunt herkennen? Ja, ja, ja. Dus het registreren van je van je panicaanvallen. Dat daar start je eigenlijk mee. Dus dat is aan het begin daar meer inzicht in krijgen. En verder is dat ook nog wat stukje dus wat meer cognitief uitgaan. Dus echt meer kijken van, nou, wat voor gedachten heb je daar nou bij? Wat en nou ja, helpt het je echt om zo te denken? Klopt het ook deze gedachtes? En dat ga je dan vervolgens in het doen, dus inderdaad. Dus dit is vanuit de CBT, de cognitieve gedragstherapie, hoe deze dus aangepakt wordt. Ja. Nou, ik vind zelf cognitief wat het best wel een lastig woord is. Ik kan me voorstellen dat je luisteren, je denkt: nou, wat betekent dat nou eigenlijk? Wat is het? Wat betekent nou in gewoon Jip-Janneke taal? Gewoon. Ja, ja, ja. Nou, het is cognitieve gedragstherapie, dus dat zijn ook echt wel twee verschillende woorden. En cognitief betekent dus inderdaad in het hoofd. Wat speelt zich in gedachtes af? En dat dus aanpakken. En het gedrag is dus ook echt in het doen. en juist die combinatie van die twee, dus zowel dus de gedachtes uitdagen als het ook echt in het doen gaan veranderen, blijkt dus super effectief te zijn. Dus de de cognitieve gedachtstherapie zijn vaak dus ook de therapie de meest effectieve therapieën voor de meeste stoornissen. Ja, dus het is echt niet zo, want vaak vroegen vooral dachten we je gaat naar psycholoog en dan moet je alleen maar praten over wat je dwars zit en wat er allemaal speelt. Maar eigenlijk noem je het is eigenlijk een hele actieve therapie. Je bent bezig, dus al natuurlijk ook veel gepraat worden. Ja, het ligt er wel aan wat voor psycholoog je hebt, want je hebt diverse therapeuten. Dus de de psycholoog die werkt voor een voor een de cognitieve gedragstherapie (CGT) die werkt dus in dat op die manier. Maar je hebt bijvoorbeeld ook therapeuten die meer op de psychotherapie zitten, bijvoorbeeld, hè? Die zullen dan wat meer op het praten zitten en het graven naar het verleden en dat soort dingen. Dus het ligt echt wel aan wat voor therapeut je hebt en wat voor therapie dat is. Maar de cognitieve gedragstherapie staat echt voor inderdaad zowel uitdagen van de gedachtes, hè? Hoe denk je erover en helpt dat je nou vaak dus niet? En dus hoe kan je anders leren denken en kloppen je gedachtes überhaupt wel en het ook gedragsmatig dus anders gaan handelen. En en hoe Dus natuurlijk ook misschien heb je daar is er helemaal geen antwoord op, maar hoe lang doet dan gemiddeld zo'n behandeltraject? Nou, vaak staat daar zo'n beetje elf sessies voor volgens het protocol. De GGZ houdt zich daar ook vaak wel echt wel aan, hè? Dus die die hebben ook een soort van maximum aantal sessies wat ze kunnen besteden. En dus dat dat is een beetje wel beleidgraat. En is dat dan gemiddeld meestal één keer per week, of is dat om de week, of ga je juist vaker, ga je bijvoorbeeld twee keer in de week, of is dat echt afhankelijk van de persoon? Dat zal meestal één keer per week zijn. Dat kan misschien per instelling nog wel verschillen, maar meestal zal het één keer per week zijn. Ja. Je zei ook, oké, dan gaan we bijvoorbeeld naar de tram, want is dat jouw situatie is waar je die heel erg spannend vindt. Ik kan me voorstellen dat ik als zij supermarkt autorijdt. Maar gaat jij dan echt als psycholoog, gaat de psycholoog dan echt met je mee in die situatie? Dat kan zeker. Dus er zijn psychologen die dat doen. Dat is niet allemaal, maar dat er zijn psychologen die dat doen, dus die met jou meegaan. En dat is oogends dan wel voor het begin. Dus bijvoorbeeld, het kan ook zijn als je angst hebt voor lift. In de lift dat zoiets gebeurt. En er is een lift dus ook in de in het gebouw waar de psycholoog zit. Nou, dan waarschijnlijk gaat die psycholoog jou dan voorstellen van, joh, we zullen het ook even gaan oefenen. En ik ben bij je. Ik ga je bij begeleiden. en dan eerste in eerste instantie zal dat dan met de psycholoog zijn, maar uiteindelijk Hij, zoals met de ik durft alleen maar met mijn partner. Ik moet niet alleen maar zijn dat je dan alleen maar durft met de psycholoog. Het moet uiteindelijk ook dat je straks zelfstandig op eigen benen kan staan en dat ook durft zonder de psycholoog. Dus het is als een opstapje als het ware om dat te leren. Het kan overigens ook zijn, sommige psychologen werken daar dus ook mee, dat ze dan via beeld dat dan bijvoorbeeld aanwezig zijn. Dan bel je ze even in op een moment dat je normaal bijvoorbeeld de sessie hebt. Jij bent dan op dat moment bij de meetgroep en nou je gaat daar dan je oefening doen terwijl de psycholoog erbij is. Meetgroes overigens wel een lastig, want vaak heb je daar niet goed verbinding. Dus dan, nou, vooral het gesprek niet helemaal vloeiend, maar ja, noem maar op. Dus waar je dan ook maar bent dat je dus dan met de psycholoog kan oefenen dat hij even bij je is op dat Nou, het is vooral dus inderdaad. Ik denk dat het belangrijkste besproken dus echt de angst voor de angst. Dat is echt vooral van de paniekstoornis is. Want nogmaals, panikaanvallen komt dus bij 23% van de bevolking voor. Dus vrij normaal is dat eigenlijk wel. Alleen andere mensen die merken misschien dat dat er, nou ja, dat er iets gebeurt, maar die hechten er niet zo veel waarde of niet zo veel, niet zo angst. Het wordt niet zo'n angstcomponent als het ware. Dus het wordt vooral belangrijk om dat als wat meer normaal te bekijken. En ja, en en dus echt inderdaad door het doen, dus het vermijden is ook echt een voeding voor angst. Een voorbeeld kan ik ook geven voor degenen die angstig is voor spinnen bijvoorbeeld. Als die telkens de kamer uitren, zodra die een spin ziet, die bevestigt ook ontzettend dat die spin een ontzettende monster is. Terwijl het moment dat die beslist, oké, ik ga niet de kamer uitren, ik blijf gewoon zitten in de kamer bijvoorbeeld, en dan merkt hij die spin die beweegt helemaal niet, er gebeurt eigenlijk helemaal niks engs. Dat eigenlijk is misschien wel zelfs op een gegeven moment een beetje saai, want ja, die beweegt maar niet en jij zit er maar naar te staren. Dus dan ga je dus beseffen door doen van, er zit geen werkelijke angst. Het is allemaal in mijn hoofd, maar in werkelijkheid is dat niet zo angstig. dus dat is vooral dus ook belangrijk om wat vaak weet verstandelijk best dat die spin je niet op eet dat je als er wat is dat je best die supermarkt uit kan rennen dus het is best wel veel je weet het vaak wel dat daar die dat stemmetje in je hoofd zegt ja maar wat als wat dat heel erg opblaast en in dat geval als je dat dus herkent van jezelf dat je dingen moet gaan vermijden dat je dingen niet meer durft of dat je het wel doet maar met heel veel spanning in je lichaam ik dan is het natuurlijk gewoon echt heel goed om toch eens een doorverwijzing te halen voor voor een psycholoog ja ja ja zeker ja ja die kan je daar echt heel goed doorheen begeleiden dus dat maakt het een stuk makkelijker dan dat je het alleen gaat doen ja ja nou bedankt ik denk dat het heel duidelijk is ja voor iedereen van wat ik al een psycholoog met vooral met cognitieve gedragstherapie nou betekenen voor als je last hebt van van hyperventilatie maar ook van paniekstoornissen ja wat ik net al zei is er nog iets wat je wat je toe wil voegen of is het voor mij hebben we alles wel erg besproken zo hè ja ik vind het nood tot hebben we inderdaad wel besproken wat hoe dat een beetje gaat binnen de cognitieve gedragstherapie de behandeling ja mooi nou dan wil ik je heel erg bedanken voor je tijd en je ja en je moed en vooral het delen van ja van deze uitleg en Maaike kun je volgen onder de naam dat gaat ze zelf allemaal even opnoemen Vrij zijn met eten, dus dat is inderdaad rondom dus de begeleiding die ik bied voor vrouwen met een eetstoornis. En je kunt mij momenteel op Facebook en op Instagram vinden op Vrij zijn met eten. De link zal nog toegevoegd worden onder de podcast. Ja, zeker. Ja. Dus als je hier vragen over hebt, dan mogen ze zeker natuurlijk ook contact met jou opnemen. He? Nemen. Zeker. Ja, zeker weten. Ja. Mooi. Nou, heel erg bedankt voor voor je tijd en en jij bedankt als luisteraar om weer te luisteren naar ons."
interview-113.mp3,interviews,Qwen3 ASR 1.7B,35.9,25.494237288135576,100,67.71186440677967,8588.3125,8588.3125,17.238110515516652,"Hallo viewers, ik zit nu bij 113 met Maikel tegenover mij. Maikel is psycholoog bij 113 en jullie houden zich bezig met de hulpvragen die binnenkomen. Ja, dat klopt. Hoe komen de bellers of de mensen met jullie in contact? Daar Fianns telefoonnummer, dat is 05113. Die vinden ze soms op de website, dus ook voordehandelijk een tweede week op 113.nl. Of soms hebben ze ons voorbij gehoren komen op de radio, Fianns commercial, en dan hebben ze ons nummer gehoord of de website gehoord en zo kunnen ze ons vinden. En kunnen ze alleen bellen? Nee, ze kunnen ook chatten. ook via de website, dus staat dan ergens boven in wil je nu hulp met een bolletje met chatten, dan kan je daar klikken en dan kom je meteen in een chatroom. Ja. Op dat moment is er iemand die dan een beetje. Ja. Dat is het idee. Ja. Dan zijn er vrijwilligers beschikbaar die dan de chats aannemen en ook de telefoontjes. Kommen er veel hulpvragen binnen? Ja, daar komen best wel wat mensen binnen. Ja. Op sommige momenten van de dag is het er drukker dan op andere momenten van de dag. Dan hebben we bijvoorbeeld vooral vooravond, s avonds en s nachts. Overdag is het soms wat rustiger, maar soms kan het daar vooravond ook heel druk zijn. Maar we hebben in ieder geval op elk dagdeel wel ongeveer zeven of acht mensen die echt in de lijnen zitten. Nou ja, zo druk is het dus wel. En zijn het langere gesprekken? De chatgesprekken duren ongeveer een uur. Dat is het streven, maar het kan ook korter. Dat hangt er een beetje vanaf wat de vraag is. De telefoontjes een half uur, maar ook dat kan korter. Stel dat iemand nu in nood verkeert of zichzelf voor iets is aangedaan, is het zaken met kort te houden, zodat iemand één en twee kan bellen. Ja. Kun je een beetje, kun je iets vertellen van met wat voor vragen mensen komen? Ja, dat kan. Dat is echt heel erg uiteenlopend. Dat varieert van meisjes die in slachtoffer zijn geworden van sexting en zich ontzettend schamen omdat die foto de hele school rond is gegaan, tot ouderen mensen die ongelofelijk eenzaam zijn, tot mensen die opgenomen moeten worden of in een opname zitten, of mensen die in een instelling zitten. Kan het ook worden opgenomen worden? Ja kan, kan. Of die wordt aangeraadpleegd om opgenomen te worden omdat het echt niet goed gaat en die daarvan van ellende niet meer weten wat ze wat ze moeten doen en daardoor suicidaal gedacht hebben. Dus dat is echt alle alle leeftijden en alle soorten problemen komen bij ons voorbij. Ja, ja, ja, dat lijkt me ja aangrijpend. En en krijgen jullie ook cultuurspecifieke vragen? Ja. Wat ik daarover kan zeggen, wat ik zelf daarin meemaak, is eerder dat je merkt dat in sommige culturen er anders wordt omgegaan met, bijvoorbeeld praten over emoties, dat dat dat daar een beetje een taboe op ligt, dat mensen dat moeilijk vinden, en dat je daarom ook moeilijk kan praten over jezelf, moordgedachten, als jongerop bijvoorbeeld met je ouders, of als het in bepaalde culturen niet oké is om homoseksueel te zijn, dat je daar niet over kan praten, en dat je daar zo door in knoop zit met jezelf, dat je suïcidaal wordt, en dat je daar dus ook weer niet over kan praten. En wat voor adviezen geven jullie andere mensen? Bijvoorbeeld je noemde net hè, van meisje die op school dan met een seksschandaal te maken, je kan alles gaan gebeuren. Wat vinden jullie de betekenis voor zo iemand? Ja, het hangt er sowieso een beetje van af hoe oud zo iemand ook is. Dus als het gaat om iemand die minderjarig is, dan proberen wij zo snel mogelijk ervoor te zorgen dat iemand er een volwassene bij betrekt. Dat kan een ouder zijn, maar dat kan ook een docent zijn, of een mentor, of een lievelingsstand. Maar ze een beetje vertrouwen. Precies, want als je het hebt over die meisjes die het slachtoffer van seksing, die zijn vaak wat jonger. En dan proberen wij zo snel mogelijk daar iemand anders bij te betrekken. Want wij kunnen het hebben over die zelfmoordgedachten op hem, want we zitten natuurlijk op een afstand, want we zien die mensen niet. Dus we proberen altijd wel zo snel mogelijk aan te sturen op nog wat meer op van buiten af. ja, maar die moeten ze ook zelf benaderen. ja, nou ja, als het om een minderjarig is, probeer je er een volwassen erbij te betrekken die er bijstaat, zodat die samen met dat meisje in dit geval. maar dan hebben jullie contact met de volwassenen. nee, we hebben daar geen contact mee. nee, dat proberen die gewoon door die persoon zelf. ja, ja, dat is de bedoeling. ja, het is belangrijk dat mensen dat zelf doen. en dat is ook omdat wij wij garanderen anonimiteit en vertrouwelijkheid. dus wij weten niet wie jij zijn en we gaan ook niet ondernemen met mensen om de mensen heen. en dat zorgt er juist voor dat mensen wat mij als doe durven te komen met die problemen, omdat het zo anonimie blijft. ja, ja. En zijn er bepaalde leefgebieden die eruitzien waar men het meest kwetsbaar is? Situaties waarin mensen verkeren, bedoel je dan? Ja. Ik denk dat het belangrijkst is toch wel eenzaamheid. Dus als iemand heel erg alleen is, dus zich niet verbonden voelt met anderen. Dat is. Dan zijn mensen heel erg kwetsbaar. Ja. En zijn dat meer ouderen mensen? Want noemde je dat van? Dat kunnen ouderen zijn, maar dat kunnen ook jongeren zijn die gepest worden of die zich die weinige vrienden hebben bijvoorbeeld. Of iedereen kan natuurlijk eenzaam zijn. En zijn het ook dan per seizoen nog? bijvoorbeeld met eenzaamheidsproblemen. Nu gaan we naar de winter toe, hè? Donkere maanden, veel mensen die toch vaker thuis blijven. Is het in die periode meer de eenzaamheid? Ja, daar durf ik niet zo heel veel over te zeggen. Eigenlijk, wat je zelf verwachten, hè, rond periodes zoals Kerstmis bijvoorbeeld, dat het dan ongelofelijk druk is. Maar daar kan je niet zo veel over zeggen. Dat is blijft het hele jaar een beetje hetzelfde. Het is in de lente bijvoorbeeld net zo druk als in de winter. Oké. Geen genoeg. Nee. Je zou denken, het wordt donker, het regent, het weer is somber. Misschien is dat dan. Dat maakt mensen ook somberer. Precies. Ja. Maar in de lijnen zie je daar niet zo veel verschil in. Dus niet zo erg gebonden of zo. En hoe kunnen jullie hun ondersteunen, mensen die met de hulpvragen komen? Nou, in eerste instantie heb je dus de crisislijnen, waar mensen in eerste instantie naartoe bellen of waar ze met vrijwilligers kunnen chatten. Die gesprekken heb je, maar die gesprekken zijn in principe eenmalig. Mocht iemand dan daarna nog meer hulp nodig hebben, dan kan iemand zich aanmelden voor therapie, ook via onze website, en dan kom je met één van de psychologen in contact. Maar dan ook online? Ook online, ja, via de chat, via de telefoon of via de mail. Dat mag iemand zelf kiezen, wat die persoon zelf het fijnst vindt. En dan heb je maximaal acht gesprekken met een vaste psycholoog. waar je dus ook al meer tijd hebt om uit te zoeken wat er nou precies aan de hand is en hoe je kan leren omgaan met jezelf, moordgedachten en alles wat daar onder zit. Lukt het in die acht sessies die jullie hebben met de mensen om iemand weer op een andere gedachte te brengen? Ja, soms wel. Soms heb je er maar vijf nodig. Soms is het zo dat je acht sessies doet en dat je denkt: nou, dat lijkt me verstandig als je ook de gevechtsjes naar de huisarts gaat en je aanmeldt bij een therapeut zodat je wat face-to-face contact hebt. Wel dat verschilt heel erg. Ja, oké. Wat zou jij zeggen tegen degene die moeilijk hebben, maar niet durft te bellen of contact op te nemen met een individueel? Ja, als je het zo moeilijk hebt dat je echt toch aan zelfmoord denkt, zou ik je toch willen vertellen. Ik weet dat het heel erg moeilijk is, maar wij zijn er bij één in drie. Wij weten dat praten over zelfmoord helpt. En je bent anoniem, het is een veilige omgeving, dus we treden niet naar buiten met wat jij vertelt aan ons. Dus ik zou toch zeggen: neem de stap, maar je hoeft het niet alleen te doen. Dank je wel, Maaike. Gedaan. Nou, kijkers, jullie hebben gehoord. Wat je vragen ook is, er is altijd wel iemand die hier staat om een antwoord op te geven. Dus zit je met iets, kun je altijd contact opnemen met één in drie.nl."
kpni-arts.mp3,interviews,Qwen3 ASR 1.7B,37.5,25.513018867924792,100,68.30792452830188,8588.3125,8588.3125,16.5118608721914,"Jij bent KPI-therapeut. Laten we daar eens even beginnen. KPI. Waar staat dat voor? En wat doet een therapeut? Klinische psychoneurowijskunde. Klinische neuro. Klinische psychoneurowijskunde. We zeggen ook wel eens voor een grappige reden: klinische psychoneurosoocioendokyno-neuro. En alle disciplines die je kunt bedenken worden bij elkaar gehaald. Dus het is ook evolutiegeneeskunde. Het gaat over de sociale context waarin mensen leven. Eigenlijk is het idee met je parallel aan de functional medicine uit de Engelse- Amerikaanse literatuur dat we de mensen veel meer als een functionele eenheid moeten zien. en ook functionerend in een groter geheel en dat al de dingen die daarin gebeuren op een gegeven moment bepalen of we gezond blijven, zeker ziek worden. En het lichaam is steeds bezig om te reageren op alle uitdagingen die er op ons afkomen. En dat kan het nieuws zijn, psychoe emotionele factoren, relaties, sociale situatie. Pas net een beetje te lezen over de risicofactoren om ziek te worden als je meer of minder verdient bijvoorbeeld. Los van leefstijl, dat is uitgefilterd, maar als je wat meer verdient, heb je onmiddellijk een verhoogde kans om langer te leven. Dit gaat over getallen uit Amerika. Maar dus om aan te duiden, we halen, we proberen alle factoren die een rol spelen bij het functioneren van de mens bij elkaar te te te te te zoeken of te terapen en van daaruit na te denken over hoe functioneert de mens en wat gaat er mis als we ziek worden. Dus dan, want je zei ook endocrinologie, we hebben het over hormonen, emoties, sociale relaties, het hele spectrum. Het hele psychosociale functioneren, hoe hormonen en hersenen daarop reageren, maar ook hoe daar ook alle invloeden kunnen zijn van voeding en beweging en hoe dat uiteindelijk leidt tot een bepaalde manier van functioneren van het immuunsysteem. in principe om ons te beschermen, maar als we te lang bescherming nodig hebben, dan worden we daar ziek van. Ja. Dus als we te lang moeten zoeken naar een balans, dan kost dat te veel energie en dan moeten we gaan schuiven met die energie en dan kan het wel eens zijn dat het immuunsysteem langer meer energie nodig heeft, waardoor onze hersenen wat minder krijgen en dan worden we moe, om maar simpel te zeggen. Zijn dat ook een beetje? Want ik heb natuurlijk een de grote vraag. Maar ik vind het ook wel leuk om even in te zoomen op dat stukje praktijk. Als ik dat hoor, denk ik, oh, dat moet dan alle huisartsen toch ook weten? Maar is het Hoe ver staat dat daarvan af van wat in de reguliere gezondheidszorg bijvoorbeeld gebeurt? Gelukkig zijn er steeds meer artsen die ook in deze discipline werken. Dus ik geef ook les op verschillende opleidingen en dan zien we steeds meer artsen-specialisten binnenkomen, apothekers, psychologen. Dus ook vanuit de reguliere wereld is er heel veel interesse in deze manier van denken. Het grote probleem is denk ik dat er te praktische dingen zijn. De huisarts in een huisartsenpraktijk heeft tien minuten tijd en ik ben de eerste keer anderhalf uur met iemand aan het praten. Ja, kan je het daarna verder verklaren? Dan kun je misschien zien of iemand een keelontsteking heeft die antibiotica nodig heeft of een keelontsteking die vanzelf overgaat of het een virus is, dat dat soort dingen en de huisarts is dan veel meer een filter geworden van dingen door door laten gaan naar een ziekenhuis of het gaat vanzelf over ook met een pilletje, maar echt de onderliggende oorzaken van problemen boven water halen, dat is heel lastig in die setting. En het tweede probleem is denk ik een wetenschappelijk probleem dat we steeds meer achterkomen dat mensen van chronische klachten krijgen omdat er misschien wel tien dingen tegelijkertijd mislopen. En we zijn heel erg gewend om in de wetenschap één op één te denken, dus je hebt een longontsteking, nou heel interessant want op een gegeven moment kwamen we erachter dat de longontsteking kwam door een bacterie. Mooie wetenschap. Wat dan konden we later ook middelen ontwikkelen om die bacteriën daar te maken. En daarmee hebben we de longontsteking opgelost. Mooi. Maar deze manier van denken wordt bijvoorbeeld ook gebruikt als we kijken naar Alzheimer. Toevallig een project waar ik nu mee bezig ben om te kijken wat we preventief kunnen doen bij Alzheimer. En dan zie je dat er misschien wel veertig dingen mis kunnen gaan die allemaal in een bepaalde verhouding tot elkaar kunnen leiden tot Alzheimer. Maar dan wil je dat gaan onderzoeken en dan zie je dat de behandeling bestaat uit misschien het geven van vitaminen en in ieder geval voeding aanpassen, meer gaan bewegen, zorgen dat de stress opgelost wordt, misschien gifstoffen, de darm heel belangrijk bij allerlei zijn problemen. Het gaan we allemaal tegelijkertijd doen. En dan is er van nu in Amerika een kliniek waar mensen zo behandeld worden en dan gaat het heel goed mee met die mensen. Dus die die relatief scoren die heel goed. Alleen elke onderzoeker zegt ja, maar u doet tien dingen, ik weet nou niet wat er gewerkt heeft. En dat is een manier van denken die nog heel erg in die wetenschap zit, waar we even even doorheen moeten, want we moeten op een andere manier naar het effect van behandelingen kijken. Ja, misschien alles erop wat je hebt, want waarom niet? Ja, en precies. En zij zijn natuurlijk gewend om allemaal losse puzzelstukjes te onderzoeken, terwijl er misschien wel dertig puzzelstukjes zijn die samen het totale plaatje maken. Nou, dan ben ik absoluut de goede plek. Dat wist ik stiekem al wel. Ik vraag me namelijk af, niet of er een verband is, want dat snap ik ook wel, maar of jij me dat kan verhelderen in het beeld waarin stress, maar ook trauma, depressie, verslaving en ADHD aan elkaar gelinkt zijn. Schoot. Ja. De besef. Heb je even? Maar misschien dat ik dat ze dat een klein beetje kunnen ontrafelen, want dat is een bepaald patroon. Dat zijn volgens mij ook symptoom in in de symptoomhoek een beeld wat denk ik vaak. Er zit wat overlap in, wel niet. Alle ADHD-patiënten zijn hetzelfde, hè? Dus mag het? Nee, maar om het beeld zo van, volgens mij is het een bepaald systeem. Maar bij depressie zeker. Ja. Ik wat we begrijpen is dat als je stress is op zich. Heb je die vragen eigenlijk van wat is de invloed van stress en trauma? Ja, en ook als je kijkt naar dat systeem, want goed, ik maak de podcast natuurlijk met name voor mezelf, maar ook voor mensen die. Er zijn zoveel van dit soort gelijke patronen. Ja, ik weet dat ik een stressgevoelig systeem heb. Ik weet dat als als ik niet goed op mijn voeding let, heb ik daar ook last van mentaal. Dus het is een soort van samen kruis. Het is niet dat ik oh, het leeft wel ADHD of verslaving hebben we het eigenlijk nog niet eens bij gezegd, maar verslavingsgevoeligheid, impulsiviteit, dus dat beeld en het is niet oh ik ben verslaafd of ik ben super gestresst of ik heb een burnout, maar dat is het wel. Het zijn een beetje de de restanten van die symptomen wat zo samen klustert. En ik denk dat dat in een soort van stressgevoelig systeem zit of misschien getriggerd is door trauma of door en ook misschien wat trauma in het immuunsysteem. Daar was ik gewoon naar een beetje naar het zoeken van god ben ik op de juiste op de juiste dingen naar de juiste dingen aan het kijken of zie ik misschien wel iets over het hoofd wat hier nog misschien bij zou moeten. U moet eerst realiseren wat stress is. Ja. in de vollest mond wordt stress altijd als iets negatiefs gezien, maar stress is in principe een van onze belangrijkste overlevingsmechanismen. Het is te koud, je lichaamstemperatuur zou te veel dalen, dat word je dan word je ervan bewust, dat is een stressor. Je wordt je bewust en je gaat er trui aan trekken. Dat is een normale reactie op prikkels van buitenaf, op stressoren. Kan ook prikkels van binnenuit zijn. Je energie is op, je moet gaan eten, dus dat is ook een vorm van stress. Maar dat zijn allemaal de normale stressoren. Dus zelfs als er een man met een geweer binnenkomt, moeten we handelen, of je duikt onder de tafel, of je doet ietsje, moet in beweging komen om een probleem op te lossen. Dus elk probleem wat ons uit ons evenwicht zou kunnen brengen. vraagt om een reactie en dat is het spel tussen stressoren, het probleem en de stressreactie van ons lichaam, dus de stressrespons die het moet oplossen. Soort call to action van hallo, daar moet iets gebeuren. Dat is constant en dan zijn we constant op een onbewust niveau, op orgaaniveau en op celniveau mee bezig. Dat dringt niet door, dus dat dat dat dat is eigenlijk niet wat we dan met stress bedoelen. Op het moment dat je daarvan bewust wordt, dan wordt het een stressmoment en dat vraagt op een oplossing. Nou prima, niks mis mee. Kunnen er een aantal dingen gebeuren. Het eerste wat we zien in onze modernere wereld is dat stressoren niet meer de lading hebben die ze voegen gehad, kou, honger, acute gevaar, de stressoren zijn allemaal dingen die langzaam in ons achterhoofd blijven hangen. Van pas het boekje van van Rutger Bregman, dat ik moet nog lezen, maar ik heb het besteld. Van dat het water komt. Ik kan me voorstellen dat sommige mensen die net in Amsterdam hele hoop geld hebben besteed en een nieuw huis, dat die daar enigszins gestresst van raken. Maar je kunt het niet oplossen. Het blijft in je achterhoofd zitten, blijft malen. Dat is een heel simpel voorbeeld in het op heel veel niveaus tegenwoordig stressoren zijn, psychologische emotionele stressoren die te lang aan blijven houden en die ons te lang in een stressstand kunnen houden. En dat snapt het lichaam niet goed. af en toe acute stress aan en uit prima, maar chronische stress gaat gaat een probleem worden. En dus ook stress, hoort je zeggen, die we misschien niet zelf op kunnen lossen, waardoor dat maar blijft maar hangen. Dat is ook het grote probleem. Als ik kijk, als ik geen geld meer heb en ik moet schulden betalen, dan kan ik mijn huis verkopen als een oplossing en dan ga ik klein wonen en dan is het opgelost, weet je? Maar sommige dingen kun je echt niet oplossen. En dus dat maakt dat we in onze moderne wereld andere stressoren hebben, die ook op een wat andere manier in ons lichaam werken, maar ons wel altijd alert houden. Dus er is er is constant wel bepaalde mate van spanning. Soms voel je dat ook in je buik, heb je zo'n dat onrustgevoel, angstgevoel, dat soort mechanismes, een beetje angstig zijn. Dus dat is de moderne moderne wereld. Een ander interessant punt is dat we juist die klassieke stressoren waar we eigenlijk heel goed mee kunnen reageren, vlucht-vecht-reactie, het is niet leuk, maar we kunnen het wel goed. Als het koud is kunnen we thermoreguleren. We gaan trillen, we gaan de schildklier harder laten werken. Je gaat bewegen eventueel of eten. Het is allemaal manieren om weer warm te worden. Hebben we het nog wel eens echt koud? Dus we hebben alle vervelende stressoren uit onze geschiedenis een beetje weggehaald. We leven in een comfortzone. Dus we gebruiken ook ons stresssysteem nooit meer op de klassieke manier en dat lijkt in ieder geval bij een aantal mensen te leiden tot ook een steeds minder goed reageren op al die psycho-emotionele stress. We kunnen dat niet met alles uitzetten. Een beetje mee onderuit of zwakker maakt of zo. Ja, dus wat we wat we wat we wat we zien als je naar onderzoeken kijkt, is dat af en toe een keer gezonde stress het stress systeem aanzet, maar daarna ook helemaal uit. Terwijl die chronische aanhoudende stress ons stress systeem constant een beetje aanlaat. Ja. En dat dat klopt niet. Dat is een een factor die die speelt. En wat we dan vervolgens zien is dat als je een beetje de pech hebt dat je vroeger je leven veel stress hebt of misschien wel stress overneemt van vorige generaties of van je moeder tijdens de tijd dat je in de baarmoeder zit of vlak na de geboorte dat jouw stresssysteem hij gaat anticiperen op het gegeven dat je vroeger je leven veel stress hebt meegemaakt nou als je dat heel simpel vertaalt dan betekent dat veel stress vroeger in het leven oh ik zal straks wel zelfstandig in een gevaarlijke wereld moeten overleven wat gebeurt er dan met je stressgevoeligheid die wordt sterker dus je gaat sterker reageren op al die psycho-emotionele ruis die daar nu in onze omgeving zit dus dat dat maakt dat je sneller in die stressstand schiet dus dat is wat we een early life stress noemen. Dat kan ook echt een traumatische ervaring zijn vroeger uit je uit je leven. Want hoe hoe zodat je ontdekt maar die die early life stress klinkt heel flauw misschien, maar hoe hoe heeft ik hoe heeft ik moet of kan die zijn voordat daar echt iets structureel ook op later leeftijd dat je daar dan last van gaat krijgen? Er is een vragenlijst ontwikkeld, gevalideerde lijst die kun je invullen als persoon of als ik doe met mijn klanten doe ik dat soms. Dan heb je indicatie van nou dit is wel echt een optelsom van een aantal stressoren die de kans duidelijk vergroot dat je een gevoelige stressis zijn. En dat is niet een subjectieve perceptie, maar echt dingen die die je zou kunnen. Ze zijn natuurlijk objectieve gebeurtenissen. waarbij natuurlijk hoe je dat subjectief ervaart wel een rol speelt. Ja, ja. Dus verhuizen is een stressor, niet zo'n hele grote. Geslagen worden als kind, misbruikt of verwaarloosd, dat zijn grotere stressoren. Gepest worden, dat zijn dingen die als het allemaal zo, zo voor je twaalfde of vijftiende gebeurt, een spoor kunnen achterlaten. Dan heb ik stress bingo, denk ik. Ja, kan op je pech. Ja, nou, ja, niet helemaal bingo, maar ja. En uiteraard kunnen nog het latere leven echte hele grote emotionele stressoren, traumatische ervaringen, kunnen ook dat stresssysteem blijvend veranderen, waardoor je steeds gevoeliger wordt voor stressoren. Ja. en in de poging om steeds maar weer dat evenwicht te zoeken, om dat die stress uit te zetten, verliezen we heel veel energie. Proberen eigenlijk steeds weer tot rust te komen, maar dat lukt niet. En dat maakt dat je in een soort energiebalans zit, die waarbij de batterij eigenlijk steeds een neiging heeft om leeg te lopen en er niet meer genoeg tijd is om die aan te vullen, om die weer op te laden. Is het zo dat dat stresssysteem als dat dan sneller of langer en vaker aangaat, dat dat een soort van ergens dat je daar energie weglekt, dat die batterij waar je het over had, dat dat eigenlijk continu dat je eigenlijk nooit helemaal, omdat je nooit helemaal tot rust komt, dat je ook niet optimaal opgeladen bent? En hoe uitziet dat in relatie tot die dingen zoals depressie of spastische dikke darmen die is genoemd maar bijvoorbeeld darmbrekje het heel sterk op stress als je spanners mee gaat maken en examen doen Siri wil zich ook mee vermoeien je luistert mee je wordt constant afgeluisterd en dus die buik speelt heel belangrijke rol bij bij stress en ook de bij langdurige stress verandert ook de darmflora om eigenlijk energie te leveren om die stress vol te houden want dat is ook steeds de uitdaging in een systeem wat steeds in die stressstand staat moet er energie zijn wat je sowieso ziet is dat er energieverschuiving is dus dat energie gaat naar het stresssysteem en niet naar andere systemen dus dat kan je al hoe maken en als je in andere systemen, bijvoorbeeld je spieren, je hersenen, je immuunsysteem, dat zijn allemaal dingen die wat verwaarlost kunnen worden. Herstel van weefsel wanneer herstel je van inspanning als je nog in de stressstand staat of als je ontspannen bent. Dus je gewichten, je pesen moeten herstellen in rust. Belangrijk slaap, dus daar speelt slaap hele belangrijke rol omdat je daar groeihormoon maakt en melatonine speelt er ook een rol. Maar ook gewoon gedurende de dag moet je rustmomenten hebben. Wanneer verteer je je eten goed? Als je aan het rennen bent voor de leeuw of dat je gewoon rustig, veilig in je omgeving zit en je hebt even de rust om te eten, dan haal je ook voldoende energie uit je voedsel. En verte en heb je een slechte spijsvertering, heeft dat meteen weer invloed op hoe je darm functioneert. Want je krijgt onverteerd voedsel in je darm, maar dat gaat rotten en gisten. Dus zo zie je dat al die dingen in elkaar grijpen. En in de stressstand is adrenaline eigenlijk het overheersende hormoon. Als je het simpel zegt, cortisol probeert dat ook steeds weer te compenseren of daar bijdragen te leveren aan de stressreactie. Maar adrenaline is de meest zichtbare ding. Dat zet je hartslag in een wat hogere stand, dus je gaat meer energie in je spieren, je hartslag, je gaat meer zuurstof transporteren, je bloedruk gaat omhoog. Maar als dat te lang duurt, krijg je natuurlijk allemaal klachten van. Je spierspanning gaat omhoog als je wat vlucht, als zeggen. Als je dat zo doet denk ik al. Dat en dan kun je gewoon echt spanningshalspijn van krijgen. Ja. Toen ik als fysiotherapeut werkte, hebben we denk ik een kwart van de patiënten, ja, die had spanningshalspijn. Dus daar ging we weer nek lekker masseren en dan, nee, daar ging het weer een beetje beter als het goed was. Ja. Het is. Dus die die die die stress, die proberen we ze uit te zetten. En dat kost ook energie. En daar gaat bijvoorbeeld serotonine een belangrijke rol spelen. Serotonine is een stofje wat mee kan helpen om de stress wat te te reguleren. Als je veel stress hebt, maak je serotonine op richting het reguleren van de stress en kan het op termijn leiden tot depressie. Het is heel ingewikkeld, want dat wijkt bij iedereen weer een beetje anders. Er zijn veel variaties in, maar dat is een mechanisme bijvoorbeeld. En ik zei depressie, maar als ik het even helemaal op mezelf betrekken, dan kan ik natuurlijk alleen maar even spreken vanuit mijn casus. Is dat dystemie, dus niet zozeer een klinische depressie, maar eigenlijk een algemene verlaagde stemming. Als je dat verhaal hoort, denk ik, klinkt heel logisch dan of zo eigenlijk. Maar als er veel gevaar is, je hebt weinig energie, is dan niet ook een depressieve stand een beetje een bescherming? Ja. Je even terugtrekken van ik moet even weer tijd hebben om te herstellen. Maar als je niet kunt herstellen, omdat er steeds weer nieuwe stressoren bijkomen of ze worden niet opgelost, Dan is dat dus op een gegeven moment jouw staat van van reactie op de situatie. Ja, ja, ja. En dan door de de link met bijvoorbeeld ADHD, want dat lijkt een beetje een soort van vreemde eend in de mix dan, als het gaat over energie, maar toch zit die daar wel in volgens mij. Ja. Ik denk dat je, wat je moet nu managen, wat voor vormen van ADHD je hebt. Je hebt echt ADHD klanten met een afwijking in de hersenen, waar gewoon de de bedrading waarschijnlijk wat wat minder goed is en de en de delen minder goed met elkaar communiceren. Maar je hebt ook je hebt ook mensen die hooggevoelig zijn. Ja. Ik denk dat dat een andere categorie kan zijn. Ja. is dat is altijd overlap in, dat maakt het ingewikkeld. Maar wat je natuurlijk ziet als je in de stressmodus staat, dat in die geval registratie is van er is gevaar, er is iets aan de hand. Wat moet er nog gebeuren met je zintuigen? Ja, die staan op scherp. Op scherp. Dus je ziet alles, je hoort alles. Dus er komt ergens, je hoort ergens iemand voorbij lopen en meteen is je aandacht daar naartoe, is weg van het gesprek wat we voeren als je in die stand staat. Ja. Dus dus het het gevoelig worden voor prikkels heeft ook zeker met stress te maken. Maar dat is logisch. Je weet, wekenberg is daar niet vlakbij. Dus ik ik ik heb op het nieuws gehoord dat de relieuw ontsnapt is en dat hij richting Tilburg is is gegaan. En als ik dan hier naar de supermarkt loop, zou slim zijn om iets alerter te zijn. Als die kans natuurlijk relatief klein. Maar bijvoorbeeld, als je weet dat er gevaar is, dan hoor je alles beter, dan zie je alles sneller. Zelfs heb je het idee dat er iemand achter je staat. Kun je dat gevoel kent, dat je denkt van, wat is er achter me aan de hand? Zo'n hoge gevoeligheid kun je op een gegeven moment krijgen door chronische stress. En misschien ga je ook wel reageren op geuren. Dat je de geur van iemand tegenover je oppikt en dan het gevoel krijgt, wat is er met die persoon aan de hand? Is die misschien angstig? Is hij depressief? Dus mensen kunnen heel veel sfeeren oppikken en dat zou theoretisch alles met geuren te maken kunnen hebben, want onze neus wordt ook veel gevoeliger bij stress. En wat is dan? Want daar had ik eigenlijk nooit zo over nagedacht. Het verschil of de relatie tussen dan echt de klassieke ADHd de bedrading in je hoofd, want daar herkende ik mezelf ook heel niet in. Ik heb ooit wel die diagnose gehad en dacht, ja, als ik dertig denk, ik zal eens een keer, ik zal eens een keer naar een psycholoog gaan en ze even vragen, die hebben we wel kijken. Maar dat en dat hooggevoeligheid, die. misschien was dat ook nog niet helemaal duidelijk zeg maar tien jaar geleden toen ze dat bij mij vastzelden. Wat is daar wat is het grote onderscheid tussen die twee symptomen te zien? Is dat te herkennen vanuit de buitenkant? Ik denk dat je dat kunt herkennen aan de de tests die die die je kunt doen en misschien ook wel de manier waarop je reageert op de medie op de medicatie. Of ik denk al dat alle twee de groepen wel goed kunnen reageren op de medicatie, omdat die vaak je je bepaalde energieveranderingen in je hersenen ter weg brengen, waardoor je meer kunt focussen, dat er meer energie naar die prefrontale cortex vooral gaat, waardoor je de impulsen uit gaat zetten. Ja. Dat dat. Maar Wie is dat? Ik niet. Zeg je die durft te beantwoorden of ik dan dingen door elkaar ga halen en voor de mensen die dan met dat soort klachten zitten, die raken dan in de war. Nee, dat moeten we absoluut niet willen. Dat was ik niet het bedoelen. Dat was even zei's voor. Ja. Want ik herken wel wat zei dat het impulsieve en het gevoelige en zo kan ik hem ook wel aan verslaving linken, want dat is ook manier eigenlijk om te delen met zo'n systeem. Ja. A d a d. Voor niet van de de a d a d medicatie. Ik heb mij heel kort gehouden. De d a m niks. Maar toen had ik al veel te veel feest en had ik heel veel vervelende associaties met het gevoel wat het opriep. Dus ik ik heb dat ook helemaal nooit gedaan. zijn daar nog verbanden te zien of patronen in te herkennen dat dat soort mensen ook eerder last hebben van een verslaving bijvoorbeeld ik heb het al serotonine genoemd als als als belangrijke neurotransmitter ook dopamine speelt een grote rol die vooral uitgeput kan raken door door langdurige stress en dopamine geeft je een beetje een fijn gevoel ja zo van ah ik heb ik heb goed gewerkt ik heb een fijn gesprek gehad en dat geeft je zo'n beloningsgevoel van was goed maar als dat een beetje gaat ontbreken dan kun je dat gaan compenseren met verslavingen een de meeste verslavingen doen iets met het dopaminesysteem en dan pak je je glaasje wijn zappen, dan denk je lekker, of je pak je sigaretje, of je werk, of je werk. Of je kunt heel veel verslavingen hebben. Het is allemaal niet niet niet niet substantie te zijn. Je kunt ook aan aan gokken verslaafd raken. Bijvoorbeeld zelf, een beetje nerotisch verzamelen van van van papier om je heen. Dat is. Maar dat dat dat ik denk dat dat veel verslaving te maken kan hebben met met het met het offline kunnen kunnen gaan. Veel mensen die in die stressstand blijven blijven, die blijven online. Ja. Die telefoons ook een welpeert een beetje aan meedoen is ook vervelend. Dat je altijd maar ja eigenlijk bereikbaar moet zijn, dan moet reageren en zo kom je nooit even tot echt de ruststand. Maar dat dan drugs verslaving daarbij kunnen helpen en natuurlijk bij de glasje alcohol doet dat heel duidelijk even offline gaan ja en nou uit ervaring dat is precies wat drugs voor mij hebben gedaan dus even het numbing eigenlijk gevoel hoe gek het ook klinkt dan ik lang lang leed hoor en best een periode cocaïne gebruikt en dat is met name echt iets om op stap te gaan en sociaal ik was het liefst alleen thuis ook weet je ook zo'n lekkere atypische dan ook maar denk oh maar dat en dan de rest van de week was het gewoon een beetje je bent wat afgestompt en dat was eigenlijk best wel prettig terugkijkend toen hou je natuurlijk totaal niet niet door wat er gebeurde Nu wel. Als natuurlijk de grote vraag: oké, hoe breng je zo'n stressgevoelig systeem? Ik kan natuurlijk naar mijn trauma kijken, naar psychoanalyse. Er zijn natuurlijk heel veel af via voeding. Wat is een beetje een richtlijn om me aan te houden, of is dat echt heel individueel verschillend welke ingang het beste is? Ja, dus de vraag is verhaal van: wat kun jij doen bij mensen die in die stressstand staan en er last van krijgen? Ja, die zo'n stressgevoelig systeem hebben dat ze er last van hebben. Heel algemeen kun je zeggen dat als er meer gevaarssignalen zijn dan dat er veiligheidssignalen zijn, dat het systeem onder druk staat. En dat is heel heel algemeen. Dus alles wat jou voor jou als gevaar wordt ervaren, zet je in de alertheidstand. Maar omgekeerd, als jij met je familie of met vrienden ergens bent, dan kan je ook heel veilig voelen en als je heel vaak die stress uitgaat. Dus het is het is veiligheid, rust ten opzichte van gevaar. En dus je kunt op een gegeven moment aan de ene kant zeggen: ik ga de gevaarssignalen weghalen, of aan de andere kant: ik ga rustsignalen inbouwen. En dan is het lastiger, want de mensen met deze klachten hebben vaak al langer klachten, dus dat systeem staat al lang in die stressstand, dus er is al. Systeem of vast in elkaar. Precies, dus dus dus dus wat je dan ziet is dat de input en dat je kunt dat denk ik best zien als de hypothalamus waar al die informatie binnenkomt. Dat wordt in sommige artikelen ook interessant gezien als een soort de governor of health, dus een soort van van directeur in jou, hè, of CEO in jouw hoofd die het beleid bepaalt. Oké. Alle informatie komt binnen. Gevaarsignalen, veiligheidssignalen en al die informatie samen moet leiden tot een beleid, een overlevingsstrategie. ik zie niemand zitten met zo'n meme logisch is hè en die die dus zolang het de gevaarsignalen overheerzen blijf je in die stand staan dus je kunt aan de gevaarsignalen kun je werken soms is uitleggen hoe dingen werken al een begin van rust vertellen dat het logisch is dat als je wat dingen mee hebt gemaakt vroeg in je leven dat je er later last van hebt dan gaat een lading soms weg soms was reframingen dat dat je het op een andere manier in jouw eigen hoofd in in jouw eigen verhaal inbrengt in de gebeurtenis dus je kunt sommige dingen als constant als negatief blijven zien maar misschien hebben ze je ook wel gevormd en misschien ben jij wel de vrouw geworden die je nu bent, dankzij de ervaringen. En kan dat ook positief zijn. Zo zijn er allerlei manieren om daarmee om te gaan. Wel mooi dat je dat als eerste zegt, want dat is eigenlijk iets wat wat gewoon instantie meteen kan met gewoon pure denkkracht. Ja. Dus uitleggen, een beetje NLP-achtige technieken kun je daarbij gebruiken. Reframing is een term die daarvoor gebruikt wordt. En aan de andere kant kun je veiligheid bieden. Sommige sommige soms raken mensen in een sociaal isolerend. Als je alleen bent, is elke gevaar ook iets wat jij zelf alleen moet oplossen. Dus als je alleen zijn verhoogt de stressstand. Eenzaamheid is een van de meest ziekmakende factoren in onze moderne wereld en dat wordt steeds erger. Oké. Wel tegengesteld, inderdaad, want dat systeem wil zich terugtrekken. Ja, want dat is, hè, dat herken ik ook heel erg. Nu nog steeds, maar het is ook al fijn nu. Maar tegelijkertijd heb je dan ook eenzaamheid wat potentieel op de op de doel ligt. Dus de goede balans daar vinden is is is een belangrijker. Dus je moet niet het gevoel hebben dat je er alleen voor staat, want wij zijn als menselijke soort een beetje zwak, we zijn kwetsbaar. Dus we hebben de groep nodig om te overleven. Ja. Dat is ook in onze, omdat we goed konden, die sociale vaardigheden konden ontwikkelen, hebben we ons waarschijnlijk ook ontwikkeld zoals we nu functioneren. We zijn sociale wezens. We zijn groepswezens. uiteindelijk kan dat soms te veel energie vragen, dus dan heb je een tijdelijke teruggetrekkere flex. Maar dan zie je niet, dan zie je vaak dat dat niet de oplossing is. Maar ergens bijhoren bij een club, bij een vrienden, kan een vriendenclub zijn, kan ook de tennisclub zijn, wat er. Het gevoel hebben dat je er niet alleen voor staat, is een veiligheidssignaal. Maar ook mensen laten voelen. Dat zijn vooral vooral de therapieën die op dat lijf wat doen. Dus haptonomie, massage, soms acupunctuur, wat er. Maar wat is haptonomie eigenlijk? Ik hoor het. Het leren voelen, het leren voelen van waar de spanningen in je lichaam zitten. heel veel stress vertaalt zich naar lichamelijke spanning. Dit. Ja. En deze spanning houdt de stress ook weer aan de gang. Ja, want dit geeft ook een signaal van oh. Dan is het aan de hand. Dan is het aan de hand, want je zit zo. Ja. Je hartslag van stress krijg je een hoog hartslag, maar van een hoog hartslag krijg je een stress prikkel. Ja. En wat we zien is dat dat meestal praten over een trauma, maar een klein deel van het probleem oplost. Dan vanaf hoe je met iemand praat. Dan bijvoorbeeld leren ervaren dat dat lijf ook tot rust kan komen. Ook een manier is om het systeem langzaam aan in een blijvende ruststand te krijgen. Ja. Dus de grote trauma onderzoeken we ze op dit moment. Heb ik je? term mensen dat kennen maar de nerves vages en die hebben verschillende takken en een van die takken die registreert veiligheid en die registreert ook ontspanning in je lijf de nerves vages is dat die die helemaal van boven vanuit op je achterhoofd komt en dan komt hij naar buiten nee die gaat die gaat nee die gaat naar je spijsvertering toe dat is vooral hè dus ademhaling en spijsvertering dat zijn de belangrijkste functies maar dat is ook het systeem wat aangaat als we tot rust komen en door dat te ervaren en dus in de ruststand te komen zie je dat langzaam aan dat systeem zegt oké maar dus Het kan veilig zijn, dus je hoeft niet altijd aan. Als je dat maar op een of andere manier kunt trainen en vaak toe kunt passen, dan ontstaat er een nieuwe balans. Maar het lastig is dat dat wel wat tijd nodig heeft. Dus wat mindfulness bijvoorbeeld kan doen, allerlei yoga, meditatievormen. Die hebt neurofeedback en ook hartslagfeedback en hartmat, waarbij de hartfrequentie wordt geregistreerd en dat kun je gewoon op je iPhone of op je computer terugzien. En met dat systeem kun je dan trainen en langzaam leren om in een ontspannender toestand te komen en ook te voelen hoe dat voelt en dat dan ook vaak op te zoeken. Ja, interessant. Ik moet ook meteen aan Jan Bommeray denken. Ik weet niet of dat in naam ja wat zegt. veel van vlog geschreven, ja. En die gaf ook, ik heb ook workshop gevolgd, gewoon het ook het nerverzwagerschap en loslaten. En hij is nu een boek aan het schrijven over trauma. Dus dat zit volgens mij ook heel erg in deze super interessant, heel actueel, nodig, fijn. Ja precies, ja, ja, ja. Die nerverzwagers kan je daar misschien een, want dat is misschien wel een interessant knooppunt dan daar. Wat is dat precies? Het is een van de hersenzenuw. Ja. En die nerverzwagers wordt gezien als de de de rustkant van het autonome zenuwstelsel. Autonoom zenuwstelsel is een ding wat helemaal voor zich, hè? Voor zichzelf werkt, dus dat werkt zelfstandig. Dat is mijn ademhaling, hartslag, dat soort dingen. Ja. En dan heb je de adrenalinekant en de bijnae stresskant die reageert op gevaar en die nervus vagus gaat aan als het gevaar weg is en dan ga je je spijsvertering komt op gang die gaat rustiger en die bij ademhalen dus eigenlijk in de in de yin yang van de van de stressreactie is dit de yin en de adrenaline is de yangkant tot rust komen en omdat de meeste stress in onze westerse wereld van gedachten zijn wat zal er morgen aan wat niet fout gaat niet wat nu aan de hand is wat wat kan er morgen gebeuren zijn meditatie technieken waarbij je je gedachten uitzet en je ademhaling reguleert dat zijn technieken waarmee de nervus vagus aangaat En dan kom je in een ontspannen stand. Gaat je hartslag naar beneden, je bloeddruk gaat naar beneden, je immuunsysteem mag weer aan het werk. Dus al die dingen die gaan beter functioneren. En zo een die heartbeat. Want ik heb toevallig in zo'n workshop bij Jan Bomre dat geoefend. En ook had die, deed die ene iemand voor de groep dat dan doen met inderdaad dat metersje. Ja, ik denk ja, wat is dat nou? Maar dan zie je dat is van heel erg staccato. Want het was een een uitslag, een grafiekje die je. Ja. Ik weet niet wat wat het dan precies wat is dat meten met toen we die meditatie doen. En dan zag je dat dat in plaats van een heel chaotisch streepje werd het een heel mooi vloeiende lijn. Mooi, mooie, mooie sinusvloeiende lijn. Wat wat de nervus vagus ook doet is de hartslag remmen. Oké. Dus er is een er is een rem op de hartslag. En als je ontspanner bent en je ademt rustig, dan gaat de hartslag met de inademing omhoog en met de uitademing naar beneden. Ja. Maar naar beneden doet hij alleen maar als een hersvagus actief is. Anders blijft hij wat hoger. Dus dan zakt je niet goed weg. Dat kun je vrij makkelijk meten met een sensor op je oor of op je vinger. Het wordt even omgerekend in een algoritme en dan krijg je daar een kleur of een beeld. Of voor kinderen kun je ballonnetjes laten vliegen en dus als je ontspanner bent, dan zie je alle ballonnetjes omhoog gaan. Oh echt? Ik wilde kinderballons. Ja, die zitten een standaardopper als je hem aanschaft. Dus wat hij eigenlijk doet, dat apparaatje registreert of die hartslag mooi meegaat met je ademhaling. En als dat zo is, dan ben je coherente, hè. En als dat niet zo is, dan betekent dat dat je nog misschien wel rustig lichte ademen, maar ondertussen lichte bedenken wat je morgen allemaal moet gaan doen. Dus en als je dat als je dat gaat doen, dus leuk om mee te experimenteren, dan merk je van ook zelf, hè, als ik dat zelf doe, dat ze gouden gedachten weggaan, schiet die weer in het blauw of in het rood. En dan moet ik even terug, gedachten uit, en dan komt die weer terug. Ja, ja, ja. Dus dat is een eigenlijk een feedbacksysteem dat als je dat mee conditioneert. Ja, en en wat ook een beetje controleert of je ook echt in een ontspannen stand komt. Soms komen mensen zeggen, ja, ik kan heel goed ontspannen, hè. En ik mediteer elke dag een uur. Maar elke dag een uur een pieker eigenlijk. Dat zou kunnen, ja, ja, bewijzen spreken. Oh, daar ga ik eens even. Dit zo hoort denk ik. Genoeg motivatie om het weer even op te zoeken en misschien wat toe te gaan passen. Ja. En die ervaring van rust en dat rust voelen in je lijf, dat is weer een begin van herstellen van een nieuwe balans. Ja. Ja. Hoe? Want ja, ik kom een beetje uit de voedingshoek, de vitaliteitshoek en er wordt heel erg, oh, eten mag gewoon gezond en he, miraculeuze wijze, word je helemaal weer topfit. Zijn daar nog specifieke over dingen over te zeggen over de relatie met voeding en stress en je immuunsysteem? Die, ja, het is, ik wil niet de afge. paden, de afgelopen paden nog maar nog een keer opnieuw bewandelen, maar misschien zijn er wat nieuwe inzichten of wat speerpunten die die relevant zijn. Wat een ding wat interessant is is dat dat na verloop van tijd, de als je zo langere tijd onder stress staat, dat ook de hersenen anders gaan functioneren en dat je ook echt anatomische veranderingen ziet in de hersenen. En van de belangrijke gebieden is de prefrontale cortex, waarmee we complexe dingen doen en die ook onze impulsen remt. Dus als je, ja, wat je Angst ergens van hebt, dan kan je met die prefrontale cortex dat nog een beetje remmen en dan voorzichtig, ja, wat valt er mee, weet je? Dus dat dat dempt een beetje die emoties. En dan dan heb je de amygdala, de amandelkern waar woede, angst, agressie zit, negativiteit, negatief op jezelf gerichte emoties zitten daar heel sterk. En je hebt de hippocampus waar je geheugen zit. Dat zijn drie gebieden die last hebben van stress. De prefrontale cortex verliest verbindingen met andere delen van de hersenen, dus we kunnen minder goed complexe dingen doen. Als je echt een oude hebt gehad, dan dan dan weet je weet nog wel hoe die computer werkt, maar eigenlijk het het vertalen naar een handeling wordt dan heel moeilijk. En dus die functie verdwijnt wat. Amiciela gaat overheersen, dus je wordt kiert een steeds korter rondje. Ja. En alles wat er gezegd wordt ga je op jezelf betrekken, want er is gevaar, dus ik moet mezelf beschermen. En het is heel vervelend. Die hippocampus die die haalt de het geheugen een beetje onderuit. En hippocampus produceert ook nog stofjes, een beetje op op valium lijkenende stofjes die de stress ook helpen uitzetten. Dus je komt in een stand te staan waarbij de rem op emotie weg is, emotie wordt steeds sterker, mijn geheugen wordt steeds slechter, ik kan ook steeds minder goed functioneren en de hippocampus met zijn met zijn valium kan hem niet meer helpen om tot rust te komen. Dat noem je een soort wind-up reactie. daaruitkomen is lastig. Wat we nu bijvoorbeeld zien met voeding is dat de hersenen natuurlijk hebben energie nodig en om dingen te veranderen, om nieuwe verbindingen te maken, kost het ook heel veel energie. Dus we moeten dus voorzorgen dat er veel energie naar die hersenen gaat. En dan is het paradox dat koolhydraten en suikers kort een klein beetje energie aan de hersenen geven, waardoor we ons wel goed voelen, maar op lange termijn eigenlijk de energiebalans in die hersenen verstoren. En ook elke keer als we eten kost dat energie aan de hersenen. Dus als we soms merken dat we ook na het eten moe zijn, dan is er energie in die spijsvertering nodig, gaat dat kosten van de hersenen. is wat zien we nu met herstel van hersenen na stress, maar ook na trauma of misschien ook zelfs wel bij mijn neurodegeneratieve ziektebeelden. Dat veel koolhydraten eten, veel veel suikers eten stoort. Dat vaak eten stoort. En dat is misschien het regime wat nu populair is, dat intermeten fasten voor dit soort dingen heel goed kan werken. En dat zie je wel echt dat het heel veel energie kan opleveren. En dan is er meer energie beschikbaar voor de hersenen. Die hersenen worden ook eigenlijk een beetje getriggerd om weer energie op te eisen. Als er echt te weinig energie is, worden die hersenen gewoon even gestrest. Maar dat is een gezonde stress en daardoor gaan ze meer energie vragen. Nadat die koude douche even. En dan zie je dat dat dat die energiebalans weer weer kan herstellen en die hersenen weer kunnen veranderen. En dan komt komt het geheugen gewoon weer terug. Die hippocampus kan ook weer groeien. Niet alle delen van de hersenen kunnen makkelijk groeien, maar deze delen prima. En maar maar later net zo, we zijn nu veertig, we niet later, maar ook ook zeg maar in deze fases. Heel veel vrouwen in de overgang die verliezen een groot deel van de hippocampus. Gewoon hormonaal ook, maar dat herstelt zich weer. Niet niet altijd honderd procent, maar ook daarin zien we als we dan als je dan maar gaat vasten, is af en toe een keer een keer een keer glucosestress voor voor die hersenen regenereren dat er te weinig energie is. Dat dan die systemen weer veel beter gaan functioneren en dan komt het weer terug. maar dan moet er wel een noodzaak voor zijn. Hersenen moeten wel het gevoel hebben, ja, ik moet weer, vooral veranderen, omdat er een noodzaak voor is. En om fit te worden, hersenen fit maken, hersenen weer herstellen kost energie. Waarom zou je dat doen als het niet nodig is? Dus je moet een soort van druk op dat systeem leggen van, oké, er is nu honger, ik moet in beweging komen, ik moet helder worden, ik moet de juiste beslissing nemen. En dan zie je dat de hongerstress eigenlijk leidt tot een reparatieprogramma in de hersenen, waardoor oude cellen verdwijnen, er weer nieuwe stamcellen uitgaan groeien, er weer nieuwe verbindingen gemaakt worden. Dan als je dat doet met combineren met bewegen, nuchter bewegen, is die prikkel nog veel sterker. en dat is iets wat op dit moment heel veel onderzocht wordt en waar hele goeie resultaten gezien worden. Ja, ook als ik gewoon meer een beetje puur filosofisch nadenk gewoon wij mensen hier nu. Je moest ook eerst in beweging komen voordat je eten kon maken en waarschijnlijk had je pas ergens op het eind van de dag als alles gedaan was iedereen weer terug bij het kamp. Ja. En dan had je je grote maaltijd en dan was je ook veilig want het was iedereen terug bij het kampvuur. Dus het voelt voor mij heel logisch nu om gewoon ja pas later op de dag te eten en pas echt s avers mijn grote maaltijd te doen. Helemaal tegengesteld. Dan weet je wel eens geleerd oh drie keer per dag en vast zat dus s avers niet te zwaar. En zes keer per dag weet je dat hè, dus zelfs hè. Dus en daar zitten de gedachten achter. Was wel logisch. met de energie we toen hadden. Ja. Maar denk toch dat het een beetje anders ligt en dat dat het helemaal niet zo erg is om af en toe een keer hongersstress te hebben. Ja. En niet te hele. Je moet niet te weinig eten over een bepaalde periode, maar je moet misschien feesten en vaste afwisselen. In het weekend gewoon een keer biertje drinken en een keer pizza eten en door de week weer een paar keer vaste. Ja. Hoe lang dat vaste is dat meest standaard is natuurlijk. Je ontbijt overslaan is heel gemakkelijk. Soms zeggen ze wat langer. Waar ik nog niet helemaal, want ik heb ook wel meer mensen over gesproken, is het verschil tussen mannen en vrouwen. Dat vond ik toen in de literatuur heel weinig over terug. Van mogen vrouwen ook gewoon vaste en kunnen die ook langer vasten of is ons systeem daar toch misschien wat minder goed voor? Of misschien is dat wel een detail die draaien helemaal niet. Nou, een beetje, want je heel veel vrouwen gaan vast om af te vallen en dat werkt bij vrouwen veel minder snel. Dus die frustratie komt dan van, want je, ja, ik ben al, ik ben al maandlang, twee keer in de week eet ik maar één keer op een dag en ik ben nog maar een paar ons afgevallen. Nou, dat heeft te maken met hormonen en met balanceren spieren en. Dus als je meer stress toevoegen, is dat wat je doel is. Maar als je kijkt naar fit worden en die hersenen beter laten functioneren, dus dat mist uit je hoofd gaat, dat soort dingen, dat gaat bij vrouwen ook goed. Dus dat, daar zie je niet zo groot verschil in. en de vraag van hoe lang je dan moet vasten, dus er zijn verschillende regimes en afhankelijk van wat je doel is, zie je soms wat langer moeten vasten en soms is 16 uur al prima. voor insulinegevoeligheid lijkt 16 uur prima te zijn. dus om wat diabetes te voorkomen of misschien zelfs te behandelen. maar om echt in de autovagie stand te komen, ik heb die term niet gezegd, dan is misschien 24 uur al beter en dan moet je toch echt even wat honger hebben. een autovagie is het zelfregulierend systeem aanzetten toch? dus de cel die zichzelf gaat opruimen. Dat is autophagie toch? Ja. Dus om moment dat dat wat versleten onderdelen van een cel of cellen die niet meer goed functioneren vervangen worden, waardoor er ruimte komt voor nieuwe cellen. Ja. En dan maar dat die worden getriggerd door het hebben van honger. Ja. Dan gaan ze opruimen en vernieuwen. Precies. Dus honger, honger prikkel en omgekeerd als er voldoende energie is, dan wordt dat geblokkeerd. Dus insuline als hormoon blokkeert autophagie en mtor, ander stofje wat ook aangaat als je gaat eten, dat remt die autophagie. Dus je moet een afwisseling hebben tussen honger en lekker eten. Ja. Honger, lekker eten. Ja. Ik ook een vraag die ik nog wel eens kreeg ook komen bij ons in de training ook vaak mensen die stress of burnout hebben gehad en ze weten dat ik heel fanatiek heb getraind en ook persoon trainen met geweest ze zeggen van ja moet ik naar sporten of niet want sporten is toch ook stress net als vaste is ook stress maar ik wil juist mijn systeem tot rust brengen maar gaan die twee dan wel in welke is is het relevant dat je daar zorgen over maakt ik heb dat zelf ook ik heb een druk misschien moet ik niet nog meer druk toe gaan voegen nu door een zware training te doen ik denk dat wat ik in begin al ik al even aangaf is dat er stressoren zijn die in de basis normaal zijn en die in staat ons in staat stellen om stress te beleven maar daarna ook helemaal uit te gaan Dus het is iets wat bij stress belangrijk lijkt te zijn, maar ook bij het immuunsysteem. Dat het immuunsysteem moet aan en weer uit. Het stresssysteem moet aan en weer uit. En we kunnen prima omgaan met losse stressoren die maar op één systeem iets van ons vragen. Dus er komt een leeuw binnen en ik moet vluchten en vechten. Dat is gewoon één geïntegreerd systeem. Dat zit gewoon vanuit de evolutie gewoon ingebakken in hoe we dat moeten oplossen. En als je dat goed doet, heb je mazzel. Dan ben je op tijd weg en een andere keer heeft die leeuw een keer geluk. Weet je, dat is het leven, weet je. Zoals in de natuur zich plaats, zich afspeelt. Kou, honger. zuurstoftekort door inspanning, dorst, we kunnen er meer verzinnen, hitte, allemaal natuurlijke stressoren waar we ook een programma voor hebben. Voor honger heb ik een programma. Ik kan namelijk zelf suiker maken, want ik heb een lever en die maakt suiker. Dat is onze suikerfabriek. Dus honger is helemaal geen probleem als het eventjes afspeld. Lichamelijke inspanning, eventjes heel moe worden, ook zuurstoftekort krijgen, is een hele goede stressor. En daarna ben je eventjes weer uit en dan bouw je weer opnieuw op. Dus ik denk dat bewegen, mits je dat niet te dwangmatig doet en te hard treint en je niet al heel erg uitgeput bent, eigenlijk heel goed is. als je uitgeput bent moet je training op gaan op gaan bouwen en daar een apart regime voor maar dat is als je als je helemaal geen geen geen standaard persoon niet zo een issue zijn ja niet uitgeteld en wat natuurlijk wel slecht is en dat is een beetje een risico wat je loopt als je druk hebt is dat je de hele week niks doet en ik heb een straat een paar fanatieke mountain bikers dus ik heb ook een mountain bike gekocht als ik dan maar één keer in de week met die lui meega en die die die dan fiets ik 100 kilometer dat is slecht oké want dat is dan te groot te veel dat is gewoon is gewoon een een belasting voor het hart terwijl dan doe ik weer zes dagen niks dus je moet eigenlijk regelmatig in beweging zijn regelmatig inspanning leveren en een paar keer echt moe worden dat zou de ideale bewegingsregie zijn is er nog iets bekend over zeg maar kan dat al in twintig minuten of is dat is het gewoon is jezelf afmaten waarschijnlijk ben je dan al twintig minuten bezig dus het is maar helemaal wat voor trainingsdoel je hebt dus spieropbouw kan heel kort en ook zelfs conditie kan op zich kort maar als je autovagie wil ja autovagie en dat systeem gewoon zoveel mogelijk weer dan wil je dat dus dus ik eet nooit als ik ga fietsen en dan ben ik anderhalf twee uur dan vind ik wel genoeg hè dus dan hoef ik niet te eten heb ik wel altijd ergens een moment waarop ik denk van nou er zit pap in mijn benen maar daar kom je vrij snel doorheen en dat daarvan hoop ik dat is mijn mijn mijn mijn mijn doel dan om dan de insuline laag te houden tijdens het fietsen die gegeten heb en die autovagie wat extra te stimuleren maar dus het hangt ook een beetje van je doel af van hoe die beweging in indeelt oh interessant hoe vaak vast jij bijvoorbeeld of hoe vaak zou je zo'n vierentwintig uur vast kunnen of mogen doen twee keer in de week is ondersoort en dat lijkt dat dat lijkt goed te gaan als ik les geef dan vast ik in principe dus dan En dat is, ik geloof ik, 90 lesdagen heb heb dit jaar, dus in ieder geval 90 dagen. En verder eet ontbijt ik bijna nooit meer. Ja. Dus ik eet meestal om een of twee uur voor het eerst. Ja. En ik heb eigenlijk een beetje hetzelfde patroon. Alleen dat dat dat structuur of vierentwintig vast is iets wat ik al heel lang wel me van bewust ben, maar nog niet echt dat werkelijk heb geïmplementeerd in mijn in mijn gewoonten. Ja. Maar ik hoor dat dat misschien toch eigenlijk best wel. Als je zo'n experimenteert, is het waarschijnlijk. Vandaagje, het is nu lunchtijd zo een beetje. Van je zat toch te bedenken, ik ga gewoon door tot vanavond en ik eet pas om zes uur of om vijf uur. Ja. Dat is op zich niet zo ingewikkeld. Nee, precies. Moet dat misschien ook niet groter maken dan dat het dan dat het is Er zit soms een soort barrière en ook een beetje een emotionele barrière van honger is vervelend en is natuurlijk ook op zich een iets wat we vanuit onze evolutie misschien hebben geleerd om als er voedsel is dan maar te eten. Want de vraag is maar of er de komende week nog eten is. Dus dat lijkt een soort instinct te hebben als er eten is krijgen we honger. Vooral als je eigenlijk die veiligheid nooit hebt, dan is het onbewust ook al weer een systeem van oh nou ja doe maar nu want het is er nu. Ja en voeding doet nog wat andere dingen op emotioneel vlak ook mee met de neurotransmitters, dus serotonine wordt wat hoger zeker als je wat koolhydraten eet. Dus geeft even een prettig gevoel. Dat kan ook een onderdeel zijn van het lastig vinden om het eten los te laten op een dag. En ik hoor die al zeggen, suikers, koolhydraten. Vooral geraffineerde koolhydraten moet je eigenlijk zeggen. Ja, en is het dan zo, want je dat ik vind dat feesten vaste dat die dat concept ook waar. Dus het ook de die jing en yang natuurlijk natuurlijk in. Zijn er op dagen dat je niet aan het feesten bent, maar dat je gewoon is het meer dat je meer richt op vetten en eiwitten dan? Of heb je dan niet een een richtlijn die je dan wil volgen? Ik probeer het een beetje op het gevoel te doen en. opnieuw wel wel redelijk in mijn eiwitvoorziening te zitten. Ik wel dat dat belangrijk is en dat het planten eiwit te halen is wel een probleem omdat we dan heel gauw heel hoog in de caloriedraten uitkomen. Dus dat is wel een lastige. Dus ik probeer veel vis te eten, kip, we eten ook gewoon wel eens rundvlees en varkensvlees. Ik ben niet meer zo streng als een aantal jaren geleden echt echt in het paleo. De tijd mijn mijn mijn masterhouders onderzoek mee gedaan naar het paleo dieet. En ik denk dat daar wat flexibel mee omgaan in ieder geval makkelijker is. Dat dat dat dat is voor mij altijd maar weer nadenken over wat ik moet eten. Eet ik liever een keer in de dag niet? Dat geeft me zelf iets meer vrijheid om dan ook eens een keertje meten kunnen gaan in de flow. Ik denk dat wij twee, drie keer echt palio, max en verder houden we wat rekening mee. Ja. Dus. Ik had laatst zitten googelen hoe het slaafisch dieet wat dat was in de epigenetica is ook weer interessant. En denk, goh, wij zijn natuurlijk in op een bepaalde leefomstandigheden is dit systeem ontwikkeld. Dat is ook aan mij overgedragen. Wat aten die eigenlijk? En als je dat dan leest, denk ik, ja, ik zou hem er kip lekker bij voelen. Dus hebben we het over wilde champignons en stews, stoofpotten en vlees. Eigenlijk alles wat je makkelijk kon maken, verzamelen, een beetje knollen, maar ook niet, maar meer paddenstoelen en noten en dat soort dingen. En af en toe vlees. dacht ik brood en soep denk ik ja eigenlijk denk ik nou daar zou ik helemaal geen moeite dat dat voelt heel ja een paar doedig maar als je gaat als je gaat kijken naar naar naar de mensheid in de wereld dan zien we dat we ons op heel veel verschillende plekken hebben kunnen vestigen dat we hebben kunnen overleven op eilanden waarbij dan alleen maar kokosnoot groeien dat Eskimos die eten alleen maar vet van zeehonden en wat gedroogd vlees in de winter dat dat we daar allemaal kunnen overleven maar als je als je zou weten dat je echt een lineetje hebt uit uit wat ik dat je een Eskimo afstamming bent dan dan heb ik waarschijnlijk wat idee dat epigenetica mijn systeem wel blijft als hij van een bepaalde samenstelling van mijn voeding dus ook hun hè dat is interessant om om dat om dat uit te zoeken In ieder geval wel zien is dat dat groepen zoals Eskimo's maar ook de Pima-Indiërnen in Mexico die relatief kort in de moderne samenleving terecht zijn gekomen dat die veel meer last hebben van het westerse dieet dan wij. We hebben originele soorten eten. Dus als de om als de om als de omslag te snel gaat dan kost dat meer moeite. Ja. Faszinerend. En en wat wat wat ik steeds meer denk is dat dat niet dus de de voedingen dus het wordt wordt wordt wel heel erg ingewikkeld gemaakt op heel veel manieren iedereen heel veel stromingen iedereen heeft er zijn eigen ideeën over maar dat dat wat je eet uiteraard een rol speelt maar niet het weglaten van potentiële slechte dingen het belangrijkste is, maar het binnenkrijgen van voldoende voedingsstoffen, vitaminen, zonder dat je dat nou echt hoeft te overdrijven. En dat nu als je kijkt naar naar de naar het verhaal over dat fasten, dat misschien het altijd maar beschikbaar zijn van voedsel en altijd maar kunnen eten leidt tot een hele hoge eetfrequentie en dat dat misschien veel slechter is dan wat we eten. Dat in ieder geval ook een hele belangrijke factor daarin zit. En ik met Paleo diet. Tot mijn 45 was heb ik ook gewoon geleefd met tien kilo's waardiger. Als nu weet je, hij ging gewoon mee met met wat er wat er speelde. Toen ben ik die pijnis studie gaan doen en toen kwam er ineens Paleo diet om de hoek. Was ik interessant? Heeft het nog vijf jaar geduurd voordat ik dat zelf verkeer ging doen? Toen voel ik me wel goed. Ik was wat afgevallen, maar uiteindelijk na drie maanden hield je dat toch niet helemaal goed vol. Dus toen kwam er ook sociaal wat wat ingewikkelder. Maar nu sinds die twee jaar dat ik dat met een fasting onder de knie heb, dat ik vertrouwen heb dat ik gewoon een dag kan blijven functioneren als ik niet eet, gaat het stuk beter. Ben ik veel stabiler en ook een paar vage klachten over het gewicht, ik ben zestig, dus op een gegeven moment een beetje wat wat wat wat gewichtklachtjes te krijgen en zo, en dat toch allemaal vrij snel weg, dus dat dat is goed onder controle. Let je dan specifiek nog bijvoorbeeld genoeg visolie of vetten of ja, als ik hoor de laatste een heel interessante interview over het carnivore diet met een man die dat zijn dochter via zijn dochter dat de auto-immuunziekte uiteindelijk uitgekomen met ik kan alleen nog maar vlees eten hele interessante discussies ook daar rondom heb jij daar een mening over ja nou mening vast wel maar wat we zien is dat heel veel planten stoffen in zich dragen die ons wat kunnen ons wat kunnen storen dus de pulvruchten de granen maar ook alle zoogdierenproducten kunnen dat doen dus er zit een beetje een ingewikkelde geestje maar kan best zijn dat dat dat meer mensen zijn die last hebben van allerlei plantenstoffen, lectines, saponines, dat dat die triggeren ons immuunsysteem. Dus zeker bij auto-immuunziekte kan dat heel interessant zijn. En ik heb ook wel een paar klanten hier gehad. Die zijn overgestapt op zo'n op zo'n honderd procent dierlijke voeding en gaat hartstikke goed darmen. Soms met darmklachten als ze alleen maar vlees eten, nergens last van hebben. Die planten geven onmiddellijk reacties. Maar de vraag is, zijn dat nu uitzondering of zijn dat mensen die om wat verreden ook een verstoring in hun spijsverteringssysteem hebben en zo uit balans zijn dat ze echt maar op te heftig reageren op die planten en Wat gebeurt er op lange termijn, natuurlijk, als je alleen maar vlees eet en helemaal geen vezels eet? Dat is wel wel een beetje tricky voor onze darmen. Dus daar, dus wat ik bij een van die mensen doe, van ik zeg, oké, die plantelektiens die zijn, die storen bij jou, dus als je gauw iets van spinazie gaat eten of wat dan ook, kan je meteen last. Maar vezels die al wat voorverteerd zijn, dus inuline en fos, dat zijn de prebiotica's. Die ga ik wel aan die mensen geven, want om die darm wat op gang te houden. Eigenlijk als ik het, als ik het, of denk, we weten er nog niet genoeg van om te zien wat er op lange termijn moet. Ja. Selle problemen met vegetariërs zijn. Ja. Wat doet dat op termijn? Heel veel mensen voelen zich als ze daarmee beginnen ook al lekker, weet je, even. Dan verandert wat in je systeem en misschien heb je wat, ga je wat anders ontgiften of krijg je op andere manier energie. Maar na vier jaar, als je te weinig, ja, maar als je als je te weinig eiwitten eet, wat wat doet dat met de voorraad van eiwit? En op een gegeven moment zie je dat als je dat dan niet heel goed manage, dat vegetarisch eten, zeker veganistisch eten, dat kan storen. Wat ga je dan eten? Heel veel soja. Dat is niet voor iedereen even goed te vertieren. Heel. Dat remt dus geel, dat remt dus geelkleur. Daar zitten gewoon wat storinge stoffen in. Veel benieuwd hoe dat zich gaat uiten straks. in in de gezondheidszorg dat nu vegan stuk super groot en hip en belangrijk en duurzaamheid ja ja en en dat zijn ook vaak stukken die die die belangrijk zijn maar ja ik ik zie de partijen wat is van die meiden van de jaren vijfentwintig binnenkomen die zijn al op een zeven zeventiende om emotionele redenen gestopt met het eten van vlees allemaal prima maar die leven dan op boterhammen met pindakaas en een haagenslag want dat is dan een beetje die zijn niet in staat om dan heel goed hun dieet aan te passen en dan krijg je heel snel problemen ja en wat het op lange termijn doet ik denk dat de mensen zullen zijn die het prima doen op een vegetarisch dieet maar of dat nou echt bij ons hoort, dat denk ik niet als we naar onze spijsvertering kijken, naar onze, naar onze bouw kijken. Het is zo'n fascinerende puzzel dit, zo'n web. Maar ik denk dat het niet zo heel erg ingewikkeld is om voldoende voeding voor mensen te maken. Er zijn een paar insecteboeren die zeggen ja, wij kunnen zoveel eiwit produceren dat het eigenlijk helemaal geen probleem meer is. Ik hoor het verhaal van iemand die slakken, slakentelen, slakken zitten gewoon 90 procent eiwit en dat kun je heel effectief telen. Je moet toch veel meer slakken gaan eten. Oh, die had ik nog niet. Maar past in mijn rijtje met paddenstoelen en noten, slakken en insecten. We zitten een beetje lekker, een beetje lekker klaarmaken. Is de prima te eten. Ja, ja, oh leuk. Is er een thema nu of je denkt dat dat dat dat moeten we echt meer mensen gaan bekijken of onderzoeken of zich mee bezig houden? Nou, wat voor mij nu belangrijkste thema is waar ik steeds tegen aanloop, is de de het gegeven dat chronische ziektebeelden door verschillende factoren beïnvloed worden en dat we ook meer dingen tegelijkertijd moeten doen om mensen uit dat patroon te halen. Er zijn twee mooie voorbeelden van een van Terry Walsh, een Amerikaanse neuroloog, kreeg zelf MS, is alles gaan uitzoeken wat er te vinden was. Hij heeft een heel systeem Eerst voor haarzelf bedacht, dat werkt voor haar. Is heeft nu een kliniek waar ze mensen behandelt en die doet gewoon alles wat voor jou nodig is. Dus we kijken naar wat jij komt, met een klacht binnen. Dan gaan we kijken: heb je last van stress? Oké, moeten we behandelen? Heb je voldoende vitamine B12? Sorry, moeten we behandelen? Doe je daar met goed? Nee, moeten we behandelen? En als je dan al die zwakke plekken behandelt, dan zie je op een gegeven moment dat er een moment komt waarop dat immuunsysteem tot rust komt en dan ben je eigenlijk van je probleem af. Ja. Met met met met als een muzikus soms ook met met triggers die moet je dan blijvend weghalen. Maar dat is zo. Als je daar dan een beetje daar rekening mee blijft houden, dan zie je dat je dus ook door dat soort ziektebeelden heen kunt komen waarvan we eigenlijk allemaal denken in de reguliere wereld in ieder geval ja dat is niet te behandelen Alzheimer opzij de cellen als je dus een Alzheimer-wetenschapper die al dertig jaar zoekt naar een medicijn die zegt eigenlijk we vinden het niet omdat we Alzheimer want we nu zien dat Alzheimer een probleem is van misschien wel veertig dingen die bij elkaar komen hij vergelijkt dat zelf met een dak met 36 lekkages en als je dan twee twee dakpannen recht ligt recht legt blijft er nog steeds een hoop water binnenkomen dus je moet zoveel mogelijk dingen repareren en ook in zijn kliniek gepubliceerd in de Journal of Alzheimer, dus echt echt echt wel wel gecontroleerd zijn zijn zijn zijn zijn bewering en dat dat hij zegt oké we we we kunnen mensen met beginnende Alzheimer ook zelfs nog weer weer op de rails op de rails krijgen op de rit krijgen het grote probleem is dat we dus moeten accepteren dat dat we meerdere dingen gaan doen en dat de wetenschap daar eigenlijk steeds met de hak in zand gaat ja maar dat kunnen we niet die wil een effectmeting zien die wil een een op een en en deze meneer meneer bredesen heeft een boek geschreven over Alzheimer die wil eigenlijk dat onderzoek gaan doen die wil die wil zijn methoden vergelijken met medicijnen met niks doen maar hij komt nergens doorheen omdat we eigenlijk in de wetenschap steeds tegen dat één op één op één systeem zitten. Want je kunt maar één ding tegelijkertijd checken. Dat lijkt me zo frustrerend voor een analiticus zoals jij. De wetenschap omarmt ze van ja, maar jongens. Ik ben helemaal wetenschapper. Ja, ik vind wetenschap prima. Maar in die zin moet ik ook bedenken dat als bepaalde methoden van onderzoek niet meer werkt, omdat het probleem er anders uitziet, dat we dat moeten gaan veranderen. Daar zit een soort weerstand op, waarvan ik hoop dat die verdwijnt. En dat is als we als we als we dat nog kunnen veranderen in de genetisch kunde, dan kunnen we weer een hele grote stap maken. Er zijn wel heel erg mooie stappen gemaakt, immuuntherapie bij kanker, er zijn heel veel dingen die heel interessant zijn. Maar juist bij dit soort ziektebeelden, waar het ook heel moeizaam gaat in veruitgang, is dit is er wel een interessante. Denk je dat zoiets ook voor dat soort aanpak voor bijvoorbeeld depressie of echt de echte mentale gezondheid zoekt daar? Ja, ook daar moet je zoeken. Doe maar een pilletje. Dus daar moet je ook zoeken naar. Eén moet je de oorzaak zoeken. Dus welke plek in het systeem opsporen en die allemaal repareren. Fascinerend dit. Ik zit naar het tijd te kijken. Kijk jij maar eens. Oh, dit is. Ik heb nog. Om twee uur komt de volgende klant, dus. Nou, ik ben een ontzettende. We gaan even op een iets andere boeg gooien. Ik ben ontzettende boekenlief. Dus voor mij is het echt geweldig waar we nu zitten, want dit is jouw behandelkamer. Ja. Hoeveel boeken staan hier? Weet je dat? Ik weet dat dit niet. Nee. Ik heb ooit een keer geteld, hadden we er vijfduizend. Nee, echt? Binnen zat ook nog voorraad. Wow. En ik ben er nu doorheen aan te lopen, dus is ook een beetje rommelig. Zo eens in de vijf, zes jaar, dan moet ik een beetje opruimen. Dus dan gaat alles weer een keertje verschuift van plank en dan gaat er weer wat weg en dan. dus kan ik het weer een beetje ordenen dus daar ben ik nu weer mee bezig maar tijdens de kerstvakantie kreeg ik een schiep dus ik loop het meest is dan zo'n kerstvakantie onder de dingen werk gewoon een dag oh daar ben ik eigenlijk gewoon de architectuur in je hoofd ook daarmee ja opnieuw aan het tekenen met zulke reeds zeggen ja ook snappen ik het is natuurlijk een deel is is zoals sommige mensen sigarenbandjes verzamelen vind ik boeken verzamelen leuk dus ik en het is natuurlijk je leest niet alles van voor naar achter maar in het lesgeven is het fijn dat je verhalen hebt ik geloof wel in in in in dat dat en dat ontbrekend verschil kan een beetje in de geneeskunde dat het niet een mooi verhaal is wat we over onszelf vertellen maar dat het allemaal van die fragmenten zijn En dat dat dat dat vanuit heel veel invalshoeken informatie hebben maakt dat je er misschien wat wat wat makkelijker een een een verhaal van kunt kunt maken. Het leuke is als ik nu zo rondkijk, want ja, ik ik heb natuurlijk zelf wel een overlap in interessen, maar omdat jouw veld zo breed is en het gaat over neurologie en het gaat over filosofie, maar ik zie ook ik zie Russell Brand dan heel toevallig staan. Dit is zo zo rijk, het geeft zo'n rijk gevoel. Ik weet de Japanse woord even niet meer. Dat is een woord voor het fenomeen dat mensen meer boeken kopen dan dat ze kunnen lezen. Dat is een ding en dat schijnt ook positieve health effecten als te hebben. Dus ja ja ja jij zit hier in je eigen boekshow ja wat ik boeken die binnenkomen ik lees eerste hoofdstuk inleiding eerste hoofdstuk en dan beslissen of ik een boek uit ga lezen of dat ik die heb van nou ik weet ongeveer waar het over gaat dus meestal zaten met de inleiding staan en dan in hoofdstuk twee gaan we dat vertellen hoofdstuk drie ze dus dat heb ik dan hoop ik een beetje in mijn systeem zitten dat als ik weer bepaalde input nodig hebben zeg ik dat boek moet dan een keertje lezen je eigen rolodex en wat natuurlijk ook heel fijn is, want ik weet voor wel wat wetenschappelijke artikelen leest. Ja, ik ben wetenschapper geweest, maar niet die kans opgekregen. Dat is natuurlijk leuk, maar meestal krijg je dan, als je als je slimme wetenschapper bent, je bent met een project bezig, dan probeer je je project project op te verdelen in zo veel mogelijk wetenschappelijke artikelen. Dan kun je meeste impact hebben. Maar dat betekent dat je dus steeds zelfs niet het hele puzzelstukje aan te lezen bent, maar je steeds stukjes van de puzzelstuk voorgeschoteld krijgt. Dus je krijgt heel fragmentarische informatie. Dan komt al weer eens een keer een reviewartikel. Maar het is ook heel interessant om de wetenschapper zijn verhaal te laten vertellen. Dus wat ik wat ik heel interessante boeken vindt, is een boek van een neuroloog die dan schrijft over hoe ooit ontdekt is dat allerlei neurologische problemen ontstaan zijn door het immuunsysteem, dat het neuro-inflammatie is en hoe dan die geschiedenis van die kennis zich ontwikkeld heeft. En dan heb je eigenlijk veel meer informatie, in ieder geval verhalend, dan dat ik al die artikelen moet halen. Dat kost zo veel tijd. Past ook wel bij hoe wij natuurlijk als mens informatie totus hebben genomen. Dat is verhalend. Is dat dan dan nog eentje tussen waarvan je denkt dat dat is zo'n standaard fijn boek om mensen aan te raden die een beetje de thema's die we vandaag aan hebben geraakt? Wojtek Sapolsky, een van de bekende stresswetenschappers. Een boek heet, ik zal hem even behave, The Biology of Humans at Our Best and Worst. Sapolsky. Ik zal dus even een foto maken. Zal ik nooit eens een keer gewoon een dun boekje zijn? Nee. Nee nee nee. Maar ik ben, ik heb er nu ook een in mijn tas. Dat is ook zo'n ontzettende pil. Why zebras don't get ulcers. De acclaimed guide to stress-related disease and coping. Mooi tof. Ik ben nu Gabo Mate, scattered minds staat nu op mijn stapeltje. Gabo Mate is zo'n verslavingsonderzoeker, maar ook heel erg op het trauma en stresssysteem. Het boek heet Scattered Minds. Dat is voor mij de. . . Ik heb. . . Ik moet er dus nog richting die overprikkelbaarheid en overgevoeligheid en ADD-symptomen dat zo. Ik zal. Ja, ja. Opschrijven zal. Nee, nee, nee. Dan ga ik hem voor je bestellen. Want dat probeer ik bijna altijd in de podcast te doen als ik er eens ben geweest. Als ik. . . Ik vind het boek. Ben ook ontzettend boekfan. Dan krijg je die van mij als ik er ben. Dank. Ja. Gaan we zo meteen afsluiten. Ik heb nog één ander boek wat ik belangrijk boek vindt. Niet zo heel makkelijk te lezen. We moeten in systemen. Systems view. Oh, oh. We moeten in systemen denken. En we moeten ook in onze. . . Je zegt dat bij de microfoon blijven zitten. In onze. . . Ik. . . We onze ecologische vraagstukken moeten we ook veel meer in systemen denken. wat Fritsje of Capra doet, is een natuurkundige, kwantenvisica, zit hij net zo mee beziggehouden en zegt van ja, weet je, we leven in een systeem en als we niet alle, als we iets doen, moeten we altijd kijken naar wat dat doet op alle aspecten van dat systeem. Ja. nooit te vaak. En dat doet hij als het gaat over gezondheid, over de vraag wat is leven en hoe kan leven op zo'n planeet zeggen je blijven ontwikkelen zonder dat het boek kapot gaat. Dus hij had ecologie erbij, hij had wetgeving erbij. Dus echt iemand die echt een systeem denkt. Ja. Het is niet het makkelijkste boek, maar het is wel heel erg boeiend om er af en toe uit te lezen. Hij, hij voelt er echt als een schoolboek zo'n lekkere, of nu met een school, een studieboek. Ja, schoolboek. Het is echt een studieboek. Ja. Ja. Ik heb het een keer gewoon op een vlakke gelezen en nu ben ik, ben ik, een aantal onderdelen ervan nog wat, wat. Ah, het zit er natuurlijk uit als wetenschappelijk artikel aan de binnenkant. Ja. Het is, ja, het is redelijk wetenschappelijk filosofisch is het opgebouwd. Dus, maar Dan ga ik zo. Ik ga van deze drie wil ik zo meteen even een fototje maken. Dat vind ik weer input. Sapolsky, als je vijf bent om video's te kijken, heel veel van zijn lessen, dus van zijn college's, die staan op YouTube. Geweldig. En dus de hele serie van lessen, waar eigenlijk, waar die eigenlijk het beherven op heeft gebaseerd, die kun je zo kijken. 28 keer een uur. Ik ga straks even opzoeken. Ik zal zorgen dat dat ook in de beschrijving erbij komt te staan. En hij is leuk om naar te luisteren. Hij praat in wel volzinnige manier. Dat is hij heeft wel aparte manieren van kijken en van benaderen. Dus ik. Dat is fijn. Als je iemand zijn stem erbij hoort en als hij dan s avonds een boek leest, dan hoor ik het altijd een beetje zo in intonatie en in het accent van de cijfers. Dat is leuk. Hij is ook primaatoloog en neurowetenschapper. Dus heel veel onderzoeken namen naar babianen. Over het gedrag van babianen, hiërarchie en testosteron, al dat soort dingen. Erg leuk. Waar? Dus zitten nu vast mensen te luisteren en denken: Oh, nou dat is echt waanzinnig interessant. Voor wat voor vraagstukken kunnen mensen bij jou terecht en voor wat voor vraagstuk of waar kan je mensen naar toe verwijzen die zich mogelijk aangesproken voelen? De meeste mensen bij mij in de praktijk hier komen zijn mensen met klachten die die ze zelf niet begrijpen, van de huisarts ook niet begrijpen, als ze vandaan komen. Of bijvoorbeeld MS, dat dat soort dat soort type klachten waarvan mensen vragen: kan ik nog meer doen dan alleen maar medicijnen slikken? Of kan ik misschien zonder medicijnen ook dingen oplossen? Dus de wat complexere medische klachten, dat is wat in de praktijk veel komt. Dan komen er wel mensen vragen, die zeggen van: natuurlijk als ik op een therapeut werk, heb je mij mijn elleboog geprakt en die heb ik aan de andere kant pijn. Kun je dat toch even met acupunctuur oplossen? Dat is natuurlijk prima, maar de sterke kant van de psychoneuroimmunologie is juist om met mensen samen te gaan nadenken over wat gaat er mis, waar gaat het mis en hoe kunnen we weer dat systeem in een stand krijgen waardoor je gezond blijft. Dat is eigenlijk wat het lichaam wil. We gaan nu een keer het grapje wat jullie denken dat het is. Het is dus niet KPNi, maar toen we begonnen zei eigenlijk is het klinische neuroimmunolo. Je had een heel rijtje. Wil je nog een puntje maken? Klinische psychoneurosociodoctino Immunologie en zo kunnen er nog een paar tussenplakken. Want je hebt elk feestje. Precies ja. Wat is jij dan? Nou ik ben precies. Dat heb je elkaar, dat je uit kunt klappen. Dat is het heel. Nee dus, maar psychoneuromedicalogie is een wetenschapsgewijs dat al in de jaren tachtig ontwikkeld is en daar zijn ook gewoon in binnen psychologie faculteit of medische faculteit onderzoekers. Ik heb er nog eens gekeken om het te gaan studeren als verdiepende master naar de psychologen. Ik heb een psychologie student, een wetenschappelijke master gedaan en toen met vitaliteit bezig was, een beetje mijn ingang geweest naar persoonlijke ontwikkeling toe. Oh nou dat is lichaam, dat is maar één stuk. Waarschijnlijk jij ook. Oh dat is maar één stuk. Precies ja. Het is groter. Ja. is nog wel naar gekeken en dat wie weet ooit of niet. Maar de klinische psychoneuromedicologie is eigenlijk de vertaling van al die kennis naar de praktijk. Ja. En dat is door twee Nederlanders gestart, Leo Pruijnboom en Bram Van Dam. Bram is overleden ondertussen. Maar dat is helemaal uitgebouwd tot een grote opleiding voor artsentherapeuten. Iedere fysiotherapeut zit er veel, osteopaten zitten er veel, psychologen zitten er veel. Die eigenlijk geïntegreerde kennis willen hebben. Ja. En daar kun je dus in Nederland en in België een opleiding in volgen. Als je een soe basiskennis hebt, dan kun je daar naartoe. Ja, fascinerend. Ja. Mooi. Dank je wel voor je tijd en voor je gigantische bak aan kennis."
ouderen-zorg.mp3,interviews,Qwen3 ASR 1.7B,39.0,25.510920034393855,100,68.11349957007738,8588.3125,8588.3125,17.17425637507378,"Welkom, Sherin, bij de podcast van Nekzorg. Leuk dat je bent. Dat ten eerste. Kan je uitleggen wat jij doet in de ouderenzorg en hoe je destijds bent begonnen? Ja. Ja, gewoon even een korts voorstel rondje eigenlijk. Ja. Nou, mijn naam is Sherin. Ik ben 31 jaar en ik werk al 13 jaar in de ouderenzorg. Toen de tijd begonnen als receptioniste, als voedingsmedewerker en ook in de keuken. Ik was toen best wel jong. Ik was uit mijn hoofd 17 dat ik daar kwam te werken, want ik heb mijn middelbare schooldiploma niet gehaald. En ik merkte al heel graag aan mezelf dat ik de ouderenzorg heel erg leuk vond en toen ben ik opleidingen gaan doen. Dat ik op de middelbare school zat deed ik zorg en welzijn en daar moet je natuurlijk stages gaan lopen en ik vond het bijvoorbeeld met kinderen werken ook heel erg leuk. Maar toen heb ik stage gelopen in de ouderenzorg voor een soort stufelstage voor twee weken en toen merkte ik al heel graag aan mezelf dat ik het heel erg interessant vond en gewoon leuk om met mensen te mogen te werken, zeker op die leeftijd, want ze hebben vaak een heel mooi verhaal met zich mee. En ja, toen was ik inderdaad 17 dat ik al kwam te werken in de ouderenzorg. Alleen vond ik het heel spannend en er werd al heel snel gezegd van ja. ga je nog echt billenwassen? want dat is dan waar het werkheid bestaat volgens heel veel mensen. dus dat hebben we toen de tijd wel heel erg ja tegengehouden eigenlijk. tot ik inderdaad een jaar of twintig was en dat ik toen eigenlijk wel gewoon een stap heb gemaakt dat ik dacht ik wil gewoon wel echt meer kunnen betekenen voor voor deze doelgroep. ja, ja, begrijpelijk. wat zeg maar toen jij zo jong in de oudere zorg begon, vond je dat de begeleiding toen best wel eens goed was of viel dat wel echt vies tegen? nee, dat viel toen de tijd wel een beetje tegen inderdaad. ja, want ik wist dat er bij mij veel meer in me mars zat en zo iedereen om me heen eigenlijk die dat wel inzag. alleen het werd best wel tegengehouden omdat het heel erg werd gezegd van ja, maar je gaat billenwassen en Het werd daar zo erg de focus op gelegd en het is zoveel meer dan dat. Natuurlijk wordt er bij, absoluut, maar het is zoveel meer dan dat. Dus ik ben wel blij dat ik uiteindelijk gewoon mijn eigen plan heb getrokken en dat ik stapsgewijs, ja, hogerop ben gekomen. Stel bij nu werkende als IG'er en EVV'er. En wat houdt dat dan zeg maar precies in? De functie verzorgen IG bestaat voor individuele gezondheidszorg. Dat houdt in dat je de cliënt benadert naar zijn of haar wens en behoefte. Diegene echt als een individu ziet. Verzorgen IG houdt in dat je verplicht echt bepaalde handelingen mag uitvoeren, dat je daarvoor bevoegd en bekwaam bent. ook medische behandelingen, persoonlijke verzorging (ADL) zoals wij dat noemen. Dat betekent algemene dagelijkse levensverrichtingen. Dus het houdt in van het wassen en aankleden tot iemand douchen en alles wat er tussenin valt. Ik mag medicijnen uitzetten en ook uiteraard toedienen aan de bewoners, wat je gezagbewoners. Je signaleert en observeert ook je bewoner en bij bijzonderheden rapporteert je dat in het dossier. Elke bewoner heeft een eigen dossier met een eigen plan met doelen daarin. En wat het verschil dan is met E.V.V.'er wat ik dan ook ben, is dat betekent eerste verzorgende verantwoordelijke. dat je dat ik verantwoordelijk ben voor een x aantal bewoners en daarvan dan ook de dossiers bijhoud en dat ik het aanspreekpunt ben voor de bewoner maar ook voor de familie en daarnaast ik zorg ervoor dat de plannen ook in orde blijven dat ik daarvoor ook gesprekken inpland zorgleefplan gesprekken zoals dat heet voorafgaand heb je dan vaak een MDO een multidisciplinair overleg en daar betrek je dan ook de arts bij en zorg eens specialist ouderengeneeskunde maar ook bijvoorbeeld een fysiotherapeut een ergotherapeut een logopedist die hebben we ook allemaal rondlopen bij mij in het huis die daarvoor kan meenaden aan en dan zorg ik er ook voor dat als er bijzonderheden zijn dat het wordt vernoemd in in de zorgplan. Ja, wat ik hoorde jou zeg maar net over wat jij ook zelf zegt maar de dossiers bijhoud zeg maar. Ja. En ik hoorde jou net ook praten over doelen. Ja. Bedenk jij ook de doelen voor de cliënten zeg maar, dus wat ze willen bereiken en ja, waar ze aan moeten werken en wat voor doelen zijn dat dan? Onze organisatie is er zo op ingericht dat je je hebt de vier levensdominanten. Eentje daarvan is bijvoorbeeld wonen en leefomstandigheden, ook participatie. Kan wel een voorbeeld geven. Stel iemand die komt binnen met een CVA in in in de volks volgens worden broer te kan een doel zijn dat iemand weer tien meter wil lopen met rolator. Stel iemand kan helemaal niet meer lopen of moeilijk lopen, dan heb je natuurlijk gelukkig je erg gewoon je fysio die daarin meekijken. Maar dan is bijvoorbeeld een doel dat iemand tien meter kan lopen met een rolator. Ja, dat zijn hele mooie dingen. Ja. En zeg maar in wat voor omstandigheden zijn dat al? Want ik denk, ik neem aan als iemand meer kan lopen, dat het in een instelling is of in een organisatie is. Maar doe jij ook buiten de organisatie dingen bijvoorbeeld in huis? Of wat zijn wat zijn jouw werk? Wat is eigenlijk jouw werkomgeving? Mijn werkomgeving is een woonzorgcentrum, verpleeghuis, verzorghuis. en onze bewoners die wonen ook echt bij ons en krijgen ook 24 uur per dag zorg. En als je bijvoorbeeld die cliënt hebt die dan bijvoorbeeld wat je aangaf niet meer kan lopen en hij kan wel in één keer door goed doorzettingsvermogen wel weer tien meter lopen, wat voor voldoening haal jij dan zeg maar uit? Ja trots wel. Ja wordt maakt het je echt trots? Ja, ja zeker, zeker. De bewoners die wij binnenkrijgen, die komen niet voor niks bij ons binnen en soms komen ze uit hele schrijnende situaties, vaak vanuit thuis, ook wel vanuit de revalidatie dat ze doorstromen naar ons. je ziet iemand helemaal opbloeien, je ziet dat het goed doet voor diegene, dat dat ze onder de mensen zijn en dat ze dat ze maakjes kunnen vinden op de afdeling, zowel met personeel maar ook met medebewoners. En ik heb wel vaak al heel veel gevallen gezien, gevallen dat klinkt zo negatief. Ik heb wel heel vaak gezien dat iemand dan binnenkomt en gewoon met de maanden heel erg opbloeit en inderdaad weer hele stukken kan lopen. Of stel iemand die is binnengekomen met ondervoeding, dat iemand gewoon bij ons flink aan het eten is en goed aan het aankomen is. In overleg met die het is natuurlijk. Ja. Dat is mooi. Wat je zegt, ze zoeken onderling ook wel contact met elkaar met de cliënten. Dus je ziet ook wel dat er echt banden worden gelegd tussen de cliënten zelf met andere cliënten. Is dat belangrijk in de organisatie zelf dat dat veel gebeurt, zeg maar dat het echt ook samenhang is? Zeker, zeker. Iedereen is natuurlijk wel een individu en we proberen wel de bewoners daarin vrij te laten, wat diegene zelf wil. Maar als je inderdaad insieet of het is ook benoemd bij bij het eerste gesprek of tussendoor dat iemand behoefte heeft aan een praatje of spelletjes te doen of ja contacten te leggen met met medebewoners, dan willen wij daar wel in in sturen inderdaad en ook kijken van nou, hè, waar willen we dan diegene in de huiskamer neerzetten, hè, dat ze aanspraak hebben. We hebben ook heel veel activiteiten bij bij mij in huis, dus dat is ook wel heel erg fijn dat ze dan ook contacten kunnen leggen ook met andere etages in het huis. Wat voor activiteiten moet je dan bedenken? Oeh, heel erg verschillend. We hebben wekelijks een wandelgroep waar waarvoor je kan opgeven, maar we hebben ook soort van miniconcertjes als het ware dat er inderdaad artiesten komen optreden. Naja, gewoon een gezellige activiteit. Denk ik samen ook contact te leggen, geloof ik of niet. Want zodra het een activiteit is, zijn dan sommige activiteiten zodra het een activiteit is, bijvoorbeeld wandelen, zijn die activiteiten ook echt goed om met bijvoorbeeld een cliënt goed in gesprek te gaan? Ja, niet niet per se. Ook natuurlijk gewoon beweging en lekker buiten zijn. Maar je kan ook gelukkig zeker mee in de rolstoel. Maar je gaat natuurlijk wel een leuk praatje maken. Ja, zeker. Want dan zal je ook wel vast wel meemaken dat cliënten heftige verhalen vertellen aan jou. hoe kijk jij daartegen aan en hoe neem je dat mee in je werk? Als een bewoner aan mij een persoonlijk verhaal vertelt, bied ik altijd een luisterend oor. Ik oordeel niet en ik hoop altijd dat ik de zekerheid geef aan een bewoner dat ze dat is veilig is bij mij, dat ze de delen. En dat vind ik ook wat mooi van van mijn werk. Ja. Kan dat soms zwaar zijn denk je, zeg maar de werk, ook zeg maar de werk. Ja, niet de werk druk, maar meer de druk die opstaat omdat het best een heftig beroep is en je niet mee naar huis gaat nemen, zeg maar. Ik zei heb je dat niet ervaren zo? Ja, nee, je wel, je wel, zeker. We zijn natuurlijk allemaal mensen. Je kan het wel eens meenemen naar huis, zeker, ja, absoluut. Maar ik probeer wel altijd voor mezelf, zodra ik dan de deur uit stap, dat ik denk: oké, de werkdag is voorbij. Probeer het af te sluiten inderdaad. Ja, ik heb gelukkig een heel fijn team waarin ik werk, waarin het. Ja, je kan het ook onderling bespreken. Stel, is echt heel erg heftig. Wordt dat ook genoeg gedaan? Zeg maar onderling nog gepraat na dat het bijvoorbeeld een heftige casus is geweest, of wordt dat goed besproken? Ja, ja, zeker, zeker. We weten elkaar altijd wel goed te vinden daarin. Ja, en elk gevoel mag er dan ook wel zijn, zeg maar. Ja. Want ja, kan je ons meenemen in zeg maar? Hoe jouw typische werkdag eruit ziet. De zorg is natuurlijk altijd anders en werkt is nooit hetzelfde, maar kan je ongeveer een beetje omschrijven hoe een typische werkdag voor jou eruit ziet. Ja, zeker. Ja, geen enkele werkdag is inderdaad hetzelfde. Ik draai voornamelijk avonddiensten. Dan begin ik om half vier drie in de middag en dan begin ik vaak gewoon met een kopje koffie achter de computer en dan ga ik me inlezen, inlezen zees, de rapportages. Ik zet natuurlijk mijn werktelefoon aan dat ik de belletjes in de gaten kan houden die binnen kunnen komen. Dan hebben we de mondelingen overdracht met de dagdienst en zodra hun vertrokken zijn, dan doe ik mijn ronde. Soms moet je bewoners uit bed halen of heb je een toiletronde. dan tegen vijf uur om en erbij begin je met de medicijnen uitzetten en die deel je dan ook gelijk uit op dat moment dan gaan de bewoners eten en wij helpen dan ook de voedingsassistent met het uitdelen van het eten dan hebben wij pauze van de zorg en dan heb je de eerste ronde zoals wij dat altijd zeggen met bewoners naar bed helpen en begeleiden op mijn etage heb je best wel een hele complexe zorgsituatie met heel veel bewoners die wij het liefst met ze tweeën helpen want dat is voor ons als opbrengst maar ook voor de bewoner om daar met ze tweeën aan het bed te staan dus dan maken we ook een verdeling wie de tweetjes doet zoals wij dat zeggen en wie dan de de lopersjes doet om het Ja, zo noemen wij dat, en ik denk dat heel veel mensen dat ook werken en hoe ik het nu benoem. Dan heb je de eerste ronde, je evalueert tussendoor van, nou, hoe gaan we? Gaan we goed? Hebben ze een bijzonderheden? Dan hebben we koffie pauze. En na de koffie pauze heb je dan de laatste ronde. Dan ga ik vaak ook weer medicijnen delen, om een uurtje of nega. Gaan mijn collega's dan de zorg in? En soms dan de zorg, en soms ga ik de zorg in en doet mijn collega de medicijnen. En dan uiteindelijk rapporteer je al je bevindingen in het dossier en sluit je alles af en haalt je alles netjes achter. Ja, en dit klinkt zeg maar wel als gewoon een beroep die nog wel te doen is en dat jij niet veel stress ervaart zoals je nu vertelt. Zijn er factoren waardoor dit voor jou echt een stressstressvolle baan is eigenlijk? Ja, zeker het personeeltekort en dat is natuurlijk landelijk. Hebben we niet alleen wij als organisatie mee te maken? En dat is lastig, want mijn afdeling is officieel een somatische afdeling, zoals dat heet. Dat houdt in dat bewoners daar komen te wonen met lichamelijke aandoeningen. Maar inmiddels is dat een mengelmoesje met vaak toch wel PG psychogeriatrie. dementie. Elke afdeling in de ouderenzorg is erop ingericht dat je een x aantal medewerkers nodig hebt voor de zorgswaarde die op dat moment is op de afdeling. Roosters zijn soms heel lastig rond te boksen en wat het dan inderdaad niet makkelijker maakt is dat mijn afdeling inderdaad wel heel complex is momenteel, dat je niet met vast personeel werkt, dus wel vaak uitzendkrachten of zzp'ers. En zeg maar als je zegt je werkt met uitzendkrachten en zzp'ers, merk je dan ook dat die zzp'ers die dan in de instellingen komen minder goed zijn opgeleid en minder goed in hun functie passen? Zeg maar dan iemand die daar bijvoorbeeld wel is opgeleid en daar je dienst is bij zo'n organisatie. Nee, dat niet, want in principe heeft elke 66p'er de zelfde opleiding genoten, mits je bijvoorbeeld helpende bent of verpleegkundige stuk stapje hoger. Maar je merkt wel dat je wil het liefst iemand hebben die bekend is op de afdeling, dus ook bekend is met de bewoners, dat je ook echt goed op de zorgvraag kan inspelen. Mijn verantwoordelijkheidsgevoel is best wel hoog tegenover de bewoners, dus ik probeer vaak alle ballen hoog te houden, uiteraard wel te delegeren, maar soms moet je loslaten en dat is moeilijk inderdaad, want dan hoop je maar gewoon inderdaad dat alle zorg goed verloopt, ondanks dat je bijvoorbeeld een een looproute meegeeft of het een ander vertelt over de bewoner. Wat zijn eigenschappen die je eigenlijk moet hebben om echt wel jouw boodschap goed uit te voeren. Empathisch vermogen, inlevingsvermogen ook, een zorghart dat je ook echt zorg draagt voor je bewoner. Je moet goed met mensen kunnen werken, uiteraard goed samen kunnen werken. Maar ik denk toch wel, vind ik toch wel meest empathisch. Ja. Hoe ga je om met zeg maar situaties of agressief gedrag van een cliënt? Rustig te blijven en professioneel te handelen. Vaak komt agressiviteit voort uit onbegrepen gedrag. Stel iemand is dementerend, maar ook vaak uit frustratie vanuit die bewoner. Ik probeer het niet te bagatelliseren. Ik probeer luisterend oor te bieden. Uiteraard wel mijn grenzen aan te geven. Mijn organisatie die geeft ook training hiervoor, weerbares trainingen. En je hebt ook e-learning die hiervoor kan kan volgen om het wel meer onder de aandacht te brengen. En wij werken ook met micmeldingen, melding incident, cliënt. Die melding maakt je online in het dossier van de bewoner wanneer het ver gaat. Mocht een melding vaak voorkomen, dan gaat de leidinggevende hiermee aan de slag of de verpleegkundige of allebei. Waar dan het eeuwvol precies ligt en wat we hiermee kunnen. Maar het voornaamste is uiteindelijk toch wel gewoon rustig blijven en professioneel. Ja. gebeurt dat veel zeg maar dat er agressie op de werkvloer voorkomt en gebeurt dat dan ook wekelijks, maandelijkse, maandelijkse, maandelijkse. Waar moeten we zeg maar een beetje aan denken? Ja, in mijn organisatie waar ik werk gelukkig niet heel vaak. Het is wel voorgekomen. Ik heb zelf ook wel wat in het verleden meegemaakt. Een voorbeeld doen? Ja, praat ik wel over een aantal jaar geleden dat er een bewoner bij ons kwam te overlijden en familie was het niet eens met mijn handelen terwijl ik het wel een overleg had gedaan met familie in eerste instantie en uiteraard met de arts. Arts is altijd leidend. Ik doe nooit zomaar iets zonder dat een arts daar zich overheen heeft gebogen. En achteraf was familie dus niet blij hiermee en ja dat is toen wel een beetje uit de hand gelopen en dat ik ook wel flink ben uitgeschold op dat moment. Ja. dat is wel heftig ja maar je hebt heel heftig te maken natuurlijk ook met de familie wat je aangeeft zeker ja hoe ga je daarmee om zeg maar want ja soms heb jij misschien het beste voor met een cliënt en denk de familie dan dus over het hoofd al aangeeft ja probeer altijd de situatie te begrijpen waar iemand vandaan komt ik kan het me ook voorstellen dat het lastig is als je moeder of vader je oom je tante noemt bij ons komt te wonen en dat je samen moet werken ik probeer altijd een luisterend oor te bieden ja horen wat de wensen zijn maar ook wel wat haalbaar is ja en het gesprek aangaan want je wil het samen doen ja dat zijn natuurlijk hele heftige situaties waar je zeg maar in balans Toen jij zegt maar begon met je zorgopleiding, had jij verwacht dat ze maar dit ook bij de zorg komt kijken, of was je er totaal niet van bewust? Ik ben toen de tijd begonnen met mijn helpenopleiding in de thuiszorg en daar heb ik gelukkig geen achterzijva cliënten gehad. Dat kwam inderdaad pas een beetje dat ik intramuraal ging werken, dus echt in een verzorgingstehuis. Je hoort het wel, want er wordt echt wel over gesproken, maar ik had het zelf nog nooit meegemaakt. En tot je het zelf niet hebt meegemaakt, dan is het ook wel een beetje een grijs gebied. Maar ik merk wel dat er steeds meer aandacht voor is. Ja. Stel iemand luistert dit en die denkt, ah, dat vind ik een tochberoep en Die wil de route gaan volgen om IGR te gaan worden. Hoe kunnen ze die route gaan volgen? En ja, kunnen we wat dingen over uitleggen? Je kan de route belopen die ik heb gedaan toen de tijd. Ik was natuurlijk 17 dat ik kwam te werken in ouderenzorg, maar ik had geen middelbare schooldiploma. Dus ik had eerst mijn niveau één afgerond en dan schoonzorg en welzijn. Tegenwoordig heet dat zorgassistent. Toen vervolgens niveau twee, dat is dan de helpende. En dan heb je ook de helpende plus. Dat houdt in dat je medicijnen mag verstrekken, bekrachtigde medicatie. Dat is dan al voorverpakt vanuit de apotheek. Dan heb je inderdaad de verzorgende opleiding, dat is dan niveau drie, wat ik dan inderdaad heb gedaan. En ik heb er gewoon inderdaad stapsgewijs heb ik me zo omhoog gewerkt. Ik neem aan dat er genoeg hele grote organisaties zijn die vaak wel heel veel reclame maken en het zorgpersoneel, ja, die heeft dan tekort. En ik merk wel dat organisaties toegankelijker zijn en ook kijken naar de persoon zelf dan naar het papiertje die ze wellicht niet hebben. Trek gewoon de stoute schoen aan en loop het huis binnen, stuur een mailtje, vind het telefoonnummer. Deels door het grote personeelstekort dat gewoon mankracht tekort komen, waardoor ze ook wellicht binnen de hoog opgeleide mensen ook aannemen. Ja, ja, maar ook de vergrijzing die is natuurlijk enorm in Nederland. En ik merk bijvoorbeeld wel heel erg in mijn organisatie dat een zorgassistent of een volmachtmedewerker zich aan het opwerken is tot helpende of verzorgende en soms zelfverpleegkundige gaan. Ja, wat zou je zeggen tegen mensen die twijfelen om in de zorg te gaan werken? Ja, kom een dagje meelopen. Ja, de ouderenzorg is echt heel erg leuk, is enorm voldoendend werk om te doen. Trek gewoon een stoute schoenen aan en ja, ga naar de eerste, beste grote organisatie die in de buurt heb. Ja, kom vooral een dagje meekijken, want dan zie je denk ik echt wel het beste wat ons werk inhoudt en wat je zo doet op een dag, wat je kan betekenen voor een bewoner. Ja, en gewoon doen. Wat kunnen organisaties Voeg je zelf beter doen om zeg maar nieuwe mensen aan te trekken dan? Hoe kunnen organisaties zeg maar zichzelf nog aantrekkelijker maken om nieuw personeel of studenten te werven? Ik merk dat mijn organisatie tegenwoordig op social media toch wel zit, dat je ze voorbij ziet komen op Instagram met ook echt wel een hele leuke quote die ze dan gebruiken om echt jongeren aan te trekken, zo ook op Facebook natuurlijk. En dat doen ze goed, want ik denk dat de jongeren inderdaad, laten we zeggen 16 plus, totaal geen wet heeft. En ik wil natuurlijk niet iedereen over een kamp scheren wat de zorg nou precies inhoudt. En dan in mijn geval ouderenzorg. Dus ik denk dat het op die manier wel aantrekkelijk wordt gemaakt van hey kom kom werken bij ons. Om even terug te komen naar het stukje zeg maar social media wat voor content plaatsen plaatsen jouw organisatie dan om wel zeg maar te zijn en waar moeten we dan aan denken? Stories tenminste als je dan stories aanklikt dan heb je natuurlijk reclame tussendoor dan zag ik mijn organisatie voorbij komen. Ook in je feeds als je aan scrollen bent heb je natuurlijk ook reclame dan zag ik ze ook voorbij komen. Hoe belangrijk denk jij zeg maar dat bijvoorbeeld een foto ten opzichte van een video is voor jouw organisatie? Ik denk dat een video wel iets meer kan laten zien wat het inhoudt. Ja, foto is natuurlijk maar een foto. Stel je hebt een kort filmpje van misschien tien tot vijftien seconden, denk ik wel dat je iemand wat sneller over de streep kan halen. Waar loop jij in de praktijk het meest tegen aan als het gaat om goede zorggeven? Ja, het meest tegen aanlopen, ja, om eerst van de positieve kanten te bekijken. Ken je bewoner? Leer je bewoner ook echt kennen? Dus je praat met de bewoner, leer de familie kennen, spit de dossier door. doe je dat niet of heb je inderdaad minder kennis of nou nee niet minder kennis maar ben je inderdaad een zzp'er bijvoorbeeld ja dan kan je daar wat tegen aanlopen dat je minder goede zorg kan bieden ja lastig ja en dat is een probleem wat niet op te lossen is maar gewoon het personeel tekort toch ja maar dat dat kan je niet veranderen nee ja want jij denkt zeg maar als personeel tekort opgelost zou zijn dat jouw werk er ook een stuk minder dat denk ik wel inderdaad ja ja kijk een organisatie is er op ingericht dat je een x aantal verzorgende rondloopt op de afdeling op een dagdienst een x aantal helpende of assistenten zorgassistenten dus ik kan wel zeggen van hè ga je opleiden ga je opleiden maar helpen hebben we ook net zo hard nodig als een verzorgende en de zorginstanter hebben we ook net zo hard nodig als een verzorgende wat doen organisaties volgens jou te weinig om medewerkers goed te ondersteunen op zich doet mijn organisatie dat eigenlijk al best wel goed maar wat het lastig kan maken ja is toch het urenslagers als ik eerlijk ben op zich kan ik dat hier ook wel eerlijk bekennen is dat ik natuurlijk avonddiensten draai dus dan verdien je ook meer want krijg je overt, onregelmatigheidsdoelslag doe je dat niet dan krijg je gewoon je standaard uurloon wanneer merk je dat zeg maar iemand op het punt staat om af te haken en wat speelt er dan meestal Ik denk dat dat komt omdat de zorg ja gewoon een vaarberoep is, zowel lichamelijk als geestelijk. Ik denk dat je dan op dat moment misschien toch te weinig kan verdienen voor hetgeen wat je wel niet doet. Werken in de zorg is best pittig, zowel lichamelijk maar ook mentaal. En voor hetgeen wat wij doen, want we zijn met de abbrede wel echt een mannetje van alles. Je bent niet alleen zorgverlener, maar je bent soms ook gewoon politieagent en je bent psycholoog en je bent voedingsmedewerker en je bent van alles en nog wat tegelijkertijd. Inderdaad in je functie is ook wat je werkt heel erg mooi, maakt er ook boeiend. Maar ik kan heel goed begrijpen dat het dan Dus waar valt voor hoeveel je dan verdient op dat moment? Want wat vind jij dat een organisatie dan op zo'n moment kan doen? Nou, de organisatie aan zich niet zoveel, maar meer vanuit de overheid inderdaad. Er komen bijvoorbeeld wel weer langere verhogingen aan en ze proberen het ook echt wel goed recht te trekken. Maar als je mij vraagt, vind ik het nog steeds wel dat het onderbetaald inderdaad. Ja, en hoe mooi ik mijn werk ook vind, hè, ik zal nooit de zorg uitstappen. Maar voor hetgeen wat je wel niet doet, verdien je eigenlijk wel te weinig. Ja. Hoe vind jij dat het capaciteit van personeel op jouw werk beter of slimmer geregeld kan worden? Onze afdeling en zo elke afdeling is ingericht op de zorgswaarde van alle bewoners en daar wordt dan een potje van gemaakt en dan gaan ze kijken hoe je ingezet kan worden. Dus dan gaan ze ook kijken naar de niveaus die ze nodig hebben. Ik ben wel van mening dat je meer gediplomeerd personeel mag hebben rondlopen en met gediplomeerd bedoel ik echt verzorgend of hoger. Want doe je dat niet, dan kan je ook niet de zorgkwaliteit bieden die je wel graag zou willen bieden. En ik weet dat mijn organisatie echt wel zijn best daarvoor doet, maar het is niet altijd haalbaar. En dan praat ik bijvoorbeeld ook over werken met onbekende uitzendkrachten of zzp'ers. Ja, en die mogen dan wel soms gediplomeerd zijn, maar dan nog ben jij wel de enige bekende die dan alle touwtjes in hand heeft. Waar gaat voor jou nog veel tijd verloren in het dagelijkse zorg? Ik denk dan toch wel de administratie. Om een voorbeeld te geven is: ik werk acht uur op een dag en ik ben natuurlijk evenveer, dus dat houdt in dat ik mijn mail moet bijhouden, kijken of inderdaad familie mij benaderd heeft. Ik moet dan ook de zorgplannen daarop aanpassen als het nodig is. Ik wil de arts spreken. Dat is allemaal werk wat ik moet verrichten in mijn acht uren dienst. Geaard. wat dan mijn collega met wie ik dan die naast bestaat dan op dat moment die bijvoorbeeld geen even veer is die moet dan bijvoorbeeld veer dan stap je harder lopen in de zorg op dat moment ja dus hoe het efficiënter zou kunnen durf ik niet normaal dan te zeggen maar ik merk wel dat administratie wel een groot aspect ja daarin is wat je geeft aan je werkt veel met collega's wat maakt voor jou een fijt team om in te werken zeg maar humor humor ja zeker hele dag lachen teven ja ja continu ja nee ik vind humor wel echt heel erg belangrijk onderling vertrouwen dat je naar mekaar toe durft te komen dat je open bent naar mekaar en eerlijk bent naar mekaar ja en durf ook te zeggen waar je het echt aanloopt maar ook bijvoorbeeld inderdaad hele heftige casussen die je dan mee kan maken en zeker wanneer je inderdaad toch al wat jongeren hebt die nog niet de ervaring hebben bijvoorbeeld dat je daar wel voor open staat om dat bespreekbaar te maken ja hoe wordt de volgende jouw leiding gegeven in de zorg in de ouderenzorg in mijn organisatie goed ja wij hebben een teambegeleider en een teamleider die weet ik uiteraard wel te vinden wanneer het nodig is maar we zijn ook echt wel een heel erg zelfsturend team en dat vind ik zelfpersoonlijk wel fijn dat ik inderdaad daarin wel wordt vrijgelaten en dat er voor mij gevoel niet op mijn vingers wordt gekeken en dat ik ook echt wel het idee heb dat ik serieuus wordt genomen in mijn handelen, in hoe bekwaam ik ben en hoe professioneel ik ben. Ja. Want hoe zorg je ervoor dat je jezelf blijft in de zorg, ook al heb je met zo'n heftige casus te maken? Ook mezelf blijf. Ja. Ik denk dat dat misschien ook wel komt met de jaren, want met de jaren ben ik natuurlijk ook wel gewoon meegegroeid. Ik durf wel het gesprek aan te gaan met mijn collega's, maar ook met de bewoners. Ik doe me niet anders voor op mijn werk dan hoe ik privé ben, en dat is ook gewoon meer omdat je dan het beste zorg kan leveren. Want als ik inderdaad mezelf ga lopen wegzijven in bijvoorbeeld een heftige casus, of ik zie dat iets ja beter kan, dan Dan laat ik wel van me horen, ja. Wat zie je bij andere organisaties die het wel goed doen met personeel, als het gaat om behoud van personeel en de mensen die blijven? Ja, vind ik een lastige, want ik werk al zeven en half jaar voor dezelfde organisatie, dus ik weet ook niet zo heel goed hoe andere organisaties dat precies doen. Ik heb wel vriendinnen die inderdaad werken voor andere organisaties, maar ik merk wel dat hun ook een beetje tegen hetzelfde aanlopen. En dan ga je toch weer terug naar het landelijke probleem, denk ik. Wat zou de volgende zou dan beter geregeld moeten worden om mensen duurzamer inzetbaar te maken? ja toch het vaste personeel aantrekken inderdaad dus niet je zzpers en je uitzendkrachten ik bedoel fijn dat ze er zijn maar inderdaad ze zijn duur en ik denk dat je op daar manier efficiënter kan maken dat je ook meer poppetjes op de werkvloer kan zetten met die juiste diploma's ja en op het gebied van trainingen waar denk jij zeg maar dat nog veel winst te behalen valt ik denk dat er landelijk wel meer trainingen gegeven kan en mag worden inderdaad je hebt natuurlijk je e-learning's maar dat is online ik denk dat daar wel verbetering in zit ja om je scholing inderdaad up to date te houden je vindt training krijgen versie fijner dan een training online krijgt. Ja. En waarom waar zit dat bij voor jou zeg maar dat grote verschil dan? Als ik een e-learning maak merk ik aan mezelf dat ik wel snel afgeleid raak. Sommige zijn interessant en ook echt wel leerzaam. Maar als je het fysiek meemaakt of dat je fysiek aanwezig bent en het is ook nog eens een interactieve training, ja dan heb je mij helemaal. Want dan vind ik het ook interessant en dan doe je het samen met degene die naast je staan op dat moment. Ja. Ja, hoe belangrijk is ruimte voor ontwikkeling? Uitgenodigd niet voor jou. Belangrijk. Ik moet elke drie tot vijf jaar mijn handelingen, vlechttechnische handelingen, opnieuw laten aftoetsen. Mag ik ook uiteraard zelf aangeven als ik merk dat ik niet meer bevoegd of me bekwam voel? Een autonomie, ja, ik merk dat mijn werkgever dat al zich al doet. Bijvoorbeeld als je kinderen hebt, dat je later mag beginnen om je kinderen naar school te brengen, of dat je kortere diensten mag werken, om welke reden dan ook. Dat doet mijn werkgever wel al gelukkig. Ja, om inderdaad samen tot een goed rooster te komen. Wat wordt er volgens jou onderschat in de zorg als je kijkt buur naar instroominboed? Ik merk bij mijn werkgever dat er al meer wordt gemoderniseerd. Om een heel goed voorbeeld te geven, wij hebben passieve tilliften, zoals dat heet, zodat wij bewoners passief uit bed kunnen halen. Dat houdt in dat de zorgvanger geen looffunctie meer heeft. en wij hebben misschien een scoort plafond liften, dus dat zit dan vastgemaakt aan het plafond en dat is ideaal. Want je hoeft niet meer de gang op te rennen om je passieve teel lift te vinden. Hij werkt hartstikke licht, dus dat is ook fijn voor je rug. En ik denk dat daar andere organisaties en nogmaals, ik werk niet bij andere organisaties, maar dat we daar misschien wel nog wat in kunnen leren om inderdaad dat behaald te hebben, om ons werk makkelijker te maken en efficiënter en ook ergonomischer uiteraard. En wat mijn organisatie ook heel goed doet is uitjes organiseren. Net zoals aankomende week hebben we een kroegentocht door Haarlem heen voor het personeel. ja hoe leuk is dat dat je ja precies ja en je leert elkaar kennen dan buiten werk om en je je bouwt een band ja dat dat doen mijn werkgever wel echt enorm goed ja waar ben je het meest trots op als je kijkt binnen je werk het meest trots ja het kan echt van alles zijn tot een cliëntenmoment tot aan ja nou ik heb dan wel een heel mooi voorbeeld van gisteren tijdens mijn avonddienst dat een bewoner van oord tot oerg luntert omdat die meest die binnenkomen en dat die blij is dat ik dan een avonddienst heb en dat hij dan ook vraagt aan mij van ben jij degene die mij naar bed naar bed komt helpen en wat ben ik blij dat je er bent en dus die is ook kleins maar dat maakt mij wel enorm trots dat ik het verschil kan maken voor een bewoner wat hoop je dat anderen ervaren door jouw werk dat ik wel heel erg betrokken ben en dat ik de bewoner ook echt zie voor wie hij of zij is. Het is gewoon een persoon met vaak een grote levensachtergrond dat je verder kijkt naar dan alleen de aandoening die degene heeft en dat je daardoor het verschil kan maken. Ja. Ja, ongetwijfeld. Er zijn waarschijnlijk andere zorgorganisaties die luisteren. Wat zouden ze willen meegeven om het behoud van bekwame personeel? Luisteren naar je personeel. Ja, luisteren waar de behoeftes liggen en natuurlijk wel binnen alle beperkingen uiteraard. Op die manier behoud je toch wel je goede personeel, denk ik. Ja. En wat hoop je dat de kijkers, zeg maar, die nu luisteren, mee kunnen nemen uit jouw verhaal? Ik hoop dat ik duidelijk heb kunnen vertellen wat ouderenzorg inhoudt, wat een werkdag is voor mij, hoe dat er uitziet. Ik hoop dat ik mensen hetzelfde gevoel geef als wat ik heb, dat je heel veel voldoening kan halen uit je werk en dat elke dag anders is, maar je biedt hartstikke mooi werk en je kan echt een verschil maken voor de bewoner. Dankjewel, Shireen, voor het delen van jouw verhaal en voor je openheid en het eerlijk vertellen van jouw verhaal in de zorg. Ik wil je hierbij bedanken en Dank je wel voor het luisteren deze podcast. Tot de volgende aflevering. Tot volgende."
verzorgings-staat.mp3,interviews,Qwen3 ASR 1.7B,38.1,25.53901345291479,100,80.37107623318386,13186.3125,12122.04119955157,15.154081727403032,"De verhoging van de AOW-leeftijd is onder druk van politiek protest en vakbonden van de ba. Maar het kabinet heeft de ruim zes miljard aan bezuinigingen op onze sociale zekerheid nog niet opgegeven. Heb het over de WW en de arbeidsongeschiktheidsverzekering Via. Onacceptabel zeggen vakbonden en dus zal de polde weer om de tafel moeten. En de vraag is dan wat voor een samenleving willen we nou? Wetende dat Nederland is gebouwd op een sterke verzorgingsstaat en wie betaalt uiteindelijk de prijs? Daarover praat ik deze week met vijf kopstukken in Beners Big Five van de verzorgingsstaat onder druk. En vandaag is dat niemand minder dan Kunt van Oostrom, sinds 1 mei de nieuwe voorzitter van de werkgeversvereniging VNO-NCW. Van hartelijk welkom. Goedemorgen. En heel leuk dat je weer terug bent bij het Big Five. Het is een paar jaar geleden dat ik hier was bij jou. Ja, zeker. En dat ging toen over de self-made man en woman, want je bent iemand die self-made is, met ja eigenlijk weinig welvarend opgegroeid en uiteindelijk ben je helemaal binnen als vastgoedman en projectontwikkelaar. En daar we toen uitgebreid over gesproken is nog terug te luisteren. Ik heb het ook even teruggeluisterd. Was echt hartstikke leuk. Mooi. Ja. We gaan het nu over hele andere zaken hebben natuurlijk. Ook leuk. Ja, overigens ben je ook nog invloedrijk VVD'er, maar nu snurkend lid, hè? ja dat dat dat werkt niet mijn achterban er zitten duizenden bedrijven en die hebben hele verschillende politieke kleuren en dus laat ik de kleur van de VVD even liggen want ja daar daar daar sta ik nu niet voor ik sta nu voor de bedrijven Nederland ja Maar is dat moeilijk? Want het lijkt me heel moeilijk om een mens snurkend te zijn. Nee hoor, dat vind ik niet. En ik vind eigenlijk ook heel erg leuk om nu de andere partijen beter te leren kennen. En ik heb wel een periode gehad dat ik daar een beetje soms naar keek en dacht van, goh, wat gebeurt daar nu allemaal in die partijen? Maar als je dan beter kennis maakt zelf met mensen zoals Jesse Klaver en CDAA D zesenzestig, ja, dan krijg je toch ook iets meer gevoel bij hun standpunten en hun achterban en hun gedachtes. Dat is eigenlijk hartstikke leuk. Ja, leuk om daar meer over te horen. Ook over bijvoorbeeld Hans Spekman die we ook later deze week de gast hebben overigens. En we gaan natuurlijk over die verzorgingsstraat praten die onder druk staat. Maar eerst toch even het laatste nieuws waar de telegraaf gister over heeft bericht. En dat is dat alle supermarkten, het lidmaatschap van ja dat dat klopt dat is dat is vorig jaar gebeurd zoals je weet is we nou een enorme vereniging er zitten duizend en duizend leden en er komen elk jaar heel veel leden bij en dan gaan helaas ook elk jaar wel weer een paar paar leden af dat had in dit geval te maken met een nieuw contributiestelsel nou dat zijn dingen die die gebeuren en we zijn met ze in gesprek het is een beetje van vormij tijd maar je wist dit al bij de overdracht toen de overdracht wist ik dit en ik ben ermee aan het werk gegaan en ik heb toevallig vorig week ook met met vertegenwoordigers van de supermarkten gesproken eigenlijk een heel positief gesprek en ja wat ik ontzettend leuk vind dat zijn natuurlijk kruidentiers enorme ondernemers en ja die die die vechten om elke euro en dat dat gebeurt ook en nou het is te vroeg om te zeggen of of of er bewegingen zitten maar ik vind het in ieder geval prettig deze dit deel kwijt raakt, dan ben je echt wel ook kleiner in omvang. Dan dat dat is aan de ene kant waar, aan de andere kant zien we een enorme toestroom van technologiebedrijven binnen ons huis en daar is ook heel veel dynamiek. Daar werken ook heel erg veel mensen. Dus per saldo is het niet zo dat dat dat het een ramp is. Het is in het verleden overal vaak gebeurd dat supermarkten wel of niet lid waren bij ons. Dus daar daar het is ook niet zo dat dat nou de pijler is waar waar Feno op draagt. Maar wat ik wel wil zeggen is dat volgens mij is het ontzettend belangrijk in deze periode dat er een beetje eenheid is, eenheid dan de werkgeverskant en ook eenheid dan de vakbondenkant. We hebben gezien dat dat in het verleden gedoe was. Als we rust is in de polder is makkelijker om met elkaar te praten. Daarom had ik het liever niet gehad, hè? Want dan dan je hebt liever dat dit ook ook even onder de raad blijft of we zijn nog met elkaar in gesprek. Nou, dat is niet ge Ik denk dat dat hoe verleden gewij zijn namens Nederlandse bedrijfsleven hoe beter het is. Dus we zijn ook niet onze keuze om ze eruit te zetten. Ze zijn er zelf uitgegaan. En ja, ik ik denk dat het in de val niet verstandig is om het via de media te spelen. Ik denk dat het goed is om het gewoon in kijkerijen. Was het ja was het zat het ze zo hoog dat ze dachten nu moeten dit wel doen want ze luisteren niet. Ja, kloppelijk is dat dan dan vorig jaar gebeurd en ik was toen nog niet de voorzitter, dus ik weet nu niet precies wat de dynamiek was en of spraken was van teleurstelling of of zelfs boosheid op dat net. Dat weet ik niet. Wat ik wel weet is dat we nu eigenlijk best op productieve gesprekken met elkaar voeren. En ja, je hebt wellicht gehoord dat dat een van de zaken die ook in het telegraaf artikel werd genoemd ging over het wettelijk minimumloon. En ja, daar hebben En bij hem was het zo dat hij dat hij gezegd heeft. Ik heb daar een social business van gemaakt, dus de opbrengsten daarvan die gingen terug naar allerlei goeie doelen. En dat tipeert de ondernemer Hans Spekman. En ik ben de ondernemer Coen van Oostrom die andere keuzes heeft gemaakt. En die zijn niet goed of fout. Die zijn gewoon anders. En ik vind het wel heel erg leuk dat er nou eigenlijk twee ondernemers in de polde zitten. Ja, ontzettend leuk. En hij zat dus niet naar je te kijken, want ik weet dat je een hekel hebt aan het worden vastgoed miljonair. He? Dat ben je. Heb je toch gezegd? Heb ik het toch gezegd? Ja, dat is echt gemeen. Maar zo zat hij. Hij dus niet naar je te kijken. Nee, ik denk dat hij ook wel natuurlijk met belangstelling kijkt van hey wie zit daar nou? En en dit is tuurlijk geen bestuurder aan de kant van VNO. Dus een on Maar wat voor type ondernemer? En ik denk dat ja, dat altijd wel een beetje dan een vraag is: is een ondernemer die alleen maar bezig is met zo groot mogelijk vermogen, of is het iemand die maatschappelijk betrokken is? Ik denk, nou, ik wil geen jury over mezelf zijn, maar ik heb wel altijd geprobeerd, ook met de duurzaamheidszaken die ik gedaan heb, waar wij ook aantal jaar geleden over hebben gesproken, om juist ook een breder ondernemer te zijn, die onderdeel is van de oplossing en niet van het probleem. Nou, jij vertelde toen dat je echt een switch hebt gemaakt, dus dat je eerst wel was hè voor winnen, winnen, winnen en zoveel mogelijk omzetten, en uiteindelijk toch ook hebt geleerd dat je er anders naar moet kijken. Het leuke als ondernemer. is als je succesvol bent dat je in een in een in een soort nieuwe wereld terecht komt. Bij mij was dat dat ik mensen leerde kennen zoals Peter Bakker, Feijen Siebesma, Paul Polman, die op dat moment Nederlandse bedrijfsleven leiden en dat niet deden, alleen maar met de agenda shareholder value, maar ook met de agenda hoe kunnen we zorgen dat we een land sterker maken, dat we sociale cohesie hebben en dat we grote maatschappelijke problemen oplossen. En dat is altijd onderdeel geweest, sorry, dan moet ik goed zeggen, en dat dat ik hen heb leren kennen, is dat onderdeel geworden van mijn portefeuille. En daarvoor was dat minder zo. Ik vind dat ook niet per se slecht. Ik kan me voorstellen dat een startende ondernemer Even is een vaak ze heet dat die eendimensionaal is. Hij moet namelijk een product bedenken wat beter is dan de product om hem heen. En om met dat dat je er een stap verder in bent, dan heb je iets meer ruimte om ja om ook na te denken over hoe kan ik daar dan ook een positieve impact mee maken. En is dat misschien ook de reden dat je deze baan als voorman van VNO-NCW jij zo mooi vindt, omdat je dus daarmee ook meer kan creëren voor Nederland. Ja, in die zin is het een beetje een bekroening op op dat werk wat ik heb gedaan. En ik was een beetje op zoek ook naar nou zo iets. Ik was eigenlijk aan het zoeken in Europa, omdat in het geweld in de wereld vandaag weer het nieuws in de oostersin, wat is gebeurd in China, in Rusland, maar zelfs ook bij onze partner Amerika. Die waren toch een andere koers dan dan aantal jaar geleden. Moet Europa sterker en ik dacht wat leuk om daar een rol in te spelen De Big Five, Diana Matroos. Mijn gast vandaag is Kon van Oosterom. Hij is de voorzitter van VNO-NCW en we gaan het natuurlijk hebben over de verzorgingstaat onder druk en in relatie daartoe ook de sociale zekerheid, want dat is enorm actueel. Eerst even de vraag: wat wat heb jij überhaupt met de verzorgingstaat, wat natuurlijk drie pijlers heeft, hè? De sociale zekerheid, gezondheidszorg, onderwijs, wat soort zaken? Ja, ik ik ik vind dat wij in Nederland oprecht het allermooiste land in de hele wereld zijn. Ik vind dat dit zo'n bijzonder land is waar dat zo wazig goed gaat met heel veel met heel veel zaken en daar is die sociale zekerheid is daar gewoon een een van de pijlers die daar onder staat en voor de goede orde ondernemerschap is ook een pijler en daar maak ik me op dit moment echt zorgen over maar die die pijler sociale zekerheid die pijler het vatsoen wat we hebben in Nederland dat als je om allerlei redenen uitvalt en dat kan definitief zijn en dat kan tijdelijk zijn dat er dan een systeem is wat probeert om je te begeleiden om om ja je weer op je voeten te zetten en weer zo mogelijk ook weer aan het werk te krijgen dat vind ik dat vind ik briljant dat we dat hebben de vraag is wel een beetje of het systeem wat we vandaag hebben met met bijna miljoen mensen in de via Of dat nou het systeem is wat we nog steeds ons kunnen voorlopen, en of dat dat systeem is waar ik net van droomde, dat dat onderdeel is van dat hele mooie Nederland. Daar ben ik ook wel een beetje kritisch over. Ja, toch als het gaat over een aantal punten van de sociale zekerheid, hebben jullie natuurlijk met de AOW-leeftijd verhoogen, zijn jullie echt achter de bonden gaan staan? Ja, ja. Nou, ik weet niet of het achter de achter de bonden is. We staan vooral achter onszelf. En maar VNO heeft zijn handtekening gezet onder een groot akkoord die ging over de verhoging van die pensioenleeftijd. Dat heeft mijn voorganger Ingertijse gedaan. Daar sta ik 100 procent achter. En ik vind ook dat als je zo'n lange termijn afspraak maakt waarbij het voor een aantal partijen ook echt wel pijn heeft gedaan. Dat was voor de bonden ook niet makkelijk om dat te slikken destijds. Ja, dan vind ik ook dat je dat dat je dan ook in zekere loyaliteit dan zo'n zo'n transactie moet doen. Nou, een beetje als ondernemer is ook gewoon afspraak is afspraak. Dat is gewoon een helder beginsel in in Nederland. En dat vind ik ook eigenlijk in dit geval dat Weet je, is het dan noordbespreken? Natuurlijk, als de wereld helemaal zal veranderen, dan op bekeer komt alles te bespreken. Beginnen alternatief fiscalisering vanuit de verwachtingen die we destijds hadden. Toen deze duel gedaan hebben, die zijn ongeveer uitgekomen, hè? Dus dus al eigenlijk nog de leeftijdsgroei is iets minder geworden dan we hadden gedacht. De cover daarheen gegaan. Het heeft en dan vind ik dat niet het onderwerp waar we nu over moeten praten. Dus daarvan heb je ook gezegd, het moet gewoon in de wat was het in de vriezer of zoiets? Niet over hebben. Intussen is dat ook van tafel. Dan kun je natuurlijk gelijk, ja, de alle alternatieven daarvan op tafel leggen, dus die fiscalisering, et cetera. En ik hoop echt dat dat niet nodig is. Ik zie dat het twee andere dingen spelen die veel belangrijker zijn. Onze economische groei is veel te la ongelukkig als het om onderpsychie gaat. Ja, ik vind dat precies de vraag die wij ons moeten stellen. En ik heb nog niet alle antwoorden. Wij werken keihard op dit moment binnen VNO, maar ik weet ook dat binnen de CER, Susanne Zaken als ministerie is hier mee bezig. Kim Putters ook later deze week te gast kan met een vraag. Ook een formidabele denker die heel goed en heel scherp kan formuleren waar dan echt het probleem zit. Maar jij noemde bijvoorbeeld de jonge mensen. Het is natuurlijk doodzonde dat iemand die dertig is en dat die in een burnout terecht komt en dat het niet lukt om die dan naar ander werk te begeleiden, want het kan zijn dat er sprake is van toch ook een beetje een arbeidsconflict of te veel druk, misschien in de ja de samenhang tussen privéleven en het werkende leven dat daar dingen misgaan. Maar dat mensen dan in een situatie komen, dat de kans bestaat dat ze nooit meer gaan werken, dat dat vind ik, dat vind ik verschrikkelijk. Dat vind ik voor die mensen verschrikkelijk. Maar het bedrijfsleven heeft ook heel hard deze mensen nodig, omdat er nog steeds een tekort is aan arbeidskracht. Ja, zeker. Als we het voor elkaar krijgen dat deze deze groep en niet allemaal, want er zitten mensen bij die die andere dingen hebben waardoor ze echt niet meer inzetbaar zijn, maar andere mensen zijn wel inzetbaar en die moeten benadert worden en die. Oké. Maar is er dan een goeie weg om te zeggen wat het kabinet wil om daar dan 20 procent van af te halen? Wat ik wat ik wat ik heb geleerd in mijn zes weken dat ik al voorzitter ben, het is nog kort. Wat ik in die zes weken heb geleerd is dat op het moment dat je wordt bezuiniging handeert, dan gaan overal de loopgraven dicht en dan gaan mensen met de hak in het zand en dan stopt een beetje de discussie en verhardt de discussie. Snap je daarin ook de bonden? Want die hebben natuurlijk wel, ja, zijn heel blij met dat cadeau natuurlijk van die AOW-leeftijd, maar zeggen toch, ja, nee, we gaan toch weer staken, want dit moet ook van tafel en straks hebben het nog wel over. De WW ook. Nou over dat staken wil ik het zo nog even hebben, want wat mij betreft was dat niet nodig geweest. Maar wat ik ik wil geen uitspraken doen over ja wat wat wat de de bonden dan denken dat dat dat ze misschien de vraag aan vrijdag nog. Nee, niet wat zij denken, maar dat je denkt. Nou ja, ik begrijp het wel. Ik had het liever, ik had het toch liever het gesprek wat meer open houden. Dan maar als ik denk dat die stakingen niet nodig waren geweest, waar dit echt over gaat en waar ik denk dat ook Hans Spekman een partner gaat worden. Een miljoen mensen in de WIA is niet goed, niet niet laten we zeggen voor zijn achterban, voor de de werken in Nederland, niet voor de bedrijven en helemaal niet voor de overheid die daar helemaal geen geld voor heeft. Dan moeten we met elkaar kijken wat is nou de reden? Precies de vraag die jij stelde. Waarom gaan er zo veel mensen Die wie jij in. Wat is daar, wat is daar nou aan de hand? Is dat Covid geweest? Maar waarom zijn de getallen dan zo veel groter dan in andere landen waar ook Covid was? Heeft dat te maken met zijn veel vrouwen die net bevallen zijn, die die in een burn-out terecht komen? Wat is daar dan de probleem met die? En kunnen werkgevers daar ook beter helpen? En ik neem de verantwoordelijkheid op mij om echt van die werkgeverskant te kijken. Doen wij nu voor de provincie? Hebben we goede regelingen? Nou, wat is daar de discussie die wij aan kunnen? En het is helemaal niet zo dat wij alleen maar zeggen het probleem ligt bij het UWV. Ik denk overigens wel dat we goed naar de rol van het UWV moeten kijken. Er zijn te weinig keuringsartsen en ja, daardoor gaan mensen weer langer moeten wachten uit eigenlijk en dat proces gaan diegen niet zo efficiënt als ze zouden zouden moeten. Nou, ik wil ook met respect maar praten van wat kan hij nou aan te kunnen zetten en we kunnen zorgen dat we weer naar twee procent economische groei gaan en ik ben een beetje ondeugen het heel ambitieus ik denk zelfs dat we naar drie procent economische groei zouden kunnen dat voor elkaar krijgen dan hebben we die die verhoging van de AOW heel eventueel helemaal niet meer nodig dus je zegt bezuinigingen dat is nu het verkeerde woord maar sluit je bezuinigingen uit want de bol staat helemaal niets uit en ik vind ook dat ja dat je dat je realistisch moet zijn maar ik ik hoop in ieder geval dat we fundamentele veranderingen in de sociale zekerheid voor elkaar kunnen krijgen veel meer mensen aan het werk kunnen helpen en als we dat kunnen doen hebben we misschien dat daar ben ik daar ben ik open in ja dat misschien is er dan op korte termijn in de daad nog wel een vraagstuk over de over de financie maar die discussie wordt heel veel makkelijker als we weten dat er op termijn veel minder mensen in wie zitten en ook andere regelingen en als we zien dat op termijn de economische groei hoger is wat dan heb je misschien voor 2008 en 2009 en dan nog eens een jaar waar dat dan bijvoorbeeld een miljard te kort komt ik noem maar even wil ik weer een getal ja en dan dan ja dan zal toch even het gesprek met met Elke Heine moeten plaatsvinden en ik begrijp heel goed hoe hij er wedstrijd zit en hij is ja ik had ook bij mij in mijn bedrijf altijd een heel strenge ziek ja wellicht zijn er dan ook mogelijkheden maar ik ga niet op de stoel van de minister van financiën zitten die die is buiten gewoon niet intelligent weet heel goed hoe het spel werkt dus hij is gewoon er moet rust komen in de polder en daarom is dit zo belangrijk dat is echt belangrijk en ja dan weet je wat ik ook vind is dat is dat als er dan toch nog een beslissing over zou blijven nogmaals ik denk dat dat veel en veel kleiner zou kunnen worden dan is het ook een beetje aan het kabinet want er komen er allerlei woorden rond van veranderschapsbelasting tot naar allerlei andere termen ook het ideetje van spekman winstbelasting omhoog dat dat soort dingen maar dan zou ik ook zeggen nou dan is het ook even als er dan toch nog ergens een gaartje zit dat gaat dat gaat dus dan velemaal kleiner als er dan nog iets over is dan zou ik zeggen nou dan is het kabinet dan zet en dan is dat dan wordt het politiek en ik vind dat dat de polder niet op de rol van de politiek moet om dat in te vullen."
hulpverleners.mp3,interviews,Qwen3 ASR 1.7B,38.1,25.524640657084145,100,66.51540041067761,13186.3125,13186.3125,18.890956619124402,"Meenal, zou je iets verder willen introduceren? Ja, mijn naam is Meenal Ahmad. Ik werk als onderzoeker aan de Vrije Universiteit Amsterdam. Ik heb zelf een achtergrond in culturele antropologie en in de afgelopen jaren heb ik dus een promotieonderzoek gedaan aan de Universiteit voor Humanistiek. Dank je wel. En kun je iets vertellen over de focus van het onderzoek en een noodzaak hiervan? Ja, in de afgelopen jaren, zoals ik al zei, heb ik onderzocht hoe mantelzorgers met een migratieachtergrond de zorg ervaren voor een familielid met dementie. En ik heb daarbij met name gekeken naar hoe de zorg gedeeld wordt binnen families en hoe de zorg gedeeld wordt tussen families en formele zorg. Daar was nog niet zo veel over bekend. Mantelzorgers met migratieachtergrond worden heel weinig, te weinig meegenomen in dit soort onderzoek. En ja, de vergijzing en toenemende diversiteit in Westelijke samenlevingen maakte de urgentie van dit onderzoek dus groot. Ik heb daar mijn kwalitatief onderzoek uitgevoerd, vooral onder mantelzorgers en voor een kleinere deel onder zorg- en hulpverleners. En wat was er al wel bekend over de zorg bij mensen met migratieachtergrond? En wat voegt jouw onderzoek daaraan toe? Wat al wel bekend was uit voorgaande onderzoeken is dat mantelzorgers met een migratieachtergrond minder gebruik maken van formele zorg. Dat kan te maken hebben met taalbarrières, discriminatie of bijvoorbeeld gebrek aan kennis over dementie. In die voorgaande onderzoeken suggereren dan ook dat deze mantelzorgers vaak intensiever, intensievere zorg geven en daardoor vaker overbelast zijn. Maar wij nog niet zo veel onderzoek na gedaan was is hoe mantelzorgers met een migratieachtergrond het delen van de zorg ervaren en hoe die ervaringen gevormd worden door hun sociale omgeving. En door hun contacten met formele zorg, zoals Sabitri en Evelien in de video al vertelden, het geven van zorg is een complexe ervaring, vaak een emotionele en morrale ervaring die beïnvloed wordt door verschillende factoren. En binnen dit onderzoek heb ik dus geprobeerd om daar inzicht in te geven. Ja. En in je onderzoek ga je dus ook in op die emotionele ervaring van het geven van zorg. En wat zegt je onderzoek over het ervaren gevoelswereld van deze mensenzorgers? De bevindingen laten zien dat het geven van zorg gedaan wordt vanuit twee sociale opvattingen of morrale kaders kun je zeggen. We stellen dat je voor een ouder familielid hoort te zorgen. Het ene morrale kader stelt dat je zorg geeft aan een ouder familielid uit liefde voor je ouders bijvoorbeeld omdat ze bijvoorbeeld ook voor jou hebben gezorgd als kind. In het andere morrale kader stelt dat je zorg geeft vanuit een verantwoordelijkheidsgevoel, dus ook als je geen fijne relatie hebt gehad met je ouders. Deze deze opvattingen of morrale kaders zijn al aanwezig in een samenleving. maar vaak geeft slechts één vrouw in een gezin of in een familie je gehoor aan. Dat is vaak een dochter of een schoondochter. En met die morele kaders in gedachten neemt zij dus de meeste of alle zorg op zich. En door dat aan die morele kaders kan voldoen, geeft dat een gevoel van trots en kracht ook dat ze de zorg kan geven. En ja, dat zorgt er ook voor dat dat ze de zorg kan blijven geven. Ja, dus het gehoor kunnen geven aan het morele kader van liefde voor je ouders en het morele kader van verantwoordelijkheidsgevoel geeft dus een gevoel van trots en kracht. En wat betekent dit voor delen van de zorg? Het betekent dat ja met die morrale kaders in gedachten de zorg of de mantelzorgrol langzaam maar een belangrijk deel van de identiteit van de mantelzorger wordt. Dat dat is zeker het geval wanneer wanneer wanneer de zorg niet gedeeld wordt binnen de familie en de de mantel om daarmee om te gaan dus met een gebrek aan dat ja dat het dat de zorg niet gedeeld wordt in de familie wordt de mantelzorgrol afgezet tegen familieleden die geen zorg geven. De mantelzorger kan dan denken van ja ik ben in die geval wel een betere dochter of een betere gelovige. dan familieleden die geen zorg geven en dat is eigenlijk een manier van omgaan met gevoelens van overbelasting en maar vooral ook met gevoelens van teleurstelling in familieleden die geen zorg geven. Het onderzoek laat daarmee dus ook zien dat dat het geven van zorgen een hele emotionele en morele ervaring is. En om de ervaringen en behoeften van mantelzorgers te begrijpen, heb je ook gebruik gemaakt van interseksionaliteit. Wat zijn hierbij de belangrijkste bevindingen? Wat vooral naar voren komt is dat iemands migratiegeschiedenis, dus hoe iemand gemigreerd is, En de sociale klassen waarin iemand is opgegroeid, van groot invloed zijn op het verkrijgen van vaardigheden die van belang zijn bij het organiseren en het delen van de zorg. Maar wat dit in de praktijk betekent, verschilt per mantelzorger, omdat andere sociale factoren of andere aspecten van iemands identiteit en iemands levensgeschiedenis ook beïnvloeden hoe de zorg ervaren wordt, hoe de zorg gedeeld wordt. Denk bijvoorbeeld aan bijvoorbeeld iemands posities, iemands positie in in de familie, of er een sociaal netwerk is of niet, en bijvoorbeeld wat voor rol religie speelt in iemands leven. Ja. dus je zegt dus eigenlijk dat iedere mantelzorger andere levenservaringen heeft en daardoor dus ook andere behoeften heeft bij delen van zorg klopt dat ja ja dat klopt het onderzoek laat daarmee dus ook zien dat we ons niet moeten blindstaren op cultuur op de cultuur en etniciteit van mantelzorgers mijn plaats daarvan iedere mantelzorger te zien als een uniek individu met die verschillende ervaringen heeft en ja waarvan de achtergrond eigenlijk heel complex is en die beïnvloeden de manier waarop ja waarop Iemand de zorg ervaart en de behoefte die iemand nodig heeft. Dus het is heel belangrijk om te kijken naar de persoon die tegen je over zit als professional, in plaats van labels te plakken op mantelzorgers mantelzorgers door ze te zien als onderdeel van een culturele groep. Ja, en je hebt ook met zorg en hulpverleners gesproken. Wat kwam hieruit naar voren? Wat vooral naar voren kwam is dat zorg en hulpverleners in het contact met mantelzorgers en families het vooral belangrijk vinden dat er een gevoel van nabijheid is, want dat is nodig om de zorg te kunnen delen. En daarvoor is het heel belangrijk dat er ook een gevoel van begrip en vertrouwen is tussen mantelzorger en professional. Maar bij mantelzorgers met een migratieachtergrond in hun contacten daarmee wordt dit gevoel van nabijheid vaak verhinderd. Ook mantelzorgers ervaren vaak een gevoel van afstand, waardoor ja nabijheid en vertrouwen eigenlijk niet mogelijk is. En dat leidt er dus vaak toe dat professionals deze mantelzorgers niet verder kunnen helpen en dat ze dus vast raken in hun werk. Daarnaast kwam naar voren dat professionals in hun werk heel graag uitgaan van een vraaggestuurde benadering. Evelyn vertelde het ook al eventjes. En in deze benadering wordt de regie heel erg bij de mantelzorger gelegd. Dus het is aan de mantelzorger om de hulpvraag te formuleren. Maar ja, dat is vaak vaak werkt dat gewoon niet zo. En ik weet nog dat een paar professionals me ook vertelden dat wanneer een mantelzorger de hulpvraag niet formuleert of aangeeft geen hulp nodig te hebben, dat ze dat dan ook dat de professional dan ook moeilijker vindt om een mailtje te sturen of om even te bellen om te zien hoe het gaat. Want ja, dat dat zou je misschien als professional op dringend overkomen, want past niet binnen een vraagsturen aanpak. Maar deze aanpak werkt vaak niet wanneer geen vertrouwen is, want iemand zou de hulpvraag gewoon minder snel formuleren wanneer er geen gevoel van vertrouwen is en nabijheid. Daarnaast werkt deze aanpak ook niet wanneer wanneer mantelzorgen bijvoorbeeld geen kennis heeft van dementie, dus gewoon niet weet wat dementie is, en ook niet op de hoogte is van wat de mogelijkheden voor ondersteuning zijn. In de breakout sessies zal ik daar wat verder op ingaan. Maar wat vooral naar voren komt uit het onderzoek is dat deze aanpak er echt vaak toelaat dat professionals vast komen te zitten in hun werk, waardoor vervolgens mantelzorgers ook niet ondersteund worden in het delen van de zorg. Ja, dus je gaat in op dat die nabijheid en vragengerichte aanpak. En als dat niet wordt bereikt, wat gebeurt er dan? Ja, wanneer dat gebeurt, zag ik dat het vaak gerelateerd wordt aan culturele verschillen. Dus het contact lukt niet. En het eerste waar professionals vaak aan denken, niet altijd, maar vaak wel, dat dat het te maken heeft met culturele verschillen. Dat dat gebeurt doordat professionals het contact met mantelzorgers met een migratieachtergrond vaak vergelijken met mantelzorgers uit de meerderheidspopulatie, waarbij het contact vaak wat wat makkelijker gaat. Maar op die manier worden deze mantelzorgers als de ander gezien, waarmee het heel moeilijk is om contact mee te maken, omdat ze de cultuur niet zouden kennen. Dat wordt dan zo is die gedachtegang dan. Daarnaast wordt ook vaak aangenomen dat, ja, ook wat Evelien al eigenlijk vertelde en Sabitri, is dat wanneer mantelzorgers niet om formele hulp vragen, ook al snel wordt aangenomen dat dat dat niet gebeurt, omdat mantelzorgers met een migratieachtergrond nou nou eenmaal liever zelf zorg geven, of of nou eenmaal liever binnen het eigen sociale netwerk hun probleem oplossen, of op zoek gaan naar ondersteuning. Behalve dat dat niet overeenkomt met de ervaringen van de mantelzorgers die ik sprak, leiden deze manieren van denken er vaak toe dat professionals vastlopen in hun manier van werken en is ervaren daardoor ook vaak een soort handelingsverlegenheid, waardoor ze ook met je terughoudend zijn in het doorvragen bijvoorbeeld. En ja, daardoor komen veel vraagstukken niet op tafel en wordt het delen van de zorg dus verder belemmerd. En een paar professionals die ik sprak hadden wel andere manieren gevonden om toch verbinding te maken met mantelzorgers en op stapels te overkomen, maar de meeste professionals die ik had het toch vaak over dit soort obstakels die ze tegenkwamen in hun contact met mantelzorgers met een migratieachtergrond. Ja. En komen al bij de laatste vraag. Hoe kunnen zorg en hulpverleners die nu ook meekijken mantelzorgers met een migratieachtergrond ondersteunen? Vaak ja, vaak wordt gedacht dat vaak wordt gezocht eigenlijk naar concrete formules of concrete handvatten bij delen van de zorg met families en mantelzorgers met een migratieachtergrond. Maar die zijn er niet en die kunnen er volgens mij ook niet zijn, want het gaat altijd om maatwerk. Van een aantal professionals word ik bijvoorbeeld dat ze fijn zouden vinden als er als er een boek was met een overzicht van verschillende culturele gebruiken per per culturele groep, zodat ze hun contacten met mantelzorgers met een migratieachtergrond daar daar vervolgens op kunnen afstemmen. Maar zoiets werkt niet. Dat dat zou gewoonweg niet werken, omdat mensen veel meer zijn dan de culturele groep waar ze toe behoren. Wat wel kan helpen is om geen culturele labels op mantelzorgers te plakken, maar om open en nieuwsgierig het gesprek aan te gaan. en zoals ik al zei, is altijd heel belangrijk om te kijken naar de mensen die tegenover je zit en je af te vragen hoe hoe is iemand opgegroeid, hoe lang woont iemand in Nederland, zijn er sociale netwerken of niet, et cetera. Er zijn heel veel vragen die belangrijk zijn om de achtergrond en de geschiedenis, de levensgeschiedenis van van de mantelzorger helder te kunnen krijgen. Die zijn die spelen dit soort aspecten spelen allemaal mee in hoe de behoeften zijn. En daarmee bedoel ik ook dus dat het belangrijk is om contact, verbinding te maken met de leefwereld van mantelzorgers, want zij zijn een enorme bron aan kennis. en zij weten als geen ander hoe de ouder met dementie geleefd heeft en wat wat de behoeften zijn in in de zorg. Dus vooral het gesprek aangaan met mantelzorgers. Wat daarna heel belangrijk is, is dat professionals zich ook bewust zijn van hun eigen referentiekader. Wanneer we het hebben over mantelzorgers met een migratieachtergrond, gaat het vaak over over de cultuur van de ander. Maar professionals hebben ook een cultuur natuurlijk. Ze hebben ook een professionele bagage en ze nemen ook zichzelf mee in het werk dat ze doen. Dus ja, het is heel belangrijk dat ze daar bewust van zijn. Want objectieve hulpverlening is er niet. We komen allemaal ergens vandaan. We zijn allemaal met bepaalde normen en ervaringen opgegroeid en die kleuren de manier waarop je, waarop je situaties, zorgsituaties in dit geval, ziet en benadert. Dus in het contact met mantelzorgers denk ik dat het heel belangrijk is dat professionals zich constant afvragen: met welke bril kijk ik naar deze zorgsituatie of naar deze mantelzorger? Het is natuurlijk ook belangrijk dat professionals gesteund worden hierin door de organisaties waar ze werken. En dat zou kunnen door diversiteit en inclusie als aandachtspunten nemen. Ja, dank je wel, meen aan voor dit gesprek. En we kijken heel erg uit naar je promotie half november. En mocht je daarbij willen zijn, stuur dan ook een berichtje even naar Faros en dan linken we je door voor de online sessie."
ouderen-zorg-2.mp3,interviews,Qwen3 ASR 1.7B,40.0,25.537822497420187,100,67.81011351909184,13186.3125,13186.3125,16.657092746409052,"Nou, dit is mijn allereerste podcast, de Tommy en de Zorg podcast ga ik hem maar noemen. Ik ben hier nou op Saint Joseph en ik vind het een hele mooie locatie. Eigenlijk wel heel bijzonder. Ik ben nou met Olaf Schut en we hadden al eigenlijk al een afspraak. Stijn en uiteindelijk hebben we nou besloten om dit te gaan doen, om een podcast te gaan maken. Er zijn weinig podcasts over de zorg. Ik denk dat we daar nog wel hele leuke dingen mee teweeg kunnen brengen met podcast. Maar ik ben hier nou met Olaf en Olaf is specialist ouderengeneeskunde. Zeg ik dat goed? Ja, dat klopt. Ja. En is het hoe noemen ze het nog meer? Het werd vroeger altijd verpleeghuisarts genoemd. Hmm. Eigenlijk sinds 2008 weten we is is het gefuseerd met de oude sociale geriaters en sindsdien heet het specialist oudergeneeskunde. Specialist oudergeneeskunde. En zijn er veel mensen die jouw beroepen beoefenen? Ja, volgens mij zijn het er om en nabij 1500. Dat is een relatief kleine groep voor een hele grote doelgroep. Ja. En veel van hen werken nog steeds in het verpleeghuis. Je ziet dat daar een grote cultuurverandering ontstaat dat er steeds meer buiten het verpleeghuis gaan werken. Als je naar gaat dat 6% van de kwetsbare ouderen wonen in het verpleeghuis. 6. Ja. Dus van alle kwetsbare ouderen wonen maar ongeveer 6% in het verpleeghuis. Jij werk je niet in een verpleeghuis. Ik werk op dit moment vooral bij mensen thuis. En gauw een tijdje in Amsterdam ook wel in het verpleeghuis onder andere werken. Maar ook bij mensen thuis. En dan, op welk moment kom je dan tegen in jouw werk? Ja, eigenlijk allerlei soorten mensen. Dus veel mensen. Het is natuurlijk het idee in Nederland dat we steeds langer thuis willen wonen. Deels vanuit de overheid, maar ook wel dat mensen dat graag willen. We worden steeds ouder. En het is ook heel belangrijk om te kunnen doen wat je zelf, hoe je zelf instaat. Dus veel mensen willen zo lang mogelijk thuis wonen. Wat ik zie is, ik word veel de huisartsen ingeschakeld. En dan doen we zo geheten eerste lijnconsulteren. Want de huisarts is de eerste lijn, eigenlijk de eerste zorg. En die kunnen ons inschakelen voor heel veel redenen. Maar veel voorkomen is bijvoorbeeld dat ze merken dat het op vele fronten steeds moeizaamer gaat. Dat iemand steeds meer verschillende klachten heeft, bij veel specialisten loopt, bijvoorbeeld steeds meer gaat vallen, de medicatie wel eens vergeet, geen thuiszorg heeft, dat liever ook niet wil. Echt een beetje een grijs gebied tussen gaat het nog wel thuis of niet. En dan zie je dat dit percentage veel naar specialisten gaat in het ziekenhuis. En wat wij kunnen is in korte tijd helemaal in kaart brengen. Dus worden wij ingeschakeld door de huisarts met een vraag. van bijvoorbeeld wanneer valt steeds vaker kun je daarin meedenken van een onderliggende oorzaak of of het überhaupt nog thuis wel veilig kan en dan komen we ja een paar keer langs en dan brengen we ze eigenlijk in een kaart maar maar die ik weet wel als ik in de wijk werk dan is het toch vaak de huisarts waarin we de dealen hebben zeg maar en die die die heeft het niet zo vaak over zo'n specialist oudergeneeskunde van het verpleeghuis ken ik het wel maar in de wijk dan ik zie ze dan niet zo veel hoe kan dat denk je ja ik denk dat het toch ook wel deels met de naamspelkentheid te maken heeft en dat het ook wel lastig is dat het bijna in elke regio weer anders georganiseerd is dus die keten van zorg en dus hoe zijn de onderlinge afspraken gemaakt? Als ik kom zelf uit Noord-oeschoninger, dan heb je echt een krimpregio. Daar werken heel weinig specialist oudergeneeskunde. Dus als je er maar een weinig hebt, dan is het ook heel moeilijk om die eerste lijnsconsulten te doen. Dus als je tekorten in je verpleeghuis hebt, dan zie je bij de grote organisaties vaak dat ze minder geneigd zijn om die consulten te doen. Wat eigenlijk gek is, als je na gaat waar de grootste doelgroep woont. En ik denk dat dat ook nodig is, dat we dat dat huisartsen weten dat ze een sparringspart en kunnen vinden in in in de complexe zorg met ouderen, maar dat wij ook een schakel kunnen zijn tussen de case manager, de thuiszorgmedewerker, de familie. En wat ik vaak zie is dat ik, ik zie meestal mensen één à twee keer, en dan hebben we meestal één of twee gesprekken en dan brengen ze helemaal in kaart, ook soms met een verpleegkundige of anderen erbij. En dan hebben we vaak een uitzorggesprek en dan geven we eigenlijk heel veel handvatten om te kijken of iemand daardoor een stukje waardevoller nog thuis kan wonen. En het kan soms iets heel klein zijn, bijvoorbeeld dat ze nooit hebben gedacht aan die trappen aan te passen. Dus ik ben ook een beetje erg goed therapeut, ja. We proberen eigenlijk alles op alle domeinen in kaart te brengen, dus bijvoorbeeld op lichamelijk vlak, maar ook op de de ADL, dus de lichamelijke verzorging, hoe ze dat organiseren, of iemand nog wel of niet kan koken. Eigenlijk doen we een hele assessment van dat we alles in kaart brengen, alle domeinen, ook op psychisch vlak, communicatief, zijn er bijvoorbeeld zichtproblemen of hoorproblemen. En dan lopen we dat stapsgewijs bij langs van wie zou daar nou een rol in kunnen spelen. We doen het vrouwelijk niet alleen, want ook de wijkzorg doet ontzettend veel en signaleert ook heel veel. Dus we hebben ook vaak contact mee. Maar kan dan zeg maar iemand een verpleegkundige of een zorg in de wijk kan die jou gewoon bellen? Dat ja dat kan, vaak wel. Meestal gaat het via de huisarts. En een behellem belangrijk spin in de web is een praktijkondersteuner. Dus die zie je sinds al afgelopen jaren steeds meer. En dan heb je praktijkondersteuners ouderen. Die zijn eigenlijk ook het aanspreekpunt daarin vaak. Dus daar sparen wij het meest mee. Maar je ziet ook dat we bij bepaalde huizen bijvoorbeeld elke zes weken een MDO hebben. En dan beetje verschilt het per regio, maar dan kan het bijvoorbeeld zijn dat je daar een wijkverpleegkundige, maar ook een WMO-consulent, een case manager, sociaal team, sociaal team. Je kan eigenlijk daar alle belangrijke spelers van die wijk kan je aan tafel laten komen. En dan bespreek je de kwetsbare ouderen. En dan kan het soms alleen al aan tafel voldoende zijn. Dan hoef je niet eens altijd iemand te zien, maar dat je met het meedenken soms echt iemand al heel erg kan helpen. Ja. Oké, best wel boeiend. Jammer dat er nog niet zo heel veel mensen van weten eigenlijk. Maar als je nou even teruggaat in de tijd, hè, je bent een Je bent een man en je bent nou dokter geworden al een tijdje trouwens hè? Ja. Wat wil jij vroeger worden? Toen je jong was? Vroeger wilde ik professioneel baaskopaller worden. Oké. Met mijn 1,73 meter was dat wel een uitdaging. Heb je dat geprobeerd? Ik heb het op mijn manier wel geprobeerd. Heel veel, heel veel gebaaskopallers. Ja, maar nee, het is helaas niet mogelijk worden. Nee. En toen? Heb je toen? Toen wilde ik na een lange zoektocht wilde ik geneeskunde studeren en wilde ik vooral sportarts worden, want ik sport er nog steeds heel veel. Maar waarom geneeskunde? Geneeskunde omdat mijn vader die was huisarts. zie je vaak hè dat dat toch ja die toch een beetje in de in de familie zit hè de dokters toch klopt ja ja en mijn moeder is zelf verpleegkundige oké dus dat zag je ook mijn vader had een een huisartspraktijk in Noord-Holland Groningen en en aan huis dus ik heb ik het is met ik heb het altijd gezien patiëntenzorg we hielpen mee als er griepspuiten werden gezet met de registratie en als ik wat ouder was ouder was dan mocht ik ook wel eens een griepprik zetten onder supervisie ja ja en ik vond het stiekem eigenlijk altijd heel erg leuk een beetje in je puberteit dan kom je zo verder dat je niet of juist helemaal zoals je vader wil zijn of compleet niet nou ik wilde het leger in en ik wilde vooral heel veel sporten Toen zijn mijn vader ooit tegen mij, hij zei je hebt zo veel interesse in de mens en in het verhaal van de mens, waarom word je niet gewoon eerst dokter en dan kun je altijd nog het leger in. Ja, je kunt ook legerarts worden. Precies. Ja, militair arts. En dat vond ik eigenlijk een hele logische zet van hem, dat ik dacht, daar heb je eigenlijk wel gelijk in. Ja. En dan heb ik een eerste hele interessante studie en dan kan ik daarna heel mooi actief leven in de in het leger hebben. Dus je je vader is wel een voorbeeld van jou. Ja, ja, mijn vader is een grote rolmodel, mijn beide ouders, maar mijn vader wel uiteindelijk voor me voor het pad wat ik heb bewandelen. En en oké, dan nou goed, dan ga je geneeskunde studeren. Ik ik ben verpleegkundige en ik ik weet wel heel veel mensen die in de zorg werken vinden kijk ook wel een beetje op tegen de dokter hebben veel geleerd en ik denk ook de dokters van vroeger dat die wel een beetje anders in hun werk stonden was het moeilijk de studie de studie vond ik heel moeilijk ja ja ik vond mijn probleem was ik was na mijn middelbaar school een stukje naar het buitenland gegaan daarna en toen ik begon met studeren las ik elk boek wat er was voor de studiestof veel studenten gingen veel tactischer kijken welke welke belangrijke boeken ik las elk boek elke letter en daardoor vond ik het moeilijk onderscheid te maken tussen kleine details die werden gevraagd, dus hele zeldzame dingen. Ik wist vaak heel goed de klinische ziektebeelden, maar minder goed een speciaal eiwit wat ineens werd gevraagd of een een zeldzaam molecuul. Dat vond ik vond ik lastiger. Dus ik liep er in het begin best wat tegen aan. En ik heb ook echt overwogen om mijn studie te stoppen op een gegeven moment. Ja. Maar de de zeg maar de voordat je basisarts bent, duurt zes jaar. Ja. Ja. In mijn derde jaar overwogen ik te stoppen met de studie. En dat en achter en toen heel veel soul searching gedaan en gekeken van ik wilde heel lang ook de theateracademie doen dus ik dacht ga ik dat dan niet doen theater ja oké ja bent al zoekende geweest of zo zeker zoekende en dat is ook wel iets wat ik herken bij mede dokters en ook wel geneeskundestudent dat het echt een zoektocht is omdat het eigenlijk een hele brede opleiding is van mensen denk ik ik word er dokter mee maar eigenlijk kan je alle kanten er mee op maar tijdens je opleiding ben je ook denk ik heel veel bezig met jezelf hè ja ja denk dat daar wel de bijhoor bij jullie opleiding tenminste ik weet niet wat zo is maar nee zeker en er is denk ik ook veel meer aandacht voor als en ook wat wat patiëntencontact met je doet als ik vergelijk met mijn vader heb ik wel eens gevraagd hij heeft in zes jaar opleiding één patiënt gezien en dat was eigenlijk vooral aan de start wanneer die dokter wint terwijl nu de geneeskundige opleiding een hele praktische opleiding is waar je heel veel stages doet heel veel patiënten ziet vier keer per week wat een patiëntencollege had dat was waar een live een patiënt was en ook heel veel aandacht veel meer aandacht is voor communicatie met de patiënt dus ik denk dat daar echt wel een hele positieve verandering in is maar wat bijvoorbeeld gek is met die wat je zei over die verpleegkundige wij hebben in ons eerste jaar een zorgstage dan moet je een maandje meelopen met de verplegingen dan ben je eigenlijk even eigenlijk helpende of dan help je in de zorg. Ik van dat super leerzaam. Ik heb dat in het ziekenhuis gedaan. Ja. En dan moet je mensen wassen en aankleden en de wondverzorging. De opleiding. Dat hoort er echt bij. Ja. Maar dat is helemaal het begin van de opleiding. Ja. En en en veel mensen, ja, hebben we dat toch wisselen ervaringen bij? Wel leerzaam, maar daarna ga echt door met je opleiding. En dat ik wel eens achteraf denk van, het had leerzaamer geweest als ik dat helemaal aan het einde van mijn opleiding had gehad. Want dat ik nu meer dan ooit realiseer, ja, hoe wij leunen op de verpleging en dat onze handen en voeten zijn, onze ogen, dat wij soms patiënten maar zo een kort moment zien. ja dat dat dat je dat je elkaar echt nodig hebt en dat je elkaar ook af en toe blindelings moet kunnen vertrouwen en dat realiseerde ik me beter toen in die fase in dat eerste jaar maar ja dat gaat zes jaar overheen en dan heb ik wel eens gevoeld dat mensen dat vergeten eigenlijk en ik denk dat dat mede speelt in in die rollen en in in die hiërarchie die er misschien nog steeds wel is ik vind ik vind het mooi je zegt vertrouwen hè dat denk ik heel belangrijk in de zorg maar even even terug naar jou je je hebt dus de basis achterna ouderengeneeskunde kan studeren maar dus eigenlijk toch ja iedereen kiest daarvoor waarom waarom kies jij specifiek voor de doelgroep oudere mensen want die worden niet meer zo snel beter. Nee, dat klopt. Nee, dat is dat is eigenlijk denk ik bij mij ontstaan dat ik het sportarts heel snel had verlaten dat dat beeld. Ik heb een keuzevak gedaan, toen merkte ik dat het voor mij niet de doelgroep was waar ik eigenlijk naar op zoek was. Ik had toch wat meer met mensen die toch wel ziek waren. En toen kwam ik op revalidatiegeneeskunde. Daar heb ik mijn hele studie eigenlijk op gericht. Onderzoek gedaan in India en ook keuzevakken in gedaan, maar ook psychotherapie. En toen vond ik het toch wel lastig dat je toch nog best een grotere afstand met de patiënt hield. En het contact, patiëntencontact niet dichtbij genoeg kwam op een of andere manier. En toen dacht ik, ik word maar huisarts, want dat dat was dan een soort van laatste keuze wat eigenlijk belachelijk is want het is een ongelofelijk complex vak maar toen dacht ik ja daar vind je alles alle interesses ook toch zoals mijn vader en die zei ga maar in het verpleegerswerken dat is het meest complexe doelgroep voor een huisarts als je dat een beetje onder de knie hebt dan komt het huisarts worden wel goed en hij had denk ik niet gerealiseerd dat dat effect dat iets anders zou worden want dus je ging eigenlijk met de intentie naar het verpleeghuis van uiteindelijk wil ik huisarts worden ja en toen is er iets anders gebeurd zeg maar ja mijn eerste ervaring was niet meteen lief op eerste gezicht ik ik had toen net de surnamen nog kooschapper gelopen en toen ging ik in de bui om er in een verpleger starten ja qua sfeer fantastisch en ik heb ontzettend leuke bewoners gehad, maar er was niets voor begeleiding, dus ik had het was een locatie die enorme onderbezetting had qua dokters. Dus toen heb ik ook gekozen om daar niet in verder te gaan na een paar maanden, klein uitstapje gemaakt naar de verslavingszorg en daar kwam ik heel veel oudere tegen en met verslavingsproblematiek, met drankproblematiek, met benzo afhankelijkheid, slaapmedicatie en ik vond dat zieken eigenlijk heel erg interessant, vooral omdat ze zulke mooie verhalen altijd hadden en zo anders waren dan die jongeren die aan de GHB verslaafd waren. En toen zeiden heel veel collega's tegen mij, volgens mij moet jij iets met die ouderen weer gaan doen. En ik had het in mijn hoofd dan helemaal afgeschreven. Maar toen viel het allemaal op zijn plek. En als ik dan nu jaren later terugkijk, ben nu bijna klaar met de opleiding tot specialist. Dat is een driejarige opleiding. En ik heb daarvoor dus ook een tijdje in de ouderenzorg gewerkt. Merk ik dat die doelgroep zo ontzettend leuk is. En het is, er is geen dag hetzelfde. Vooral het werken met mensen die dement zijn, dementie hebben, dat vind ik zelf heel erg mooi. Ja, maar waarom dan? omdat je eigenlijk als dokter niet een standaard doktersrol hebt. Dus ik schrijf niet alleen maar pillen voor, ik ik ik denk niet alleen maar in diagnoses, maar je weet dat iemand dement is, je weet dat ze een beperkte tijd hebben om nog te leven, en je kijkt eigenlijk naar veel veel grotere dingen dan dan alleen de lichamelijke klachten. Je kijkt ook naar bijvoorbeeld kunnen ze door die lichamelijke klachten ineens niet meer activiteiten doen? Hoe kun je die activiteiten dan nog op een bepaalde manier aanpassen dat ze het wel kunnen doen? Kon iemand piano spelen, maar kan die door zijn ziekte dat niet meer? Hoe kan je dan wel zorgen dat hij nog van pianomuziek kan genieten? En dat, ook met dat soort dingen, denk je heel veel mee en je denkt het heel erg in een team. En het zijn mensen die heel dankbaar vaak zijn, omdat ze toch wat anders in het leven staan dan jonge mensen. Maar wat je zegt, je hebt dan geneeskunde gestudeerd, het wordt zegt het al, bij deze mensen worden niemend beter. En dan moet dat toch wel iets zijn met die doelgroep die jou dan toch treedt of zo. Ja, ik vond het heel bevrijdend. Dat heb ik ook wel eens keer gezegd. Dat ik vind het heel bevrijdend om niet alleen in diagnose te denken. En zo is wel de opleiding heel erg ingericht. Iemand komt met een klacht. je denkt in een bepaald patroon en het zal een bepaalde ziekte kunnen zijn en je denkt in een behandeling. Die gaat oplossen, die wil je oplossen. Fixen. En dat dat zit er ook soms nog wel in en dat kan ook heel nuttig zijn en is ook af en toe zeker nodig in acute situaties of bij bepaalde klachten die je daardoor toch nog kan verhelpen. Want dat vergeten ook heel veel mensen denk ik dat je bij ouderen ook echt bepaalde klachten zeker nog wel kan verhelpen. Ja. Ik heb ook al dat ik een schouder dat ik daar een injectie in heb gegeven en dat iemand daardoor pijnvrij geen pillen nodig heeft. Ja. Nou dat vind ik heel mooi om te kunnen doen. Maar ik vind het ook wel heel fijn dat het heeft al iets dat eigenlijk je als zo'n jonge dokter met een fase van het leven bezig bent wat allemaal ons te wachten staat met de laatste levensfase, met de dood. En en dat is heel bijzonder om om mee te werken. Denk je dat je zeg maar anders in het leven staat door jouw werk? Ja, 100%. Want hoe oud hoe oud ben je eigenlijk? 33. 33. Ja. En dan die komt die bent die gaat heel vaak om met jou patiënten dan hele oude mensen en die vertellen je verhalen en dan daardoor kun je dan beter je eigen leven relativeren ofzo denk je? Ja, soms wel. Soms denk je dan echt dan dan maak je iets heftigs mee en dan denk je jezus, dan kom je thuis en dan denk je ik wat wat Wat wat ben je eigenlijk soms met benulige dingen maak je je zorgen om? Of je toiletpapier op is of wat moet ik gaan eten vanavond? Ja. Het doet me. Ik heb ook daardoor veel meer over de dood kunnen denken. Als kind was ik eigenlijk heel van me bezig en ook wel erg bang voor geweest. Die maak nou heel veel of heel vaak denk ik wel de dood. Ja. Van dichtbij mee. Ja. En daar ook een actieve rol. Precies. Ik geloof oprecht dat dat geen toeval is dat ik dan daarom ook met deze doelgroep werk. Dat je spiritueel al daar al in jouw jeugd. Ja. Ja. Of beroep mij heeft gekozen. Dat zover weet ik niet, maar het is wel dat ik doordat ik nu zo vaak rauzi of iemand ik heb meerdere mensen gehad die in mijn handen overleden dus je zo dicht bij de dood komt dat ik er wel op een andere manier naar ben gaan kijken ja en dat ik dat heel bevrijdend vind eigenlijk ja dat het ook wel iets heel moois kan hebben af en toe maar ook ook heel bijzonder is dat je als dokter zo dicht bij dat proces komt ja maar je bent ook heel verantwoordelijk eigenlijk in dat proces natuurlijk ja als verpleegkundige weet ik je bepaalde dingen je hebt heel veel verantwoordelijkheden maar de dokter is toch wel degene die dan heel veel bepaalt en ook wel cruciale dingen en ook wel ik weet wel in het hospies hadden wij een een dokter en die was echt heel goed die was die was daar heel goed in en Maar als een dokter dan niet is, dan is het voor een verpleegkundige ooit wel eens lastig. Van, hey, moet je die dokter eerst bespelen om de juiste zorg te kunnen krijgen. En ik denk, was nog een mijn vraag, als je dat goed kunt doen als dokter, als arts, is het superwaarder voor iedereen die betrokken is bij het proces. Maar wat maakt er dat voor jou dan dat je zei, je zegt van die dokters in het hospice konden dat heel goed. Wat was dat dan in jouw beleving? We hadden in het hospice één dokter en die was ook gewoon gespecialiseerd in die terminale fases, zeg maar, waar mensen in komen. En die, bijvoorbeeld, mensen in de wijk die dan de eigen huizenarts hebben, die paratierv op een gegeven moment terminaal. en als je hebt dan huisartsen erbij die die willen die zorg graag zelf doen regelen fixen zeg maar maar die gaan heel anders om omdat ze misschien niet genoeg ervaring daarmee hebben en dat is soms heel frustrerend want als je dan ik weet van het hospice dat er zeg maar hele andere doseringen werden toegepast om mensen rustig te krijgen of om mensen geen pijn te laten hebben dan zie je een huisarts iets anders doen en dan zie je dat het geen geen goed effect heeft op een patiënt ja dan is dat frustrerend maar zo'n dokter bedoelt het natuurlijk goed maar mensen met meer kennis op dat gebied die kunnen denk ik toch wel beter die die doseringen inschatten zeg maar voor de mensen en dan dan denk ik dat dat wel heel erg waardervol is. Dus er is heel veel verschil in natuurlijk, hè. Zeker. En als je dan misschien te trots bent om een, dan zeg ik misschien heel zwart-wit, om een patiënt over te geven aan een andere dokter, ja, dat kan wel eens heel lastig zijn, ja. Ja, ja. Is het dan altijd in het belang van de patiënt dat een huisarts dat, het is ook heel begrijpelijk als je als huisarts natuurlijk heel lange patiënten hebt geholpen. Ja, zeker. Daarom. Maar het is wel dat je zegt, ook je merkt in de praktijk gewoon dat je dit echt aanliep, dat ze er gewoon niet altijd even veel ervaring mee hadden. Ja, zeker. Je hebt dan zeg maar je huisartsen die dan niet zo veel ervaringen mee hebben, die willen dan graag zelf doen en dan dan weet je als verpleegkundige hoe het binnen een hospice gaat of. Je moet er anders mee omgegaan met zulke klachten bij mensen en dan. Ik ga niet zeggen dat je het dan beter weet als verpleegkundige, maar soms, soms ook wel. En hoe ging je daar dan mee om? Ik kan me ook voorstellen dat je dus door je ervaring dan wel eens denkt, goh, ik zou het zo doen. Voelde je dan de ruimte om dat aan te geven aan zo'n dokter? Ja, wel. Soms wel, zeker wel. Je hebt, ik heb, je hebt zoveel verschillende mensen natuurlijk, hè. En ik soms wel. Soms, soms heeft ook een wel eens een dokter gevraagd, wat zullen we dan doen? En dat vond ik mooi. Dat vind ik. Daar ben je mee. Ja, dat vind ik prachtig als je zomaar zulke mensen hebt, maar ook wel, dat zoiets nee, zo is het en niet anders. En dan denk ik, ja, dan weet ik niet hoe het komt. Ik geloof echt dat iedereen met goede intenties dus het denk ik heel belangrijk om voor elkaar open te staan ongeacht hoe wil je gestudeerd hebben of wat precies je vak is binnen de zorg ja ja ik denk ook dat het dat dat dat echt essentieel is dat je realiseert dat je het niet alleen kan en ja ik heb zelf in hospice drie maanden mogen werken tijdens mijn opleiding in een joods hospice in amsterdam was echt super waardevol ik ben zelf niet van joods kom af maar dat was heel mooi om te kunnen meemaken en daar werkte een huisarts die gespecialiseerd was in palliatieve zorg en ik als specialist oudergeneeskunde in de opleiding en er waren een paar andere specialisten oudergeneeskunde ook aan verbonden dus het grootste gedeelte van de dokters waren specialist oudergeneeskunde ja En wat bijzonder was, dat ik daar ook soms met hele jonge mensen te maken kreeg die gewoon net zo oud als ik waren. Die ging overlijden. Die ging overlijden. Dat vond ik zelf wel ook weer een moment dat ik dacht, ik ben wel heel dankbaar dat ik niet met jongere patiënten werk. Ja, ik vond het heel moeilijk. Ja, dat herken ik wel. Ik kan me herinneren dat er een keer een jongen in het holspies lag die ook mijn leeftijd had. Ja, ja, dus dan onwerkelijk of zo. Dan ga je heel eigen ding op jezelf betrekken. Jongen, ja, je bent dan wel professional, maar dan doe je dat toch. Ja, had je dat ook? Ja, zeker. Dat herken ik heel erg. Ik heb echt een patiënt gehad dat ik dacht dat had ik kunnen wezen. Het was alleen dat ik heb dan een dochtertje dat had hij niet. maar voor de rest had ik compleet dezelfde persoon kunnen zijn en hij hij had het pech dat hij dat hij een tumor had waar hij aan kwam te overlijden en ja dat ook dat het leven dan zo dat je soms gewoon pech kan hebben maar ik vond het heel bijzonder dat in dat hospice werd er zo veel aandacht gegeven aan de beleving van dat laatste stukje en er werd daar ook gezegd het leven wordt gefeerd tot het laatste moment ik geloof er mensen hoor je niet bij een hospice dat ik ooit vertel over het hospice dat mensen dan hebben ze zoiets van oh ja dan gaat iedereen dood en daar is het heel duister en terwijl ja jij weet het ook het leven staat nergens zo centraal als in een hospice denk ik nee nee zeker en er wordt ook heel veel gelachen en lekker gegeten en soms zelfs hele mooie muziek gedraaid en via de wensenambulance bijvoorbeeld bepaalde dingen nog gedaan ja dat is ook mooi wat moet die doen ja ik ik volg hun ook op op LinkedIn en dan zie ik altijd van die mooie foto's van iemand die nog ergens in een bos een laatste picknick doet of dat vind ik zo ik vind dat wij in de zorg voor dit soort dingen echt aandacht moeten hebben en niet alleen voor verder moeten kijken dan alleen de ziekte en als ik dan terugkijk heeft dat dus ook meegespeeld waarom ik ooit voor revalidatiegeneeskunde koos want die kiezen die werken ook heel vaak vanuit een ziekte dus iemand heeft bijvoorbeeld een broer erdoor gemaakt en daardoor beperkingen opgelopen en hoe ga je daar dan vervolgens mee om en dat is zo'n andere manier van denken en en en dat is wel denk ik ook lastig dat veel geneeskundestudenten dat niet gewend zijn om te denken dus is het ook logisch dat je daardoor sneller voor een beroep zal kiezen later waar je zes jaar lang wat over te horen hebt gekregen en daarom kiezen denk ik zo veel mensen ook voor het ziekenhuis dat ze denken ja ik ik vind ik hou van de actie ik wil mensen kunnen genezen ja en dat en dat ik nu wel steeds ik denk dat dat het grootste gedeelte van de speelse oudergeneeskunde in opleiding nooit dat van tevoren dachten te zullen worden omdat je in de opleiding wel weinig van ziet nee ik heb in Amsterdam op de UvA gestudeerd ik heb geen enkel college Van een spec is de oude geneeskunde in z'n zetijd gehad, maar ook niet van een geriater. Dus ik wist helemaal niks van oude geneeskunde qua specialismus. Ik had er nog nooit van gehoord. En dan is natuurlijk heel lastig om voor iets te kunnen wel of niet te kunnen kiezen als je überhaupt niet weet dat het bestaat, of dat er verkeerde verhalen over bestaan. Dus ik geef nu elke week les, ook als de vu, aan geneeskundestudenten vlak voordat ze hun stage gaan lopen in het verpleeghuis. En dan vragen mensen ook heel vaak hetzelfde aan mij: waarom heb je een godsnamen voor dit vak gekozen? Ja, dat Het is ook niet voor de hand liggend, hè? Kijk, je bent jong, je bent een man, je hebt ook tattoos volgens mij. Ja, dat klopt. En dan werk je in de zorg en ook nog eens met oudere mensen. Ja, ja, dus die vragen krijg je dan inderdaad van: wat maakt het dan? En ik denk dat dat je dat hoe ouder je wordt. En ik ben helemaal nog niet oud, maar ik sta aan het begin van mijn carrière. Maar is dat je wel steeds meer gaat kijken waar krijg je energie van en waar word je gelukkig van. Ja. En voor mij is dat af en toe een onorthodoxe rol van de dokter, gecombineerd met ook een hele pragmatische rol. Dus ik ben af en toe ook een soort huisarts, alleen dan voor alleen maar ouderen. En dus ik ik heb ook wel eens een teenaan gaan weggehaald. omdat hij een ontstoken een ontstoken teef veroorzaakte. Ja. En schimmel infectie behandelen. Dat doe je ook. Of de diabetes van een suikerpatiënt goed instellen. Dat doe je ook. En wat vind je nou echt als je dan heel specifiek kijkt naar jouw vak? Wat vind je nou echt het mooiste wat je zeg maar tegenkomt bij de dingen die je nu mag doen? Wat ik het mooiste vind om te doen, is denk ik iemand in de laatste levensfase, met name het laatste stuk zo goed mogelijk kunnen begeleiden. Echt het allerlaatste bedoel je? Ja. Ja, dat vindt die dat vind ik denk ik een van de meest waardevolle stukken. gecombineerd als tegenhanger mensen ondersteunen in de thuis-situatie, dus door die door die constante tive rol in de in de in de eerste lijn. Dat is een soort yin-yang voor mij. De ene kant is eigenlijk het misschien wel een beetje het tegenovergestelde wat ik ooit heb geleerd. De dood en de de dilemma's of iemand nog wel of niet naar het ziekenhuis moet gaan. Dat je daar met de familie een heel intens gesprek over kan hebben bij iemand die dement is en er niet meer over nadenkt of het niet meer kan verwoorden. En dat in tegenstelling tot iemand die het wel heel goed kan, maar net heeft ontdekt dat hij dement begint te raken en het leven uit zijn handen ziet glijpen en een een soort toekomstbeeld voor zich ziet van oh God ik moet ooit naar het verpleeghuis hoe moet dit allemaal en daar ook dan in meedenken ja en die die twee tegenhangers in het vak dat vind ik eigenlijk heel erg gaaf en maar goed ik denk jullie hebben een beetje dezelfde missie hebben zeg maar van meer meer aandacht in het algemeen ook voor de ouderen mensen voor de zorg voor ouderen mensen maar heb je daar een idee over van hoe hoe kun je daar nou het beste doen hoe hoe kunnen we nou zeg maar je kunt niet mensen overhalen om in de zorg te gaan werken daar ben ik echt van overtuigd maar hoe kun je nou zeg maar er wel voor zorgen dat mensen want ik was net zo onderwijsend als jij eigenlijk ik had ik had ook zelfs voor dat ik dacht saai oude mensen willen niks mee te maken hebben mij is het ook gegrepen. Hoe kunnen we nou zeg maar ervoor zorgen dat we die doelgroep kunnen bereiken? Want er zijn heel veel mensen denk ik die nou ook niet weten wat ze willen, zoekende zijn, wel een vooroordeel hebben over iets waar ze niet weten. Hoe kun je de mensen triggeren om om misschien daar eens over na te denken of om het eerst te gaan ervaren? Ja, ik denk twee dingen, zeg maar lange termijn, korte termijn. Als langer termijn om de grootste impact te maken. Nu wordt een nieuw raamplan geschreven voor het geneeskunde curriculum. Dus dat is zeg maar hoe ziet het curriculum van die hele opleiding eruit? Dat zijn ze op dit moment aan de tafel aan het ontwerpen voor de komende zoveel jaar. Zit jij daarbij ook? Nee, nee, maar daar zitten wel grote. . . Naja, daar zitten wel grote spelers als Nienke, nieuwe huizen en ook mensen van van de ministerie zitten erbij. Er wordt echt vanuit allerlei vakgebieden over nagedacht en er zijn ook wel geluiden waarin ze. . . Ik verwacht ook wel dat er echt een grote verandering daar gaat plaatsvinden. Tot lange termijn dan, hè? Ja. En op een plaatje over tien jaar bijvoorbeeld? Nou, als een een idee is bijvoorbeeld, is nu is geneeskunde natuurlijk heel erg ziekenhuisgericht, terwijl we weten uit onderzoeken dat meer dan de helft uiteindelijk niet in ziekenhuis gaat werken, maar huizenarts wordt of specialist oudergeneeskunde of arboarts, allemaal buiten het ziekenhuis. Ja. Toch is het gek dat we dan de opleiding zo erg ziekenhuisgericht hebben en ook de coachappen is denk ik tachtig procent allemaal ziekenhuisgericht. Die doet allemaal ziekenhuisstage's. En het alle allerlaatste stukje, een paar weken, is het verpleeghuis of soms niet eens, maar in Amsterdam op de vuurgelukkig wel. Ik denk dat dat daar de verandering moet starten. Dus dat je een coachappen op zijn kop gooit, dat je het grootste gedeelte allemaal buiten de ziekenhuisen stage loopt bij de huisartsen en dat als je patiënt, je oudere patiënt bijvoorbeeld een keer een operatie nodig heeft, dat je meegaat, dat je gaat kijken in het ziekenhuis en dat je daardoor het stukje van die operatie leert in plaats van dat je acht weken lang op een afdeling van de chirurgie staat, waar je ook heel vaak niet nuttige dingen dus in de opleiding, dus daar moet de grootste slag geslagen worden. Ik denk als je daar meer aandacht voor voor hebt, dan heb je profijt voor de langer termijn dat veel meer mensen het normaal vinden om met ouderen te werken en ook buiten het ziekenhuis te werken. Ja. Dus dan heb je veel completeren dokters. Nou, nou legt voor jou voor gevoel meer de focus echt gewoon op het ziekenhuis wezen en niet niet niet op de andere dingen die daar wordt er dan misschien op het laatst als uitstapje even bijgedaan van. Dit is ook nog, maar. En daardoor wordt het automatisch ook als een soort tweede, derde keus voor door mensen ervaren dat ze denken, nou als als het niet het ziekenhuis wordt, dan maar dat. Terwijl het grootste gedeelte uiteindelijk voor de voor de huisartsen genees kunnen kiezen of de oudergeneeskunde en het achteraf dan vaak zeggen van had ik dit maar eerder geweten ja en dus die zoektocht ja ik denk dat je dat dat daar dat je mensen mensen minder zoekende zouden zijn als je als je een compleet beeld in in je curriculum neerzet en een korte termijn oplossing ja ben benieuwd is is dat je als eerste stap dat je bijvoorbeeld op alle plekken van de als ik het spuur over de dokters heb op alle geneeskunde faculteiten een verplicht kooschap oudergeneeskunde zou doen dus nu zijn er maar een paar plekken die het doen van de de VU en Eindhoven doet het volgens mij En anders is het een onderdeel van een sociale stage, dus de een komt bij een arboward en de andere bij een verpleeghuis. Ja. Als je dat overal in Nederland doet, dan weet je zeker dat elke student ten ieder geval een korte fase ziet. Heb je het ervaren? Precies. En ik denk ook niet dat het nodig is dat iedereen in een oudergeneeskunde gaat werken. Nee. Maar als een chirurg later doorheeft van wat er afspelt in de thuis-situatie, wat heeft geleid tot die heupfractuur, ja. Waarom het zo lastig is om thuis te wonen met dementie, dan zou je die patiënt ook heel anders benaderen als hij opgenomen wordt in het ziekenhuis. En zou je ook een ander afweging soms kunnen maken van is deze operatie wel op zijn plek? Mm-hmm. En waar je dat nu niet doet omdat je niet weet, je kent het niet. Dan zeg je wel heel mooi ja, dat je zeg maar dan ook al ga je er niks mee doen. Die ervaring aan zich met die doelgroep, gaat je alleen maar een completere dokter maken uiteindelijk. Hoe zou je dat voor de verpleegkundigen voor je zien? Nou, hetzelfde denk ik. Ik denk vooral dat ook op HBO V opleidingen dat een verplichte ouderenzorg stage goed zou zijn. Gewoon om hetzelfde idee dat ze dan uiteindelijk wel een beeld ervan hebben. Of je denkt als werk je af nee, dat ligt aan jezelf, weet je. Je kunt niet mensen verplichten tot in de ouderenzorg gaan werken, maar het is natuurlijk wel zo dat door een heel dat er heel veel ouderen zijn, mensen houden we steeds langer in leven door door onze mooie geneeskunde, toch? Maar die mensen hebben ook zorg nodig en uiteindelijk hebben we daar wel heel veel mensen nodig. En ik denk dat dat wel heel belangrijk is. En dan op alle opleidingen gewoon bij de verzorgende opleiding ben ik wel van overtuigd dat de ouderenzorg dus daar gewoon daar gaat het heel vaak over. Verpleegkunde is dan toch ook weer heel vaak oh het ziekenhuis. Jonge mensen die denken ik ga verpleegkunde geworden, maar van de moeder of vader niet in de ouderenzorg werken. Die denken ik die die willen in het ziekenhuis werken heel vaak. Dat is de actie daar kun je veel dingen doen. En hoe hoe komt? Ik denk dat dat komt ook heel erg door de series hè, Grey's Anatomy en ER en voorheen al die series. Ik denk echt dat het daar wel mee te maken heeft door de beeldvorming van mensen die zal beetje gekleurd door de media en dat is mooi, is prima. Ik denk daar ook een keer een serie over de ouderenzorg mag komen of zo. Maar zo'n zo'n verplichte stage, je woont om het ervaren vinden. Ik vind ik iets heel heel heel goeds ja, want je kunt mensen nooit verplichten, maar het ervaren maakt mensen alleen maar rijker denk ik. Ja en ik ben er ook wel eens een keer voor gevraagd. Voor dat was een stelling in een in een in een blad dat iemand aan mij vroeg van aan een paar mensen vroeg van zou je er voor zijn en dan zei iemand die erop tegen was die zei dat het verplichten zou ik niet willen. Ik noem het ook verplicht, maar het zou eigenlijk de norm moeten zijn. Het is nu de norm dat je stage loopt bij de justitie, bij de interne, noem maar op. En dit is niet de norm, het is de afwijking, de uitzondering dat je een keer in een verpleeghuis een stage zou kunnen lopen, terwijl daar zou een veranderingen moeten plaatsvinden van van ook een cultuurshift, maar ook wat wij uitdragen als dokters in de oudere zorg en dat we dat we ook daar in een heel ander beroep hebben dan dat het een paar jaar geleden was. Dus ik denk dat als veel meer mensen weten dat we ook heel veel in de wijken bij mensen thuis werken, wat een huisarts heel veel doet, maar wij hebben veel meer tijd en veel meer expertise op een specifiek gedeelte, dat dat ook heel aantrekkelijk is voor voor jonge artsen om in te gaan werken. Ja. En en daar zullen zelfs instellingen, verpleeghuisinstellingen, ook naartoe moeten gaan. Dat ze hun dokters die nu allemaal binnen de verpleeghuismuren vooral werken, dat ze die ook veel meer gaan stimuleren om om de wijking te gaan. Ja. En samen te werken met de thuiszorg en de case managers en de praktijkondersteuners en huisarts. Daar ligt de toekomst van ons vak. Niet in het verpleeghuis. Daar ben ik echt van overtuigd. Ik vind ik vind wel mooi ja dat je ook. Ik ook gek dat het de norm is dat je wel op chirurgie en allerlei plaatsen komt. Maar de ouderenzorg een beetje vergeten is, terwijl het is niet zeker dat je ooit in je leven een chirurgische behandeling nodig hebt. Maar we worden allemaal ouder. Ja. Met z'n die kans is groter verwacht ik. En daar is dan weinig aandacht voor. Oké. de nog een laatste dingetje de toekomst hè ik ben best wel positief over de zorg ik denk dat het allemaal goed komt niet zonder enige inzet hoe denk jij hoe hoe kijkt jij naar de toekomst van de zorg want er zijn nou een hoop problemen veel in de media werd zorg en dwang is ook een dingetje als ik vandaag hoe hoe hoe ziet jij de toekomst ja ik denk dat er heel veel gaat gebeuren en ik denk dat dat er ook veel gaat innoveren in in specifiek de ouderenzorg dus dat we een hele andere manier van werken gaan gaan nodig hebben maar ik zie dat heel positief in inderdaad ik denk dat er wel dat we allemaal onze schouders onder moeten zetten want we bijvoorbeeld mijn collega's en wij hebben het heel zware werkdruk en dit kan niet meer en ze een signaal hebben afgegeven met z'n allen. Hoe zit het bij jullie? Ja, dat wordt ook op een vergelijkbare manier wel gedaan of dat ze zeggen we kunnen niet de hoe hoe kunnen we zo direct de de toekomst aan met met de tekorten die we hebben. De babyboemgeneratie gaat massaal zorg met pensioen en daar is een hele dat dat kunnen we letterlijk qua aantal mensen niet ook zal iedereen voor de oudergeneeskunde kiezen zou je dat niet kunnen compenseren. Nee, dus we moeten wel iets doen. We moeten, maar daar moet je de manier van werken ook gaan veranderen. Dus daarom zie je in de ouderzorg ook dat we vaker met specialist verpleegkundigen specialisten gaan werken, of assistents, of dat we vaker met basisartsen werken, of ook praktijkverpleegkundigen dus dat we veel meer een andere manier van hoe je je werk inricht, taakdelegatie, taakinschikking, dat dat ook heel erg belangrijk is. Maar dat betekent dat dokters ook soms moeten loslaten en verantwoordelijkheden moeten kunnen loslaten en dat is denk ik voor de niet voor iedereen even makkelijk, maar het is onvermijdelijk. En als dat gebeurt en ook op stuk op de geneeskundefaculteiten gaat omdraaien dat de focus een andere focus wordt meer gericht op de eerste lijn dat we ook zien dat je in de laatste levensfase eigenlijk nog heel veel mooie dingen kan bereiken en ook zelfs nog wel op curatief dat je dingen kan behandelen maar dat je beter kan afwegen wanneer stuur je nou iemand wel of niet in en dat je er vroeger ook over gaat praten samen met huisarts samen met de familie dan kun je heel veel dingen voorkomen dan kun je die crisisopnames vaker voorkomen dan komen mensen niet zomaar altijd tot de spoedeisende hulp omdat het ineens niet meer gaat nee je hebt er in een vroeger stadium eigenlijk al over nagedacht dat is denk ik waar de toekomst naartoe gaat en wat wat denk ik echt heel ja een heel mooi onderdeel is van ons vak en als ik denk dat er veel dokters zijn die die eigenlijk ook dat stiekem wel willen meewerken aan innovatie en in verandering. Met merk je een verschil zeg maar tussen de de nieuwe generatie dokters en de en de wat oudere generatie dokters zeg maar was daar al zeg maar het grootste verschil tussen die twee groepen. Ik weet niet waar je de lijn moet trekken hoor, maar ja, ja dat ik denk dat je zeker wel een verschil merkt. Bijvoorbeeld hè? Ja. De dokter. Ja. Als je kijkt binnen mijn collega's de verpleegkundigenverzorner zijn er ook best veel die het gewoon een beetje eng vinden om de dokter te bellen. Ja. Want de dokter is toch wel een man met ja of een vrouw, maar die die ja die weet het allemaal en zo denken wij dan hè? Heb jij dat ook? nou ja niet meer zo maar ik weet al dat ik de eerste keer een dokter moest bijler vond ik dat een beetje eng ik heb ook al een dokter aan de telefoon gehad die die niet zo aardig deed en dan dan denk ik ja dan vormt je dan wel natuurlijk een beetje van als je dan de reactie krijgt van ja raar dat je dat vraagt of gewoon heel kort afdoen maar ik heb meer een deel van de dokters die ik heb gesproken in mijn loopbaan tot nu toe vonden dat je superleuk als ik een vraag stelde dat ze me dingen uit konden leggen en dus ik snapte ook voor mij is die angst er niet meer maar ik merk wel dat dat er nog best wel veel is van dat ze de dokter toch op een soort voedselstuk plaatsen van oh die weet eigenlijk alles wel en ik moet maar geen domme vragen stellen en ja die zal het wel druk hebben Snap jij wat ik bedoel? Ja, zeker. Kloof je eerder of zo nog steeds tussen tussen de de verpleegkundigen, verzorgende helpen er maar niet uit en en de dokter. Ik denk dat het dat het zeker een grote verschil daarin is ontstaan. Ook ook zelfs in het ziekenhuis dat je daar een verschuiving ziet. Bepaalde specialisten is het nog wel wat meer hierarchisch. Bij de chirurgie echt wel wat meer. Als co-assistent dan mag je op bepaalde plekken zo maar niet gaan zitten bijvoorbeeld. Mag niet. Nee, dan dan hoort naar de specialisten zitten en op een stoeltje zit je op de befaamde co-assistentkruc. dat verandert wel steeds meer en ik denk dat er wel steeds meer een teamgevoel is alleen al onder de artsen ook maar maar richting verpleging richting verpleging zie ik zie ik zeker een verandering als ik naar mezelf kijk als ik bijvoorbeeld visieten doe met een verpleegkundige dan vraag ik heel uitgebreid vaak hoe zij het zien of zij vinden dat het heel anders gaat of of dat zij zich zorgen maken of waar waar denk je zelf aan ik nodig ze heel vaak uit om om zelf ook over die dingen na te denken en ik ik hang dan ook op dat moment aan hun lippen omdat ik ook nog maar in de startblokken sta ik heb een hele berg aan kennis maar is ook deels geleerd uit boeken en soms heb je een verpleegkundige waar je mee samenwerkt die al twintig jaar Patiënte helpt en veel meer daarover weet dan ik en ik weet bepaalde links te leggen of een plan te maken maar we hebben elkaar daarin nodig dus ik denk dat dat wel heel belangrijk is dat ik dat ik die samenwerking altijd probeer op te zoeken en denk niet dat dat een leeftijd ding is dat oudere artsen dat niet per se doen maar je moet je wel voorstellen dat zij in een cultuur zijn opgegroeid qua geneeskundig student als dokter ja waar dat wel veel meer heerste nog ja sowieso de ja nou als ik kijk naar ouderen mensen ik heb ooit mijn vrouw gehad deed ik nog goed was mijn vrouw met dementie en die ja die die nam mij niet voor serieus aan gewoon toen ben ik heb ik een jasje aangedaan een wit jasje want op die afdeling waren geen witte jasjes heb ik een stethoscoop omgehangen ben ik aan het toegegaan heb ik nog even gevraagd van of ze of ze ik weet niet meer waar het over ging precies maar toen was het oh daar is de dokter ja en ze stond op en en en ja dan ze wilde iets niet ze was gevallen en dan wilden ze ze wilden niks weten ofzo en toen was het in een keer goed en dat vind ik wel mooi dat ja dat je dan toch dat een dokter toch wel voor deze mensen wel heel veel respect krijgt want uiteindelijk is het ik heb ook heel veel respect voor alle artsen want dat is natuurlijk een super verantwoordelijk beroep waar gewoon ja je red je red levens of je je je maakt levens beter of je je laat het einde van een leven prettiger en mooier vollopen. Dat is toch je taak, denk ik. Of als ik het zo even zeg. Ja. Dus je bent super van toepassing. Ik ben super van toepassing. Het is gewoon heel heel mooi en ja. Heb je heb je zeg maar een tip voor alle dokters in Nederland? Heb je zeg maar tips gezien de toekomst van wat is nou het belangrijkste in de zorg om te doen op dit moment? Waar we met ze allemaal eigenlijk al vanaf mooier kunnen gaan doen, zodat we een toekomstbestendige zorgsector hebben. Complexe vragen. Zou ja, dat is een grote vraag. Ga je morgen in de Tweede Kamer? Ja. Ik krijg een telefoontje van ministerie Jonge. Ja. Als ik hem iets kleiner zou maken, specifiek de ouderenzorg, denk ik dat het belangrijk is dat we ons allemaal moeten realiseren dat onze doelgroep op een hele andere plek woont dan waar we nu onze focus op leggen. Dus we focussen ons in de ouderenzorg breed voornamelijk op hoe regen we dit nou goed in het verpleeghuis. En ik denk dat we veel meer moeten gaan kijken hoe zorgen we dat we complete zorg leven bij mensen thuis. En ervoor zorgen dat we veel meer gaan samenwerken. Dus ik ik ik hoop. Ik denk dat toekomstbestendig is, is dat we veel meer gaan samenwerken bij mensen thuis. En dat ik als dokter in de oudergeneeskunde ook veel intensiever ga samenwerken met met alle partijen die daar betrokken zijn. En ik is als als we dat allemaal doen, dat we veel veel, ja, mensen een mooiere tijd thuis kunnen gunnen door samenwerking. Door samenwerking. Ik denk, ik vind, nee, dat is helemaal bij aan. Ik denk dat samenwerken echt zo belangrijk is in de zorg. Zijn maar dat je niet onafhankelijk wil zijn of alles zelf wilt doen, maar gewoon die die wereldwijze afhankelijkheid dat dat gewoon heel mooi is en dat je uiteindelijk het toch samen moet doen. En dat je alleen samen die juiste zorg kunt kunt leveren, denk ik. Want je kunt het niet alleen doen en dat hoeft ook helemaal niet. Nee, en ik denk dat dat ons vakje zo mooi maakt. Ik vind het ontzettend ik ben juist heel dankbaar voor de voor de dingen die in thuiszorg verpleegkunde gedaan wordt waardoor als ik vraag of ze wat nog vaker kunnen komen omdat iemand dan wat meer structuur heeft bijvoorbeeld die dement is of daardoor veiligse medicijnen ineens inneemt en daarover spart met elkaar of dat haalbaar is en ook met familie over nadenkt dat vind ik veel waardevoller dan dat ik op een papier een medicijn voorschrijf en denk goh dat dat daardoor is die die blaasontsteking ineens verholpen ik denk dat het veel waardevoller is om te kijken verder dan alleen de ziekte en en en ik heb de thuiszorgmedewerker net zo hard nodig als dat zij mij of een huisarts ook nodig heeft. Ja. En als we dat beter realiseren en dat we niet allemaal in onze eigen eilandjes denken, denk ik dat je dat je de oudere zorg veel behapbaarder maakt. Ja. Maar dan zal en en zal dat uiteindelijk ook leiden tot successen, waardoor misschien in de politiek, maar ook vanuit andere de zorgverzekeraars instellingen dat ze ook een cultuurschift zullen gaan zien en zullen gaan zien dat je daar dus ook veel meer kan gaan investeren en kan vertrouwen dat je het anders kan gaan inrichten. Vertrouwen is ook een ding. Ja. Ja. Vertrouwen. als je als je even we hebben we hebben over de de bureaucratie en zo en daar zul je ook last van hebben denk ik het heeft ook met vertrouwen te maken van ik denk wel sowieso van laat dingen toch een beetje los hè alles alles registreren en aftekenen en vastleggen en aanvullen en zo sowieso die mappen die dan nog steeds zijn die die papieren mappen ja ja dat heeft ook met vertrouwen te maken denk ik alles aftekenen heb jij er ook last van in jouw werk dat je echt heel veel moet verantwoorden die mappen daar moest ik wel bij lachen want voor mij is dat soms ook wel handig want ik ik kom wel eens bij iemand en en en dan dan kan ik daar toch een deel van de informatie vinden maar ik ik snap heel goed wat je bedoelt ik denk dat het zijn doel op een gegeven moment voorbij gaat en en en en en het ook bijna soort wantrouwen aanwakkerd van van ik moet blijkbaar verantwoorden of ik mijn werk wel goed doe. Ja. Wij moeten het ook veel voor de financiën om te kijken dat je wel goed wordt betaald voor de consulten die je bijvoorbeeld doet, of de tijd die je aan een bepaalde behandeling besteedt. Ja, ik denk denk dat dat niet het doel op zich zou moeten zijn. Maar het doel op zich is dat je iemand goed wil wil helpen. En als je meer tijd bent met regist kwijt bent met registreren dan met eigenlijk iemand helpen, ja, dan is er iets fout. Dan is er iets fout gegaan. Is dat momenteel zo dat je meer tijd bent? Nou, dat hoor ik heel vaak van verpleegkundigen en thuis thuiszorgmedewerkers. Daarmee zijn volgens mij dat ministerie jongen daar ook veel mee bezig is gegaan. dat er dat er geluiden zijn om om meer dingen af te schaffen. Vraag me af dat in hoeverre dat in de praktijk dan ook al meteen voelbaar is. Dat valt mee. Ja. Ja, valt mee. Ik denk dat er heel veel dingen veel makkelijker afgeschaft kunnen worden. Bijvoorbeeld die vijf minuten registratie. Die kan echt in mijn beleving en ik denk dat er heel veel mensen dat misschien wel niet meer eens zijn, maar die kan morgen al stoppen. Kunnen ze gewoon ergens anders regelen bij een zorgverzekeraar of bij iemand heeft een indicatie van vier uur per week bijvoorbeeld. Die geeft ook zulke indicaties af. Ja, zeker. Stel je voor iemand heeft een indicatie van vier uur per week, dus die mag vier uur per week zorg krijgen. Ik begrijp zelfs dat daar bijvoorbeeld een half uurtje van gereserveerd moet worden voor administratieve handelingen die gedaan moet worden voor iemand, hè? Maar drie en half uur per week, daar is het gewoon en kun je gewoon leveren die zorg en huisje in, huisje uit op je telefoon om te registreren hoeveel minuutjes je erigzien bent, is dan niet nodig denk ik. Nee. En ik weet zeker als je zeg maar aangeeft aan collega's nou je hebt daar ongeveer een half uur en als je we nou structureel merkt dat het veel langer duurt, geef het even door. Ga we eventjes met de dokter in gesprek of met iemand anders die de indicatie mag aanvragen en wij verpleegkundige om om deze op te hogen. Maar dat je niet meer steeds als, ik denk dat het gewoon makkelijk realiserbaar is dat ze maar een zorgverlener, een verzorgende die gewoon bij mensen thuis komt, dat hij niet meer alles zelf moet registreren. Dat stukje op een telefoon, tien minuutjes meneer Jans, twintig minuutjes mevrouw Jans en dan had het veel meneer Pietersen dat als destijds je al weggaat, ik denk dat dat voor een hoop rust zorgt, mis dat voor mij ja. En denk je dat dat ook uiteindelijk meer, zal dat ook een ander effect hebben dan alleen meer tijd voor de patiënt? Zal dat ook nog een invloed kunnen hebben op hoe mensen het vak zelf ervaren? Ja, ik denk juist dat. Ik kijk die tijd blijft hetzelfde natuurlijk, maar het feit dat je weet dat er iets tien minuten voor staat, geeft bij heel veel mensen al een bepaalde druk denk ik. Ik weet niet goed, toen ik net in de zorg werkte en ik wist dat staat tien minuten voor die persoon en ik was al twaalf minuten, had ik de rest van mijn route haast. Graal natuurlijk. Nu weet ik ook dan hoe je om moet gaan. Maar denk ik wel heel veel mensen natuurlijk nog wel zo is dat je denkt oh ik ben toch over de tijd heen en moet ik bij de volgende maar wel sneller gaan en als je dan al je route op die manier begint, dus ik dan denk ik van ja die tijd is een indicatie, hè, dus laat die tijd even voor wat is en ga gewoon je werk doen en en als je nou echt merkt nou bij die personen zijn we steeds zo lang bezig omdat er iets aan de hand is, regel het met z'n allen. Maar dat je niet steeds meer terwijl je aan het bed staat om maar zo te zeggen je telefoon erbij moet houden van hoe lang ben ik je, dat vind ik niet nodig. Dat kan ook voorstellen dat je gewoon minder aandacht hebt voor echt letterlijk ook delen van je werk, dat je net even die dat stuk van de wond of een een handeling of of die patiënt angstig is of niet, dat je daar allemaal minder aandacht voor hebt omdat je eigenlijk een beetje in je achterhoofd met iets heel anders bezig bent. ik denk wel ja inderdaad als je zeg maar achterloopt om maar zo te zeggen dan dan krijg je haast en dan heeft hij echt effect op hoe je je werk doet en ik ik ben echt van overtuigd dat iedere zorgverlener toch die wond goed verzorgt en dan weer gewoon weer doorgaat maar dan nog hoeven die die werkdruk niet te ervaren en ik denk dat ligt ook een beetje aan jezelf hoe je bent maar ook wel een beetje aan het systeem waarin wij nu moeten werken maar allemaal werken in de zorg blijft mooi daar ben ik echt daar vind ik gewoon zo en ja want je ziet jouw kansen in en eigenlijk heel praktisch gewoon zijn het helemaal niet zulke grote stappen zeg jij ik denk van niet ik denk gewoon kijk die uren die moeten ergens geregistreerd worden en dat kan iemand op het hoofdkantoor ook prima doen door gewoon alles op oké te zetten en mocht het dan oké tenzij ja en dan ja ja ja oké tenzij zonder geen dwang nee ik denk ik denk echt dat dat dat wel anders te realiseren is dat je zeg maar wel zo'n telefoon hebt waar je in je dus kunt zien nou wie moet je toe wat moet je daar doen en hoe gaat het nu met die persoon een beetje was daar het beeld en dat je dan vervolgens binnenkomt en dat je daar gewoon zonder een map te zoeken of zonder ergens formulieren in te vullen dat je gewoon met die persoon samen kunt zijn en dat je dan kunt kijken van hey hoe kan ik op dit moment het beste voor diegene zorgen en of dat nou een douche douche is of of iets anders maakt niet uit dan kan een zorgverlener goed zelf bepalen denk ik samen met die persoon op dat moment. Ja, ik denk wel dat het te realiseren is. Dat denk ik zeker. Ik weet eigenlijk niet eens hoe lang we nou hier mee bezig zijn met deze podcast. Er staat hier geen tijd in beeld en ik vind het een leuke gesprek. Hoe lang duurt zo'n podcast eigenlijk, wil je? Ja, een half uur, een uur kan van alles. Ja. Oké, we zien duidelijk hoe lang het is geweest. Ik vind in ieder geval een superleuke gesprek. Bedankt. Ja, het is mijn eerste keer dat ik een podcast opneem met Olaf Schut hier in het mooie Nuland. Sint Josephoord. Ja. Weet het hè? Ja. Ik vind ja echt respect voor deze mensen hier, omdat we vandaag gewoon nog hier gewoon mochten gaan zitten in een vergaderruimte met twee microfoons. Praten over de zorg en ik hoop dat de mensen met een beetje plezier hebben geluisterd. Hopen ik ook. Wat vond je ervan? Ja, ik vond het leuk om te doen. Dank je wel dat ik het ook samen dit gesprek kon hebben met jou. Dit is de eerste keer en we gaan gewoon een beetje overdoen, goed? Lijkt me goed. Oké, nou dan ga ik het nou beëindigen. Dank je wel. Je ook bedankt voor je input. Graag gedaan."
seksuele-voorlichting.mp3,interviews,Qwen3 ASR 1.7B,38.1,25.50923913043472,100,66.92934782608695,13186.3125,13186.3125,15.589050341005954,"Uit nieuwe cijfers blijkt dat het aantal infecties zoals gonoreu en chilus in tien jaar tijd fors zijn gestegen. Ook in Nederland maken deskundigen zich zorgen. Volgens onderzoekers spelen meerdere factoren een rol. Het condoomgebruik daalt, mensen laten zich steeds minder snel testen en betrouwbare informatie over SOAs wordt steeds minder gevonden. Maar hoe staat het er eigenlijk voor in studentenstad Groningen? Welke SOAs komen het meest voor? En wanneer is het verstandig om je te laten testen? Daarover ga ik vandaag in gesprek met Marijette van de GGD Groningen. Ik ga er even opbellen. Met Marijette, afdeling Seksuele Zondheid GGD Groningen. Hi Marijette, je spreekt met Madelief van Spotlight Groningen. Hi, hoi. Hoi, hoi. Ten eerste heel erg bedankt dat je even tijd voor ons hebt vandaag. Zou je jezelf kort kunnen voorstellen en vertellen wat jouw rol is binnen de GGD? Zeker. Nou, ik ben dus Marijette en ik ben werkzaam als verpleegkundige op de afdeling seksuele gezondheid hier van de GGD, waar we ons bezighouden met alles wat met seksuele gezondheid te maken heeft voor de hele provincie. Dus dat kan gaan om het doen van zoa's testen, seksualiteitsproblematiek, seksuele gezondheid, noem maar op. En we zien de laatste tijd berichten over een stijging van het aantal zoa's. Is dat iets wat jullie ook opvalt? Ja, nou, er is inderdaad heel wat aandacht momenteel voor het feit dat er meer zoa's zijn. Het is wel iets wat wij zien, maar wij zien het al wel een wat langere tijd. En wat daar misschien wel goed is om te noemen, is we zien nog steeds dezelfde soas en het is ook nog steeds zo dat de meeste, de grootste zwaar die gevonden wordt, dat is chlamydia, dus die vinden we nog steeds het meest. Maar er zijn een bepaald aantal soas waar we nu wat meer besmettingen van zien dan voorheen. Dus daar is wel een lichte stijging te zien. Kun je daar eens wat meer over kunnen vertellen? Ja, tuurlijk. Nou, we zien voornamelijk dat hondereu en syphilis nu wat aan te stijgen zijn. Dus voorheen, we zijn, we zien eigenlijk altijd al wel veel chlamydia besmettingen, maar we zien dus nu ook al wat meer hondereu en syphilis. En dat is eigenlijk sowieso landelijk wel te zien, maar ook al in heel Europa. Maar dat is ook al wel van het afgelopen jaar dat dat wat aan het spelen is. Dus het is niet dat er nu op eens een enorme uitbraak is of zo. Het speelt al wat langer en het is een gewoon een geleidelijke stijging. Dus het is ook niet dat er nu in Groningen een enorme uitbraak van zoiets is. Maar ja, het is wel iets wat mij opmerkte. Ja. En waarom denk je dat dat nu dan pas zo onder de aandacht komt in het nieuws als je zegt van het is eigenlijk al een jaar gaande? Ja, ja, dat is wel een hele goeie vraag. Dat is ook wel interessant. Ik denk omdat er een Europees onderzoek is uitgekomen waarin dit wordt benoemd en dat dat dan toch iets is waar nou mensen op aanstaan. We lichten ook wel wat angst voor hebben en dat er daardoor ook dan gewoon media aandacht voor komt. Ja. dus eigenlijk al iets is wat wij al wel wat langer zien. Oké, en hoe staat het er op dit moment voor in Groningen? Want je zei al even die stijging is hier ook te zien. Nee, we hebben natuurlijk een studentenstad met een studentencultuur. Ja, hoe staat het er voor hier bij ons? Ja, nou, we zien dus ook in Groningen wel dat grondeeuw wat meer stijgt onder jongeren, maar überhaupt onder mensen en de cievelers ook al wat. Nu is cievelers nog steeds iets wat we voornamelijk vinden bij mannen die seksen met mannen en grondeeuw wel onder alle doelgroepen die wij zien. Ja, maar ik denk dat Kijk, het is altijd vervelend dat zowas stijgen. We willen het liefst dat er zo min mogelijk zowas zijn, want zowas, nou, die brengen zorgen met zich mee, die kunnen gezondheidsrisico's met zich meebrengen, dus dat is natuurlijk nooit wenselijk. Maar het is niet dat het nu zo de spuugaten uitloopt dat dat wij hier in Groningen denk ik heel slecht doen. Maar ja, wat je zegt, er zijn wel een studentenstad. Het kan zijn dat er natuurlijk hier veel onveilige seks plaatsvindt, maar het is nou niet zo dat wij als Groningers zo veel slechter doen of dat het hier heel opmerkelijk is dat het hier extra is dan in de rest van Nederland of van Europa. Dat is een geruststellende gedachte, denk ik. Ja, niet zo de hele spijker. Dat men alleen maar naar Groningen kijkt. Nee, nee, nee, hoor, dat is namelijk niet nodig. Want zijn er bepaalde leeftijdsgroepen waarin de stijging het hoogst is of het meest te merken is? Ja, kunnen wij eigenlijk niet heel veel over zeggen. En kijk, we zien eigenlijk alle leeftijden wel, vanaf dat mensen een beetje seksueel actief worden, dus nou dat kan beginnen vanaf 14, en dat gaat echt door tot in 90. En al die leeftijdsgroepen zien wij ook. Dus wij kunnen niet per se en heel veel wordt natuurlijk ook nog steeds bij de huisarts gezien of mensen doen thuis online testen. Dus wij kunnen niet echt per se iets zeggen over in welke leeftijdsgroep dat namelijk meer voorkomt. We zien overal wel dat zowas wat meer stijgen. Dus dat is bij studenten, maar dat is ook bij mensen die ouder zijn en bij volwassenen. Ja. Oké. Want merk je dat jongeren dan anders omgaan met seks en bescherming dan bijvoorbeeld een aantal jaar geleden? Nou, we zien wel vanuit cijfers dat condoomgebruik echt wel wat aardig afnemen is. Dus er wordt ondertussen al jaar een onderzoek uitgevoerd dat heet Seks 2025. Bij is een beetje hoe het ervoor staat met de seksuele rondheid van jongeren. En daarin zien we wel dat er een daling te zien is in het gebruik van condooms. En dat kan natuurlijk ook weer met zich meebrengen dat we nu meer zo zien. Dat zou wel een logisch gevolg zijn natuurlijk. Dus voorheen was het toch wel wat gebruikelijker om een condoom te gebruiken. Ik denk dat dat voorheen en al helemaal jaren geleden sowieso al wat normaler was. Maar dat wordt dus toch steeds wat minder sexy. Stel, eigenlijk kunnen heel veel van deze dingen voorkomen kunnen worden als Mensen wat meer condooms zouden gebruiken, maar ook dat zeg maar het niet gebruiken van condooms, dat zien we eigenlijk ook weer bij bijna alle leeftijden wel terug. Dus het is niet zo dat studenten daar echt het grote probleem in zijn. Wist je nu überhaupt dat condoomgebruik wat aan het afnemen is, of minder sexy wordt gezien? Want wat denk je dat de verklaring is dat condoomgebruik zo afneemt? Ja, dat vind ik best wel moeilijk om te zeggen. Ik denk dat het voornamelijk wellicht te maken heeft met het feit dat er minder campagne wordt gevoerd. Dus vroeger had je echt grote condoomcampagnes, werd er heel veel aandacht aan besteed aan de seksuele voorlichting. Was het dus veel meer een besproken onderwerp, echt wel met je een hot topic. En dat ging eigenlijk zo goed dat we toen gedacht hebben, denk ik, van nou dat is niet meer nodig. En nu zien we dus ook dat er al best wel een tijd niet echt condoomcampagnes hebben plaatsgevonden, dat het wellicht ook de seksuele voorlichting wat aan het veranderen is, en dat dat dus wellicht nu tot gevolgen heeft dat mensen minder condooms gebruiken. Ja. Op wat voor manier verandert de seksuele voorlichting dan? Nou, ik weet niet. Ik denk dat we er voorheen gewoon wat meer aandacht aan besteden. Dus misschien dat scholen kiezen er steeds meer voor om de seksuele voorlichting zelf te geven. Wij hebben überhaupt ook in Groningen minder capaciteit om langs alle scholen te gaan natuurlijk, maar er is ook wel een beetje verschuiving te zien dat het wellicht allemaal wat breder wordt en Ja, eigenlijk is er eigenlijk dat we zelf van alle tijden dat er tijdens seksuele voorlichtingscolleges heel veel aandacht voor de praktische zaken. Dus wel zoals bestaan, je kan zwanger worden, seks is eigenlijk hartstikke eng beginnen, maar niet aan en veel minder. Nou, hoe bereid je jezelf goed voor en hoe zorg je ervoor dat seks leuk is? En nou ja, wij zeggen ook wel leuke seks is seks zonder zorgen, maar daar is eigenlijk weinig aandacht voor. Dat eigenlijk heel jammer is van wellicht als jongeren toch beter voorbereid, nou hun seksuele carrière ingaan en daarmee ook meer oog hebben voor. Nou, ik vind belangrijk om mezelf te beschermen. Ik vind het ook leuk om zorgloze seks te hebben, dus ik pak er vaak een condoom bij. Is er dan wel voldoende kennis over zoals of zie jullie ook nog vaak misverstanden? Nou, ik heb wel het idee dat er op zich best wel wat kennis is, maar ja, helaas zien we ook nog steeds wel wat misverstanden. Dat heeft dan voornamelijk te maken met hoe kan je een zwaar oplopen? We worden soms echt nogal verhalen van, nou, kan ik dan een zwaar krijgen van de wc-beugel of ongevone? Dat is gewoon dat zijn hele goeie vragen om te stellen. En we zien toch ook wel nu met de verschuiving van het test op glamydia dat heel veel jongeren dan nu weens denken, nou, glamydia is helemaal niet meer gevaarlijk, dus dan hoef ik me helemaal niet meer voor te testen. Wel, ja, dat is eigenlijk niet waar. Het is wel nog steeds belangrijk om je te testen als je klachten hebt of als je wat de partner bijvoorbeeld glamydia heeft. Want een glimlach met klachten kan nog steeds wel gevolgen hebben voor je gezondheid. Wanneer is het verstandig om je te laten testen? Nou, dat is voornamelijk verstandig als je klachten hebt. Dus merk iets op, denk je dit voelt niet helemaal pluis, ga dan zeker testen. Maar ook als je bijvoorbeeld een waarschuwing hebt gekregen. En ik denk dat het überhaupt verstandig is om je bijvoorbeeld elk halfjaar, elk jaar, wel te testen als je onveilige seks hebt. Dus heb je regelmatig onveilige seks? Nou, dan is het misschien toch verstandig om je elk halfjaar tot jaar te testen op SOA om te zeker van te zijn dat je niks hebt, maar het is voornamelijk belangrijk om te komen testen als je ook echt dat werkelijk klachten hebt of een maagzuurpijn hebt gevoeld. Ja. Ja. Wat gebeurt er als een SOA niet op tijd wordt ontdekt of behandeld? Ja, dat is een hele goede vraag. Nou, en dat dat verschilt een beetje per SOA. Dus een Chlamydia zonder klachten, dus dat is een hele belangrijke. Een Chlamydia zonder klachten, dat kan niet heel veel kwaad en dat ruimt je lichaam ook gewoon vanzelf op, heeft ook niet meer die hele schadelijke gezondheidsrisico's die voorheen wel verteld werden. Dat is wel wat anders met een gonoreu. Een gonoreu is natuurlijk ook een SOA, kan nog steeds bestaan, ook zonder klachten, maar een gonoreubesmetting wordt eigenlijk niet zo goed door het lichaam zelf opgeruimd, dus daarvoor is het wel belangrijk om te testen en loop je heel lang rond met gonoreu of heb je chlamydia met klachten, ja dat is voornamelijk gewoon vervelend voor de cliënt zelf. We zien eigenlijk pas dat zoals echt invloed kunnen gaan hebben op je gezondheid als je meermalen een zwaar hebt gehad met klachten en dan kan het zijn dat dat voornamelijk bij vrouwen wat effect kan hebben op de vruchtbaarheid. Ook dus dat is wel. Daarom is het ook al zo belangrijk om je te beschermen tegen zoals door middel van condooms, dat er toch heel veel mensen zijn die toch wel echt een kinderwens hebben, maar het is dus wel niet zo. We willen wel een beetje weghalen van oh wees maar super bang, want het is echt niet dat je in één klap onverzichtbaar wordt. Dat denk ik ook al in commenten. Maar het is zeker wel belangrijk om je te beschermen. Dat is vaker en zo hebben, wel dat werkelijk daar echt echt op kan hebben. Ja, nee, ik denk dat het goed is dat je dat ook zo benoemt, omdat ik inderdaad ook. . . Nee, in mijn omgeving dan hoor van oh met chlamydia dan hoef je nu hoef je nu niet meer te behandelen, hoef je niet meer geen kuurtje meer. Dus het kan allemaal niet zo veel kwaad als je een keer chlamydia krijgt. Nee, maar dat is dus niet waar. Nee, dat is dat is toch wel wat genuanceerder dan die uitspraak van oh ik heb chlamydia, dat boeit allemaal niet meer. Want ook al heb jij zelf geen klachten, dan kan je nog steeds aan iemand anders geven en die kan wel klachten krijgen. Ja, en heb je dus laagmedia met klachten, ja, dan kan het nog steeds zeker wel gezondheidsdienstje terug met zich meebrengen. Ja, nee, ja, ik denk heel goed om te weten. Dan zou ik graag willen afsluiten met de vraag: wat is volgens jou de belangrijkste boodschap over veilig seks hebben, je laten testen op soas voor de mensen die hier misschien naar kijken? Ja, ik denk eigenlijk dat het heel goed is dat we condooms weer een beetje gaan promoten. En ik weet dat heel veel jongeren, maar überhaupt mensen denken van: oh, maar condooms zijn toch helemaal niks aan. Maar daar is echt nog heel veel in te experimenteren en ook heel veel in te doen. Als we bijvoorbeeld zitten niet lekker, kijk een keer naar een andere breedte maat. Ben je bang voor de kosten? Je hoeft echt niet altijd de duurste condooms te doen. Kruidvat eigenmerk is net zo goed. En dan meen je voor drie euro vijftig heb je al een pakje condooms. En voornamelijk ook leuke seks is seks zonder zorgen. En heb je seks gehad en heb je toch die zorgen van, oh, heb ik misschien een SOA? Nou, dan dat heeft toch invloed op die hele ervaring. Doe je het veilig, heb je het vaak ook leuker, hoef je die zorgen niet mee te dragen. En heb je toch een keer dat je denkt dit is niet helemaal goed gegaan of ik wil me toch even laten checken? Nou, dan kan je altijd bijvoorbeeld onze website kijken voor meer informatie. En dan kunnen we altijd met mensen meekijken of ze bij ons kunnen komen SOA testen natuurlijk. Ja. Want waar kunnen mensen terecht voor betrouwbare informatie of een test? Nou, betrouwbare informatie sowieso altijd op onze website. Dus als je gewoon naar gegeven Groningen gaat en dan klikt op seksualiteit, dan kom je bij onze pagina. Daar staat heel veel informatie. Je kan altijd bij huisarts terecht voor goede zona testen. Je kan ook bij sommige online aanbieders, dus bijvoorbeeld zona polynoortjes een hele goede die wij veel aanraden. En dus vooral je bij ons in onze doelgroep dan kan je ook bij ons komen testen alleen. Ja, bij ons is er gewoon maximale capaciteit. Wij kunnen helaas niet heel Groningen zien. Dus maak je echt heel veel zorgen, wil je zo snel mogelijk terecht, dan kan je altijd naar de huisarts maar wij kunnen ook altijd met je meedenen. Nou super, ik denk dat dat heel goed is om te weten voor een hele hoop mensen. Mooi. Ik wil je heel erg bedanken voor je tijd en je wijs woorden. Niet, geen probleem. Super. Wil jij nou niet met een duiper lopen deze zomer? Gebruik dan toch gewoon weer een condoom. Want fijne seks is zorgeloze seks. Mocht je nou toch denken dat je iets hebt opgelopen, laat je dan testen bij de lokale GGD, via de huisarts of via een kit die je zelf kan bestellen op het internet. Bedankt voor het kijken en tot de volgende keer."
psychiator-stress.mp3,interviews,Qwen3 ASR 1.7B,39.0,25.530185909980666,100,68.08317025440313,13186.3125,13186.3125,18.932576724311375,"de tijd van wilde maken. Ja. Goed. Het zijn hele belangrijke thema's toen het boek uitkwam, maar ja nog vele malen meer volgens mij. Laten we even bij het begin beginnen. Ja. Goed. Goed. Ik zit hier in het Erasmus MC. Ja. Met professor Witten Hoogendijk. Ik kwam bij jou als sport door een boek wat ik. Ik zal je zien daar staan van Big Bang tot burnout en toen dacht ik die manier moet ik spreken. Fascinerend boek. Ik vind het dus om stress te bekijken vanuit dat de big history. Ik zie hem hier ook op de op de muur. Geniaal. Ik denk dat dat voor heel veel mensen heel erg zinvol is. Maar kunt misschien een vogelvlucht ons even, nee zeg weer u, een vogelvlucht ons meenemen wat dat inhoudt en wat de relatie stress evolusionaire, het evolusionaire perspectief stress depressie bevat. Ja, dus wat ik samen met Wilma de Rijk van de Volkskrant heb gedaan is te kijken, is er sprake van een evolusionaire mismatch tussen datgene wat op ons afkomt als moderne mens en datgene waarvoor we gebouwd zijn. En daartoe zijn we teruggegaan in de tijd en hebben echt gekeken waar voor het eerst gaan die twee uit elkaar lopen. Dus waar voor het eerst wordt er iets van ons gevraagd als soort waar we niet opgebouwd zijn. En dat is eigenlijk wat we gedaan hebben. Wanneer was dat? We denken dat dat is in de agraise revolutie. Dat daar het spoor, dat daar ons spoor. Ja, want daarvoor waren we natuurlijk al mens, maar toen waren we nog jager-verzamelaar, net als de apen voor ons en en alle kruisdieren en überhaupt de vissen, iedereen. Dus alle soorten voor ons waren jager-verzamelaar, wat ons de belangrijkste soorten. En maar wij dus ook. Dus dus wij deden eigenlijk waarvoor we gemaakt waren: jagen of verzamelen. Ja. En onze fysiologie, onze stressrespons was daar helemaal op afgestemd. Vanaf de agrarische revolutie is wat onze configuratie, zo noem ik het dan altijd maar, niet meer geschikt voor datgene wat van ons gevraagd wordt. Wat bedoel je met configuratie? Ja, dus je noemt de stressrespons, gewoon de onze onze impulsen, ons gedrag. Vanuit de biologie gezien. Ja. Onze ja onze bedrading. Ja ja. Moet dat zo maar even te noemen, loopt dus niet meer in synchronie met wat daadwerkelijk nodig is. Precies. Ja. Wat wat wat heeft dat voor gevolgen? Nou, het gevolg is dat je een situatie krijgt waarin Bijvoorbeeld bij de Argijse revolutie kreeg je de situatie dat je gaat samenwonen met meer mensen dan waar je hersenen opgebouwd zijn. Dus je ziet bij alle primaten, alle aapachtigen, dat hoe groter de bepaalde verhouding van de hersenschorst tot het hersenvolume aan de ene kant is, hoe groter aan de andere kant de groep waarin hij leeft. En dat is ook wel voorstelbaar. Met grotere hersenen, even korter de bocht, kan je beter onthouden van, nou die is te vertrouwen, van hem heb ik nog wat te goed, met hem kan ik goed jagen. En voor de mens kom je dan uit op ongeveer 150 mensen. in een groep, hè? Dan bars limit, toch? Exact, ja. Er is wel kritiek op geweest op die studie, maar het algemene idee van Dunbar klopte. Als je kijkt naar kleinere apen, zoals chimpansees, dan zie je ook dat ze in kleinere groepen leven. Dus dat klopt wel. En dat klopt ook met sociaalogisch onderzoek naar de mens, wat dat bevestigt. En je weet het uit je omgeving. Ook als je op iemands bruiloft komt, waarin iedereen echt iedereen heeft uitgenodigd tot de melkboer op de hoek, dan zit je ook op zo'n 150 man zeg maar. Nou, althans in onze cultuur. Als je nou beseft dat je wanneer je gaat zettenle die groep Eigenlijk ongebreideld kan groeien. Je dorp kan ook 200 mensen worden, of duizend, of tienduizend, of tien miljoen zoals het nu is. Veel wereldsteden zijn groter dan tien miljoen mensen. Dan kan je voorstellen dat je allerlei regels moet opstellen om die samenleving nog ordentelijk te laten verlopen. En idee is ook, theorie is ook dat die regels eerst via mondelinge overdracht op volgende generaties zijn overgegeven en later zijn vastgelegd in de heilige geschriften, met als belangrijk doel om die regels vast te leggen. en waar je kan je tegelijkertijd voorstellen dat op het moment dat het nodig is om regels te op te stellen of hoe je met je buren omgaat, dat er ook een stressor wordt geïntroduceerd die nieuw is voor jou, waar je miljarden jaren niet om gevraagd hebt als soorten in de evolutie, maar opeens heb jij daarmee te maken, omdat jij in een dorp woont wat groter is dan 150. Nou, dat is één. Twee is dat op het moment dat je stopt met jager- verzamelaar zijn en je gaat je vestigen op één plek, is het voor het eerst nuttig om bezit op te bouwen en voor het eerst mogelijk om dat te doen, want als je daarvoor leefde als jager verzamelaar en je had bijvoorbeeld een beest gedood, dan deelde je met de anderen, want het had geen zin om het voor jezelf te houden, want je krijgt het niet op, het verrot en je kan het niet meenemen als je weer verder trekt. Terwijl als je je setelt, dan kan je een opslagplaats maken en dan kan je het verhandelen en daar krijg je dus voor het eerst bezit en daarmee ook ongelijkheid, zoals ongelijkheid tussen mannen en vrouwen en dat is een andere stressor waar ongelijkheid. Ja. Dus zo zie je dat een aantal voorbeelden van je vraagt van wat gebeurt er dan? Nou, dit soort dingen gebeuren dan. En dat perspectief van big history, dus soms wordt Onze evolutie, de geschiedenis, is padgeslaagd tot één dag. Of in dit boek was het volgens mij de hele moderne eeuwen. Volgens mij begint in. Ik ben even het jaartal kwijt. Maar we zitten nu zeg maar in het, dus de laatste seconde van één dag. En waarom is dat perspectief? Dus dat extreme, extreme, extreme uitzoomen om te kijken naar, hé, maar waar komt dat vandaan, waar we tegenaan lopen? Waarom is dat zo cruciaal? Ja, nou, omdat je onze hersenen zijn niet gebouwd op het begrijpen van al te abstracte begrippen. dus wij begrijpen concrete dingen en een beetje complexe of een beetje abstracte dingen ook nog wel, maar als het te abstract wordt, dan kunnen we onze hersens niet omheen krijgen, als het ware, dan snappen we het niet. Bijvoorbeeld een logaritmisch verband, ja, je kan het berekenen en je kan het snappen, maar je kan het niet echt doorvoelen, zeg maar. Ja. Nou, datzelfde geldt voor grote getallen. Ja. Je weet dan net wat je voor een miljoen kan doen, een mooie auto en een mooie huis en klaar, maar wat kan je voor een miljard kopen? Heb je echt al geen idee van? Nee. Nou, dus daarom, omdat evolutie in miljarden jaren gaat, hebben we daar een trucje voor bedacht. Hebben we gezegd: stel dat één seconde in het huidige leven Gelijkstaat aan duizend jaar evolutie. Dan ben je in één tell terug in de middeleeuwen, twee tellen, het jaar nul. En dan op die manier ben je na een dag tellen, ben je dan honderd miljoen jaar terug. Zelfs dat is al mijn boggeling zeg maar. Ja, te lange vanuit. Ja, dat is ook zo. Maar maar het helpt je wel als je vasthoudt aan die ene dag. Want een dag kunnen we heel goed doorvoelen, hoe lang dat is. Bijvoorbeeld door de oefening te doen. Wat deed jij gisteren op deze tijd? Weet je het nog? Probeer eens te bedenken. Drie uur. Dan moet ik eens even nadenken. Welke dag is het vandaag? Daar begint het al. Daar begint het al. Dat bedoel ik. Het besef van tijd is moeilijk. Ja, ja, ja. Maar weet je? Gisteren werkte ik thuis rond deze tijd. Dat ik waarschijnlijk achter mijn computer iets met onze marketing, ons marketingplan bij te werken of zo. Ja, ja. Nou, dan moet je vervolgens bedenken wat je daarna ging doen die middag. Wandeling gemaakt. Wandeling gemaakt en of je daarna ging borrelen, eten. Nee, daarna was het avondeten en lekker relaxte avond met een vriend. Oh, hou je niet van ajax dan? Nee. Dat was echt geen relaxte avond gisteren. Oh, oké. Ik woon echt heel erg afgelegen, ook heel erg in het groen, heel rustig. Ja. Ik heb ook geen televisie, geen kranten. Oké. We hebben vrij minimalistisch bestaan, wat dan betreft. Dat er komen misschien nog op te spreken over dat type bestaan dat dat goed is. Maar dus dan is de pas avond en dan ga je nog slapen en dan ga je lekker ontbijten en dan ga je vanmorgen heb je allemaal dingen gedaan. Dan ben je hier naartoe gereisd, heb je nog lunchdeurst, hier naartoe gereisd en nu zit je weer hier. Ja. Dat is best een lange. Periode, zo'n 24 uur, maar je kan hem goed doorvoelen. Je kan hem goed overzien. Dus als je als je dat vasthoudt, dan stap je ook meer hoe de verhoudingen in de tijd zijn in de evolutie. En dat is heel belangrijk voor voor het punt wat we willen maken. Want op deze manier, als je deze manier van tellen aanhoudt, dan zou stel dat wij op 9 mei nu leven, dan zou het helal op 1 januari zijn ontstaan. De aarde zo ergens in maart, ik weet niet uit mijn hoofd meer, begin van het leven zo vijf weken geleden, de eencellige. Overigens is het einde van het leven op aarde over zes weken alweer. Want dan houdt de zon op met schijnen. Dus wij zitten ongeveer in het midden. Dat las ik in het boek en dat heb ik opgeschreven. Dacht ik. Oeh, dat is iets om eens een meditatie aan te wijden. Het feit dat wij op op de helft gaf weg van vier en half. Ja. Ja. Daar ga je al miljard of biljard. Ik weet niet eens. Miljard. Miljard. Vier en half miljard jaar dat we en en dat het nu nog over vier en half vijf miljard vergaat de hele boom. Nou, daar is er geen leven. Het is heel oud. Te oud om te leven. Hoe saai je bent. Wordt het dan volgens mij? Ja. Dacht ik nou. Wauw, dat is ook echt fascinerend om daar eens over te reflecteren. Wat dat überhaupt voor ons betekent als mens. Dat wij op de helft of over de helft zijn. Maar over zes weken stopt de zon met zijn. Ja. Oh. Hoe weten we dat? Dat is zijn brandstof, helium, waterstof en als ik het uit mijn hoofd goed zeg, is nu voor een bepaalde hoeveelheid op. Dat kan je zien aan metingen en je weet hoeveel die verbruikt per per dag zeg maar. Dus dan kun je uitrekenen hoe hoeveel dagen je er nog heeft. Oké, wow. Demotiverend. Nee, of juist niet, juist niet. Ja, waarom waarom is het demotiverend? Nee, het is voor mij persoonlijk absoluut niet demotiverend. Maar ik kan me voorstellen dat dat soort gedachten dus wel in de hand werkt. bij mensen van oh jee we zijn op de tour en dat dat weer een hele kettingreactie aan gedachteskaf veroorzaakt. Ja ik denk dat dat hierbij nog wel meevalt want het nadeel wat je had bij dat een miljard te abstract is om te snappen is hier je voordeel. Ja je je kan niet vijf miljard jaren te leven dat is best prima. Nee zeker maar het feit dat de zon over zes weken dat de brandstof op is dat dat besef ook dat geeft aan dat het lijkt zo oneindig het heelal oh dat dieet oneindig uit en dieet ook maar nu in één keer draait die om? Oh nee, maar dat is misschien helemaal niet zo. Ja, nou ja, mensen zijn altijd op zoek naar zekerheden in het leven en dit is eentje van. Ja, ja, ja, dat. We hebben er een aantal. Dat we als mensen door het gaan, maar dus ook als als aarders, planeet, als soort tenzij we dus de ruimte in gaan. Ja, als als leven, niet niet als planeet. Als leef, als leven zelfs. Maar inderdaad tenzij interstellar gaat, wat wat natuurlijk heel waarschijnlijk is. Ja, ja, ik, dat is. Mijn vriend is daar helemaal wild van omdat ze het gedachte-experimenten die leven stellen luistert, dan kijk daar ook veel naar. Voor mij gaat het nog net even iets iets abstract. Alle rijke mensen op aarde zijn er mee bezig. Alle miljardairs. Dus om een ticket en een way out te kopen. Ja. Wel goed. Dus we hebben we hebben het big history, dus de stelling van boekers dat we ja, dit goed heb verteld, hè, dat we nog dat het niet helemaal passend is, omdat we ja, maar mag ik nog even het punt afmaken van die waarom we dat dat gedachteexperiment hebben gedaan van die seconde op een duizend jaar is namelijk dat je ik was bij de begin van het leven op aarde en dan wat je ziet is dat de vis zeven dagen geleden voor het eerst op aarde kwam. toevallig zeven dagen van de schepping, maar dat is staat er los van, is een parallelle hypothese zeg maar van de schepping. Maar dat dus de reptielen dan vijf, als ik uit mijn hoofd goed zeg, de zoogdieren vier, even keken, dan de aap achtige twee en wij dan op die negende mei. Dus aap achtige één dag geleden en dan zoogdieren drie dagen geleden en zo voort. En dan zie je dus dat elke elke soort die moet wennen aan een compleet nieuwe omgeving. zoals een vis die op land moet gaan leven, die heeft aan één dag blijkbaar zo ongeveer genoeg om zich aan te passen evolutionair aan een compleet nieuwe omgeving. En en dat zie je bij bij al die soorten. Maar bij de mens zouden wij in dit voorbeeld op 9 mei die hele 9 mei ter beschikking hebben op de manier zoals jij net terugreed van wat je gedaan hebt gister om drie uur om ons evolutionair aan te passen. Ofwel zouden we 100 miljoen jaar de tijd hebben gehad om ons aan te passen aan de grote veranderingen sinds de agrarische revolutie. Maar dat is niet waar, want de agrarische revolutie die was 10.000 jaar geleden en je hebt blijkbaar soorten ongeveer 100 miljoen jaar nodig om evolutionair voor anderen in te ondergaan. We missen nog een paar nullen. Precies. Dus als je goed gaat kijken, dan is de tijd die we echt gehad hebben om ons aan te passen sinds de periode dat echt veel sneller ging allemaal, sinds de industriële revolutie, een paar honderd jaar geleden, is in deze telling 0,2 seconden. Dat is een splitsekond. Waar je 24 uur nodig hebt. En nog van die 0,2, nog een veel kleiner fragment in deze connected mobiele wereld. Dan heb je helemaal gelijk. Dus als je dat doorrelateert, dan zie je dat alle omwentelingen sindsdien elke keer tien keer zo snel elkaar opvolgen als de vorige. Dus als je kijkt van Agrairevolution is dan tienduizend jaar geleden. De grote ontwikkeling daarna is collectief learning, dat je zoveel abstracties in je taal inbouwt dat je het kan overdragen op een nieuwe generatie, waardoor je als soort voor het eerst slimmer wordt. Ja. Duizenden jaren, inzichterevolution honderden jaren, digitale revolutie tientallen jaren en nou artificial intelligence, zelflerende machines jaren. Dus daar gaat het een nul vanaf. Dus het tempo neemt steeds keer tien toe. Dus dat is precies wat je bedoelt. Het gaat steeds maar sneller. En wij ons maar afvragen waarom het soms zo stroef en moeizaam gaat. Want dan komen we op het stuk ook stress, depressie, overspannen, burnout. We lopen dus tegen de lamp. Er gaat het vriest. Hoe? Waarom is dat eigenlijk? Naar de misschien niet waarom, want dan snap ik wel dat het de mismatch. Maar waarin uitziet dat voor de meeste mensen? Hoe uitziet dat voor de meeste mensen? Ja, dus eigenlijk moet je zeggen voor de minste mensen. Want het gros van ons kan hier nog steeds goed tegen. Want we zijn weliswaar evolutionair niet aangepast, want we zijn nog steeds het beest wat we waren. Daarom heet dat tweede boekje 'Levensbeest' qua stressrespons. Maar er is nog een tweede mechaniek waardoor we kunnen veranderen en ons kunnen aanpassen aan onze omgeving. en dat is wat je noemt neuroplasticiteit, dus de veranderlijkheid van de hersenen. Dus als je iets onthoudt, bijvoorbeeld als ik dit tegen je zeg, je weet het vanavond nog, dan is er iets veranderd in je hersenen. Er zijn er hersencellen die meer connecties met elkaar gemaakt hebben. Dat is ook aantoonbaar. Hij heeft kandeld een Nobelprijs voor gekregen. En als je het vergeet, dan gaan die connecties weer zijn blijkbaar weer verloren gegaan. Dus daarom zeg je dat de hersenen veranderlijk zijn, plastic zijn. Nou, dat geldt dus niet alleen voor het onthouden van feitjes, maar ook voor het aanpassen aan nieuwe omstandigheden. Dat zou best aan de hand kunnen zijn. Dat de nieuwe generatie die opgegroeid is met social media En de hele dag tikken op mobieltje. Net iets anders brein heeft dan dan wij bijvoorbeeld. Mijn achtergrond is ook psychologische wetenschapper. Ja. Ik nog steeds heel erg jammer dat ik mijn eigen afstudieonderzoek niet over toen nog MySpace. Toen was er nog geen en Messenger en dan helemaal nog geen social media. Wilt ik heel graag afstudieonderzoek doen kijken naar identiteit en hoe dat samenhangt en wat het allemaal voor ons zou betekenen. Achteraf denk: ah, had ik dat maar gedaan. Want nu vind ik het nog echt zo en denk ik ben zo benieuwd wat de wetenschap over vijf jaar, over tien jaar, vind van de kinderen inderdaad. Ik heb wel wat geluiden gehoord over jonge meisje die veel op Instagram zit, dat die vaker auto moet leren om even een gek sport te noemen. Zo van wat voor invloed heeft dat op onze. mentale gezondheid. Mijn intuïtie zegt, volgens mij is dat best wel zwaar. Ja, dus we komen eigenlijk terug op je vragen van wat betekent dit voor de voor de meeste mensen? Wat grootst van de mensen vaart hier prima bij door die neuroplasticiteit en hoe meer informatie hoe beter, hoe sneller het allemaal gaat, hoe beter. Maar er is een deel van ons wat daar minder goed tegen kan, het stressgevoelige deel. Dus mensen die wat angstiger zijn aangelegd of wat controlebehoefteger zijn of de dingen wat minder makkelijk kunnen volgen doordat ze heel jong zijn of juist al oud, doordat ze een culturele achterstand hebben. en of een IQ, lager IQ, of een psychiatrische stoornis. Er zijn hele groep mensen die daar goed wat minder goed tegen kan. Ja. Wat minder weerbaar, eigenlijk. Wat minder stressbestendig. Hoge, complexe, snelle maatschappij. Ja. En dat is natuurlijk altijd zo geweest. Dus altijd een bepaalde verdeling in de populatie geweest, waarbij het gros van de mensen in het midden zit. Daar aan de linkerkant een aantal mensen waren die heel stressbestendig zijn, de durfals. En dat zijn dan de jagers en de verkenners en heel nuttig. En dan ander uiterst dat je dan de hele voorzichtige mensen, de dwangmatiger mensen. angstiger mensen, maar die waren ook heel belangrijk voor de populatie als geheel, omdat ze controlerden of er geen giftige bestjes bij het eten zitten, etc. Ja, ja. En of iedereen wel zich aan de regels houdt en iedereen fair play doet. Precies. Ja. Ja. Hoe kunnen we dan stress eigenlijk het beste definiëren? Want ik begrijp ook uit het boek, het is nuttig, het is zinvol, het heeft ons helemaal gebracht tot waar we nu zijn. Zeker. Dus ik zie het boek ook als een soort verwachtingsmanagement. Dat is er. Ja. En dat kunnen we gewoon mee omgaan. Ja. Maar wat? Maar toch wat stress niet heel negatief weggezet, hè? Te veel cortisol, allemaal negatieve effecten in het lijf, burnout als gevolg daarvan. Maar wat is stress dan eigenlijk? Nou, stress is allereerst een containerbegrip. Dus er wordt van alles onderverstaan. En daarom is het inderdaad goed om het te definiëren en het uit elkaar te ravelen. Eigenlijk bestaat het uit drie componenten. Stress is is het gevoel wat je hebt in je hoofd. Wanneer de omgeving iets van je vraagt of eist, dat is de stressor. Waar je alleen maar aan kan voldoen door in actie te komen. En dat is de stressreactie. Dus stress is het gevoel wat je hebt in je hoofd als de omgeving iets eist, de stressor. Waar je alleen maar aan kan voldoen door in actie te komen en dat is de stressreactie. Dus die drie begrippen stress, stressor en stressreactie die moet je goed uit elkaar houden. Is want misschien zeg ik dat dan fout, is de de gedachtes die wij zelf creëren kunnen die ook als stressor optreden. Ja, dus dat is een ingebeelde bedreiging eigenlijk. Ja, dus dan dat is precies ook het probleem van de mens. Dus als je die mismatch niet hebt, dan heb je wel stressoren. Elk beest heeft stressoren. Denk maar aan ziekte, de dood, honger. Maar zijn fysiologie is daar op afgestemd, want zijn stressrespons past daarbij. Ja. Dus als hij honger heeft, dan gaat hij vast, gaat hij magerder worden, gaat hij eten zoeken, etc. En als hij ziek is, dan gaat hij zijn gedijst houden, dan gaat hij weinig energie besteden. Als er dood is Wat in de hele evolutie natuurlijk overvloedig geweest is, dan gaat hij een bepaalde onthechtingsfases in, wat wij ook nog kennen als rauw. Dat zijn allemaal normale stressresponsen die passend zijn bij de stressor. Maar de mens die heeft geen vaak tegenwoordig geen concrete stressoren meer. Die heeft abstracte stressoren, zoals een dreigende reorganisatie die via de e-mail tot je komt en jaren boven je hoofd kan hangen, of de zeespiegel gaat stijgen tegen het jaar 2050. Ik bedoel, hoe kan je daar een gezonde stressreactie opleveren? Je kan er niet van vluchten, je kan er niet tegen vechten. Dus wat moet je ermee? Dus wat je ziet is dat bij de mens de acute stressrespons nog net zo functioneel is als hij altijd geweest is, als je op op zijn moet springen voor een tram die er aankomt, of je moet een voordrag houden, of je moet op tijd zijn voor een afspraak. En zelfs de wat korter durende chronische stressrespons is nog functioneel. Maar als het te lang duurt, doordat het abstract is en je eigenlijk niks meer kan, dan is het niet meer functioneel. En dan kan je er zelfs bijwerkingen van hebben, zoals een verhoogde hartslag die in je keel voelt of een gespannen gevoel in je hoofd. En dan is die stressrespons eigenlijk niet meer dan een bijwerking van een systeem wat verouderd is. Zoals je verstandskies of je blinde darm. restje uit de evolutie die je eigenlijk niet meer nodig hebt, maar daar waar je ook geen last van hebt, totdat ze gaan ontsteken. Ja. En zo zo kan je het chronische stressresponsstelsel in zekere zin ook zien. Ja. Ah, interessant. En wat wat betekent dat voor mensen die daar last van hebben, die die zich chronisch gejaagd en gestressed en en daardoor dus ook op lange termijn op lange termijn negatieve gevolgen van ervaren? Nou, je die die acute stress die die kan dus overgaan als je niks aan doet en als de stressormer chronisch genoeg is en abstract genoeg overgaan in in chronische stress. En die chronische stress die kan overgaan in overspanning en die overspanning kan overgaan in burnout en die burnout kan overgaan in depressie lichte depressie en soms zie je dat er ook een ernstige depressie uit voortkomt. Is dat ook want als een van de vragen die ik had van de het boek heet van big bang tot burnout maar eigenlijk als je het leest is het meer van big bang tot depressie omdat burnout daar dan stapje voor zit. Is dat ook de relatie tussen die drie dat je door die fasen heengaat? Dat kan. Je kan ook depressie voordat op een heel andere manier, maar je kan ook op deze manier tot een depressie komen. Wat is precies het verschil tussen burnout en depressie dan? Nou. Als je een groep burn-out patiënten goed onderzoekt, psychiater is, dan blijkt eigenlijk 50 procent al een lichte depressie te hebben. Dus er is een overlap tussen die twee. Maar er zijn ook grote verschillen. Je kan bijvoorbeeld depressie voeren zonder ooit stress gevoeld te hebben. Bijvoorbeeld als je een naaste verliest en daarna ook je baan verliest. Dan heb je dus niet bij dus niet overbelast geweest, maar je hebt gewoon een dubbele verlieservaring. Worden je even helemaal teruggevlootte wordt naar. Ja, wat er gebeurt weten we niet. Nee, oké, oké. Maar zou het eigenlijk kunnen noemen. Ja. Dus dus je kan via een hele andere route depressie voeren. En daarnaast heb je daarbij ook symptomen die anders zijn dan bij burn-out. zeker als het een ernstige depressie betreft, want dan kan je afvallen, dus dat je zo weinig honger hebt dat je gewichtsverlies hebt, bijvoorbeeld. En zo zijn nog een aantal kenmerken die anders zijn bij ernstige depressie dan bij burnout. Ja, het lijkt me lastig om ze uit elkaar te raven, ook omdat ze samen voorkomen en ook deels dezelfde symptomen hebben. Ik heb het geluk dat ik ze beide heb gehad. Ja. Leuk in je boeklas, ik hè, dat hele van oh nee, het ligt aan mijn gene, dus dat kan ik daar door verklaren. Dat mocht ik niet meer doen. Want vader is voelt als hele leven depressief en als ik naar die familielijnen kijk denk nou ja ik snap misschien wel dat diegene dat die switch bij mij makkelijk aangaat om het dan zo maar even te zeggen ik heb ook een burnout gehad en na die twee die voelen wel ik ervaarde ze ook anders en soms vraag ik me af moet het burnout heet ik wil hem niet een soort van overloopt noemen want dat lijkt alsof dat voor mijn gevoel alsof dat gaande is het is gewoon een soort van overloopt van ja alsof je je computer even vastloopt van help ik heb geen geheugen geen schijfruimte meer stop daar mee ja een burnout klinkt alsof we op zijn maar zo voelt het dan niet het voelt dan eerder alsof soort van over de kook zijn gegaan of zo, de overloopt hebben ervaren of zo. Ja, maar misschien denk je, zeg jij, nee, dat klopt echt helemaal niet. We zijn heel benieuwd naar jouw perspectief daarop. Ja, nou, ik denk dat je voegt naar het onderscheid tussen burnout en depressie, maar het onderscheid tussen overspanning en burnout is minstens zo belangrijk. Oké, wat is dat? Waar zit dat dan in? Nou, het zijn eigenlijk, het wordt door elkaar gebruikt, hè? Ik bedoel, overspanning en burnout. Ja. Toch? Maar het zijn eigenlijk twee totaal verschillende beelden. Oké. Dus bij overspanning heb je een lijst van symptomen, van acht symptomen, waar je de drie van moet hebben om te voldoen aan dat eerste criterium. en die symptomen die vallen in twee groepen uit elkaar eigenlijk. Eén is het gevolg van slecht slapen. Dus dan ben je moe en kan je minder goed concentreren. Dat is logisch. Dat zijn drie symptomen: slecht slapen, moe en minder concentreren. Blijven er vijf over. En die vijf symptomen die kenmerken zich eigenlijk door een soort onrust, labilitéit, agitatie. Dus dat heb je: dat mensen niet tegen herrie kunnen, dat mensen een kort lontje hebben, gauw geprickeld, aangebrand, dat mensen inhuilen kunnen, uitbarsten, dat mensen een labilitéit, dat mensen veel piekeren. Dus dat dat dat is een een een set van zulke die gekenmerkt wordt door ja onrust, labiliteit, agitatie, de overspannen. Dat is overspanning. Ja. Ja. Kriterium A. Dan heb je nog kriterium B waar je aan moet voldoen. En dat is dat je een gevoel van controleverlies hebt en een onvermogen om met nieuwe stressoren goed om te gaan. En de reden dat ze dat niet als gewoon symptoom neg hebben gaan maken, maar gewoon als apart criterium waar je aan moet voldoen, is dat kun je wel bedenken dat als je dat hebt, dat je steeds verder in een negatieve spiraal raakt. Want als je het heel erg druk hebt, je hebt bijvoorbeeld chronische stress, maar je bent nog niet overspannen en iemand vraagt nog iets aan je. Dan zeg je wel, nee, hou wacht even. Dit kan ik er echt niet bij hebben. Terwijl als je al in die overspanning zit, ben je daar niet meer toe in staat. En voor je het weet ligt ook dat op je bord. Snap je? Dus dan heb je te weinig energie om nog dingen af te houden. En dan raak je dus nog verder belast. Dus dat is criterium B. En dan heb je nog criterium C. En die zegt dat deze klachten een zichtief kante impact op je leven moeten hebben. Je moet echt minder goed van doorfunctioneren. En D, het moet niet beter te begrijpen zijn als depressie. want depressie is een ernstig beeld en je kan geen over spanning diagnosticeren als je ook een depressie hebt, dus er moet geen depressie zijn. Oh zo, ja, ja, ik snap je, er moet geen depressie zijn. Nou, oké, dus maar die eerste twee criteria zijn het belangrijkste. Ja, als je nou, ja, nee, ik moet meteen denken aan, ik sta heel veel voor young professionals en die lopen allemaal met het vraagstuk, die ervaren overwhelm, deel ook leeftijdsfase, deel ook denk ik nu de maatschappij, wat je beschreef van, hè, je zit eigenlijk al vol, het is heel erg druk, er voor je tweet komt er nog meer op hun bordje en zij geven heel veel, dat van die groep geeft aan dat ze dat ook soort van doen uit een ambitieuze motivatie van goh ja nee dat zal wel horen als je carrière wil maken en eerste vijf jaar werken ja natuurlijk wil ik dat natuurlijk wil ik dat en dat is zich dus allemaal in een soort van naar een overspannen toestand zouden kunnen werken ja dus dus niet zo gezegd maar nee dus wat jij beschrijft is de fase daarvoor dat is die van chronische stress ja kom maar kom maar ja ja ja en en dat is dus voor veel mensen geen probleem die vinden het zelfs leuk ja maar voor voor een kleiner clubje is dat risico dat je dan naar de volgende fase gaat en dat is dan de overspanning nou volgens mij niet eens een heel klein groepje ik weet dus dat is die maar denk dat heel echt dat Overweld. Dat hoor ik bijna alleen ergen veel trainingen bij bedrijven en dan nummer één klagt. Ja, ja, dat dat stand de stress. Ja, ja. Dus overweld door stressoren. Ja. Ja. Nieuwe indrukken, vier of misschien oud ook. Het hoge tempo van alles, mondialisering, de social media waardoor alles in het hier en nu altijd maar op je afkomt, ook in het weekend, ook van je werk. Dus dat dat dat speelt daarin mee, maar dat is nog geen overspanning. Nee, oké, oké. Nou, goed, we gaan ons weten. Ja. Ja, want dat moet de zichtniveaalkante impact op hun functioneren. Ze zitten nog wel bij jou op die op die op die cursus trainingen en niet bij jou als huisarts. Nee, dat heb je dus. Dat is wel een verschil. Je moet niet iedereen overspannen noemen. Nee, oh zeker niet, zeker niet. Maar het is goed om te weten dat het heel goed is dat ze nu veel trainingen volgen, boeken gaan lezen, omdat ze ook wel door hebben van, goh, weet je, dit moet ik niet op lange termijn doen. Dat is niet goed voor me. Absoluut. En wat is de pressie? Weet de psychiatrie of de wetenschap dat wat het precies is? Ja, er zit al een stapje tussen. Dat is die burnout. Ja. Dus misschien goed om die eerst even onder de loep te nemen, want die is dus echt anders dan die overspanning. Burnout is criterium A. Je moet overspannen zijn. Dus dat zit er zoiets al in. Alles wat we hier voorgezegd hebben moet je hebben of hebben gehad. En B, heel belangrijk, moet zes maanden aan de gang zijn. Dus als je vijf maanden overspannen bent, heb je geen burn-out. Volgens de huisarts is dat niet. Ja. En die is goed om aan te houden, want anders dan heeft iedereen zijn eigen. Nee, natuurlijk. Huisarts en bedrijfsarts te houden dit nu aan. Ja. En criterium C, ook een belangrijke, is dat het zo is dat je vermoeidheid, lichamelijke vermoeidheid, een uitputting op de voorgrond staan. En de reden dat dat niet zomaar symptoomtien is uit het rijtje van overspanning, is dat het aangeeft dat je lichaam mee gaat doen. Dus dat je psychische spanning zich vertaald heeft in je lichaam, wat je vroeger somatiseren noemde. Zit een aspect van somatiseren in, zoals je ook spierspanning, hoofdpijn, over rugpijn, of buikpijn als presentatie van een psychische probleem. En dat betekent weer dat het zo hardnekkig is, de burnout. Maar betekent ook dat vooral gekenmerkt wordt door die uitputting. En dat is een heel ander beeld dan die labiele agitatie van de overspanning. dus zo kun je die twee heel goed uit elkaar houden en is daar heel gek dat het door elkaar gebruikt wordt ja als je het nu nu we hebben niet weten het je kunt het ook niet meer fout doen ja ja nou een depressie is dan eigenlijk een situatie waarbij dus ook een aantal andere symptomen erbij komen kijken zoals dat afvallen zit daar ook nog een verschil in het soort gedachten die mensen hebben in in de drie drie verschillen bijvoorbeeld meer depressieve gedachten bij de een dan bij de ander bijvoorbeeld ja dus de inhoud van de gedachten is vaak wel anders in de zin van dat een depressief iemand soms ook geneigd is om de schuld bij zichzelf te zoeken. Ik ben een waardeloos figuur, laag zelfgevoel, ik ben de schuld van alle mislukkingen. Terwijl bij iemand die burnout is, die kan ook zeggen van, nou, als ik een betere baas had gehad die redelijker mij belaste, dan had ik hier nooit gezeten. Dus de burnout en de overspanning, die zijn toch ook wel iets meer vaak door heel concreet overbelasting ontstaan, terwijl de depressie door allerlei factoren kan ontstaan. Maar daarnaast heb je dus ook andere inhoud van gedachten daarbij. Ja. En wat? Wat moeten we hiermee? Los van dat zo'n big history perspectief op stress een soort van, in mijn gevoel, soort van verlichting geeft van, oh, het zit niet in mij. Het is het is de verlichting. Het zit ook in jou. Nee, maar het is niet door mij veroorzaakt. Het zit niet. Het is niet door jou veroorzaakt, precies. En het is ook niet een probleem van jou als individu, maar een probleem van ons als een soort. Dus iedereen zit hier bij tijden weilen mee met die stressgerelateerde klachten. Alleen onderkent niet iedereen het altijd even goed en doet ook op social media, Facebook, etcetera, alsof het niet bestaat, alsof je alleen maar gelukkig en succesvol bent. Met al paark social media is niet in paark gevallen. Ja. Wat? Nou, wat is jouw visie daarop? Is het hoe draagt dit bij in dit hele speelveld, of juist niet? Nou, één ding is belangrijk om te beseffen, denk ik, dat jongeren er meer last van hebben dan ouderen, omdat zij vaak de eerste generatie zijn die met een nieuw medium te maken hebben. Dus toen mijn kinderen opgroeiden met Facebook, had ik er geen ervaring mee, dus ik kon ze daar moeilijk in coachen. Ja. En dat zie je vaak bij nieuwe generaties. Verder is het zo dat het gros van ons daar prima tegen kan en er veel plezier van heeft. Maar als je stressgevoelig bent, dan zou het kunnen dat die die overloopt of overwelling van informatie en emotioneel gedragen informatie en een soort achtergrondbelasting veroorzaakt. Dus het is niet de echte stressor zoals de dood van iemand of een reorganisatie, maar meer een achtergrondbelasting wat we ook wel daily hassel noemen. Vergelijkbaar met een onveilige buurt of leidruchtege buren, iets wat ook een dag een beetje druk geeft, druk geeft, druk geeft. En zeker als Ja, als je beseft dat dat alle ellende uit de hele wereld ongesanctureerd en real-time in je broekzak komt, is dat voor sommige mensen die daar gevoelig voor zijn belastend. Daar kan me alles bij voorstellen. Maar bewezen is dit niet. Het is maar een hypothese. En dat is dan weer het, nou niet het diaat of het mankement, maar gewoon waarom ik zo heel benieuwd ben wat de wetenschap over vijf of tien jaar doet. Nu we dit soort generaties kunnen volgen en nu die ook op psychiatrische consulten komen vaker of bij huisartsen vaker komen of in andere trekten verzeild raken. Want volgens mij moet er nog een hele hoop data geanalyseerd worden of gemijnd worden. zijn daar al op dit moment al onderzoeken of hypothese die die die nu getest worden als je kijkt vanuit het oogpunt van psychiatrie van goh weet je wel en welk speelveld zitten we nu en wat moeten we daarmee nou er wordt wel heel veel onderzoek gedaan vanuit de psychologie naar het effect van gaming bijvoorbeeld en social media en wat daar uitkomt is wisselend dus je kan er nog niet echt chocola van maken maar uw uw mening of dan zeg ik weer uw sorry jouw mening nou ik ik heb de mening dat ik dat dat ik ook niet alles hoef te bewijzen want het is ook een beetje de vraag wie de bewijslast heeft ik vergelijk het altijd met de opwarming van de aarde. Daar begonnen 30 jaar geleden of langer mensen over te praten en die werden weggehouden. Ja. En 10 jaar later werden ze niet meer weggehouden, maar werd ze wel verteld van bewijsbarers. Mhm. En dat is eigenlijk tot een paar jaar geleden niet mogelijk gebleken, omdat het zo moeilijk is om ijskapen te meten of weet ik veel wat. Heb ik geen verstand van. Maar op een gegeven moment zag je toch dat 90 procent van de wetenschappelijke wereld die hypothese aanhing en eigenlijk langzaam die bewijslast omklapte naar de mensen die beweren dat er geen opwarming van de aarde is, zonder dat er echt keihard bewijzen is. Ja. Er zijn wel statistieken en associaties en warme zomers en blauw blauw, maar het is heel moeilijk om om echt die klimaatverandering dat het klimaat aan het veranderen is, om dat te bewijzen. Ja, je zegt het zo'nzelfde zal nu misschien ook zijn met dit soort thema's. Ja, dus de de de wat je wat je zegt de wat je noemt de face validity, dus de ja het boerenverstand zeg maar naar kijken zegt je dat er veel meer op ons afkomt dan 100 jaar geleden. Het tempo ligt veel hoger met alles. Kijk maar naar wanneer je voor het laatst een film uit de jaren 50 helemaal hebt kunnen uitkijken. dat is gewoon niet te doen, zo tragisch dat gaat. Ik wil eigenlijk dan een hele oude tekenfilm die uit mijn jeugd, waar ik helemaal gek voor was, die terugzet te kijken. Dacht ik, wat leuk om die weer te zien. Dacht ik, wat praten die mensen raar. Dat is eigenlijk niet normaal. Maar vooral hoe langzaam het gaat. Ja, ja, ja. En taalgebruik en en ja hoe ze daar omgaan. Ja, allemaal heel rustig. Ja. Braaf. Ja. En en nogmaals voor het gros van ons is dat nog geen probleem, maar maar voor mensen die die streeds gevoelig zijn zou het maar zou kunnen dat dat een extra achtergrondbelasting geeft. En maar maar bewijzen kan ik het niet, maar bewijzen hoeveel ik het misschien ook. Nee. Want het is zo, ja, opvies benen. Ja. En en natuurlijk de de grote hamvraag, hoe kunnen we zorgen dat wij degenen die daar hinder van ondervinden, dat wij wat meer weerbaar. worden daartegen. Ja, dus je kan paar dingen doen. Eén is denk ik belangrijk om je te beseffen waar jij zit op die normaalverdeling van stressgevoeligheid. Zit je helemaal aan de kant van de durvals en kan je alles aan, prima. Zit je echt in het midden, ook prima. Maar zit je aan die andere kant, in die rechterkant, en ben je stressgevoelig, bijvoorbeeld omdat je al een keer zo'n aandoening hebt gehad, of dat je het in de familie hebt gehad, of dat je merkt dat je bij het minst of geringste van de leg bent, dan kan je daar ook maar beter een beetje naar leven. Het is geen ziekte. Het is nog steeds onder de normaalverdeling, als dat jij maar de rechterkant. Maar het is altijd voor de groep als heel functioneel geweest. En dus het is niet een ziekte van jou als persoon, maar meer een verschijnsel van ons als soort dat sommigen van ons daar daar gevoeliger voor zijn. Dus het is geen ziekte, maar je kan er maar wel naar luisteren, naar je lichaam luisteren ook naar die stresssignalen, stressresponssignalen. En dat doe je denk ik op een paar manieren. Eén is als je weet dat je aan die gevoelige kant zit, blijf een beetje uit de redrace, uit de competitie, de harde competitie. Je kan heel goed je ambities kwijt zonder met anderen in de strijd te gaan hele tijd. twee is als je die mismatch dus heel erg voelt van datgene wat er in de moderne tijd op je afkomt en datgene waar we als soort opgebouwd zijn leeft dan maar een beetje naar de soort die we eigenlijk nog zijn namelijk toch een soort beest leeft als een beest dus dat wil zeggen dat je en nu komen er een paar open deuren maar die ik toch maar even noem gaan we wat vaker naar buiten hè want het is in die laatste split second dat we binnen zijn gaan zitten heel onnatuurlijk beweeg wat meer want dat zijn we ook mee gestopt opeens eet wat minder en daar zijn we ook opeens heel veel meer gaan doen allemaal dik geworden we willen best hebben we nooit dik zijn als in de vrije natuur leven. Als ze aan onze lijn door het park lopen. Precies, gevangenschap. Maar in de vrije natuur zijn ze nooit te dik. Kijk al uit dan worden ze gepakt. Gaan we wat meer om met de mensen waar je echt contact mee hebt, een van die 100-150 die je aan kan, waar je echt iets aan beleeft, mensen die echt iets aan jou hebben, in plaats van die duizend vage Facebook vrienden. Slaap als een beest. Dus een beest soort altijd dat je voldoende slaapt heeft. Terwijl wij rustig een slaaptekort opbouwen, wat heel onverstandig is omdat je risico voor stressgerelateerde stoornissen toeneemt. En relax als een beest. Als je hard werkt is prima. Die mensen die bij jou op cursus zitten, moet je vooral stimuleren, lekker doorbeulen. Maar daarna moet je een periode van rust hebben. En als je naar het dierenrijk kijkt, meeste dieren zijn niet langer dan vier uur per etmaal actief. Twintig uur liggen ze lekker te luieren, terwijl wij van s morgens vroeg tot s avonds laat aan het rondrennen zijn. Dat ligt een beetje aan type soort wat we zijn, maar het is toch belangrijk om te beseffen dat het, als je echt wil leven als een beest die echt bent, die je al honderden miljoenen jaren bent eigenlijk van binnen, dat je daar een beetje naar luistert. En als dat niet helpt, dat zijn open deuren, maar Tegelijkertijd denken we dat door de manier waarop we het uitleggen dat mensen beter begrijpen en daardoor ook beter kunnen volhouden. Want het is niet zo moeilijk om een advies op te volgen. Ga vaker naar buiten, maar het is moeilijk om het volgende week nog steeds te doen. Laat staan een jaar later. Hetzelfde geldt voor eten en bewegen. Ja, want dan komt iets van gedragsverandering. Precies. En dan moet je echt van diep van binnen begrijpen waarom het is. En daarom is dat evolutionair perspectief zo leuk. Dan dan snapt je echt waarom het is. Dus dit zijn een aantal aantal adviezen. En daarnaast heb je nog een heel protocol vanuit de huisartsen wat je kan volgen om met een activerend beleid in verschillende fases iemand weer uit zijn overspanning of burn-out helpen. En als dat niet helpt, dan is er nog psychotherapie en etcetera. Ja, ja, dat is natuurlijk een hele legio aan coaches die zitten ook in te specialiseren om mensen daaruit te helpen. Ja. Coaching is een goede tussenweg tussen psychotherapie en dat soort. Ja. Ik weet niet of het concert was, je hebt hoort forest bathing. Ik weet even het Japanse woord niet meer. Ik doe het vandaag elke dag. Al best een paar maanden nu. Kijk naar mijn eigen mentale gezondheid en mijn eigen zwakheden. Want jij noemde net een paar dingen. Denk ik. Goed. Eigenlijk is zo'n wandeling door het bos stik ik al bijna alles stik ik al aan. Ik neem mijn telefoon niet mee. Ja. Zullen we nog even, want dat hoor ik niet. Maar dat is misschien dat een pluggen even. Ja. Dus niet bereikbaar zijn en niet doelgericht iets aan het doen zijn. Maar ja, ontspan als een beest. Ja. Denk ah, daar heb je toch juist van vier vliegen in één klap. Ik ben buiten, ben in bos, want dat is ook dan weer weer. Ja. Heilend wordt gedacht. Ja. Ik wandel, ik mediteer. En van ieder geval ik gen die tijd voor mezelf, voor mijn hoofd even gewoon leeg te maken of om mijn ademhaling te te letten. Denk waarom? Hoe lang duurt het nog dat dit misschien ook wel? Want ik heb psychologische duurt. Ik heb het nog niet zo ver gehoord. dat het meer gemeengoed wordt, ook dit soort adviezen en dit soort luister of deze inzichten als het gaat over stress en de informatieoverload en de vele uitdagingen die we hebben en de gevaren die daarbij horen. Zoal kijk, oké, het is niet helemaal in sync. Ja, doet het dan echt zo lang voordat de wetenschap daar dat dat dat dat ingehaald hebben en dat dat dan vervolgens ook weer in de collegesalen terug wordt gegeven aan de nieuwe lichting? Dat is eigenlijk precies mijn punt van waarom ik het niet altijd nodig vind om iets wetenschappelijk te bewijzen voordat je het naar buiten mag brengen, want eigenlijk is dat geen eerlijke race om dat de krachten die daar tegenoverstaan veel sneller handelen. Denk aan de suikerindustrie en de fastfoodindustrie die ons allerlei ongezond eten en veel calorieën opdringen. Denk aan de social media bedrijven uit Silicon Valley en China die in gevecht zijn om onze aandacht, om advertenties te sluiten en daardoor verslavingselementen inbrengen in de games en de apps door de rode bolletjes, weet je wel, waardoor je per se wil openen. Wat zit erin? Misschien is het van beloning. Dus dat maakt dat er industrieën en veel grotere krachten zijn die ons de verkeerde kant op van padje af proberen te duwen, dan dat wij met onze goede bedoelingen vanuit de wetenschap misschien wel tien jaar bezig zijn voordat we een kleine snipertje bewezen hebben en dan nog eens inderdaad naar de collegebanken krijgen. Dus dat is geen eerlijke strijd. Dus je moet gewoon je gezond verstand gebruiken en zeggen van bepaalde dingen zijn gewoon niet helemaal in goede match meer. Ze zijn gewoon mismatch en dan moeten we iets aan doen voor preventie van wat wij noemen moderne tijdziektes. Dus de stressrelated stoornissen, over spanning, burn-out, depressie, maar ook overgewicht en daarom vast de suikerziekte, hartinfarctziekte. Het zit direct aan overgewicht vast. Verslaving aan allerlei middelen: alcohol, sigaretten, maar ook de drugs. dus dat met je gezond verstand snap je dat je daar dat je die die die mismatch best mag aanpakken als je weet dat er zo ook druk vanuit de industrie bestaat om ons van padje te drukken zonder dat je per se alles bewezen hoeft te hebben. En wat zien jullie in de praktijk waarom dat dan toch voor mensen zo ontzettend moeilijk is? Dus de mensen die op consult komen of die misschien al in behandeling zijn, want het zijn open deuren. Ik zeg soms ook ja, mensen die nu nog niet weten dat zuiken niet goed voor je is, ben hele onderwerpen tegen de afgelopen tien jaar gezeten. Maar toch, en ik ben het, doet zelf ook nog steeds. Van wat is dan toch in ons mensen dat dat zo verschrikkelijk moeilijk is? Ook al weten het helemaal. Ja, nou, je zegt het goed. Wat is het in ons mensen? In ons mensen zit ingebakken de biologie van honderd miljard jaar evolutie. Dus kijk naar die beloning van dat appje, dat rode bolletje wat je wil openen, omdat er een uitnodiging kan zitten of een complimentje of iets wat je per se niet wil missen. Dan komt die vier of misschien uit weer van aan. Waarom is dat zo verslavend? Omdat je, als je die beloning krijgt, dan ja, kort door de bocht en simpel gezegd krijg je dan een shotje dopamine in je hersenen, wat jou een gevoel van bevrediging geeft en wat voortkomt uit die oude evolutionaire taak van dat shotje dopamine. Wat je krijgt als je voetsocht gescoord hebt of of seks gehad hebt, want dat is goed voor de voorbestaan of de voorplanting. dat het systeem dat zit nog diep ingebakken in de mens en daar worden we nog steeds diep van binnen door getreven dus daarom is het zo moeilijk om te veranderen want we kunnen het rationeel wel bedenken maar zolang we dat van binnen anders voelen is het heel moeilijk te betuigenen maar niet onmogelijk en de oplossing is denk ik dat je het niet alleen doet maar dat je ook ten diepste begrijpt waarom je het doet die verandering en dat je accepteert dat het nooit vanzelf zal gaan dat je het altijd moet blijven trainen moet blijven jezelf bij de les moet blijven houden moet blijven oefenen en dat hoor je ook van mensen die heel ervaren zijn in mediteren die zijn niet echt denken dat ze dat ik heb niet echt gevoeld dat ze klaar zijn daarmee die zijn altijd maar verder aan het oefenen en het trainen en ja dat is gewoon de prijs die je betaalt maar het is wel nodig ja dat ik interviewde een gelukskunde docent en die zei ook ja de reden waarom dit thema mij zo ontzettend grijpt is omdat ik die zat misschien in de de angstige hoek ik heb dit elke dag voor mezelf als reminder nodig want het gaat tegen mijn mijn bedraad ding bewijzen spreken in en dat heb ik met de podcast over persoonlijke ontwikkeling en groei en leiderschap vooral heel erg mindset en bewustzijn dat als een soort van continue reminder in mijn eigen proces en dus ook met de mensen die luisteren ja En dat mens was zeggen ja als je net bijna niet klaar mee, heb je niet genoeg gesprekken gevoerd, genoeg boeken gelezen, een podcast, dat blijft. Mediteren bijvoorbeeld zelf ook of wat wat voor dingen, hoe val jij in dat spectrum? Ja nee, ik doe het met de natuur. Met de natuur. Ja. En met wielrennen en dus dat je alles waar je in een cadans kan komen met met lopen of met met fietsen. Oh ja. Dus dat is voor mij de ja de manier om het te doen. Dat merk ik zelf ook in het lopen, in in de cadans van het lopen, alsof het dan zoiets van weg kan en en niet hier in je hoofd rondjes blijft circelen of zo. Ja. Op moment dat je de tijd vergeet. en dat je denkt van hey ik ben er al dan ben je goed bezig oké dat perfect wat ik dan nog vragen ik ben er even ben er even kwijt ohja minimalistme zou dat is best wel een trend minimalistme maar ook simperle gaan leven nou bijna een opvloer maar volgens mij onderschrijf je dat ook zou dat voor ons als geheel of specifiek voor die groep die daar gevoelig voor is moeten we allemaal als mensen gewoon wat simpeler, wat eenvoudiger, wat rustiger af en toe disconnected zijn? Of zeg nee, wij zijn zo capabel om ons aan te passen dat het echt niet voor iedereen hoeft. Dus je zegt eigenlijk twee dingen: van dat niet voor iedereen hoeft. Nee, dat dat dat is natuurlijk zo. We zijn verschillend in onze stressgevoeligheid, dus we moeten ook verschillende dingen daarin doen. Maar je zegt tegelijkertijd vraag je ook van: zullen wij als soort moeten wij als soort niet wat minimalistischer zijn? Ja, we jagen nu natuurlijk complexe, complexe, complexe grote mooie beter, volgens mij ook geweldig is, want het brengt allemaal hele fantastische innovaties. ja dan moet ik weer denken aan het feit dat we het hoekje over zijn op het grotere schaal van oh moeten we dan ook niet een beetje downskalen in onze ambities maar die ben ik dan als ja precies de vraag die daar aan voorafgaat is heb je die keuze als soort ik denk het niet dat we ja als mens als mensen denderen we voort omdat we gewoon nieuwsgierig van natuur zijn we willen altijd weten wat er om het hoekje zit omdat je dan weer een documenten shotje krijgt je hebt een gevoel van tevredenheid een gevoel van zinggeving in het leven mensen willen altijd experimenteren en uitzoeken hoe dingen zitten dat dat ja dat uitzoeken innovatie en wetenschap mag ik nog iets vragen over de gedachten en het omgaan met gedachten als je in een nou die depressieve dan maar niet zeggen maar als je down voelt en je merkt dat je negatieve gedachten hebt wat wat ikzelf ikzelf heb echt wel geleerd om uit te zoomen even te wachten en te beseffen van hey mijn hoofd bedenkt nu dit maar ik kan ook prima een heel ander scenario bedenken en ze kunnen altijd waar zijn want ik weet het niet ze allemaal maar scenario's dus ik kies ervoor om in dat andere te geloven dat is mijn ezelsbruggetje omdat ik in de angstige depressieve hoek viel maar Zijn er misschien nog andere manieren om als je soort van opgeslokt wordt in zo'n negatieve bui met angstgedachten of piekeren of je zorgen maken, wat je kan doen om jezelf daar uit te trekken? Er zijn in de in de psychotherapie natuurlijk verschillende technieken, met name in de cognitieve gedachtetherapie die heel praktisch zijn. Denk aan de gedachtenstop. Ik ken ik niet. Dus de de oefening van de gedachtenstop gaat als volgt: je neemt een angstige piekergedachte die je vaak hebt, die moet je even naar voren halen. Ja. Oké, ja. Dan dan ga je vervolgens drie minuten. Voel hem, gaat verdammen. Ja. Dan ga je vervolgens die die die gedachten gedurende een bepaalde tijd. Ik ik zeg nu maar even een half minuut, maar je kan het ook voor drie minuten doen. Heel erg duidelijk doorpiekeren. Dat is niet zo, maar een beetje piekeren, maar echt vol op piekeren. Oké. Dan ga je hem echt hebben. We doen oh die gedachten die gingen dan zo en dan zo en zo en zo. Dan ga je dat doen. En dan de volgende stap is als je dat een paar paar minuten gedaan hebt, is de volgende stap dat je jezelf voornemt of dat je een alternatieve gedachte klaarlegt die leuk is, bijvoorbeeld een strand waar je deze zomer was met dat barretje en die cocktail en die leuke vrienden en zoals je daar lag en dan pak je die piekergedachten weer op, die zet je weer in, maar je spreekt met jezelf af dat je op een gegeven moment tegen jezelf zegt stop en dan pak je die leuke gedachten en die stop je daarvoor in de plaats, dan dwing je jezelf om aan dat strand te denken en als je dat vaak oefent, dan leer je dus om controle te krijgen over waarover je denkt, want dat hebben wij natuurlijk als voordeel boven alle beesten voor ons in de evolutie. We hebben die enorme hersenschors waarmee we zelf kunnen bepalen waar we aan willen denken. We hebben ook een bewustzijn die zich uitstrekt buiten het hier en nu. Beesten kunnen alleen in het hier en nu denken, maar wij kunnen denken aan zoals het was op die vakantie of die verheugen op iets in de toekomst. En dat is ons voordeel. Dus wij en dat besef je niet zo, maar je kan denken waar je wil. Dat kan jij bepalen. Alleen vraagt het weer dat als meditatie veel oefening. Mindfulness is eigenlijk iets wat hier aan gelinkt is, maar dan heeft iets andere invalshoek, namelijk dat je bepaalde gedachtes op een andere manier gaat vanuit een ander perspectief gaat bekijken. Dus een naargeachte is niet iets wat jou helemaal bevolkt en beheerst, maar kan ook iets zijn wat je voorbij ziet drijven. En dus op die manier zijn er vanuit de cognitieve gedragstherapie allerlei oefeningen. En ik ben daar zelf geen expert in, maar die je kan toepassen, die je kan oefenen met een met een psychotherapeut. Maar je kan ook wat ik net noemde in die activerende benadering van de huisarts of de bedrijfsarts, of van een coachende benadering leren. om te gaan met de type stressoren wat op je afkomt, hoe begrenz je dat, hoe kanaliseer je dat? En je kan met een zoals het verhaal van het onze als het onze kan je de symptomen uit je lichaam beter begrijpen en daardoor ze minder alarmerend vinden. Je kan dan denken van God, die stressrespons van dat kloppende hart, dat had die vis een half miljard jaar geleden ook al. Dat is gewoon een oude verouderde visrespons, waar ik niks meer aan heb, want mijn problemen zijn veel te abstract daarvoor. Dus neem het met de korreltjes uit. Het is ook een vorm van loslaten. Precies, ja, ja, mooi. En als je echt iets hebt, dan moet je naar een psychiater. Op welk moment is het zo erg dat je inderdaad naar een psychiater moet? Wat zijn echt redflags voor mensen die misschien niet luisteren? Van oké, dan is het echt tijd om professionele hulp in te schakelen. Nou, eigenlijk is het moeilijk te zeggen als je er zelf in zit. Eigenlijk moet je is dat aan de huisarts die bepaalt wat dat moment is. En dus als de klachten met name met psychotherapie niet voldoende verholpen kunnen worden, kan het aangewezen zijn dat iemand ook medicatie krijgt. En dan komt een psychiater al gaan om de hoek kijken. Wat zijn wat is het volgende grote project of wat is het volgende grote thema? Wat ben jij op de plank ligt? Wat je graag wil gaan onderzoeken? Nou, we doen nu al onderzoek in samenwerking met veel andere mensen naar hoe je stress bij studenten het beste kan benaderen. Oh, super interessant. Ja, dus daar is een andere afdeling hier in huis de trekker van. We zo lopen er heleboel projecten eigenlijk. We kijken ook naar bijvoorbeeld stresshormoon cortisol in het haar van zwangere moeders die dan kinderen krijgen en in hoeverre die stress ook in het haar van het kind te meten zijn en te meten is op objectiveren is in hoeverre dat doorgegeven wordt aan via het ongeboortekind. Of die theorie, want die is natuurlijk al wat langer, dat dat overdraagbaar is, of dat ook echt feitelijk. Ja. Oh. Dus daar is dan een van de psychiater's hier in huis, Meik van der Berg, mee bezig. En zo zijn er allerlei onderzoeken die lopen. Maar wel eens is gewoon het thema stress. Altijd stress. Ja. Waar komt die fascinatie vandaan? Nou, ik ben tijdens mijn studie geneeskunde al daar ingerold met mijn promotieonderzoek bij Dick Swaab. En en daar kwam eigenlijk naar voren dat dat stress een heel leuk sleutelconcept is om psychologie, biologie en sociale eisen samen te brengen. Antropologie zelfs. Antropologie. Dus daar komt in het fenomeen stress komt alles samen en dat. Syri wil zich ermee bemoeien. Ja. Dus dat is leuk van omdat ik zelf in de biologische psychiatrie aan specialiseren was. Dus daar waar psychische klachten zich lichamelijk vertalen in de hersenen, is dat stressconcept een soort scharnierconcept waardoor al die dingen samenkomen. daardoor is het altijd bij me gebleven zelf ook in situaties van als een burnout want ja goed ik ben zelf ook een piece dietrekt in geweest ik weet hoe overweldigend dat kan zijn ja nou het is grappig dat je het piece dietrekt noemt want ik had op het eind toen voor de deadline voor de drukkers zat als ik zo een nacht door gewerkt en toen zag ik opeens dingen weggeschieten in mijn ooghoek en kreeg een soort muis muiskramp arm omdat ik de hele tijd dingen zat te en en toen dacht ik van oh ja zo voelt het dus als je te als je te ver gaat nu moet ik echt even stoppen en dat was gelukkig ook klaar ja ja ja ja ja ik voorstel dat het ook voor veel mensen is ook een motivatie om daar iets mee te gaan doen om dat ze zelf weten hoe dat voelde ja nee zo was bij mij niet andersom ik kreeg eerste klachten van het onderwerp oh dat is ook wel grappig ja maar er komt niet een nieuw boek aan over een oh komt er een vervolg want we hebben natuurlijk dat leven als een beest die kende ik heel eerlijk moet ik eerlijk bekennen dat ik die niet heb gelezen ik zal het je zo meegeven oh nou wat fijn en misschien wel leuk om hem aan om hem misschien wel aan een van de luisteraars ook te te verloten ja prima tof zijn er nog onderwerpen voor je dat moeten we echt even bespreken of tweede boekje zo ook samen met Wilma de Rek gemaakt oh ja Ja, ik vond het leeslast echt ontzettend pretig en ja, dat is echt helemaal haar verdienste. Ja, ja. Is nog een onderwerp waar je denkt, nou, dat dat dat dat moeten we echt even bespreken, of dat is nu echt zo belangrijk? Ik wil echt dat veel mensen daar ze dat nog meegeven. Nou, volgens mij hebben we wel heel veel besproken. Ja. Oké, dan wil ik je bedanken voor je tijd. Ja. Jij bedankt voor het komen. En heel veel succes met het onderzoek. Dank je wel."
ouder-worden-2040.mp3,interviews,Qwen3 ASR 1.7B,31.7,25.46356589147284,100,69.17054263565892,13186.3125,13186.3125,12.397309099557061,"Welkom, Jan. Goed dat je hier bent. Jij hebt heel veel functies. Je bent lid van de Kwaliteitsraad. Je bent algemeen coördinator van Nederland Zorgt voor Elkaar en ook nog voorzitter van Australiet Zorgt. Dat heeft ook allemaal met elkaar te maken, toch? Ja, dat klopt. Ja, begon met mijn vrijwilligersbaantje eigenlijk bij mijn eigen zorgcoöperatie in het dorp Australiet waar ik woon. En er bestaat een jaar, een jaar of tien. Ik ben sinds jaar of drie voorzitter daarvan. En ja, vanuit Australiet zijn we de beweging, het netwerk Nederland Zorgt voor Elkaar begonnen als landelijk netwerk voor al dit soort initiatieven. En ja, zo ben ik in die functie van algemene coördinator gerold en van daaruit ook weer in de kwaliteitsraad terechtgekomen. Nou, heel veel verschillende functies en nou heb je ook nog besloten om je te gaan verbinden aan het programma Ouder worden 2040. Wat spreekt jij daar zo in aan? Nou, ik moest in eerste instantie wel even nadenken toen ze me vroegen van goh, wil je meenpraten over dat programma? Want die zijn natuurlijk al behoorlijk wat, ja, ik noem het maar even praatclubjes, verdenk tanks in in de zorg en eromheen. Maar ik vond dit wel een interessante initiatief, omdat het echt heel breed gaat. Dus het kijkt niet alleen maar naar het zorgaspect, maar al aspecten van het leven, van ja, de vergrijzende samenleving komen daarin aan de orde. dus dat, dus de thematiek sprak me in die zin aan, omdat ik denk dat alles met ook echt ook met elkaar verbonden is. Je kan niet alleen maar het zorgaspect eruit halen, want dan, ja, dan dan vind je niet de oplossing die je nodig hebt. En het tweede aspect wat ik aantrekkelijk vond is dat ook in de, ja, samen met de deelnemers, degenen die erover gaan meedenken of nu op dit moment dus in die verschillende gremia zitten, is gekozen voor een hele brede, een heel breed palet aan aan mensen vanuit allerlei hoeken van de samenleving. En ik denk dat dat ook sterker maakt. Dus niet alleen zorgbobos die met elkaar praten, maar ook echt mensen uit de samenleving, bedrijfsleven, actieve burgers zijn er allemaal bij betrokken. Ja, nou ja, actieve burgers. We hebben meteen ook het onderwerp waar jij ingespecialiseerd bent, zullen we maar zeggen, want we staan voor nog al een opgave hè met met het ouder worden 2040 wat is het belang van burgerparticipatie in de in die komende twintig jaar bij die ouderwordende samenleving ja ik denk dat we niet zonder kunnen ik denk dat als we de zorg blijven organiseren zoals we dat nu eigenlijk de laatste vijftig jaar gedaan hebben waarbij we dus de ja alle aspecten van het zorgen en het ondersteunen van mensen eigenlijk uitbesteed hebben aan aan professionals, aan organisaties, welzijnsoorganisaties, zorgorganisaties, woningbouwverenigingen, alle partijen zeg maar zijn bestaan uit professionals die allemaal hele nuttige dingen doen natuurlijk, maar nou ja, er is natuurlijk al door allerlei mensen de verstand van hebben bereikt dat dat allemaal niet op de mij niet meer houdbaar is, omdat de druk op de op dit zorgorganisaties steeds groter gaat worden door de vergrijzing, door de toenemende hulpvraag. En dus we zullen echt moeten nadenken over alternatieven. Hoe kunnen we de samenleving zelf betrekken bij het ja het zorgen voor en het ondersteunen van de toenemende groep ouder in onze samenleving. Ja, en en je zegt dat daar moeten we over nadenken. Daar heb je vast ook al ideeën over. En hoe zouden wij die die en een deel van die formele zorg en h ja nou feitelijk gebeurt dat denk ik al wel op behorelijke schaal we hebben zien nu dat het aantal initiatieven wat op lokaal niveau binnen een eigen dorp of wijk dit soort dingen organiseert dat neemt enorm toe we zitten nu al op 1500 ongeveer die we kennen een paar jaar geleden waren het nog maar 500 dus dat gaat echt heel hard dus zeg maar de basis is er om om dat te gaan doen maar nu moeten we alleen nog de structuren vinden om dat op een goede manier in te bedden want nu is het eigenlijk zijn het twee parallelle traject je hebt het formele zorgtraject en je hebt wat ik dan even noemde nulde lijn zorg hè dus dat dat is de de georganiseerde zorg door burgers Dat dat sommige plekken gaat dat goed samen, maar op heel veel plekken loopt het eigenlijk nog parallel aan elkaar en we moeten dat eigenlijk met elkaar zien te verbinden. En dat is best wel een opgave, want ja, er zijn natuurlijk allerlei elementen in hoe we de zorg en ons steuning nu georganiseerd hebben die dat best wel bemoeilijken. De verschotting die we hebben met alle verschillende en dat daar hebben we niet alleen professionals last van onderling, maar ook in de samenwerking met burgers maakt dat dat best wel ingewikkeld. Dus daar moeten we echt nieuwe aan modellen voor gaan ontwikkelen. En daar wordt ook wel echt aan gewerkt op dit moment van onder andere vanuit Nederland Zorg voor elkaar. Maar ja, daar zijn we nog volop in ontwikkeling eigenlijk. Maar die nieuwe modellen zijn wel nodig, want als we nu kijken, merk je toch heel vaak berichten over overbelaste mantelzorgers bijvoorbeeld. De manier waarop we nu georganiseerd hebben, ook voor die informele zorg, is ook niet houdbaar denk ik. Nee, dat klopt. Ongeveer een half miljoen en inmiddels misschien zelfs wat meer structureel overbelaste mantelzorgers in Nederland. ik denk dat dat echt een probleem van de toekomst gaat worden als we daar niet veel meer op gaan inspelen dat dat is iets wat je heel goed lokaal kunt organiseren zonder dat je het systeem daarbij nodig hebt om even zo te zeggen dus bij ons in Houtsluit hebben wij meer dan 100 vrijwilligers op een bevolking van ongeveer 1700 en we hebben een dorpsondersteuner een professional die wij aansturen die die en die houdt echt die mantelzorg in de gaten bij ons in dorp die worden dus gemonitord om even zo te zeggen en zij kan heel makkelijk vrijwilligers inschakelen om respijt te bieden of om te ondersteunen en dus bij elkaar om te komen om bij elkaar om te komen maar ook gewoon structurele ondersteuning een schaakmaatje voor iemand die die daar behoefte aan heeft zodat de degene die de mantelzorg moet verrichten even tijd heeft om wat anders te gaan doen dat is eigenlijk heel makkelijk lokaal te organiser Maar ik denk dat we ook moeten kijken naar meer verbindingen tussen informeel en formeel. Dat ook in het hele zorgtraject, als het wat meer professionele kenmerken gaat bevatten, dat we daar ook een betere samenwerking gaan krijgen. Dat is nog wel een aardige opgave waar we voor staan. Ja, en want dan is het ook wel van belang om te kijken naar hoe wordt die formele zorg georganiseerd. En dat zal ook moeten veranderen. Ja, ja. Ik denk dat we nu eigenlijk wat we gezien hebben in de afgelopen periode is dat we steeds meer schaalvergroting hebben gekregen, dus dat we veel meer op een regionaal niveau of op gemeentelijk niveau zagen organiseren. De hele WMOS bijvoorbeeld op gemeentelijk niveau georganiseerd. Die hebben dan wel zwaar weer wijkteams, maar ook die wijken zijn vaak niet ingedeeld op de manier waarop bewoners zelf naar hun wijk kijken. Austeliedt is ingedeeld samen met een wijk in Zeist waar we eigenlijk helemaal niks mee te maken hebben. In Austeliedt hebben we het zo geregeld dat wij een eigen dorpsteam hebben, dus de WMO is daar afgesplitst van de reguliere WMO, omdat we gezegd hebben wij willen dat ook die ondersteuning via dezelfde patronen loopt als de informele zorg. Dus diezelfde dorpsondersteuner regelt ook de WMO, dus die regelt het vrijwilligerswerk, maar die regelt ook de formele ondersteuning. En eigenlijk kun je dat ook dorpsverzorging en de wijkverpleging die kun je ook veel beter op datzelfde niveau organiseren. Dus we hebben ook een wijkverpleegkundige die heel nauw samenwerkt met die dorpsondersteuner. En eigenlijk als je dat op die kleine schaal van een paar duizend mensen organiseert, dan is het heel simpel. en dan zolang je maar vanuit het belang van die gemeenschap gaat redeneren en gebruik maakt van de kracht die in die gemeenschap zit bij bij de bij vrijwilligers zijn ook heel vaak bestuurders die in zo'n dorp wonen of in zo'n wijk wonen die daar best ervaring mee hebben om dat te organiseren maak daar gebruik van en maak ook gebruik van de zilveren generatie waar de RVS te over heeft de de enorme potentieel aan jonge pensionado's die nog heel actief kunnen zijn en dat ook graag wel willen En ja, die ik denk dat we daar nog veel te weinig gebruik van maken om die ook in te schakelen bij de zorg en ondersteuning voor de mensen die nog ouder zijn en die echt zorg en ondersteuning nodig hebben. Er zijn nog genoeg ja zaken om aan te pakken. Maar als dat allemaal op die manier ook aangepakt wordt, hoe ziet jouw jouw ideale zorgsamenleving bijvoorbeeld over tien jaar eruit? Ja, nou, ik hoop dat over tien jaar overal zorgsamen gemeenschappen zijn in Nederland. En zorgsamen gemeenschap bedoel ik een dorp of een wijk waar ze als bewoners ook eigendomschap hebben genomen voor het zorgen voor elkaar. Dus en dat zal in de ene wijk of dorp zal heel anders uitzien dan in de andere. Dat dat mag ook hè. Dat moet je vooral zo inrichten dat het past binnen de gemeenschap. En dan hoop ik dat zeg maar de formele zorgpartijen en ondersteuningsorganisaties dat die zich daarop gaan aansluiten. Dus dat die niet meer leidend worden, maar dat de zeg maar de lokale processen leidend worden en dat dat daar ondersteuning wordt geboden vanuit de gemeente, vanuit woningbouwverenigingen. En als laatste punt wat ik denk heel belangrijk vind is dat we ook qua ouderenhuistesting op een manier moeten gaan werken dat we dat ook helemaal lokaal gaan organiseren. Dus ieder dorp of wijk. mij betreft zou een kleinschalige woonvoorziening voor ouderen moeten hebben. Dat heeft twee grote voordelen. Eén is dat ouderen dan niet ontworteld worden uit hun eigen netwerk. We hebben in Oud-Sluis gemerkt toen we nog geen zorgwoningen hadden dat mensen op laatste fase van hun leven vaak nog moesten verhuizen naar een verpleeghuis in de buurt in Zeist of in Driebergen of zo en dat dat had meestal vrij dramatische gevolgen dat mensen ja het is maar een paar kilometer verderop ja maar je wordt toch echt ontworteld en je raakt je netwerk kwijt en er zijn mensen ook echt uit Heembeek overleden die kennen wij ook gewoon die die dat gewoon heel kort volgehouden hebben dus dat is één het tweede voordeel is dat als mensen hun sociale netwerk kunnen blijven houden is dat die mantelzorgers ook intact blijven dat die nog steeds kunnen blijven zorgen dus je krijgt veel meer informele steun op moment dat je mensen in hun eigen woonomgeving kunt opvangen ook als ze wat zwaardere zorg nodig hebben zeker zijn nog is nog grote opgaven moet veel gebeuren daar ga jij ongetwijfeld ook hard voor inzetten samen met een aantal andere mensen hartelijk dank Jan voor je komst naar de studio en u weer hartelijk dank voor het kijken naar deze aflevering van het programma ouder worden 2040. Tot ziens."
verpleegkundige gevangenis.mp3,interviews,Qwen3 ASR 1.7B,39.0,25.532620041753855,100,68.17432150313152,13186.3125,13186.3125,16.918330598833315,"Maar iedereen heeft recht op zorg. Of je nou iemand vermoordt hebt of een brood gestolen hebt, ja, je hebt recht op zorg. Punt. Als je weet dat je het kan, dan moet je ook volgaan. Echt een duidelijke norm richting de samenleving. Wij horen altijd onze politiemensen te staan. Leuk dat je luistert of kijkt naar de politiepodcast Boeiend. En we hebben vandaag weer een interessant onderwerp voor jou, Impetto. We gaan namelijk niet de politieorganisatie induiken, maar de penitentiairinrichting. En om daarover te praten, zit bij mij aan tafel Karlijn. Welkom. Dank je wel. Jij werkt niet zomaar in de PI, want jij bent verpleegkundige. Klopt. Ja. Ja, justitiële verpleegkundige. Justitiële verpleegkundige. Kan je wat vertellen over wie jij bent en wat je doet? Ja, ik werk inmiddels bijna twaalf jaar in de PI en ik werk in de PI Rotterdam locatie de Schri. En ja, als justitieoverlegkundige. En het leuke is aan mijn baan, ja, ik heb ontzettend veel vrijheid en we draaien eigen sprekuren. Heel gevarieerd beroep heb ik. Ben je dan een soort van huisarts in de PI? Moet ik dat zo zien? Nou, ja, zo zou je het een beetje kunnen zien als een soort huisartsenpraktijk, hè, de medische dienst, soort huisartsenpraktijk. En wij zijn eigenlijk de buffer tussen de huisarts en de en de gedetineerden. Dus in de eerste instantie komen mensen kunnen verzoenbriefje invullen op de afdeling als er iets aan de hand is. Komen ze altijd eerst bij ons? Dan gaan wij inventariseren. Is dit iets wat wel naar de huisarts moet? Kunnen wij dit zelf afhandelen? Moet iemand doorverwezen worden naar de visio of naar de opticien? Of nou, noem het allemaal maar op. Dus ja, inderdaad. Bijzonder. Ja. Hoe ziet dan een werkdag er voor jou uit? Ja. Nou, als we 's ochtends binnenkomen, na het even opstarten, bakken koffie, dat soort dingen, ga ik meestal eerst eventjes langs de OBS, de observatiescellen, oftewel de isolercellen, strafcellen, maar net hoe je het wil noemen. Daar zitten mensen die of iets hebben gedaan wat niet mag, of voor naar eigen veiligheid. En die bezoeken wij elke dag in principe om even te horen of het goed met ze gaat, of ze iets nodig hebben en of we iets voor ze kunnen betekenen. Nou, dan gaan we daarna mee zo het spreekuur draaien, alle verzoekbriefjes die binnen zijn gekomen afhandelen, agenda punten dat kan zijn wondzorg of bloeddruk nog een keer meten of nou noem het maar op. En dan heb je vaak inkomsten die komen dan weer. We hebben jullie vandaan, nieuwe mensen die zijn opgepakt, die moeten de PI in. Daar gaan we een hele intake mee doornemen. Dus binnen vier en twintig uur vragen we hun hele medische voorgeschiedenis uit eigenlijk. Kan je wat vertellen over de PI waarin jij werkt, locatie de Schie? PI Rotterdam. Wat is dat voor wereld? Hoe ziet het er daar een beetje uit? Nou, heel bijzonder, want het is ontworpen door architect Karel Weber in 1989 geopend. En het is een kakafonië aan kleuren. Oh wauw. Ja, het is een heel kleurrijk gebouw van binnen. Dus groen, geel, rood, blauw, alles komt voorbij. Er kan je een hoop van vinden, maar ik vind het zelf eigenlijk wel soort vrolijk of zo. Ja. Het is een vrij kleine PI. We hebben voornamelijk enkelcellen, sinds kort een paar dubbelcellen ook, en we hebben verschillende regimes. we hebben huis van bewaring en gevangenis. Voor degenen die niet weten wat het verschil is: huis van bewaring zijn ze nog niet afgestraft, gevangenis zijn ze wel afgestraft. Dan hebben we een extra zorgvoorziening. Dat is een afdeling voor met name psychisch kwetsbare mensen. Daar is net een iets ander regime. Daar hebben ze een ander dagprogramma. Personeel is daar net even anders opgeleid. En dan hebben we nog een terroristische afdeling. En hoeveel mensen zijn er dan in totaal ongeveer in detentie bij jullie? Rond de 260, 265. Ja. Dus dat is vrij klein, hoor. En je hebt dan te maken met mensen die die daar niet voor niks zijn, maar die ook vaak ontzettend op hun kwetsbaarst zijn. Ja. Hoe hoe is dat om met mensen om te gaan die in zo'n die in zo'n omstandigheden leven? Het grappige is dat je dan op de afdeling ziet dat ze zich soms best als haantjes kunnen gedragen. De de grootste afdeling telt 72 man. En ja, dat kan soms best intens zijn als je daar rondloopt. Soms wat drukte en een beetje stoer doen. En ja, dan komen ze bij mij in de spreekkamer met bijvoorbeeld hartklopping. Weet je, een jonge vent. Nou, dan doe je hier controles en dan merk je dat daar eigenlijk niet zo veel aan de hand is. En dan komt het eruit en zit er ineens te huilen met mijn moeder of ja. Dus ja, die kwetsbaarheid. Dat is wel een behandelrelatie die je een beetje opbouwt. Dus natuurlijk niet op dag één over het algemeen. Maar ja, dat die kwetsbaarheid, ja, die zien we ook. Ja. En wat maakt dan het werk als verpleegkundige in een PI anders dan bijvoorbeeld een verpleegkundige in het ziekenhuis of op de ambulance bijvoorbeeld? Ja, nou ja, ik heb altijd vanaf, ik ben in 2001 afgestudeerd. Toen had ik eigenlijk al meteen zoiets van, ik, je moet mij niet aan bed zetten. Dat is niet voor mij weggelegd. Ik moet gewoon mensen wassen, dat soort dingen. Dat is niet voor mij. Maar ja, de technische handelingen en gesprekken voeren met mensen, dat vond ik wel altijd leuk. En dat is wat ik in de PI dus wel heb. En daarnaast heb je gewoon heel veel vrijheid. Ik kan zelf mijn dag indelen. Ik, als ik s ochtends naar de OBS ben geweest, Dan kan ik bedenken: nou, wat wil ik nu doen? Heb ik veel briefjes, dan ga ik eerst mijn spreker starten. Maar heb ik weinig briefjes, nou, dan ga ik eens even op de afdeling kijken, eens even horen hoe het met die meneer gaat met die gebroken arm. En dan ga ik eens even zo hier en daar een praatje maken, mijn oor te luisteren leggen, dat soort dingen. Dus je kan echt jezelf, je eigen dag indelen. Dat vind ik ook heel prettig. En wat voor, ben jij de enige verpleegkundige van PI Deschies? Of werk je in een team? Hoe moet ik dat voor me zien? Nee, we zijn met een team. Nou, de horende zes te zijn, die zijn er nu niet, maar we horen met zes zes te zijn. Meestal ben je met drie à vier per dag. Dat is wel een beetje te streven. En werken jullie dan soort van kantoortijden? Of gaat het vierentwintig zeven en in de weekenden Nee, we zijn de medische dienst geopend op werkdagen van half acht tot vijf. En het kan natuurlijk gebeuren dat er vanuit politiebureau vrijdagmiddag laat nog iemand bij ons naar binnen geschoven wordt. Ja, dan komen we op zaterdagochtend de intake doen. Ja. Maar dat zit in principe. Wij hebben geen 24-uurszorg. Nee, precies. Dat is overigens in andere PI's wel zo, hoor. Soms, maar wisselt. Ja, precies. Ja. Het valt allemaal onder de dienstjustitiele inrichtingen. Ja. En daar zijn natuurlijk allerlei verschillende functies binnen die hele hele wereld. Wat voor verschillende, wat voor andere taken zijn er nog meer binnen zo'n PI? Nou ja, wij werken eigenlijk heel nauw samen met alle disciplines. Met name natuurlijk bijvoorbeeld de PEW'er, de penitentiair-inrichtingswerker. Dat zijn de de beveiligers op de afdeling. Die zijn de hele dag met die jongens samen. Ja, dat zijn natuurlijk ook voor een deel onze ogen en oren. Dus als wij iemand op spreker krijgen met een bepaald verhaal of hij wil iets, ja, dan in sommige gevallen checken we ook wel even van, klopt het wat die zegt of andersom werkt het ook zo? De PEW'er ziet iets op de afdeling en signaleert ons van, misschien moet je even bij die man gaan kijken. Nou, dan heb je natuurlijk de complexbeveiligers die ja letterlijk het complex beveiligen dus die zitten achter de knoppen die geven de deuren die doen ook celinspecties nou ja de afdelingshoofden werken we mee samen je hebt case managers die de belangen behartigen van de gedetineerden er is geestelijke verzorging dus een pastoor een imam een orthodox russische hoe noem je zo iemand ja nou van alles wat in ieder geval ja nou zijn er natuurlijk een hele hoop mensen die in de samenleving roepen we moeten zware straffen die gasten verdien de goede medische zorg weet ik het allemaal wat sluit ze langer op maar jij werkt in die wereld hoe hoe kijk je daar tegenaan ja ik vind dat best wel lastig kijk het is niet Ik denk als je er niet zo over denkt als ik, dan kan je niet in een PI werken, want de heren die daar zitten en natuurlijk dames ook ergens. Ja. Want jij werkt alleen op de mannen. Ja. We hebben alleen mannen. Ja. Die zijn al gestraft, dus het is niet aan mij om daar op eigen houtje nog eens een schepje bovenop te doen. Nee. De rechter heeft ze afgestraft en dat is hun straf en ik heb mijn werk te doen en dat doe ik met plezier. Maar iedereen heeft recht op zorg. Of je nou iemand vermoord hebt of een brood gestolen hebt, ja, je hebt recht op zorg. Punt. Ja. En dat is hoe ik ernaar kijk. En dat is best wel eens met buitenstaanders lastig, hè, als je te overzware delicten hebt. Ja. Aan de hoogste boom inderdaad of. Ja. Ja. Dat is niet hoe ik ernaar kijk. Ja. Precies. Nou zijn er ongetwijfeld mensen die naar deze podcast kijken of luisteren die interesse hebben in het werken bij de DAI of misschien wel in jouw rol. Ja. Aan wat voor competenties moet je voldoen? Wat voor mens moet je zijn om om in die wereld te werken? Ja. Nou, dat is wel grappig. Ik heb ook in het verleden wel eens in sollicitatiecommissies gezeten als ik het dan even heb over de verpleegkundigen. En ik kijk zelf altijd meer naar wat voor persoon zit er tegenover me dan wat staat er op iemands cv? Iemand kan net van school afkomen en tegenover mij zitten en dat ik dan denk: goh, ik zie jou doen, staat stevig in de schoenen, dat gaat helemaal goed komen. En iemand kan een prachtig CV hebben dat je denkt: nou, op papier fantastisch, maar die zit bij elke keer als er een pieper afgaat met angst in de ogen om zich heen te kijken. Ja, dus het is wel een beroep waarbij een beetje steviger in schoenen moet staan en toch, ja, je verbaal je mannetje moet staan. Ja, we gaan daar, we gaan ook straks een kijkje nemen op jou op jouw werkplek. Ik ben zelf nog nooit een PI-deskier geweest. Ik vind het ook ontzettend interessant om om straks je daar ook een kijkje te nemen. Ja, voordat we het nog meer over jouw werk gaan hebben, willen we wat meer over jou te weten te komen. En dat doen we in het verhoor. Het verhoor. Wat is het leukste aspect van jouw werk? Goh, ik denk de diversiteit in de doelgroep. Ja. Als jij niet als verpleegkundige zou werken, wat voor werk zou je dan doen? Dat is een leuke. Ja, ik ben wel een regelneef, dus ik denk dat ik dan ooit in de blijft lang geleden in de evenementenorganisatie gewerkt. Ik denk dat ik die hoek op zou zoeken. Een feest organiseren? Ja, weet ik niet. Dat vind ik dan weer lastig. Ik vind het wel leuk als er toch ook een maatschappelijk belang bij betrokken is. Dus ja, zoiets in die hoek denk ik wel. Heb jij ook een muzieknummer wat het beste past bij het werk wat je doet? Och, jeetje. Nou ja, ik ben eigenlijk best wel fan van Johnny Cash. Oké. Ja, dat is natuurlijk bij uitstek degene die altijd in de gevangenis ging optreden. Ja. Dus ja, als je het hebt over Johnny Cash, je kan er heel overe natuurlijk op tafel gooien, maar ja, Johnny Cashje zou dan de artiest zijn die erbij. Ja, ik heb ook staan welke film moet iedereen gezien hebben, maar is dat dan ook Walk the Line? Die gaat over Johnny Cash, toch? Ja. Nou, ja. Nee, dat is niet. Nee. Ik moet. Ik moet meteen denken aan aan de Green Mile. Ja. Is natuurlijk echt een prachtige film. Echt. Ik heb hem al zo vaak gezien en elke keer weer tranen met uit. Ja. Maar de manier waarop Tom Hanks kijkt. naar die grote kerel hele hele beangstigende kerel hele beangstigende kerel en toch ziet hij de menselijke kant van die man en dat is ook een beetje hoe ik naar mijn werk kijk en ja denk dat die dan wel bovenaan mijn lijstje staat ja wat is de grootste misvatting over het werken in een pi dat ze allemaal in oranje pakken lopen denk ik ja ja dat is serieus ja die vraag heb ik al zo vaak gehad dat dat mensen echt denken van lopen ze nee eigen kleren dan ja het soort oranje is de nieuwe black achtige beeldvorming ik weet het niet even wat doe jij als jij niet aan het werk bent heb je ook hobby's dingen die je In de vrije tijd doet. Ja, dan probeer ik toch wel. Kijk, het is best wel een pittige baan, hè? Je maakt soms echt heftige dingen mee. Dus ja, mijn ontspanning vind ik in yoga bijvoorbeeld. Ja, ja, daar word ik heel blij van. Fysiek en mentaal rustpakken. Ja, zeker. Wat is voor jou het fijnste moment van je dag? Ik denk wat ik net ook zei, als er als er de tijd voor is, dat ik even naar de afdeling kan lopen en daar gewoon even aan kan schuiven bij stel gasten die een potje aan schaken zijn of dat je gewoon eens even een praatje maakt met verdachte feitjes. Dit verdachte feitje gaat over muziek en niet zomaar muziek, maar muziek gemaakt door de politie. Wat houdt dat in? We hebben namelijk één nationaal politieorkest en maar liefst 13 ensembles, korenen en orkesten verspreid over heel Nederland. Zij ondersteunen bij een interne ceremonie, een herdenking over een evenement. Het verschil tussen het nationale politieorkest en de 13 andere orkesten, ensembles, is dat in het nationaal politieorkest alleen politiecollega's in actieve dienst spelen en in die andere 13 daar spelen ook burgers. Dus zij worden geskript en worden dan aangenomen als politievrijwilliger. Ik hoop dat je weer wat wijzer bent geworden over de wonderenwereld van de politie. Ik zie je graag weer bij het volgende verdachte feitje. Jouw vraag. Wij stellen de kijkers en luisteraars van deze podcast altijd in de gelegenheid om vragen te stellen. Nou, er is natuurlijk ook heel veel interesse in jouw bijzondere baan. Voordat we die vragen toekomen, wil ik heel even terugpakken op wat je net zei over dat die mensen die bij jullie verblijven in hun eigen kleren rondlopen. Kan jij iets vertellen over hoe zo'n dag en hoe hun leven op dat moment er een beetje uitziet? Ja, dagprogramma bedoel je? Ja, ja. Nou, ik moet eerlijk bekennen, ja, daar hebben wij natuurlijk in die zin vrij weinig mee te maken, behalve dat ik weet dat ze op bepaalde momenten, als ze bijvoorbeeld naar de arbeid zijn, niet opgeroepen kunnen worden voor de medische dienst. Maar voor zover ik het kan vertellen, ze hebben verschillende dingen waar ze recht op hebben, persoonlijke verzorging, dus dan kunnen ze douchen, dat soort dingen. De gevangeniskant heeft verplicht arbeid, een halve dag per dag, zeg maar, dus moeten een halve dag werken. Sommigen kiezen er ook voor om hele dagen te werken, dat mag ook. Kan ik me ook voorstellen, trouwens, hè, want als je daar hele dag zit, ik denk dat ik ook hele dagen zou gaan werken. ze hebben luchten ze hebben recreatie dus dan kunnen ze koken op de afdeling ze maken ook kookclubjes dus dan koopt één de boodschappen de rest kookt het en dat rulleert dan en dan wel ironisch als je voor kook daar zit om dan te gaan met dat kookclub ja precies ja zo en bibliotheekmoment en dan zijn er natuurlijk gesprekken met van allerlei instanties waar wij ja de ketenpartners waar wij mee samenwerken dus ja dat is van de reclassering tot de politie tot nou ja noem het maar op case managers medische diensten psychologen het lijkt me wel een hele heftige wereld om in te in te zitten als gedetineerde ja is het een Spannende is het een spannende wereld. Is er hangt er vaak een gespannen sfeer. Nou, dat kan soms wel zo zijn. Dat hangt er een beetje vanaf welke afdeling het ook is. Maar ja, kijk, je stopt een groep mannen bij elkaar. Op de op de op de grootste gevangenisafdeling zijn dat er dus 72. Ja. Ja, dat kan wel een spanning opleveren. En dan gebeurt er iets en niemand is het daar niet mee eens. En ja, dan is soms de spanning ook wel voelbaar. Maar dat dat weer die samenwerking met met de Pwes op de afdeling. Ja. Ja, die weten dondersgoed. Die voelen dat veilig aan en die weten dondersgoed van oh kom je voor die en die. doe maar even niet slechte dag ja slechte dag ja jij werkt hier natuurlijk als verpleegkundige daar gaat ook deze podcast over hoe werkt dat want je hebt een eigen soort van praktijk daar maar je bent dus ook vaak op de zaal of in de in de kamers op locatie als het ware je werken aan het doen klopt dat ja nou voornamelijk zitten we op de medische dienst je hebt natuurlijk met medisch beroep geheim te maken en iedereen heeft recht op privacy tijdens zo'n consult dus de meeste consulten doen we op de medische dienst dus dan komen ze naar ons toe maar ja soms weet je hè als iemand net aan zijn been geoperateerd is Dan moeten ze dus van de afdeling naar beneden, halve pand door, naar de medische dienst weer naar boven. Ja, dat dat doe je dan niet. Nee, precies. Dus plus, ja, op sommige dagen zit het vol met personeel. Heb ik geen kamer, nou dan doe ik mijn bloeddrukje even op de afdeling. Ja. Ja. En wat voor medische, ja, hoe noem je dat, handelingen? Zeg maar, verricht jij dan het meest? Waar kom je het meest mee, mee in aanraking? Nou, dat is het leuke. Dat is zo divers. Dat gaat van spoedgevallen. Dat hebben we natuurlijk ook, hè? Mensen. Het is een afspiegeling van de samenleving. Dus je hebt van alles wat. Je hebt ook diabetes. Je hebt ook hartpatiënten. Je hebt ook kankerpatiënten. Je hebt ook mensen met HIV. Dus Het gaat van dat tot een ingegroeide teennagel en alles wat daar tussen zit. Ja. Ja, dus dat is wel. Dat maakt het ook zo leuk. Het is geen dag is hetzelfde. Zijn er bepaalde dingen die jij zelf dan het leukste of ja leuk is natuurlijk no niet het goede woord, maar waar jij zelf van denkt oh ja nu wordt het interessant voor mij. Ja, iedereen heeft zo zijn eigen specialiteiten he bij ons in het team en ik ben bijvoorbeeld wat minder van de ooruitspuiten. Dat daar is een collega van mij die kan dat goed en die vindt dat leuk. Dat vind ik dan weer minder. Ja en ze noemen mij wel eens dokter pimple popper. Oh ja. Ja. Dus als het iets is met met pus of iets open snijen dan ja echt ja ja heerlijk maar dat is wel een beetje zuster eigen hoor oh ja ja er zijn heel veel verpleegkundigen die dat die dat ook zo hebben die dat mooi vinden ja lekker visie dingen ja ja en dan een scalpel erin dat ja hoor en gewoon lekker wonden verbinden en dat soort dingen bloed prikken dat kan ik dan weer heel goed mag ik wel zeggen ja dus dat zijn maar leuke dingen ja en die gasten als ik dat zo zo kan zeggen maar die die kennen jou natuurlijk ook allemaal in principe op een gegeven moment hoe hoe loopt dat contact tussen jou en de gedetineerden ja eigenlijk heel relax als ik even terugga naar mijn allereerste dag twaalf jaar geleden liep ik met een collega mee dat was in het tentssentrum Rotterdam En we lopen op de afdeling en daar loopt een gedetineerde achter mij. En die zei hallo en ik keek hem echt zo aan van oh Joke mag ik nu hallo terugzeggen weet je wel ja ja en nu is dat gewoon hey Colijn hoe is het en een praatje en maar wat wel heel belangrijk is in dit beroep en dat geldt voor alle functies is dat je je afstand naar bij het gewoon heel goed in de gaten moet houden. Je moet je altijd realiseren waar je werkt en wij spreken mensen nooit aan bij de voornaam. Ik zal altijd zeggen meneer Janssen of meneer Pietersen. Ook al is het contact al zes en half jaar, hè, gaat dat redelijk soepel, blijft meneer. Dat moet je altijd realiseren. Want je hebt natuurlijk met duizenden een verschillende types te maken. Ja. En dat zal bij de ene een stuk makkelijker zijn dan bij de andere, denk ik. Want ik kan me best voorstellen dat jij een gigantische misser hebt gemaakt in je leven, daarvoor een flinke straf krijgt. Ja. Maar eigenlijk een super relaxed persoon bent. Ja. En dat dat voor jou dan soms ook wel eens lastig is. Ja. Dat best wel ook geïnteresseerd in je leven en gewoon normaal gesprek. Ja, klopt. Maar het moet niet op een vriendschap gaan lijken. Nee, absoluut niet. Nee, nee, nee. En weet je, soms heb je wel eens. Ja, we krijgen bij kerst bijvoorbeeld krijgen we van sommige gedetineerden elk jaar een kaartje. Allemaal alle verpleegkundigen en. Nou, dat is natuurlijk hartstikke leuk. Maar ik zal bijvoorbeeld nooit eten aannemen, weet je. En hebben ze een cakegebak of een taart? Of ja, dat dat dat doe ik allemaal niet. Dat daar moet je wel echt voor waken. Je moet dat echt wel gescheiden houden. Ja, afstand bewaren. Ja, absoluut. We gaan eens even naar de vragen die op op mijn lijstje staan. Ja. Wat en die vragen zijn meerdere keren gesteld trouwens. Maar wat is nou het raarste wat je hebt meegemaakt? Ja, kijk wat dat betreft kan ik natuurlijk een boek schrijven over alles wat ik gezien heb aan gekke dingen. Want buiten dat gedetineerde soms gekke dingen doen komen er ook wel eens ja gekke mensen binnen. Die zou je hier ook hebben bij de politie. Mensen die echt ernstig verwort zijn of wat dan ook, psychose. dus ja dat is ook wel weer lastig omdat ik natuurlijk niet alles kan vertellen en dingen misschien ook herleidbaar zijn maar ja dat ik vind het een lastige vraag zonder dat ik in detail treed. Laat het er gewoon op houden dat je genoeg tot de verbeelding van de ja zegt ja ja je maakt echt wel echt echt gekke dingen mee dat je aan het einde van de dag op de bank zit thuis en dat je denkt wacht even even terugspoelen wat wat was ik daarbij ja we hebben ook vragen binnen gekregen over jouw veiligheid en veiligheidsgevoel voel je je wel eens onveilig in je werk die vraag krijg ik vaker En dan ga ik daar over nadenken. En als ik dan terugdenk, zijn er een of twee situaties waarin ik me misschien niet onveilig voelde, maar wat minder prettig. Is bijvoorbeeld een keer gebeurd dat ik op de ring stond, op de afdeling, en er was een gedetineerde. Dat was niet eens met mijn beleid. En ik ging hem dat daar vertellen. En het was op dat moment druk, dus ik keek op een gegeven moment ook achter me. En er was even geen personeel. En die man was aan het schreeuwen en die smeet met zijn stalen deur. En en toen dacht ik, oké, nou, ik ben gewoon rustig gebleven. En toen kwam er een andere gedetineerde, die ik al langer kende. Die kwam naast me staan. Hij zegt, we staan aan de hand, Karlijn. Ik zeg, nou, meneer is een beetje boos. Hij zegt: ik zie het, ik blijf wel even bij je staan. Dat is de andere kant van de medaille, hè? Dus er zijn jongens die zitten daar zo lang en die ken je middels al best wel goed. En ik durf me handen ervoor in vuur te steken dat als er echt stronk aan de knikker is, als er eentje echt zou flippen, dat die de tussen springen. Op jouw werkplek heb je natuurlijk allerlei verschillende materialen, scalpels, naalden, allerlei dingen die in principe in een PI niet zou willen hebben. Ja. Wat zijn er protocolen voor? Is dat gevaarlijk? Hoe werkt dat? Ja. Nou, laat ik beginnen bij de medische dienst. Wij, wij hebben al onze spullen. Het ligt natuurlijk netjes achter slot en grendel in de kast. Maar er moet bijvoorbeeld wel bloed geprikt worden bij mensen, dus ja, dat doe je inderdaad met een naald. Of als ik bij iemand een verbandje moet leggen, moet ik dat afknippen met een schaar. Dan zijn dat doorgaans verbandscharen. Ik kan niet zoveel mee. Maar ja, we hebben daar in die zin protocollen voor. Stel, ik zit bij iemand met iemand in de ruimte om bloed te prikken en ik moet even iets pakken. Ik laat iemand niet alleen in de spreekkamer zitten met mijn spullen die daar liggen. Ja. Dus en als ze wel heel even als ik iets moet pakken of wat dan ook alleen in de spreekkamer zitten, dan zorg ik dat er geen spullen liggen waar ze zo makkelijk bij kunnen. En voor zover ik weet, op de afdeling is het zelfs bijvoorbeeld willen koken met een aardappelschilmesje. Dan kunnen ze dat beide. Pw'erhalen, dan gaat er een kaartje aardappelschilmesje bij hun naam op het bord, en dan weten ze precies, oh die heeft het, dus die is ook verantwoordelijk voor het mesje. En als die het niet terugkrijgt, heeft die een probleem. Ja, ja, precies. Dus alles wordt in de gaten gehouden. Alles wordt in de gaten gehouden, absoluut. Want over wat voor gevangenisstraffen hebben we het grofweg van? Van letterlijk een dag. We hebben, ik heb zelfmelders gehad, hè, die moeten zichzelf melden om nog een straf uit te zitten van een dag tot levenslang. Ja. En alles wat daartussen zit. Ja, dus er zijn daar mensen die er langer zitten dan jij er werkt. Ja, ja, en ook nog langer. Ze zouden blijven. Die blijven ook nog wel even, ja. Precies. Ja, ja. We hebben ook een vraag binnen gekregen, vond ik zelf ook wel. interessante vraag, maar proberen ze je wel eens proberen ze je wel eens te versieren? Nee, nee, ik ik denk dat de jongens donders goed weten dat ze dat dat een hele domme zet zou zijn, omdat ze weten dat er dan consequenties aan zitten. Dan krijgen ze gewoon een rapport en dan krijgen ze straf, want dat is gewoon niet acceptabel gedrag. Dus grensoverschrijdend gedrag? Neen, zie ik zelden. Flink opgehandhaafd ook. Ja, absoluut, absoluut, ja. Wat zijn de meest voorkomende klachten die je behandelt? Nou, we hebben best wel jongens die geregeld bij ons komen die. voor hun detentie dan ineens toch onveilige seks hebben gehad en dan bang zijn voor een SOA, dus SOA-testen worden best geregeld uitgevoerd. Stressklachten, hè? Je kunt je voorstellen als je binnen zit en, nou ik had de laatste eentje die ze vrouw stond opklappen, zwanger opklappen, ja, dan kom je ineens binnen te zitten. Je kan niet bij de bevalling zijn, dat weet je al, of een zieke moeder, of, hè? Dus komen bij ons ook echt wel eens uithuilen. Ja, en voor de rest echt alles wat daar tussen zit. Ik kan oprecht niet benoemen dat er een klacht meer voorkomt. Naja, een voetgriep, mottje of zo, dat zien we ook wel geregeld. Maar kan niet zeggen van het is of dit of dit. Het is zo uiteenlopend. Ja. Dat is leuk. Ja, dat is superleuk. Ja. Ja. We hebben ook een vraag van een vrouwelijke luisteraar. Ik weet zeker dat zij ervaringspreekt, want er zit nog antoon in. Hebben ze daar ook last van manengriep? Oh hou op. Ja, breek me de bek niet open over de manengriep. Ja, ja. Het is echt. Ik wil naar de medische dienst, want ik heb een loopneus. Oh ja, ja. En ik moet fix strepsils en ja, voelt me niet lekker. Ja, het in griepseizoen hebben wij op een gegeven moment een paar jaar geleden besloten. Dan hangen we ook gewoon een brief op alle afdelingen. Het is griepseizoen. Heb je last van dit en dit en dit? Vreed parazietermol. Nee, geen parazietermol, want je moet lekker die koortsen werk laten doen. Oh ja. Maar veel water drinken, in bed liggen en over een paar dagen is het over. En je rust pakken. Ja, dat is. Ja, op een gegeven moment werd het gewoon te gek. We zagen alleen maar mensen met met loopneuzen en. en hoestklachten ja ja maar als een man zich ziek voelt Karlijn ja dat voelen wij ons echt heel erg ziek ja ik weet dat dan gaat het niet goed geloof me ik weet dat ja kan het ook zo zijn dat want ik kan me best voorstellen dat als je als je misschien wat ruzie hebt met andere gedetineerden of je voelt je niet veilig of dat het ook even een rustmoment kan zijn even veilig beide verpleegkundigen ja heb je al eens het idee van oké ze zoeken ons een beetje op ook om even gewoon een normaal praatje te maken heel even een stapje uit van de afdeling af te zijn of dat soort dingen ja ik heb pas geleden had ik ook een jonge knul Die had allelei businessplannen liggen, maar om een eigen zaakje te gaan beginnen, maar die was op de verkeerde plek met de verkeerde mensen op de verkeerde tijd. Is toen opgepakt, moest een aantal maanden zitten. En die vond totaal geen aansluiting bij de jongens op de afdeling. Wat ik net al zei, met een beetje per, zie kom je in een populatie die het zijn allemaal opsture jongens, allemaal niet haantjes. Hij had altijd niks mee, hij konde niks mee, hij kon geen aansluiting vinden bij die jongens. En toen moest hij een keer bij mij zijn voor iets. En toen vertelde die dat, nou dan nodig ik die jongen en krijg in twee twee weken als ik tijd heb even uit, kan hij even ventileren. kan die even zijn verhaal kwijt en toen die met ontslag ging kwam die speciaal nog even langs om te bedanken dat dat hem echter doorheen had geholpen ja dat vind ik dan toch dat geeft ook voldoening en dat is niet per se medisch of verpleegkundig maar toch prettig dat je iemand hebt kunnen helpen op die manier ja psychologische zorg is ook een soort medische zorg absoluut ja ja want zijn er ook psychologen bijvoorbeeld ja zeker ja ja we hebben drie psychologen bij ons in Schieloever en daar worden ook echt behandelingen gedaan dus je kunt je voorstellen dat er ook echt wel mensen rondlopen die behandeling nodig hebben ja en dat kan van alles zijn maar ook trauma-behandeling jongens hebben best wel soms heftige dingen meegemaakt En het doel is natuurlijk om ze beter naar buiten te laten gaan dan dat ze naar binnen gingen. Ja. Dat draagt dat natuurlijk aan bij. Zijn er ook artsen in de PI? Ja. Dat verschilt een beetje per instelling. Hoe lang er een arts is per dag of hoeveel dagen. Bij ons is er elke dag een arts en dan een half dag. Wat ook fijn is, want ja, wij mogen en kunnen gewoon niet alles zelf beslissen. Dus dan verwijzen we door naar de huisarts. En het is fijn. Op een gegeven moment heb je een vast team met huisartsen en dan is het ook makkelijk schakelen. Dan zit ik met iemand in een spreekuur, ervan ik denk: o, die uitslag op dat been, dat ziet er echt nasty uit. En dan zeg ik: yo. Kom je even meekijken? Dat is heel fijn. Samenwerken op die manier. Want jullie verstrekken zelf geen medicatie, toch? Klopt dat? Nee, in principe niet. Kijken heeft iemand zo'n bang van de kiepspeiner, gaat hij morgen naar de tandarts? Ja, dan krijgt hij wel briefje hem van mij. Bijvoorbeeld dat soort dat soort dingen en een zalafje of een kremmetje. Maar ja, wij hebben als verpleegkundigen niet de bevoegdheid om medicatie voort te schrijven. Nee, precies. Kom je wel eens lastige dilemma's tegen in je werk? Bijvoorbeeld als het gaat over waar ligt de grens van je arts-patiënt geheim? Of hoe werk je samen met verschillende disciplines binnen binnen het team? Ja, ja. Nou, kijk, je beroepsgeheim. Het is, wij hebben daar niet zozeer last van, maar anderen hebben daar last van. Dus het is soms best lastig om te proberen om aan een andere discipline iets uit te leggen. Dan bestempelen ze iemand als, dat is een zijker, tof weekvat. Ja, dat en ik weet meer, maar ik kan daar niks over zeggen. Dus dat is dat is best wel eens lastig ook aan de afdeling bijvoorbeeld. Van ja, weet je, ik snap waarom je dat denkt, maar vertrouw er maar op dat wij informatie hebben waardoor we er anders over denken. Ja, dat is best dat kan best wel eens lastig zijn. Ja. Ja. En dan moet je bijna een soort van gaan verkopen waarom je bepaalde beslissingen. Ja, dat klopt. Ja, ja. En ja, ook ook in die zin met de politie is het wel dat is wel heel fijn samenwerken, hè? Want de FAR komt hier. Forensisch arts Rotterdam-Rijmond. Ja. En daar hebben we ook korte lijntjes mee. Dus als mensen hier politiebureau al gezien zijn door de FAR, dan nemen wij contact met ze op en dan krijgen we die informatie, kunnen we vertellen, kunnen zij ons vertellen van, nou heeft die een die medicatie gekregen van ons of methadon of dat soort dingen. Ja. Wij hebben hier natuurlijk ook een arrestantencomplex hier echt boven ons hoofd. Ja. Hoe kijk jij aan tegen de politie en dan met name als het gaat om mensen die aangehouden zijn? Wat is jouw wat is jouw mening of visie daarop? Ja, oh dat is een leuke vraag. Nou, ik vind het sowieso leuk om hier een keer te zijn nu, want ik ik woon al veertig, twee veertig jaar in Rotterdam en ik ben hier nog nooit geweest. Ja, wij werken best wel nou samen en ja, mensen die bij jullie vandaan komen komen over het algemeen, hè, ze komen van het politiebureau, dan worden ze bij ons gebracht, komen ze binnen bij het bad, de binnenkomstafdeling delinquente, afkorting, hoewel ze dan de de medewerkers daar ook badmeesters noemen. en die, nou dan worden ze daar ingeschreven en negen van de tien keer gaan ze lineairektaan naar ons, dus eigenlijk koud vanuit politiebureau komen ze bij ons. En toch is het soort, ja, soort vaag iets. Het is moeilijk te peilen wat er dan gebeurt, weet je. Het is wel pretig wat ik dan merk. Soms moeten wij zelf ook even naar arrestantcomplex. Als er iets onduidelijk is, dan bellen we even naar arrestantcomplex om te vragen van joh, wat is daar nou gebeurd? En die samenwerking, dat gaat eigenlijk altijd soepel. Welke arrestantcomplex wat relaxt en vriendelijk worden geholpen en. ja en ik denk ook dat als je het hebt over het profiel als mens heel veel dat is heel veel overeenkomsten ja absoluut je bent aan de ene kant moet je een bepaalde mate van een beetje dienstverlenend zijn maar aan de andere kant je ook zeker niet uit het veld laten slaan om kunnen gaan met spannende heftige situaties er is heel veel denk ik gelijkenis ja dat denk ik ook ja en wat denk ik ook een hele grote overeenkomst is een stukje culturele sensitiviteit we zijn allebei Neder voor zover ik dat kan zien we Nederlandse roots maar toch werken we in een wereld waar je natuurlijk ontzettend veel culturele diversiteit absoluut ja is dat in jouw werk soms een uitdaging moet je daar bewust van zijn ja het is meer bepaalde wat bijvoorbeeld ik zie ik zie het vaak bij bijvoorbeeld Marokkaanse jongens dan zit je met ze te praten en dan stel je ze een vraag waarop het antwoord dan nee is en dan doen ze dat geluidje maken en in het begin dacht ik echt wat doet hij nou vind je mijn vraag irritant of zo weet je wel maar dat is gewoon dat is gewoon hun manier van nee zeggen ja dus dat zijn die verschilletjes en nou wij zitten natuurlijk wel met een taal ding dat was in detentiecentrum nog veel erger maar daar komen natuurlijk mensen binnen die geen Nederlands en geen Engels spreken en dan spreken ik een heel klein beetje Frans en een heel klein beetje Duits oh dat is een liedje geloof ik maar Verder kom ik niet. Dus gelukkig hebben we dan een talkertelefoon, dus dan kun je met de talkertelefoon, ja, dan kom je toch een heel eind. Ja, precies. En kom je er dan ook wel? Loop je er dan wel eens tegen aan dat mensen eigenlijk dingen niet willen vertellen, waarvan je denkt, ja, als je nou even eerlijk bent, dan kan ik je beter helpen. Ja, absoluut. Ja, zeker. En dat is vaak ook wel. Dan claimen ze bepaalde medicatie bijvoorbeeld te gebruiken. En dan zeg ik, nou, oké. Hoe kom je daar aan? Ja, van de huisarts. Wie is je huisarts? Dan weet ik niet. Ja. Ja, want ik ging, haalde het bij de apotheek. Wie is je apotheek? Ja, weet ik niet. En denk ja, je weet het wel. Je kreeg het helemaal niet van de huisarts. Je kocht het op straat. Ja. Ja. Dus dat is dan en dan ja. Maar goed en bepaalde informatie willen ze niet delen omdat ze dat eng vinden of zich te verschamen. Kan natuurlijk ook als jij noem maar wat geen Italiaans vrat hebt. Ja, dat kan best lastig zijn als je daarvoor bij een vrouw komt en daarover moet vertellen. Ja. Wat zijn voor jou de moeilijkste momenten in het werk? Nou, wat ik tot de dag van vandaag nog steeds wel is lastig vindt, is dat er soms ook best goeie acteurs tussen zitten die best een gedegen verhaal hebben en dat ik dan heel moeilijk het moeilijk vind om in te schatten. Ben jij mij nou aan het bedonderen of spreek je nou de waarheid? Ja. Dat is ja en dat is natuurlijk dat is in jouw werk niet anders of voor een rechter of wie dan ook weet je. Dus dat is en dat maar dat is in mijn beroep ook en dat vind ik nog steeds wel eens ja dat ik dan echt twijfel van goh of dat ik bijvoorbeeld iemand bestempel van nou hij geeft er een draai aan maar dat klopt niet dit verhaal en dat bijvoorbeeld bijvoorbeeld de huisarts hem spreekt en die zegt dan van ja ik heb hem gesproken wat zielig en ik denk dat ik dan denk wacht even zit ik er nou zo naast of of ja ja ja en maar en kan kan je wat vertellen over waarin ze je dan zouden bedonderen gaat het dan om het verstrekken van medicatie voornamelijk of iets voor elkaar krijgen hè dat ze zeggen van nou ik heb daar en daar last van dus ik moet dit en in dat ik ik kan niet werken hè ze komen natuurlijk ook bij ons voor arbeidsbeperkingen dat moet de huisarts dan beslissen maar dat wat ik net ook zei dat komt eerst bij ons en dan gaan wij beoordelen van oké dit gaat om een arbeidsbeperking dit gaat naar de huisarts ja ik kan niet werken want ik heb dit en in dat Oké, nou bij wijzigt maar dan of zo. Ja, dat is lastig. Dat is dat is echt lastig. Ja. Je moet echt wel mensenkennis hebben ook. Ja, ja. En dat komt met de jaren, hoor. Bedoel, dat had ik twaalf jaar geleden ook niet op die manier. Dus dat komt echt wel met de jaren. Alleen moet je er wel voor waken dat je niet te achterdochtig wordt en iedereen als leugenaar bestempelt. Dat is natuurlijk lang niet altijd zo. Het dossier. Kan je ons eens meenemen in een zaak of een of een incident die wat indruk op jou heeft gemaakt? Het was een paar jaar geleden met Kerst. Dat was de dag van Kerstavond. Toen was er een nieuwe inkomst vanuit politiebureau. Die meneer, die was denk begin vijftig of zo, en een heel zware alcoholist. En ondanks dat hij al een aantal dagen op politiebureau had gezeten, dus die eerste roes was eraf, maar dan kunnen er daarna ook nog allerlei dingen ontstaan. Denk aan een corsetkolf of Wernicke, dat soort syndromen, dat ze eigenlijk gewoon een soort van de wereld zijn door langdurig alcoholmisbruik. En die man die werd binnengebracht, en dat was op vrijdagmiddag, en ik weet niet meer precies, het was natuurlijk Kerstavond. En uiteindelijk, omdat hij zo in de war was, hebben die man op de OBS moeten zetten, op de isolercel moeten zetten voor zijn eigen veiligheid. Dat doe ik natuurlijk niet alleen. Dat gaat in samenspraak met een huisarts en een afdelingshoofd en de directie beslist daar uiteindelijk over. Maar die man was verder wel gewoon heel vriendelijk, bijna een soort kinderlijk vriendelijk. Dus, nou, ik ben daarbij gebleven bij die plaatsing en toen zat hij daar zo. Dan krijgt hij zijn scheurhemd aan. Dat is zo'n soort lange jurk die niet kapot gescheurd kan worden. En toen zat hij daar op zijn matrasjes, soort, soort zo kinderlijk om zich heen te kijken. ik vond het gewoon zielig. Het was zo zielig. En dan zit ik s avonds met kerstavond wel op de bank. Zat ik even aan die man te denken. Ja, het is kerstavond. Zit die man daar. Ja. En dus met de kerstoken, hè. Want ja, wie gaat hem de uithalen? Dat moet toch een arts of een psycholoog zijn. Dus voor zijn eigen veiligheid heeft hij dus met kerst daar gezeten. Tuurlijk bieden ze hem overdag wel wat aan, hè. Dus laten ze hem wel even recreëren op de afdeling of iets dergelijks. Maar dat vond ik wel. Ja, dat vond ik indrukwekkend. Denk ja, die man zal de uiteindelijk ook niet voor gekozen hebben om hier te zitten. Zo op die manier. Ja. En het was echt een klein vergrijp waarvoor die. binnen was gebracht. Ja, dat voelt echt zielig. Was schrijnend. Schrijnend. Ja, dat is misschien een beter woord. Ja. Ja. Hoe ga je daar dan vervolgens mee om? Want dat kan op zich opstapelen en aan je gaan knagen. Dat soort dat soort dingen. Ja. Ja, moet je niet doen. Nee. Ja, het is. Hoe ga je daarmee om? Ja, met je met je collega's toch over praten. Kijk, thuis kan je natuurlijk vrij weinig vertellen, hè? Want je zit sowieso met een medisch beroep schijnt, maar ja, het feit dat dat binnen justitie gebeurt, doet er nog een schepje bovenop. En met je collega's erover praten. Ik heb ook jaren daarvoor nog wel eens een keer was er ook met een OBS-plaatsing, ook een schrijnend geval. En dat maakte ook zo'n indruk op me dat ik terugkwam op kantoor en dat gewoon de tranen in mijn ogen sprongen. Ja, dan heb je je collega's waar je terugkwam van. Dat is weer dat team wat zo belangrijk is. Ja, dan snap je ook weer wat meer. Ja, die snappen mij en die snappen waarom dat zo'n indruk maakt. Ik denk dat de tijd wordt om eens een kijkje te gaan nemen op jouw werk. Ja, leuk. Ja, gaan we doen. Ben heel benieuwd. In het veld. We zijn in PI beschiet. Dat klopt, hè? Ja, klopt. Wat gaan we hier doen? Wat willen jullie hier allemaal laten zien? We staan hier echt een supermooie gang. Ja, ja, de circulatiegang zoals dat heet. En hier boven zijn de afdelingen. Dit is een kant van het pand en aan de andere kant hebben we nog zo'n gang en daar zitten ook weer twee afdelingen boven. En waar wij nu staan in deze gang is dit ook waar gedetineerde zich ook voorplaatsen en bewegen. Is de keuken en arbeidszalen zijn hier beneden en al het verkeer. Van daarom is het de circulatiegang die gaat helemaal rond en dan kunnen ze via deze gang overal naartoe. Aan de wandel. Ja. Kunnen ze hier ook hardlopen of is dat niet is een sportruimte? Ze mag niet rennen in de PI. Dat is altijd de regel. Ja, ja, ja. Alleen als het spoedgewoel is. Ja, precies. Ja. En kunnen ze hier dan ook gewoon hangen, zeg maar, even? Nee. Of is dit echt alleen een gang om? Is echt om een doorgang voor de circulatie. Ja, ja. En waar gaan we nu naartoe? Ik wil jullie even de isoleercellen laten zien, als dat kan. Ja. En misschien even een shotje op de afdeling. Kijken of we gaan even kijken hoe het daar eruit ziet. Ja. Super. Ja. Kom je ook altijd binnen aan deze kant van het van het gebouw? Ja. Ja. We hebben allemaal een eigen sleutelbos en een eigen pieper. Ja. En die pieper, ja, die dien je ten alle tijden bij je te dragen, want dat kan elk moment alarm zijn en dan moet je wel weten waar het alarm is. Niet dat ik erop hoef te lopen, maar als het algemeen alarm is, dan mag je je niet door het pand bewegen, dus je moet wel weten hoe wat. Ja, precies. ik word een vogel ja dit is extra zorgvoorziening dus hier hebben ze zitten de psychisch wat kwetsbaardere mensen ja en die hebben ook vogeltjes die ze dan kunnen verzorgen en dat soort dingen ja kom jij dan ook als jij aan het werk bent eigenlijk overal in de pi ja in ik moet eerlijk zeggen aan deze kant wel iets minder omdat dit niet mijn afdelingen zijn ik doe de gevangeniskant ja dus de afdeling is van mij en als mijn collega van de b dat is ook gevangenis er niet is dan dan neem ik die waar en c en d neem ik over het algemeen niet zo vaak nee precies ja nou dit is een leefafdeling en is het nu volle bak druk of zijn er staat er heel veel leeg hoe is het nu nee het is het is volle bak het is eigenlijk we hebben nu sinds kort ook dubbelcellen dus ze zitten ook zelfs met zweetjes op een cel ja dus het is echt wel ja volle bak en ze kunnen dan aan deze kant ook koken als we een boodschapjes hebben ontvangen dan kunnen ze hier eten koken en zullen ja en ook voor zichzelf of is dat altijd een beetje een groepsdynamisch ding nou de een kookt voor zichzelf en de andere ze hebben van die groepjes waar ze dan mee koken en ja dus dan kookt de ene dag die en de andere dag die zo doen ze dat een beetje ja en dan zie je een tafelvoetbal en een televisie ze hebben ook gewoon contact met de normale films, series, televisie. Ja, ze hebben gewoon lineaire TV op hun cel en kunnen ze gewoon kijken wat er op TV is. Het gebouw is een soort acht eigenlijk. Ja. En dan heb je dus twee binnenplaatsen. Dit is de sportplaats en de andere binnenplaats is de luchtplaats. Ah ja. Dus als er sport gegeven wordt, dan dan is het hier. Wordt hier gesport? Ja. Ja. Eigenlijk altijd voetbal. Ja. Dat is weer klantdienst voor ons, hè? Allemaal die enkels en die knieën en ja. Ja, precies. Alle blessures. Alle sportblessures, voetbalblessures. Wordt er ook gefitnessd? Ja, er is ook een fitnessruimte en dat wordt dan begeleid door ilowers, instructeur lichamelijk opvoeding en die die geven die jongens sport. ja dus dit zijn ook twee luchtkooien dus mensen die op de obis zitten kunnen dan hier hier individueel eventjes frisse neus halen hier beneden heb je de dit is de B afdeling de B1, 2 en 3 de B1 is ingericht voor dat noemen ze de zelfredzaamheidsafdeling dus dat zijn mensen die hebben net iets meer interne vrijheden hebben vaak ook de meest gewilde baantjes reiniger van het pand hè afdelingsreiniger dat soort dingen of in de keuken het eten distribueren bijvoorbeeld die bakken die dan vandaag geleverd zijn van de winkel ja en dat zijn eigenlijk de mannen die zich gewoon voorbeelden gedragen en dan kan je dat dus verdienen om op deze ring te komen en hier een soort extra vrijheden te verdienen en dan hebben we nog een metaalbewerking daar wordt alles met metaal gedaan dus er wordt is een poederkoterij er wordt metaal dingen van metaal worden daar gemaakt ja ze kunnen even naar toe ja gaan we even kijken hier wordt heel veel gemaakt van metaal ja tof onderdelen van vrachtwagens lampenkappen hier hangen ze en als je hier dan aan het werk bent krijg je dan ook betaald ja ja het is een klein bedrag ik weet niet precies wat het bedrag is ja Maar ze krijgen voor elke uur wat ze werken krijgen ze betaald. Krijgen ze betaald? Ja. Hier kunnen ze ook diploma's halen, hè? Dus als jij als je naar buiten gaat en je wil bijvoorbeeld verder als lasser, dan kun je dus als lasser hier je lasdiploma halen en metaalbewerking, poederkouterij lopen we nu naar toe. Dus ja, zo ongeveer alles wat je wat je gespoten wil hebben, dat gaat hier de poederkouterij in in de kleur die ze willen. Dan wordt het poeder erop gespoten en dan zo. Eetsmaakt. Ja. Ja, dan gaat het inderdaad hier aan deze karusel en dan gaat het daar de oven in twee keer en dan. Ja. En als iemand hier zijn vingers brandt, dan komt hij weer uit. Dan komt hij bij mij. Ja, precies. Ja. Dit is de medische dienst. Dit is waar wij onze mensen ontvangen. Psychologen zitten ook hier. Zal het even laten zien. Ja, dit is dus een spreekkamer van. Met name de huisarts zit hier een dag deel per dag. Ja, hier doen wij onze onderzoeken, behandelingen. Jouw domein. Ja. Ja. Hier zit ik het grootste deel van de dag eigenlijk. Ja. En hoe gaat dat dan in zijn werk? Want iemand die heeft bepaalde klachten, er wordt besloten van, nou, je moet inderdaad even bij de verpleegkundige langs. Ja. Wordt een briefje. Wordt hij dan door iemand hierheen gebracht en ook weer opgehaald of hoe gaat het? Nee, ja, meestal niet. Er zit hier een gangwacht, zoals wij dat noemen. Dat is een complex beveiliger die hier de boel in de gaten houdt. En die controleert ook alle verkeer, zeg maar. Dus als ik iemand wil spreken, geef ik een briefje aan hem of haar om die persoon op te roepen. En dan regelt die persoon dat die persoon hier komt. En dan weet hij ook precies wie er is. En soms heb je wel eens van: Oh, die heb ik opgeroepen, want die moet voor de keesmanager komen. Dat soort dingen. Nou ja, dan hebben we hier nog een ruimte die wordt ook door de visio gebruikt. Je kunt je voorstellen dat ook de mensen die hier zitten wel eens last hebben van een nek- of schouder- of blessures hebben of operatie hebben gehad. Dus wij doen hier ook sprekerbloedprikken doen hier. En de fysio komt hier. Ja. Ja. Eigenlijk alles wat er in het in de in de ja, ik zou bijna willen zeggen burgermaatschappij in de samenleving gebeurt. Dat is. Dat is het. Eigenlijk is het een soort mini samenlevingje. Ja, dat klopt. Ja. Ja. En dit is een mini huisartsenpraktijkje. Ja. Heb jij dan? Dat is meteen natuurlijk een gevoelige vraag. Maar heb je dan het gevoel dat jij voor jouw werk voldoende middelen krijgt vanuit je werkgever om je werk goed te doen? Ja, ik denk het wel. En er is altijd wel ruimte voor gesprek ook, hè? Want dat blijft maatwerk. Je kan wel bedenken, leggen alles vast in protocolen, maar zo werkt het niet als tot medische dingen aan komt en op mensen. Dat gaat gewoon niet. Ja. Dus tuurlijk hebben voor bepaalde ziektebeelden of wat dan ook hebben bepaalde protocollen en dat doen we wel, dat doen we niet. Maar over het algemeen kijk je altijd wel samen met de huisarts en als nodig is met hogerop van, jo, wat kunnen we, wat kunnen we hier mee? Ja, precies. Bepaalde casussen. Zo. Nou. Freedom. Zit het erop? Roep je dan ook altijd freedom als je weer buiten komt? Dat voel ik wel. Ja. Ja. Echt zo weer lekker, even de frisse lucht. Ja. En dan zo over dat water uitkijken en dan is toch altijd een soort, ja, altijd wel lekker dat je weer buiten staat. Ja. Ja. heel bijzonder om eens in jouw wereld te kijken, hè? Ja. En wij hadden het net buiten de camera's om nog even over iets wat eigenlijk ook wel heel erg belangrijk is. Namelijk: wat heb je nou eigenlijk nodig aan opleidingen om jouw werk te doen? Ja, je moet minimaal verpleegkundige zijn. Dat mag HBO of MBO zijn. Ja. En het idee is dat je, als je in dienst bent, dan krijg je vanuit justitie de opleiding of de specialisatie eigenlijk tot justitiële verpleegkundige aangeboden. Ik weet dat er op het moment wat wijzigingen zijn in in die opleiding, maar in principe is het zo dat je een jaar lang twee keer in de week of één keer in de twee weken naar school gaat en dan leer je over verslavingszorg, infectieziekte, psychopathologie, toegelijding naar de huisarts. dat soort zaken, dus dingen die hier wat meer voorkomen. Ja. Ja. Interessante wereld. Ja, zeker. Heftige wereld ook wel. Ik heb wel echt het gevoel en jij bent er natuurlijk aan, maar je stapt wel echt de gevangenis in en daar ben je zelf dan ook echt, ja, misschien hartstikke logisch ook. Maar je wordt daar ook een soort van onderdeel van. Ja, nou ja, maar dat is en en dat heb ik als ik op jouw plek rondloop. Maar dat is ja, dat is wel wat het is. Ja, dat klopt. Gaan wij weer terug naar de studio. We gaan terug. Ja, dank je wel. En dat brengt ons alweer aan het einde van deze voor mij supervette podcast, want ik vond het heel leuk om jouw wereld te duiken. Ja. Je hebt een bijzondere bijzondere job. Ja. super super cool ja zeker wel ik stelde gast en dat ben jij in het geval altijd toch even in de gelegenheid om om een om een slotwoord met ons te delen een soort afsluiter heb je nog iets voor ons ja nou ja ik ik vind het ook wel belangrijk om om dit te vertellen mijn verhaal te vertellen ook waar we het eerder over hadden dat er best wel oordeel is van de buitenwereld van die geachte langs een hoogste boom dat maar ze zijn nog gestraft dus wie ben ik om daar nog een keer een straf overeind te gooien dus ik vind het ook belangrijk belangrijk om te laten zien het is echt niet pi de efteling het is weet je we het wordt echt wel serieus gehandhaafd en ja En en daarnaast, ja, er zit er zit meer achter werken bij DAI. Zo simpel is het ook. Het is echt wel een hele mooie mooie omgeving om te werken. En ja, we zoeken ook nog heel veel mensen. Ik voelde hem al aankomen. Je voelde hem aankomen, hè? Ja. Ja, we zoeken echt nog heel veel mensen buiten dat we hebben Pwers, complexverveiligers, ook verpleegkundigen. Dus ja, voor de luisteraars en kijkers die het interessant vinden wat ik vertel, kijk vooral even op werken bij DAI.nl. En mocht je dan toch niks vinden, kijk dan op komma. Die zag ik ook aankomen. Ja precies ja ja. Nou ja, ik denk inderdaad. Er zitten in het profiel zitten heel veel overeenkomsten, afsluutsten. Ja ja. Super mooie job. Ja. En bedank dat jij hier was om jouw verhaal met ons te delen. Ja. Nou jij dankjewel. En jij bedankt voor het kijken of luisteren naar deze aflevering van Boeient. Normaal gesproken verschijnt deze podcast één keer in de twee weken op YouTube of in je favoriete podcast app. Maar in verband met de zomer gaan we daar een tijdje tussenuit. We hebben nog wel een hele mooie special gemaakt over een moordzaak en die verschijnt ergens in de zomer ook op dit kanaal. En daarna gaan we natuurlijk weer verder met reguliere afleveringen van Boeient. Mocht je nou in de tussentijd een suggestie hebben voor een onderwerp, stuur mij dan vooral even een DM op Instagram. En daarna zie ik jou na de zomer heel graag terug in de volgende afleveringen van de politie podcast Boeient. Als je weet dat je het kan, dan moet je ook volgaan. echt een duidelijke norm richting de samenleving. Wij horen achter onze politiemensen te staan."
