name,category,model,rtfx,transcript
bewegingsapparaat.mp3,Dokter Patient,Whisper-large-v3-fast,323.2303771040975,"Goedemiddag, komt u verder? Ik heb voor u de uitslag van het röntgenonderzoek. Zoals vorige keer besproken was er een sterk vermoeden op een breuk, een ingezakte wervel. Hoe gaat het nu met uw rug? Dankzij de pijnstilling is het wel te doen. De röntgenfoto laat zien dat u inderdaad een ingezakte wervel heeft. Verder is het een stabiele breuk waarvoor een operatie niet nodig is. Gelukkig. Het minder goede nieuws is wel dat de breuk veroorzaakt is door osteoporose. Dit houdt in dat de dichtheid van uw botten minder wordt. Weet u wat ik daarmee bedoel? Het is vervelend voor u om te horen. Helaas kan dat wel voorkomen. Maar kan ik dan helemaal niet meer gaan wandelen? Want zo is het natuurlijk de vorige keer gebeurd. Het is juist goed om te blijven bewegen. Hierdoor bouwen de botten meer kracht op. Ja, maar ik ben dan bang dat ik ga vallen waardoor ik weer iets kan breken. Ik kan me heel goed voorstellen dat u hier bang voor bent. Maar er zijn wel manieren om dit te voorkomen. Deze kunnen we later wel bespreken. Oké. U lijkt nog niet echt gerustgesteld. Ja, het voelt gewoon alsof mijn lichaam mij in de steek laat. Het is natuurlijk ook vervelend om dit te horen. Maar we kunnen de maatregelen bespreken die de kans op breuken zo klein mogelijk maken. Goed? Ja, ik weet niet of ik daar het nut zo van in zie. En waarom niet? Ja, dan moet ik zeker oefeningen gaan doen of zo. Ik kan me voorstellen dat het wat weerstand oproept. Maar de maatregelen kunnen het risico wel degelijk verlagen. Vindt u het goed als we rustig het een en ander doornemen? En dan kunnen we daarna kijken wat voor u goed voelt. Oké. Oké, fijn. We kunnen u allereerst aanraden vitamine D supplementen en calciumtabletten te nemen. Beide stoffen bouwen de botten opnieuw op. Of in plaats van calciumtabletten kunt u minimaal vier zuivelconsumpties nemen op een dag. Wat denkt u? Ik eet best veel yoghurt en drink eigenlijk ook altijd wel twee glazen melk. Oké, dan kunnen we die calciumtabletten al achterwege laten. U zou dan baat hebben bij de vitamine D supplementen. Verder is het juist goed om te blijven bewegen en actief te blijven. Wat zou u kunnen doen qua beweging? Het gaat gelukkig wel redelijk om elke dag even te blijven wandelen. Blijf dat vooral doen. Zo blijven de botten gewend aan de belasting. U rookt niet, maar drinkt u wel regelmatig alcohol? Nee, alleen in het weekend. Goed, met uw bloeddrukverlager vormt dat in principe verder geen risico. Verder raad ik u aan fysiotherapie aan te leren en een goede balans en evenwicht te behouden. Zodat u minder kans heeft om te vallen. Wat denkt u daarvan? Ja, dat wil ik wel proberen. Wat denkt u van deze adviezen? Het valt me eigenlijk wel mee. Ik had het erger verwacht om eerlijk te zijn. Gelukkig maar. Dus kort samengevat, u kunt vanaf nu starten met vitamine D supplementen. En er vooral voor blijven zorgen dat u genoeg calcium binnenkrijgt. Verder is blijven bewegen belangrijk. En maakt u een afspraak met de fysiotherapeut. En qua rugpijn kunt u doorgaan met de pijnstilling, zoals we die de vorige keer hebben besproken. Is het zo duidelijk? Of heeft u nog vragen? Nee, het is wel duidelijk zo. En ik ben er ook wel content mee. Zullen we dan over een week of drie een nieuwe afspraak inplannen? Dan kunnen we bespreken hoe het gaat. Dat zou ik fijn vinden. Bedankt voor het prettige gesprek, dokter."
ademhaling.mp3,Dokter Patient,Whisper-large-v3-fast,429.9567680504721,"Ik denk dat ik inmiddels voldoende informatie heb over uw klachten. Dan zou ik nu nog even naar uw longen willen luisteren. Dat is prima hoor. Oké, u kunt zich achter het gordijn omkleden en de kleding daar aan een haakje hangen. U hoeft alleen uw bovenlichaam te ontkleden. Oké, dus de broek mag ik aanhouden? Klopt, die mag u aanhouden. U mag plaatsnemen op de onderzoeksbank, met uw benen naar deze kant. Ik ga nu even luisteren naar de longen en ik zal op verschillende plekken gaan luisteren. De stethoscoop kan wat koud aanvoelen. Ik zal het even op uw hand laten voelen. Gaat dat zo? Ja hoor, het valt me mee. Fijn. U mag de armen gekruist op uw borst leggen. Zou u eens diep kunnen zuchten, met mond open? Dat mag u een aantal keren halen in een rustig tempo, terwijl ik naar de longen blijf luisteren. Prima, ik heb het goed kunnen horen. Dank u wel. Mag ik me dan nu weer aankleden, dokter? Ja, natuurlijk. U kunt zich weer aankleden achter het gordijn. Doe maar rustig aan hoor, dan bespreken we het. Dan spreken we dadelijk wat ik heb gehoord."
diabetes.mp3,Dokter Patient,Whisper-large-v3-fast,376.62583372906886,"Goedemiddag meneer Visser. Goedemiddag. Vertel, waarvoor bent u vandaag gekomen? Nou, ik ben al een tijdje erg moe. Ik heb nergens zin in. Totaal futloos. Echt heel vervelend. Ja, dat kan ik me voorstellen. Moe en futloos, zei u. Wat verstaat u hieronder? Ja, ik heb gewoon overdag geen energie om iets te doen. Wat vervelend. En hoe lang heeft u daar al last van? Ja, al een weekje of zes. Zes weken dus. En wat maakt het dat u nu toch na zes weken komt? Ja, ik maak me zorgen. Ik vind het nu echt te lang duren. Ik wil graag weten wat de oorzaak is. Dat kan ik me voorstellen. Dus als ik het goed begrijp, wilt u vooral weten wat de oorzaak van uw klachten is. Hoe slaapt u? Heel goed, ja. S'nachts ben ik wel een paar keer wakker om eruit om te plassen, maar daarna slaap ik vrijwel direct weer in. Hoe vaak is een paar keer? Ik denk gemiddeld wel vier keer per nacht. En hoe was het hiervoor qua plassen in de nacht? Oh, dat was minder. En ervaart u dan ook pijn bij het plassen? Nee, dat niet. Drinkt u veel voordat u gaat slapen? Ja, ik drink de hele dag veel. Ik heb vreselijk veel dorst de hele dag. Maar s'avonds probeer ik een beetje minder te drinken, zodat ik niet zo vaak naar het toilet hoef. Duidelijk. Als ik het goed begrijp, heeft u dus sinds ongeveer zes weken veel last van vermoeidheidsklachten, heeft u veel dorst en moet u vaak plassen, vooral s'nachts. Heeft u verder nog andere klachten? Nee, eigenlijk niet. Alhoewel, ik heb ook een paar wondjes op mijn rug die maar niet willen overgaan. Daar zal ik ook even naar kijken. Ik wil u ook nog wat algemene vragen stellen. Ja, prima. Hoeveel weegt u? Zo'n dikke honderd kilo, schat ik. Ik weet het niet precies. Dan gaan we u straks even wegen. Hoe is uw eetpatroon? Ik eet het liefst aardappelen met een lekker stukje vlees. Maar mijn vrouw maakt ook wel eens spaghetti en op vrijdag eten we altijd friet. Eet u verder ook nog fruit en groenten? Nou, daar hou ik niet zo erg van. En snoept u ook? Zoete of hartige tussendoortjes? Ach, een koekje bij de koffie en bij de thee en s'avonds wat chips bij het biertje, maar meer niet hoor. En hoeveel drinkt u gemiddeld? Eigenlijk altijd maar een paar biertjes. Verder geen wijn of sterke drank. Een paar biertjes, zegt u? Hoeveel biertjes per dag ongeveer? Drie of vier, denk ik zo. En rookt u? Ja, een pakje per dag ongeveer. En beweegt u ook dagelijks? Dat probeer ik wel, af en toe een blokje om, maar veel meer is het echt niet. Oké. En komt er diabetes voor in uw vrouw? Of familie? Diabetes? O, suikerziekte. Nee, niet dat ik weet. Maar hoezo? Denkt u dat ik suikerziekte heb? Ik sluit het niet uit, maar we hebben daar een aantal onderzoeken voor nodig. Vindt u het goed als ik u eerst lichamelijk ga onderzoeken? Natuurlijk, geen probleem. U kunt alvast op de onderzoekstafel gaan liggen. Zou u ervoor kunnen zorgen dat het gehele bovenlichaam ontbloot is? Dan kunnen we deze goed onderzoeken. Ja, dat is prima."
hartziekten.mp3,Dokter Patient,Whisper-large-v3-fast,371.65922979401915,"Goedemiddag, wat heeft u hier gebracht vandaag? Ik heb de laatste tijd wat last van mijn hart. Uw hart, en wat bedoelt u daarmee? Ik merk dat ik steeds vaker hartkloppingen heb. Oké, en hoe lang heeft u daar al last van? Ik denk een paar weken, maar sommige dagen heb ik er ook helemaal geen last van. Dus eigenlijk heeft u bijna iedere dag er last van, en wat voelt u dan precies? Mijn hart klopt dus sneller, en ik voel het echt in mijn borstkast kloppen. Oké, dat is vast een onprettig gevoel. U zegt dat u het al een paar weken heeft, daarvoor had u het niet. Wat maakt nou dat u vandaag bent gekomen? Ja, het is gewoon een heel naar gevoel, en ik denk dat ik een hartaanval krijg ofzo, dus ik wil het een en ander laten checken. Ja, dat begrijp ik helemaal. En op zo'n moment van de aanval, wat doet u dan? Ja, niks speciaals eigenlijk. Oké. Voelt u verder nog andere dingen op die momenten, in de borstkast of in de rest van je lichaam? Nee, dat niet. Ik denk eigenlijk alleen in de borstkast, en niets anders dan dit hoor. En merk u bijvoorbeeld dat het hart ook van tempo wisselt, soms sneller en soms langzamer? O ja, dat heb ik wel enkele keren gemerkt, maar dat was niet zo heel erg hoor. Oké. Heeft u verder ook geen klachten van misselijkheid, benauwdheid of zweten? Nee. Nee, dat eigenlijk niet, alhoewel ik merk dat ik door de hartkloppingen ook wel een snellere ademhaling krijg. Oké, en heeft u daarbij ook een gevoel van kortademigheid? Nee, dat niet. Oké, dus als ik het goed begrijp, heeft u sinds enkele weken last van hartkloppingen, maar verder niet veel bijkomende klachten? Ja, dat klopt inderdaad. Mag ik iets anders vragen? Heeft u op dit moment ook last van stress? Dat valt wel mee. Het is wat drukker, maar ik ga binnenkort op vakantie. Nou, dat is een fijn vooruitzicht. En heeft u zelf al iets aan de klachten gedaan? Ik probeer gewoon even rustig te doen, dan zakken de klachten vaak wel. Lukt dat wel goed, om even rustig aan te doen? En wat doet u dan? Nou, ik maak me soms wel druk en dan houden de klachten wat langer aan. En waarover maakt u zich dan druk? Ja dokter, ik heb in mijn omgeving toch wel mensen gehoord die dezelfde klachten hadden als ik, en dan ineens onderuit gingen of waarop het dan ineens mee slechter ging. Maar dat wil ik natuurlijk niet. Nee, dat is natuurlijk heel begrijpelijk. U hoeft zich daar geen zorgen over te maken. Dit soort hartkloppingen zijn heel veel voorkomend en zijn vaak onschuldig. Maar ik zal voor de zekerheid zo natuurlijk ook even naar uw hart luisteren. Oh, dat vind ik wel fijn om te horen. Het onderzoeken van het hart vind ik ook wel fijn eigenlijk. Ik krijg de indruk dat nog niet al uw zorgen zijn weggenomen. Kan dat kloppen? Ja, dat klopt misschien wel dokter, want ik maak me vooral ook zorgen om mijn reis. Uw reis? Wat? Wat voor reis gaat u maken? Ik ga bij mijn dochter op bezoek in Australië, maar daar moet ik ook veel rijden. En ik ben bang dat ik met deze klachten niet veilig achter het stuur kan zitten en kan deelnemen aan het verkeer. Ja, ik kan me dat goed voorstellen. Maar ik kan u hierin wel geruststellen. Zeker als we dadelijk bij het luisteren naar het hart niets geks horen. Deze klachten zullen uw rijvaardigheid niet beïnvloeden. Naar mijn mening kunt u dus gewoon veilig op reis om uw dochter te bezoeken. Dat is goed om te horen dokter. Dank u wel. Ik zal eerst even naar uw hart luisteren en dan kunnen we de andere dingen ook makkelijk uitsluiten."
oncologie.mp3,Dokter Patient,Whisper-large-v3-fast,386.5229953555447,"Fijn dat u vandaag bent gekomen voor het bespreken van de uitslag van de onderzoeken. Zoals u weet hebben we de afgelopen donderdag het aanvullende onderzoek gedaan. En nu heb ik de uitslag. Ja, goedemiddag dokter. Ik ben wel een beetje bang voor de uitslag. Dat kan ik me goed voorstellen. Ik heb helaas geen goed nieuws voor u. Ik moet u mededelen dat u kanker heeft in de dikke darm. Er is een tumor gezien op de scopie. Wat denkt en voelt u nu? Er gaat wel veel in mij om op dit moment. Ik was er al een beetje op voorbereid, maar ik merk dat het toch wel erg confronterend is wat u mij vertelt. Het is ook heel heftig nieuws om te horen. Betekent dat nou dat ik dood ga dokter? Bent u daar bang voor? Ja, eigenlijk wel. Ik begrijp dat u zich hierover zorgen maakt, maar zijn er genoeg behandelopties die in dit stadium van de ziekte toegepast kunnen worden? Ik weet even niet zo goed hoe ik hierop moet reageren. Ik vind het wel heel beangstigend allemaal. Hoe gaat het nu verder? Kan ik nog blijven werken? Moet ik het nou iedereen vertellen? En hoe ga ik het thuis aan mijn partner en mijn kinderen vertellen? Ik begrijp dat dit veel vragen bij u oproept op dit moment. Heeft u iemand in uw naaste omgeving die u kan steunen? Jazeker, mijn partner. Dat is goed om te horen. Uiteraard hoeft u dit niet alleen te doen. We zullen vanuit hier u en uw familie zoveel mogelijk begeleiden. Oh, dat is wel fijn om te horen. U vraagt zich af hoe u dit aan de familie moet zeggen. Wilt u hier hulp bij? Nou, nee, ik denk dat dat wel zal lukken. Goed om te horen. Wilt u nu al de verschillende behandelopties horen of wilt u dat liever op een later moment bespreken? Ja, graag. Ik weet alleen niet zeker of ik alles nu kan onthouden. Ik kan u de informatie ook op papier meegeven. En de volgende keer herhalen we alles gewoon nogmaals en kunt u uw verdere vragen stellen. Oh, bedankt dokter. Dat zou ik heel fijn vinden. Een operatie is sowieso nodig. Hierbij wordt een deel van de dikke darm weggehaald en de rest wordt weer aan elkaar gemaakt. Soms is het tijdelijk nodig een stoma te gebruiken. Wat vindt u ervan? Ja, het klinkt wel begrijpelijk. Na de operatie moeten we het hebben over chemotherapie. Met de combinatie van een operatie en chemotherapie heeft u in dit stadium 90% kans om de kanker volledig uit uw lichaam te krijgen. Oké, dus ik krijg een operatie en u raadt chemotherapie aan. Dat klopt inderdaad. Wat vindt u ervan? Ja, het is duidelijk en tja, het zal wel moeten hè. Wilt u een folder met de informatie? Ja, heel graag. Dan zal ik u een folder meegeven met informatie over de behandeling van darmkanker. Kan ik u verder nog ergens mee helpen? Nou, ik ben al heel erg blij met deze informatie, dus dank u wel daarvoor. Fijn om te horen. Als u vragen heeft... ...kunt u deze opschrijven. Bij de volgende afspraak kunnen we alles nog eens rustig doorlopen. Het zou goed zijn als u dan iemand mee zou nemen. Ja, dat is zeker goed. Ik neem mijn partner mee. Ja, goed zo. Veel sterkte de komende week en we houden contact. Ja, dank u wel."
abdomen.mp3,Dokter Patient,Whisper-large-v3-fast,382.54805998655587,"Goedemiddag, neemt u plaats. Dan zullen we de uitslag van het onderzoek gaan bespreken. Goedemiddag dokter, ik ben erg benieuwd. Ja, zoals u weet hebben we net een echo gemaakt. En we konden daarop duidelijk zien dat u een blinde darmontsteking heeft. En dit veroorzaakt ook de buikpijn die u heeft. Oh, dat klinkt niet goed. Wat houdt dat precies in? Ja, er is een ontsteking van een aanhangsel van de blinde darm, de appendix. Hoe het ontstaat is niet helemaal duidelijk, maar het ontstaat vaak plotseling. Oké, ik snap wel wat u bedoelt denk ik. U klinkt nog niet overtuigd. Maakt u zich zorgen? Wel een beetje om eerlijk te zijn. Is het wel goed te genezen? Ja, het is eigenlijk zonder ernstige complicaties goed op te lossen. Maar we moeten het wel gaan behandelen. Oké, dat stelt me gelukkig gerust. Wat kan er dan gedaan aan worden? Nou, eigenlijk zijn er twee opties. Optie 1 is een operatie waarbij het ontstoken deel verwijderd wordt. Dit is de optie waar het meest voor gekozen is. De andere optie is behandelen met antibiotica. Die worden dan direct via een infuus in de adels toegediend. En we kunnen samen kijken wat voor u de beste optie is. Dat lijkt me wel fijn, ja. Ja, na de operatie kan de ontsteking nooit terugkomen omdat het ontstoken deel in zijn geheel verwijderd wordt. Het terugkomen van de ontsteking noemen we ook wel een recidief. En de kans op een recidief na behandeling met antibiotica ligt tussen de 20 en 30 procent in de twee jaar na de behandeling. Maar zitten er niet ook nadelen? Ja, een operatie kan gepaard gaan met complicaties, ook al zijn deze veelal klein. De operatie wordt onder narcose gedaan met een kijkoperatie. Oké, maar is het dan niet zo dat de darm misschien minder goed functioneert omdat je het weghaalt? Nee, gelukkig niet. Dit stukje van de darm heeft geen functie, dus het weghalen heeft verder geen nadelen. Ik ben ook nog wel benieuwd naar wat details over de behandeling met antibiotica. Ja, voor de behandeling met antibiotica moet je een beetje meer tijd hebben. Na een behandeling met antibiotica moet u een paar dagen opgenomen worden om de antibiotica toe te dienen. De opname duurt korter dan de keuze als je kiest voor een operatie. Na een behandeling met antibiotica herstelt u wel sneller na de operatie. Maar een onderliggende oorzaak van de ontsteking kan niet achterhaald worden. Bij een operatie kan dat wel. Wat kunnen die oorzaken dan zijn? Nou ja, de meest ernstige oorzaak is een vorm van kanker. Die komt niet vaak voor, maar bij 1 of 2 procent van de mensen. Hm, ja dat is niet... Dat is niet veel, maar het lijkt me geen fijn idee om met die onzekerheid te leven. Ja, dat is begrijpelijk dat u dat zegt. Was het verder betreft op behandelopties wel duidelijk wat de voor- en nadelen zijn of heeft u nog vragen? Nee, dat is eigenlijk al duidelijk. Heeft u op dit moment een voorkeur voor een van beide behandelingen? Ja, voor een operatie. Ondanks dat het herstel misschien langer duurt. Ik vind het wel fijn om zeker te weten dat het niet terugkomt of misschien wel veroorzaakt wordt door een vorm van kanker. Vindt u dat een logische keuze? Ja hoor, ik zou de meeste mensen een operatie adviseren. Oké, kan ik even mijn partner op de hoogte stellen voor we verder gaan? Hij maakt zich namelijk nog wel wat zorgen. Ja, natuurlijk mag dat. En dan bespreken we zo verder de vervolgstappen."
auto-immuunziekten.mp3,Dokter Patient,Whisper-large-v3-fast,377.93946715339627,"We hebben het zojuist gehad over uw klachten. U gaf aan sinds een langere periode klachten te hebben van buikpijn en diarree en u bent flink wat kilo's afgevallen. Ook voelt u zich vermoeid en futloos, waardoor u overdag weinig energie heeft en u maakt zich daar zorgen over. Klopt dat? Ja, dat klopt inderdaad. Dan zou ik u nu graag wat specifiekere vragen willen stellen over de klachten. Prima. Zou u kunnen omschrijven waar u de buikpijn voelt? Vooral wat lager in de buik. Het is echt een krampende pijn. En is er iets wat u kunt doen om die pijn te verzachten? Het liefst houd ik me rustig, maar ik moet dan vaak naar het toilet. Op de wc heb ik dan nog wel veel buikpijn, maar na de hand is de buikpijn vaak iets gezakt. Dus nadat u naar het toilet bent geweest is de pijn minder. En is de pijn verder de hele dag doorgegaan? Nee, dat niet. Het gaat vaak een beetje op en af. Ik merk dat het een paar uur na het eten vaak het pijnlijkst is, hoewel ik er s'nachts ook wel veel last van heb. Ik moet dan ook een aantal keer naar de wc. En dan na de toiletgang is het weer minder? Ietsjes. Slaapt u verder wel goed? Redelijk. Behalve dat ik er dus wel vaak uit moet s'nachts. Het inslapen duurt dan soms ook wel weer even. Ja, dat snap ik. En kunt u aangeven of de ontlasting altijd zo dun is? Eigenlijk wel. Soms is het wat harder, maar meestal is het gewoon heel dun tot zelfs waterdun. En hoe vaak gaat u gemiddeld per dag naar het toilet voor de ontlasting? Ik denk gemiddeld wel een keer of vijf à zes de afgelopen periode. Dat is inderdaad wel veel. Weet u misschien of er ook bloed of slijm bij de ontlasting zit? Nee, dat gelukkig niet. En heeft u verder nog last van oprispingen of zuurbranden? Ik heb dat altijd wel een beetje gehad, maar dat is niet veel erger geworden in de afgelopen periode. En voelt u zich dan ook wel eens misselijk of moet u misschien overgeven? Nee, dat gelukkig niet. Dat is fijn om te horen. En hebt u nog wel een normale eetlust? Nou, ik heb niet vaak zin om te eten, moet ik zeggen. Dus toch wel een afgenomen eetlust als u het zo zegt? Ja, dat wel. En hoe is uw eetpatroon? Zou u voor mij eens kunnen omschrijven wat u op een dag zoal eet? Ik probeer wel genoeg groente en fruit te eten. Daarnaast eet ik elke dag een stukje vlees of vis. Soms snoep ik wat tussendoor, maar meestal houd ik wel een beetje rekening met wat ik eet. Oké, ik denk dat ik zo wel een goed beeld heb. Bent u toevallig recentelijk ook nog in het buitenland geweest voordat de klachten begonnen? Ik ben wel op vakantie geweest naar de camping. Ik ben op vakantie geweest naar de camping op Frankrijk, maar verder niet. Duidelijk. Heeft u ooit koorts ervaren bij de klachten? Hm, dat weet ik eigenlijk niet zo goed. Ik heb soms wel heel koud en dan weer warm, maar dat is niet altijd zo. Oké, we kunnen zo meteen ook de temperatuur wel meten. Zou u kunnen aangeven of u medicijnen of pijnstillers gebruikt? Medicijnen niet, maar ik neem wel af en toe een pijnstiller. Soms helpt dat iets tegen de buikpijn. En heeft u verder nog aandoeningen? Nee, eigenlijk niet. Heeft u misschien toevallig in de familie ooit gehoord dat iemand dit soort klachten heeft? Volgens mij had mijn tante hier ook wel eens last van. Ik zou het eens kunnen navragen. En weet u misschien of er verder erfelijke ziektes in de familie zitten? Hm, ik weet dat mijn oma een vorm van reuma had, maar ze is al een tijdje terug overleden. Verder denk ik het eigenlijk niet. Oké, als u het goed vindt wil ik u graag lichamelijk onderzoeken. Is dat goed? Is dat goed voor u? Natuurlijk. Zou u dan voor mij de buik willen ontbloten? Dat kunt u daar achter het gordijn doen. En uw BH mag u aanhouden. Oké, dat is goed."
neurologie.mp3,Dokter Patient,Whisper-large-v3-fast,375.43435685737876,"Goedemorgen, wat kan ik voor u betekenen vandaag? Ik heb last van heel ernstige hoofdpijn. Heel ernstig? Wat is ernstig? Ik heb gewoon hele hevige hoofdpijnzaanvallen. Hoe lang heeft u hier al last van? Ik denk al enkele maanden, maar de laatste weken wel steeds vaker. Oh, dat is al best wel lang. Wat maakt dat u vandaag naar mij bent gekomen? Ik ben er klaar mee. Ik wil er nu vanaf, want het heeft echt invloed op mijn dagelijkse leven. Hoe bedoelt u? Ik wil echt iets tegen de pijn. Dat begrijp ik. Heeft u al iets geprobeerd om de pijn te verlichten? Ik lig dan het liefst gewoon op mijn kamer in het donker, maar soms word ik ook echt misselijk als ik moet opstaan. Heeft u zelf een idee waar het vandaan kan komen? Ik ben eigenlijk wel bang dat het iets ernstigs is. Waar denkt u dan aan? Iemand in de familie is na dezelfde klachten gestorven aan een hersentumor. Ik ben er eigenlijk wel bang voor dat ik dat ook heb. Ik kan me voorstellen dat u zich dan zorgen maakt. Wie was dat in de familie? Dat was een neef van mijn moeder. Dus als ik het goed begrijp, is dat ook de reden dat je vandaag bent gekomen? Ja, eigenlijk wel. En natuurlijk ook iets tegen de pijn. Als ik kijk naar de hoofdpijn, waar in het hoofd voelt u de hoofdpijn? Meestal een beetje voor in het hoofd. Meer aan de linkerzijde. En hoe zou je de soort pijn omschrijven? Het is vooral een bonzende pijn. En hoe lang is de pijnaanval dan meestal? Soms is het na één dag al minder, maar het kan soms ook drie dagen duren. Wat doe je dan als je zo'n aanval hebt? Ik ga dan in bed liggen, meestal de deuren en de gordijnen dicht. Begrijp ik goed dat je ook last hebt van licht- en geluidovergevoeligheid? Ja, inderdaad. Heeft u verder nog bijkomende klachten? Ja, soms ben ik misselijk. En als u misselijk bent, moet u dan soms ook braken? Heel soms, maar gelukkig niet zo vaak. Heeft u tijdens de aanvallen ook last van slechter zicht? Tijdens de aanvallen merk ik wel dat ik het soms niet goed kan zien, maar ik wil het liefst ook mijn ogen dicht houden vanwege het felle licht. Gebruikt u verder medicatie? Soms een pijnstiller voor de hoofdpijn. En helpt dat tegen de pijn? Ja, meestal wel. Dus nog even kort om samen te vatten, het is dus een bonzende hoofdpijn die in aanvallen komt, vrij ernstig van karakter, vooral aan één zijde van het hoofd. Soms bent u ook misselijk met braken, en meestal helpt rustig aandoen in een donkere kamer en soms een pijnstiller. U bent ook best bang dat het iets ernstigs is en wilt graag iets tegen de pijn. Heeft u zo nog aanvullingen? Nee, dat is eigenlijk wel compleet. Uw hoofdpijn doet me sterk denken aan migraine. Bent u bekend met deze term? Ik heb er wel iets van gehoord. Maar u denkt dus niet aan een tumor? Nee, eigenlijk niet. Het komt bijna precies overeen met het schoolvoorbeeld van migraine. Oh, ik wist niet dat die pijn zo hevig kon zijn. Dat kan helaas wel heel verhinderend zijn. De aanvallen zullen helaas blijven terugkomen, maar er zijn wel wat dingen die je kunt doen om de hoofdpijn te verzachten. Op het moment dat de pijn opkomt, is het aan te raden rust te nemen. De pijn kan versterkt worden door stress, onrust en weinig slaap. Dit zijn dus elementen waar je op kan letten om de hoofdpijn te verminderen. Ervaart u veel stress? Soms wel dokter, maar het wordt wel rustiger op mijn werk binnenkort. We krijgen een extra collega. Dat is fijn om te horen. Eigenlijk neemt de stress dan ook af. Verder kunt u zodra de pijn opkomt, beginnen met twee paracetamol. U kunt dit dan consequent de dag door op maximaal vier momenten nemen, totdat u merkt dat de pijn minder wordt. Een paracetamol, gaat dat wel helpen tegen deze heftige pijn? Een paracetamol is een medicijn dat verder niet heel schadelijk is, maar het kan wel heel effectief zijn, zeker als het zo op vaste tijdstippen wordt genomen. Mocht het niet helpen, kunnen we altijd overgaan naar een andere pijnstiller. Vindt u dat een goed idee? Dat klinkt wel redelijk. Ik ga het in ieder geval eens proberen. Zullen we dan afspreken dat we over ongeveer vier weken een neuroconsult plannen en kijken hoe het gaat? Mocht het dan niet voldoende helpen, kunnen we dan overgaan op een andere behandeling. Dat is goed, bedankt dokter. Heeft u verder nog vragen? Nee, het is wel duidelijk zo. Dan zie ik u graag over vier weken."
misbruik.mp3,Psychologische gespreksvoering,Whisper-large-v3-fast,339.72147477073753,"Nou, goeiemiddag Sarah. Mijn naam is Sterre en ik heb je even apart genomen omdat ik bij binnenkomst zag dat je behoorlijk overstuur was. Ik stel voor om even gewoon een kwartiertje samen te gaan praten, gewoon even kijken wat er aan de hand is. Dat jij even je verhaal kan doen en dat we samen kunnen kijken wat we eventueel voor jou kunnen betekenen hier. Oké. Is dat een goed plan? Oké, allereerst waarom ben je gekomen vandaag? Omdat ik nu terug naar huis kan. Je kan niet naar huis? En waarom kan je niet naar huis? Ja, ik durf gewoon niet meer naar huis te gaan eigenlijk. Daarom ben ik ook weggegaan. Oké, dat mag dan. Ja. Dus je bent weggegaan van huis omdat je niet meer naar huis durft. Daar komt het op neer. En waarom durf je niet meer naar huis? Dat vind ik een hele goeie vraag. Kan je eerst iets vertellen over je thuissituatie dan? Ja, mijn ouders zijn twee jaar geleden gescheiden. En daardoor zie ik mijn vader eigenlijk niet zo veel meer. Mijn moeder heeft nu een nieuwe vriend, maar ik kan het eigenlijk ook helemaal niet meer vinden. Het is echt een beetje een vies mannetje. Je ouders zijn gescheiden twee jaar geleden. Ja. En hoe is de scheiding gegaan? Ja, best wel rot eigenlijk, want daardoor zie ik mijn vader eigenlijk helemaal niet meer. Maar één keer in de twee weken in het weekend en ja, hij heeft helemaal geen tijd voor mij als ik er dan ben. Ja, wat voor gevoel werkt dat bij je op dan? Dat je je vader... Dat je vader je zo weinig ziet? Dat hij geen zin heeft om me dan te zien. Ja. Dus bij je vader voel je je een beetje verwaarloosd en bij je moeder wil je eigenlijk niet meer zijn? Nee. En is dat omdat je moeder er is? Nee, door die vriend. Ja, en mijn moeder gaat helemaal met hem mee en dan schrijven ze hem niet meer bij. Ja. Anders wat hij zegt is waarheid of zo. Ja, ik snap dat dat erg vervelend is inderdaad. Maar hoe lang zijn je moeder en haar vriend nu samen? Niet een halfjaartje of zo pas. En jij hebt een beetje het gevoel dat hij eigenlijk alles al bepaalt in huis? Dat zij gaat gewoon een beetje met hem mee. Oké. Ja. En nou, je zegt je vindt het een beetje een vies mannetje. Kan je daar een voorbeeld van geven? Ja, ik heb gewoon het idee dat hij de hele tijd naar me zit te kijken en dan als ik uitga of zo zegt hij, oh je ziet er echt sexy uit. Dat is gewoon echt heel vervelend. Dus ik kan eigenlijk wel zeggen dat je hem erg ongepast vindt. Ja, ja. En ook als ik langsloop of zo gaat hij net even zijn hand op mijn schouder leggen of net op mijn heup of zo. Dan moet ik hem afblijven. Maar is dat vandaag ook gebeurd? Ja, nou niet per se vandaag, maar ik had het tegen mijn moeder gezegd. En toen zei ze dat ik me gewoon niet zo aan moest stellen en dat ik gewoon normaal moest doen. Dus je weet eigenlijk niet zo goed wat je nu moet? Nee, een beetje ja. Ik ga er echt niet meer naar terug als zij me niet geloven of zo. En dat hij dan dat gewoon kan doen door mijn moeder en gewoon zeggen dat ik het zit te verzinnen of zo. Ja, en heb je er al met iemand anders over gepraat? Nee, ik vind het best wel moeilijk om erover te praten. Straks vindt iemand anders ook dat ik het verzin. Het is een lastige onderwerp, daar heb je helemaal gelijk in. Nou ja, dan moet ik zeggen dat ik erg blij ben dat je naar ons toe bent gekomen. Om het even voor mezelf op een rijtje te krijgen. Je ouders zijn gescheiden, je vader zie je vrij weinig en je vader heb je eigenlijk het gevoel dat hij geen omkijk naar je heeft. Je moeder heeft sinds een half jaar een nieuwe vriend en die vriend is nogal nog gepast tegenover jou. Daar heb je je moeder mee geconfronteerd. En kan je voorbeelden noemen? Je hebt al gezegd dat hij zegt dat je sexy bent. Ja, of ik er sexy uit zie. Dat zegt toch niks? Nee. Dat is een lastig onderwerp. Ik moet zeggen dat ik zelf ook even moet nadenken hoe we hier verder mee moeten. Wat ik in ieder geval uit jouw verhaal begrijp is dat je je gewoon niet veilig voelt thuis. Komt het uiteindelijk op neer. Om het even concreet te maken voor mezelf. Heb je zelf een idee wat er aan gedaan kan worden? Ja, hij moet gewoon weggaan eigenlijk. Want anders kan ik niet meer heus. Hij moet weg? Ja, hij moet gewoon opgeruimd worden. Ik wil gewoon thuis kunnen zijn. Maar het kan niet dat hij er is. Ja. En heb je dat ook met je moeder besproken? Nee, nog niet. Want ze geloofde me meteen nog niet. Dus dan heeft hij niet echt zin om dat te zeggen. Maar hoe ben je tegen je moeder daarover begonnen? Moet je eens horen. Die vriend van jou. Dat kan gewoon echt niet hoor wat hij doet. Dat hij zegt dat ik sexy ben. Dat hoort hij niet tegen mij te zeggen. Ik zie dat je tussendoor een beetje begint te grieken op een of andere manier. Ja, een beetje van het zenuwen denk ik. Gewoon een beetje ongemakkelijke situatie. Ja. Oké, maar we zijn hier natuurlijk om jou, want ik merkte sowieso in het begin al dat je een beetje ongemakkelijk voelde. En niet helemaal uit jezelf dingen durfde te vertellen. Heb je wel het gevoel dat je hier een beetje veilig bent? Ja, zeker. En ik wil graag met jou gaan kijken naar een oplossing voor dit probleem in ieder geval. Jij zegt zelf, ik wil dat hij weggaat. Nou, denk ik, als ik even zo bij mezelf denk, dat is een beetje een lastige oplossing. Zijn er andere dingen waarvan je zegt, dat zou ik willen proberen? Ja, ik zou er wel gewoon een keer goed met mijn moeder over willen praten. Zonder dat ze meteen gaat roepen dat het niet waar is en dat het me aanstoot. Dat is gewoon even een lijstje. Ja, oké. Dus met je moeder praten. Met je moeder praten. Maar zou je dat willen doen thuis of zeg je, doe maar een andere situatie? Nou, dan liever niet thuis. Maar gewoon, ergens waar we gewoon rustig kunnen praten. Dat hij er ook niet ineens binnen kan lopen of zo. En zou je er iemand bij willen hebben? Ja, ik kan me voorstellen dat ik erbij ben. Dus dat we met je moeder een afspraak maken en dat we met z'n allen even gaan zitten. Want je bent hier natuurlijk niet voor niks gekomen. Dat is één ding dat we vast kunnen stellen. Dan lijkt het me verstandig als we dat doen. Als jij je daar veilig bij voelt, als ik erbij ben. Ja. Tenzij je zelf zegt, nou... Nee, ik denk dat ik dat wel veilig vind. Oké. Wat wil je tijdens het gesprek van mei dan? Gewoon een beetje mij de kans ook geven om uit te laten praten. Niet dat moeder tegen me gaat. Ja, dus... Je verwacht van mij, je wil dat ik erbij ben om een beetje de orde te houden. En jou de kans te geven dat je je ding kan zeggen en dat je moeder je niet... Ja. Oké. Nou, ik vind het fijn dat je zelf ook bedacht hebt van dit wil ik. En daar kunnen wij je hartstikke goed bij helpen. En daar zal ik je ook zeker bij helpen. Als jij zometeen het nummer van je moeder even achterlaat bij mij. Dan ga ik haar een belletje geven. En dan ga ik even uitleggen wat wij net besproken hebben. Namelijk... Gezondheid. Dank je. Namelijk dat je je niet veilig voelt thuis door het feit dat je je vader of je vader zie je eigenlijk niet. En dat je moeder haar nieuwe vriend gewoon naar jouw gevoel gewoon geen normale dingen doet bij jou. Zoals dat hoort als vriend van je moeder en niet als vriend van jou. En dan zal ik je moeder daar even een belletje over geven. Ik zal nog niet te veel daarvan zeggen. Ik zal aangeven dat je hier behoorlijk overstuur bent gekomen. Ja. En dat ik graag een mogelijkheid wil om met haar te praten en met jou. En dan stel ik voor dat ik met je moeder een afspraak maak en met jou dat we hier volgende week om dezelfde tijd nog een keertje afspreken. En dan bespreken we alles nog een keertje met je moeder. Ja? Kan je daar een vinden? Mooi zo."
Intake_2.mp3,Psychologische gespreksvoering,Whisper-large-v3-fast,312.53473049531266,"Frank, fijn dat je bent gekomen. Ben je wel eens eerder bij een psycholoog geweest? Nee, dit is de eerste keer. Oké, dan is het misschien goed als ik even iets vertel over de manier waarop ik graag werk. Ik wil dit eerste gesprek graag gebruiken voor kennismaking en kijken met welke vragen je rondloopt en wat er daarbij voor jou meespeelt. Dan kunnen we eventueel daarna vervolggesprekken inplannen waarin we wat beter en dieper in kunnen gaan op de belangrijke aspecten. En ook misschien concreet kunnen kijken naar wat we kunnen doen om je verder te helpen. Hoe lijkt je dat? Ja, dat is goed. Als je nog vragen hebt, dan kun je die nu gerust stellen. Nee. Oké, zullen we dan maar gewoon beginnen? Dat is goed. Oké, kun je me vertellen wat je hier heeft gebracht? Nou, ik ben hier eigenlijk op aanraden van een vriend van mij. Daar heb ik eens mee gesproken en die zei tegen me, zoals je nu in hetzelfde kringetje ronddraait, dat kan gewoon niet meer. En hij vond dat ik maar eens moest gaan praten. Kringetje ronddraait? Nou, ik loop al een tijdje met het idee rond om een eigen bedrijf te beginnen. In automatisering. Ik doe automatiseringsprojecten. Ja, en dan ga je wel eens denken hoe je dat wilt. En toen, nou ik heb nu ook best een leuke baan, maar op een gegeven moment ga je wel denken, ik moet maar eens wat anders. Dus je hebt het wel een beetje gezien in je huidige baan? Ja. Ja, en dan ga je op zoek naar een nieuwe uitdaging. En een eigen bedrijf leek me eigenlijk een hartstikke goed idee. Dus dan, toen heb ik er met mijn vriendin over gesproken en met mijn ouders en met vrienden. En eigenlijk was iedereen ontzettend enthousiast. Dus je kreeg veel steun uit je omgeving? Ja. Ja, en dan zet je een volgende stap. Dan ga je naar de Kamer van Koophandel. En daar heb ik een starterspakket aangevraagd. Een cursus gevolgd, een compleet ondernemingsplan geschreven en met banken gepraat. Dus de plannen zijn eigenlijk best al ver gevorderd? Ja, ik ben zo al een tijdje bezig. Een jaar of wat bezig met het opzetten van een eigen bedrijf. Misschien nog wel iets langer. Oké. En sinds een paar maanden zijn er wat dingen veranderd. En daardoor vraag ik me nu af of die dingen, die plannen die ik had, of die nog wel kunnen of niet. En je zegt dingen veranderd? Nou, sinds een maand of wat is bekend dat mijn vriendin zwanger is. En dan verandert er wel veel, ja. Daar schrok je van, die verandering? Nou, ja. Daar schrokken we allebei nogal van. Daar hadden we niet op gerekend. En dan verandert er gewoon heel erg veel. Jullie hadden het allebei niet verwacht. Kun je daar iets meer over vertellen? Hoe ging dat? Tja, eh... Carolien had keurig de pil geslikt. Had hem niet vergeten of te laat ingenomen of zo. En toen werd ze niet ongesteld. Dus toen hebben we een zwangerschapstest gedaan. En toen zaten we naar de uitslag van die test te kijken. Je kon eigenlijk je ogen niet geloven? Nee, dat was te gek voor woorden. Oké. Om even kort samen te vatten. Je hebt eigenlijk hele serieuze plannen om een eigen bedrijf te beginnen. Daar was je ook... Je kreeg veel steun uit je omgeving. En daar was je ook echt al een eindpunt. Je had al een eind mee en nu is je vriendin plotseling zwanger en nu komt het even op losse schroeven te staan. Klopt dat? Ja. Misschien is het goed om nog even terug te pakken over je plannen voor een eigen bedrijf. Om daar iets dieper op in te gaan. Je zei net dat je... Ja, je ouders die waren daar enthousiast over. En je vriendin ook. Ja. Mijn ouders hebben een eigen bedrijf. Mijn vader geeft autorijles en heeft zelf een hele rijschool opgezet. Dus ik ben als het ware groot geworden met dat idee van een eigen bedrijf. Eh... Dus toen ik bij mijn vader met dat idee aankwam, had hij zoiets van ja, natuurlijk, dat is een hartstikke goed idee. En je vriendin? Ja, die was eigenlijk ook heel enthousiast. Ze werkt fulltime. Ze is unithoofd van de verpleegafdeling. En zij vindt een goede baan en een uitdaging ook heel belangrijk. Dus toen ik bij haar met die plannen aankwam, had zij zoiets van ja, dat is echt iets voor jou. Dus vanuit je omgeving kreeg je steun voor die plannen. Je gaf net aan dat de zwangerschap was onverwacht. Was echt een verrassing. Kun je me vertellen wat dat verder teweeg heeft gebracht? Eh, nou ja, het was voor Carolien ook wel even schrikken. Ze werkt fulltime. En ja, als ik dat dan zo mag zeggen, dan komt die zwangerschap ook niet echt goed uit. En dan nu met die plannen, dan is het eerst wel even schrikken. Oké, even schrikken. Maar hoe is dat nu? Nou ja, het zet de dingen wel een beetje op z'n kop. En Carolien, die is nu langzamerhand wel zover dat ze het ziet zitten. Die heeft zoiets van, dan gaan we allebei vier dagen werken en dan vangen we het samen wel op. Oké, dus Carolien, die ziet het nu wel als een soort van... Die ziet het nu wel als een soort van zwangerschap zitten. Ja. En heeft ook al wat concrete ideeën over hoe jullie het zouden kunnen aanpakken? Ja, die begint er onderhand wel warm voor te draaien. En jij? Nou ja, kijk, het feit dat die zwangerschap er is, dat eigen bedrijf kan ik nu wel vergeten. Ik moet nu helemaal het nieuw beginnen. Dat klinkt een beetje bitter, zoals je dat nu zegt. Ja. En ik hoor je ook zeggen, als het kind komt, dan kan eigen zaken gewoon niet doorgaan. Nee, ik vind dat als je iets doet, dan moet je het wel goed doen en anders niet. Dat doe ik binnen mijn werk nu ook. En een eigen zaak moet je helemaal zelf doen. En een kind moet je juist goed doen. Nou, dat botst. Ja, dat kan voor jou niet samen gaan, een eigen zaak en een kindje. Nee, dan raffel je het af. En dat kan met een eigen zaak niet en met een kind al helemaal niet. Je voelt je verantwoordelijk. Ja, een kind is niet iets wat je ernaast neemt. Nou, je zegt van dan moet ik helemaal opnieuw beginnen. Wat bedoel je dan? Ja, wat bedoel ik eigenlijk? Dat weet ik eigenlijk niet. Die baan die ik nu heb, die heb ik in zekere zin al... in zekere zin al afscheid van genomen, dus daar blijven, dat heeft geen zin meer. En een nieuwe baan, dan werk ik weer onder een baas en dat wil ik juist niet meer. Ik wil eigen baas zijn, eigen bedrijf beginnen en iets van de grond af aan opbouwen. Iets waar je trots op kunt zijn. Ja, precies. Oké, om het even op een rijtje te zetten. Je wilde een eigen bedrijf starten, kreeg daarbij ook veel steun van onder andere je ouders en ook van Carolien. Sinds de zwangerschap een feit is, loop je eigenlijk rond met het idee dat het eigenlijk niet meer kan. Want je zegt een kindje en een eigen bedrijf. Het kan niet samen. Want dan heb je het gevoel dat je een van de twee niet goed zou doen en dat zou je heel erg vinden. Dat betekent dus eigenlijk dat je het eigen bedrijf niet door kunt zetten. En dat is voor jou heel onbevredigend, want je had echt behoefte aan een nieuwe uitdaging, aan die voldoening. Klopt dat? Ik zit te denken, heb je het onlangs nog met Carolien over die plannen gehad? Je zei van, nou ze was eerst heel enthousiast ook. En hoe is dat nu? Ja, ze steunt me nog wel steeds, maar ze is steeds meer bezig met dat kind. Oké, je zegt ze steunt me nog steeds. Hoe bijvoorbeeld? Nou, zij vindt dat idee van een eigen bedrijf nog steeds een heel goed idee. Ze verklaart me niet voor gek of zo. Dat noem ik wel steun. Oké, maar de manier waarop je het zegt, dan heb ik het gevoel dat je het er misschien niet echt onlangs meer over gehad hebt. Klopt dat? Nee, de laatste tijd niet meer zo. Hoe komt dat, denk je? Nou, dat heeft niet zoveel zin meer. We hebben er heel veel over gesproken en zij is heel erg met die zwangerschap bezig. We hadden gewoon heel erg... Zin in dat bedrijf, samen. En we zijn er heel lang mee bezig geweest. En ik had het gevoel dat we er echt aan toe waren. Samen, Carolien ook. En dat vind ik eigenlijk nog steeds, dat wij dat bedrijf moeten... Nou, dat maakt het nu erg lastig. Misschien is het goed om even in te gaan op de gevoelens die deze situatie eigenlijk teweeg hebben gebracht. Kun je me vertellen hoe je je nu voelt, nu je in deze situatie zit? Ja, ik vind het gewoon erg vervelend, het hele idee dat dat bedrijf niet door zou kunnen gaan. Ik weet niet waarom zij niet zo enthousiast meer is. Want ik vind wel, als je zoiets doet, dan moet je het samen doen en anders niet. En ik had het gevoel dat dat zo was, maar... Maar blijkbaar niet. Je voelt je in de kou staan? Ja, ik heb nu het gevoel dat ik alles alleen moet doen. Als het al zou kunnen, zo'n eigen bedrijf. En dat had ik niet verwacht. Je bent teleurgesteld? Ja. Ik vind, als je iets doet, dan moet je het gewoon goed doen en anders niet. En, ja, dat eigen bedrijf, dat kan ik nu wel vergeten. Je bent... Ben je ook boos op Carolien? Dat zij doet er eigenlijk... ...makkelijk over en jij wil eigenlijk nog wel heel graag door. Ja, natuurlijk ben ik boos. Ze zet me voor het blok. Hoe bedoel je? Nou... Toen we het net wisten, toen heb ik het over een abortus gehad. En helemaal niet zo van dat ze het weg moest laten halen, maar toen werd zij ontzettend kwaad. En ze maakte me uit voor idioot en egoïst. En het was helemaal niet zo dat ik die abortus gewild had. Eh... Carolien en ik hebben het wel eens over kinderen gehad. Ik hou gewoon heel veel van haar. Alleen... We wonen net samen. En we hebben plannen om een eigen huis te gaan kopen. En dan... Ja, we hadden wel allebei het gevoel dat dat... ...dat het een stukje completer zou zijn als we daar ook een kleintje bij zouden hebben. Alleen niet nu. En door hoe zij nu reageert heb ik het gevoel dat ik daar geen inspraak in heb. Je voelt je machteloos. Ja, en daar baal ik van. Ik denk dat dat ook het kringetje is, hè, waar we het aan het begin over hadden. Nou ja, je wil een eigen zaak. Daar was je ook al ver mee. Ook samen met Carolien. Je kreeg steun van je omgeving. Dat was erg prettig. Nu is Carolien plotseling zwanger en is er voor jou geen ruimte meer voor die eigen zaak. En dat maakt je teleurgesteld en boos, ook op Carolien. En tegelijkertijd hou je ook heel veel van haar. En hebben jullie echt plannen om samen een toekomst op te bouwen? Waardoor jij het gevoel hebt dat je geen kant op kan en dat je klem zit. Hoe zie ik dat goed? Hoe zie je dat zelf? Ja, ik heb nu gewoon niet het gevoel dat... Ik weet nu gewoon niet hoe dat nu verder moet gaan. Enig idee hoe je uit het kringetje zou kunnen komen? Heb je daar zelf ideeën over? Nou, nee. Ik had gehoopt dat jij misschien wat ideeën aan de hand zou kunnen doen. Oké, nou je vraagt nu eigenlijk aan mij een pasklare oplossing. Ik denk dat het goed is dat ik daar iets over zeg. Ik kan geen pasklare oplossing of suggesties aanbieden. Omdat ik weet niet wat voor jou en Carolien het beste of het belangrijkste is. Wat ik wel kan doen is met jou kijken naar dingen die me opvallen in het gesprek. Een aantal punten. En dat we het daarover hebben. En kijken of daar misschien iets in zit waarmee je verder kunt komen. Ja, wat vind je daarvan? Ja, dat klinkt goed. Oké. En gezien de tijd lijkt het me goed als we gaan afronden. Ik heb net al even kort samengevat. Een aantal dingen die me zijn opgevallen is dat je heel stellig zegt van... Ja, een eigen zaak en een baby, een kind, dat gaat niet samen. Voor de volgende keer zou ik graag willen dat je nadenkt of er eventueel een manier is... waarop een kind en een eigen zaak toch gecombineerd zouden kunnen worden. Misschien dat daar iets in zit waarmee we verder kunnen komen. Is dat goed? Ja. En verder, we hebben het ook even gehad over Carolien. En dat je de laatste tijd het niet meer zo gehad hebt over die eigen zaak. Misschien kun je eens nadenken over wat je zou willen zeggen tegen Carolien in zo'n gesprek. En hoe je ook denkt dat zij daarop zou reageren. Ja? Ja, dat is goed. Oké. Het doel van ons eerste gesprek was eigenlijk om kennis te maken en wat zicht te krijgen op wat er speelt. In hoeverre denk je dat dat is gelukt? Ja, dat weet ik niet. Ik heb wel het idee dat het goed is geweest om erover te praten en hier te komen. En er niet zelf mee aan te zitten modderen. En er is inderdaad nog geen pasklare oplossing boven komen drijven. Maar misschien is dat ook al te veel gevraagd voor nu. Dat denk ik ook. Het lijkt me goed om voor volgende week misschien een afspraak in te plannen. En dat we er dan een uur voor uittrekken. Zou een donderdag bijvoorbeeld om vier uur goed zijn? Ja. Oké."
baan.mp3,Psychologische gespreksvoering,Whisper-large-v3-fast,278.1728977761466,"Hallo, welkom. Goedemiddag. Je bent vandaag gekomen omdat je mogelijk moet kiezen tussen twee banen. Je hebt in ieder geval een nieuwe baan aangeboden gekregen. Ja, klopt. Wat zijn je twee banen precies? Ik werk nu bij het Distributiecentrum van de Albert Heijn. Die bevindt zich op het industrieterrein in Zwolle. Ik heb een baan aangeboden gekregen als luchtverkeersleider op Schiphol in Amsterdam. Aangeboden gekregen omdat ik contacten heb op Schiphol. Ik heb daar al eerder een keer gewerkt. Maar dan een andere tak. En via via heb ik contact gehouden. En toen is me dit eigenlijk naar boven gekomen. Super tof. Het gesprek van vandaag gaat ongeveer 10 à 15 minuten duren. Het doel van het gesprek is niet best dat je een keuze moet gaan maken in je baan. Want dat zul je uiteindelijk toch wel zelf moeten doen. Het zal vooral zijn dat je iets meer voor jezelf het idee krijgt wat voor jou belangrijk is. En aan de hand daarvan een keuze kunt gaan maken mogelijk. Dat weet ik ook. Aan het einde van het gesprek kan het zijn dat je nog iets gaat over spreken. Dat zal ik even aangeven. Dan gaan we het nu zeggen. Ja, fijn. Sowieso de eerste vraag van vandaag. Hoe sta je vandaag erin op die schaal van 0 tot 10? Hoe gelukkig of verbijnd vandaag? Ben je heel gelukkig of heel ongelukkig? Ja, eigenlijk een 4 denk ik. Ik heb net een drukke werkweek gehad in Zwolle bij de Albert Heijn. En daar is het eigenlijk best wel stressvol. Nu vanwege corona staat er natuurlijk heel veel druk op het distributiecentrum. Maar ik heb van de weken niet zo'n leuk gesprek gehad met een van mijn collega's. Dus ja, ik heb een drukke werkweek gehad die niet zo leuk is geëindigd. Dus ik voel me niet echt lekker over en behum. Nou, oké. Kun je uitleggen hoe je je dit met voelde met je net gedaan? Als je nu een keuze moet maken op je gevoel, wat zou je dan doen? Voor welke baan zou je dan gaan? En waarom zou je dan die keuze maken? Nou, daar zit ik dus heel erg mee. En dat vind ik best wel moeilijk. Want ik ben een type die het fijn vindt om verder te kijken dan waar ze nu zitten. Maar ik vind het leuk om nieuwe uitdagingen op te zoeken, et cetera. Maar tegenover ben ik ook best wel een beetje onzeker. Zit ik bijvoorbeeld dan nu gewoon goed? Waarom zou ik dat voor mijn gevoel mijn eigen ruiten ingooien, zeg maar? Nou, dat is dus een beetje waar ik tussen schommel. Maar goed, als ik net zo'n drukke werkweek heb gehad en geen leuke gesprekken heb gehad en op social heb gehad daar, dan is eigenlijk de keuze voor mij wel vrij duidelijk om voor die andere baan te kiezen. Maar goed, dat is zoveel meer verantwoordelijkheden, zo'n grotere uitdaging, dan ga ik daar dus ook heel erg over twijfelen. Dat heeft dus ook te maken met mijn vier. Het zit daar gewoon... Het zit gewoon heel erg mee in het dilemma bij jezelf. Ja. Oké, dat is wel duidelijk. Heb je voor jezelf een lijstje gemaakt, toevallig, met de voor's en tegen's of zo? Wat dan wel het meeste kunnen werken? Nee, ik krijg dat wel vaker als tip. Ik heb ook al met mijn thuisgevond over gepraat, maar ik vind dat altijd een beetje lastig. Ik doe dat vaak in mijn hoofd. Wat resulteert dat ik dus helemaal vol in mijn hoofd zit. En dat het... Dan hou ik het echt niet echt overzichtelijk, zeg maar. Dus nee, op papier heb ik eigenlijk nog niks gezet. Nee. Als je zo zou kunnen benoemen, wat zou je dan het belangrijkst vinden aan je werk? Nu bij de Albert Heijn of in het algemeen? Gewoon in het algemeen. Want bijvoorbeeld, vroeger heb je beschikbaar bijbaantjes gehad. Ja. Wat vond je vroeger nou het leukste bijbaantje? En zou je het kunnen uitleggen waarom je dat dan het leukste bijbaantje vond? Ik denk dat mijn leukste bijbaantje degene was tijdens mijn studie. Misonplas. Dat was namelijk een bedrijf die heel erg in de krachten van de mens geloofde, zeg maar. Als in van, als je ergens voor wil gaan, als je iets leuk vindt, dan wil je er ook voor gaan. Dus wij geloven jou, zeg maar. Dus we geven je die kans. En dat vond ik eigenlijk het leukst. Dus ik vind het het leukst om mezelf te kunnen bewijzen ergens. Waar haal ik mijn eigen energie en motivatie vandaan? Altijd een beetje te willen presteren. En dat is dus eigenlijk ook waar ik wel op zoek naar ben. Maar wanneer een uitdaging dus te groot wordt, dat ik mijn misplas ook wel eens heb gehad. Dat ik toen toch iets te veel hooi op mijn vork nam. Dan krijg je dat toch ook wel snel in je situatie te voelen eigenlijk, te verduren. Ja, dus je wil graag heel veel presteren. Maar je wil uiteindelijk ook niet over je max heen gaan. En daar wel goed controle in kunnen houden voor jezelf. Juist, ja. Nou, tof. En hoe zit het nu dan bij je huidige baan? Heb je het gevoel dat dat allemaal kan? Nou, eigenlijk niet echt. Want het is daar goed georganiseerd nu en alles loopt. Maar het is best wel een beetje ouderwets geworden. En ze werken nog niet echt met de nieuwe systemen die nu bijvoorbeeld bedacht zijn. Hoe bedoel je ouderwets? Qua hiërarchie? Ook, ja. Ze hebben best wel veel, ja, inderdaad gewoon echt een piramide qua hiërarchie. Ook best wel verouderde systemen al. Er is al genoeg nieuw ontwikkeld in de logistieke wereld. Maar daar maakt zich nog geen gebruik van. Terwijl ik denk, als je dat wel gebruikt. Dan kun je het veel sneller en veel beter. Maar mijn mening wordt daar in die zin niet echt gehoord. Dus ze blijven een beetje achter of zo. En dat, ja, dan kan ik mezelf ook niet meer verder ontwikkelen. Dan kan ik niet meer mezelf bewijzen. Want ik word niet serieus genomen in die zin. Ja, vind je dat vervelend? Ja, eigenlijk wel. Dan denk ik ook een beetje van, nou ja, weet je, als jullie het niet belangrijk vinden. Dan vind ik het ook niet belangrijk. En dan ben ik een type die dan snel met zijn pet ernaar gaat gooien. En dat is niet hoe ik wil zijn. Nee. Nee, oké. Dat is wel duidelijk. Dus je weet van jezelf eigenlijk wel wat je graag zou willen. Maar je weet niet. Je weet niet zo goed of je dat werkelijk gaat krijgen bij een ander bedrijf. Of is het vooral de zekerheid die je op dit moment nog hebt binnen een eigen bedrijf. Wat je niet zomaar wil weggooien. Een beetje van beide. Ik weet natuurlijk nu dat ik hier eigenlijk in principe goed zit. En als ik naar een ander bedrijf ga waarvan de uitdaging veel te groot is. Of dat het toch te veel op mijn pad komt. Dan kan ik me daar niet gelukkig voelen. Nog ongelukkiger dan ik me misschien op dit moment nog ga voelen daar waar ik nu zit. Ja. Maar goed, dat is juist ook hetgeen wat ik vervelend vind. Wat er dus nu om die reden staat. Dus de Albert Heijn ook stil. Wat is de reden dat je überhaupt aan het werk bent? Is daar een speciale reden voor dat je werkt? Ik vind het fijn om bezig te zijn. Om mijn kennen en kunnen ergens te laten zien. Ik vind het ook fijn om van toevoeging te zijn. Ja. Dus gewoon het geaccepteerd worden binnen een bepaald iets. En ook dat werkelijk het idee hebben dat je nuttig bent in de maatschappij. Daarnaast is het geld natuurlijk ook belangrijk. Ja, snap ik. Oké. Maar het is ook wel een deel van het geld. Hoe ver zit dat? De extra fysieke motivatie zit daar dan bij denk je? Zodat je van buitenaf middelen krijgt toegrijp bijvoorbeeld naar dat geld. En hoe ver vind je dat belangrijk? Of vind je het belangrijk dat je dat werk leuk hebt op je werk? Of is het echt het loon wat je dan fijn vindt? Nee, de fysieke motivatie vind ik echt veel belangrijker. Want als het qua loon lager zit of hoger zit. Ja, dat is natuurlijk lekker. Maar daar haal ik mijn energie niet uit. Ja, dus dat is dit verder geen keuze voor jezelf? Nee. Zijn er bepaalde dingen die je moet ondernemen om dat werk aan de slag te kunnen bij Schiphol? Ik woon natuurlijk in Harderberg. En Schiphol is in Amsterdam. En er staat elke dag ontzettend veel file. En de treinen zitten bomvol. Dus eigenlijk is de enige manier wanneer ik daar met gemak wil werken. Is dat ik daar ook daadwerkelijk ga wonen. Bij Schiphol verdien ik wel meer. Er zit wel een verschil in. Maar goed, ik ga dan natuurlijk naar Amsterdam toe. Dus daar is dan de huizenprijs. En het leven is daar secuurder. Dus in die zin ga ik eigenlijk hetzelfde stapje omhoog. Oké, en hoe ver vind je dat lastig om mogelijk een leven hier achter te laten. En daar een nieuw leven op te moeten starten? Nou ja, dat vind ik dus ook best wel ingewikkeld. Ik weet dat ik tussen hier en nu gelukkig ben. En ik moet daar totaal nieuwe mensen gaan leren. Een hele andere omgeving. Met een andere dynamiek tussen mensen. En andere types daar. Althans, dat denk ik. Heb je dat eens eerder moeten doen? Een nieuw leven ergens moeten opbouwen toevallig? Nou ja, toen ik op kamers ging. Maar goed, dan ga je een studie beginnen. Dus dan kom je automatisch in een hele grote groep met mensen. Die daar allemaal nieuw zijn. Dat is dan toch anders dan wanneer jij voor het gevoel als laatste ergens bij een bedrijf binnenkomt. Of ergens in een straat binnenkomt. Met allemaal mensen die je niet kent. Terwijl zij daar al dertig jaar zitten. Bij wijze van spreken. Ja, dat is op zich wel logisch. Als je zelf zo wordt praten. Heb je dan enig idee of je al een voorkeur hebt voor een bedrijf? Of moet je daar echt nog wel over nadenken? Nee, als ik het uitspreek. En als ik er ook over nadenk. Dan overheerst toch wel de gedachte om naar Amsterdam te gaan. Maar ik heb altijd een engeltje en een duigeltje op mijn schouder zitten. En die schreeuwt allebei tegelijk op mijn oor. Dus wanneer ik dan blij ben met het idee. Of in ieder geval wanneer ik dan enigszins de keuze heb gemaakt. Om toch naar Amsterdam te willen gaan. Dan schreeuwt die duif altijd in mijn oor. Nee, dat moet je niet doen. Want je bent niet goed genoeg ervoor. Ja, dus vooral de prestatiedruk is ook wel hetgene wat je misschien tegenhoudt. Omdat je daar meer verantwoordelijkheid zou krijgen. Dat is op zich wel lastig voor jezelf. Ja. En die prestatiedruk is dat nu hetgene ook. Wat je bij de Albert Heijn dan niet hebt voor je gevoel. Zit je daar aan de top van je kundes zit. Of heb je daar juist het idee van. Ik kan nog wel meer. Als ik de kansen er maar voor krijg. Een beetje van beide. Ja, een beetje van beide. Want ik kan daar veel meer. Ik kan mezelf veel meer laten zien. Maar zij houden mij tegen. Zij staan er niet voor open. Ze willen me niet die kansen bieden. Dus dan zit ik nu aan de top van mijn kunnen. Namens hen, zeg maar. Maar als zij wel openstaan voor nieuwe ideeën. Dan kan ik daar ook mee aan de slag. Maar goed, ik werk daar nu inmiddels al tien jaar. En ik heb er al vijf jaar over gespart met mensen. En die ideeën ingebracht. En daar wordt gewoon al vijf jaar niets mee gedaan. Op een gegeven moment dacht ik bij mezelf van nou ja, joh. In hoeverre heb je er zelf wel tegen aangelopen. Dat er dingen gebeuren. Die voor jezelf misschien boven je pet gaan. En denkt, ik kan op dit moment even niet aan. Hoe ga je daarmee om normaal gesproken? En heb je het idee dat dat binnen een bedrijf wel zou kunnen? Ik denk dat binnen Schiphol daar werken natuurlijk zo ontzettend veel mensen. Met allemaal verschillende disciplines. Dus daar staan denk ik veel meer mensen open voor nieuwe ideeën. Andere gedachten. Andere structuren en zo. Dus ik denk dat ik daar wel daarmee aan de slag kan. Heb ik vergeten? Ja, dat is mijn fout. Ik moet niet twee vragen tegelijk stellen. Nee, of jij denkt dat mensen in Schiphol. Zijn opvang en hoe zullen ze daarmee omgaan op het moment dat jij wel iets te veel gooi op je voorkeur neemt? Nou ja, daar is natuurlijk wel de werkdruk ligt daar erg hoog. Ik ben vast niet de enige die op Schiphol wil werken. En daar is de prestatiedruk misschien nog een stuk hoger. Dus ik denk in die zin dat ik daar wel moet presteren. En misschien mezelf ook een keertje op een tweede plek moet zetten. Om mijn werk op de eerste plek te zetten. Om mezelf in ieder geval te bewijzen. Ja. En hoe sta je daarin dan? Vind je dat lastig? Vind je dat moeilijk? Nee, ik vind het eigenlijk eerst wel leuk. Als ik maar weet dat het een keertje ook voorbij is ofzo. Of dat ik voor mijn gevoel dat wel een keertje kan inhalen. Niet dat ik altijd achter de feiten aanloop. Oké. En zijn er dingen waar je mee al gespart hebt toevallig met het bedrijf Schiphol? Of je daar al over gehad hebt? Ja, ik ben al een keer op een kennismakingsgesprek geweest. En ik denk dat het wel pittig wordt en ook wel aanpoten wordt. Maar wel op een leuke manier. Dat het wel iets is waar ik ook voor zou willen gaan. Ja. Maar goed, dat ik daardoor wel het eerste jaar dat ik daar ben. Wel ietsjes harder moet werken dan de mensen om me heen. Ja. En zou je zo'n investering willen en kunnen maken? Ja, maar dan is het daarentegen wel lastig om dan ook nog in een nieuwe omgeving te zitten. Met allemaal mensen die je niet kent. Want dan is je werk-privé balans daarmee ineens heel anders. Dus daarin moet ik voor mezelf dan een goede structuur gaan aanbrengen in mijn agenda. Ja. Denk ik. Om daar ook ruimte te maken voor mijn privé tijd. Dus eigenlijk, discipline vereist is vereist. Ja. Heb je voor jezelf discipline of niet? Ik denk het wel. Eigenlijk. Oké. Heb je voor jezelf een beetje. Heb je duidelijk gekregen wat voor jou de belangen zijn en wat jij belangrijk vindt binnen een baan? Ja. Nu tijdens het gesprek? Ja, ik denk het wel. Ja? Ja. Wat zou dat zijn voor jezelf? Nou ja, dat ik gehoord word en dat ik in ieder geval mezelf kan laten zien tijdens mijn werk. Ja. Ja, als ik het zo een beetje mag samenvatten aan het einde. Dan merk ik vooral dat je het belangrijk vindt om verder te kunnen. Voor jezelf, voor je eigen ontwikkeling. Dat je niet wil worden tegengehouden in bepaalde ideeën en gedachten die je hebt. Dat er in ieder geval naar geluisterd wordt. En of er een werkkeuze wordt gemaakt. Ja, dat is dan weer aan het bedrijf zelf natuurlijk. Maar dat je het ook wel spannend vindt om ergens weer wat nieuws in te stappen. Maar dat uiteindelijk veel voor kan gaan zorgen dat je uiteindelijk gelukkiger wordt. En dat je daarvoor wel flink moet investeren. Als ik zou denken, zou dat de overweging moeten zijn voor jezelf die je moet maken. Goed bij jezelf blijven en nadenken wat jij zelf zou willen. Zorgen dat je in ieder geval bij jezelf blijft en daar een keuze van gaat maken. Dat zijn mijn tips en ik ben heel benieuwd wat je uiteindelijk gaat kiezen. Je begon net het gesprek met... Of ik al zo'n lijstje heb gemaakt op papier. Denk je dat dat nog iets is om nog eens te kunnen doen? Dat zou altijd kunnen werken voor jezelf. Maar zoals ik jou nu al praat zijn vooral de gevoelens die je zelf hebt het belangrijkste. Dus of we dan daadwerkelijk de feiten die je in zo'n lijstje gaat zetten daar tegenover zetten. Of dat heel relevant is, dat weet ik niet. Dat weet je vooral voor jezelf. Als je zoiets zou doen moet je niet gaan nadenken of de feiten een directe voor of tegen is. Maar meer het gevoel dat jij bij dat feit hebt en daar de waarde aan geeft. Want voor de één kan een loodsvorm van duizend euro heel veel toegevoegde waarde hebben. En voor jou is het blijkbaar heel veel toegevoegde waarde om jezelf te kunnen uiten en jouw ideeën door te kunnen laten stromen. Dus als je zoiets doet ga dan niet een één voor tegen één tegen afstrepen. Maar geef dat werkelijk waarde aan je voor of tegen die jij... Bedankt voor vandaag en hopelijk tot de volgende keer. Ik zie het factuur wel voorbij komen. Komt helemaal goed."
client_gesprek.mp3,Psychologische gespreksvoering,Whisper-large-v3-fast,382.0076757903614,"Goed dat je er bent. Kom binnen. Dank je. Martine, hoe was het voor jou om hulp te zoeken? Eigenlijk het hulp zoeken was voor mij niet zo'n probleem. Maar de juiste hulp vinden. Dat was echt mijn probleem. Waar liep je tegenaan? Ja, ik liep tegenaan dat ik dus bij heel veel therapeuten ben geweest. Mindfulness, van alles geprobeerd. Maar eigenlijk werd het niet beter. En ging ik steeds meer achteruit. En ging ik steeds meer dingen vermijden. En uiteindelijk durfde ik bijna niets meer. Oké, en toen kwam je uiteindelijk bij ons. Bij een intensieve behandeling. Een driedaagse dagbehandeling. En hoe was dat voor jou? Heel spannend. Vooral het begin. Want ik had nog nooit in een groep eigenlijk therapie gehad. Dus dat vond ik heel spannend. Maar dat beviel eigenlijk heel erg goed. En het einde vond ik juist spannend. Omdat ik dan dacht, nou moet ik het alleen doen. Dat je vangnet eigenlijk een beetje wegvalt. Zo voelde dat een beetje. Maar... Maar dat is allemaal goed gekomen. En tijdens die behandeling. Wat vond jij toen het meest spannende stukje? Wat vond je het meest spannende moment? Of het moeilijkste moment? Nou de exposure sessies. Individueel en met groep vond ik heel spannend. Je zoekt dan echt... Ja, je angst en je paniek zoek je op. Maar daarin word je heel goed begeleid. Dat je... Je wordt heel goed begeleid om met die angst om te gaan. En daardoor merk je eigenlijk. Ik kan dit gewoon aan. Ja, wat voor soort dingen heb jij dan bijvoorbeeld gedaan? De lift. Ja? Ja, de lift was voor mij echt een ding. Ja. Dat vond ik verschrikkelijk. De eerste dag dat ik hier was zei ik, kan ik niet met de trap naar boven? Nee, we gaan de lift in. Ja. Met het openbaar vervoer zijn we geweest. Ja, ik heb zoveel dingen gedaan. Die ik normaal gesproken niet durfde. Medicijnen slikken. Dat klinkt raar. Paracetamol slikken. Ja, ja. Ja, dus dat was heel spannend. He, en wat heeft jou nou het meest geholpen tijdens die behandeling? Toch wel ook die exposure. Maar eigenlijk alle therapieën wel. Je krijgt van alle therapieën krijg ik heel goed inzicht waar mijn valkuilen liggen. En hoe ik in elkaar zat. Waarvan ik eigenlijk dacht, dat heeft niets met mijn angststoornis te maken. Maar dat heeft het dus duidelijk wel. Dus dat heeft me heel goed geholpen om inzicht te krijgen. Ja. Waar moet ik aan werken? Ja. En hoe gaat het nu met je? Het gaat heel goed met mij. Er blijven altijd uitdagingen. Ja. Maar die ga ik gewoon aan. En mijn leven is nu gewoon weer leuk. En ik heb mijn vrijheid weer terug. En ik doe leuke dingen. Ik onderneem van alles. Ik stap in liften. Dus het gaat eigenlijk heel erg goed. Wat fijn. Ja. Zeker. Super."
antidepressiva.mp3,Psychologische gespreksvoering,Whisper-large-v3-fast,331.4916141366089,"Hey Loen. Hey Kim. Ik wil even iets met je bespreken. Want ik denk ergens al een tijdje over na. En ik weet niet zo heel goed wat ik moet doen. Oké. Nou ja, tuurlijk kan je dat met me bespreken. Je klinkt wel serieus. Wat is er aan de hand? Het gaat over mijn antidepressiva. Want eigenlijk wil ik er mee gaan stoppen. Oké. Nou ja, je overdondert me wel een beetje ermee. Ja, je antidepressiva. Ik weet dat je dat wel heel lang slikt. Hoe komt het dat je ineens wil stoppen? Ja, ik slik ze nu al bijna drie jaar. En toen ik ze begon te nemen was ik echt in een hele depressieve periode in mijn leven. En alles voelde zwaar en hopeloos. Ik had gewoon echt het gevoel dat ik niet verder kon. De pillen hebben me er toen wel echt doorheen geholpen. Maar ik weet nu niet. Ik voel me anders. Oké, ja. Ik snap dat je daar wel over na hebt gedacht. Kan je mij wel vertellen? Kan je mij wel vertellen wat je bedoelt met anders? Ik voel me gewoon niet meer echt zoals hoe ik me toen voelde. Toen ik ze begon te nemen. Het is moeilijk om uit te leggen. Maar het is alsof ik afgeslakt ben. Begrijp me niet verkeerd. Ik ben niet meer zo somber als toen. Maar het is ook niet alsof ik echt blij of enthousiast kan voelen over dingen. Alles is gewoon neutraal. En dat kan best wel frustrerend zijn soms. Het voelt alsof ik een deel van mezelf gewoon kwijt ben. Ja. Het klinkt best wel moeilijk, Loen. Maar denk je niet dat het soms juist goed is om stabiel te zijn? Want ja, die neutraliteit, misschien helpt die je ook wel weer om niet weer in zo'n zware depressie te komen. Dat dacht ik eerst ook. Maar naarmate de tijd verstijgt, begin ik me af te vragen of ik niet gewoon gewend ben geraakt aan het gevoel van stabiel zijn zonder echt te ervaren wat ik wil ervaren. Het voelt een beetje alsof ik niet meer... volledig mezelf ben. Weet je, ik kan me de laatste tijd, de laatste keer dat ik echt oprecht gelukkig was, gewoon niet meer herinneren. En daar maak ik me een beetje zorgen om. Ja, Loen, dat klinkt inderdaad best wel moeilijk. Heb je dit ook al met je arts besproken? Want het lijkt me niet echt iets wat je zomaar zelf even kan of zou moeten beslissen. Ja, ik heb voor binnenkort een afspraak staan. Maar tegelijkertijd wil ik wel met iemand praten die me beter kent, zoals jij. Die begrijpt wat ik doormaak. Mijn dokter, die ziet me echt maar een paar keer in het jaar. En hij ziet het alleen maar medisch. Maar jij ziet me ook wel. Ja, dat klopt wel. Ja, en ik zie ook wel hoe je ermee bezig bent. Hoe je een beetje worstelt ermee. Maar ja, ik heb ook wel gezien van hoever je gekomen bent. Ja, dat is echt al een paar jaar geleden. En ja, maar dat... Ik kan het me nog heel goed herinneren. Want het was best wel moeilijk om je zo te zien. Dat je zoveel pijn had. En ja, het idee dat je daar misschien wel weer terug zou kunnen vallen. Ja, in zo'n depressie. Ja, als ik daarover nadenk vind ik dat toch wel heel erg moeilijk. Ja, dat begrijp ik ook. En ik wil echt niet terug naar dat gevoel. Maar ik vraag me af. Als ik niet eens meer echt kan voelen. Wat voor leven is dat dan? Wat is het verschil tussen pijn niet voelen en helemaal niets voelen? Ik wil het risico nemen om weer te voelen. Zelfs als dat betekent dat ik ook verdriet kan voelen. Jeetje. Ja, nogmaals. Het klinkt gewoon allemaal best wel heftig. Ja. Zeg je nou dat je het gevoel hebt dat je denkt dat je bepaalde emoties niet kan voelen? Precies dat eigenlijk. Ik zie mensen om me heen genieten van de kleine dingen. Zelfs hun verdriet lijkt echt. En ik voel me gewoon afgeplakt. Ik weet dat dat een deel is van hoe de medicijnen werken. Maar soms heb ik het gevoel dat ze me meer wegnemen dan dat ze me helpen. Loen, het klinkt alsof je worstelt met de vraag of het mogelijk is om jezelf terug te vinden. En dan zonder de medicijnen. Maar heb je wel een beetje nagedacht wat er kan gebeuren als je wel stopt? Ja, het is niet zomaar iets. Ja. Er komen veel dingen bij, zoals ontwerpingsverschijnselen. Ja, en dan is er ook het risico dat je je toch wel slechter kan gaan voelen. Ja, ik heb wel gelezen over de ontwerpingsverschijnselen. En daar ben ik ook best wel bang voor eigenlijk. Ik wil niet van de een op de andere dag gelijk stoppen. Maar er is ook een deel van mij dat zegt dat ik op een gegeven moment moet leren om zonder de medicijnen te kunnen leven. Gewoon het leven zelf aangaan zonder dat... genische vangnet. Anders, hoe weet ik dan ooit wie ik echt ben? Ja, zoals je het nu zegt, ik begrijp wel wat je bedoelt. Ja, volgens mij wil je gewoon weten wie je zelf bent, wie je eigen ik is. Zonder al die medicijnen in je lichaam. Maar ja, dan blijft het toch de vraag, is dat nu wel het juiste moment om dat uit te zoeken? Ja, kijk, je bent net met een opleiding gestart. En ja, je hebt een nieuwe relatie net. Ja, het zijn wel heel veel dingen die heel veel aandacht geven. En dingen die heel veel aandacht van je vragen. Ik weet niet of er ooit echt een goed moment is. Want er zullen altijd dingen zijn die druk op je uitoefenen, toch? Misschien moet ik gewoon de sprong wagen en kijken hoe het gaat. Ik kan altijd weer beginnen als het echt niet lukt. Ja, maar soms... Ja, dat is ook wel... Nee, laat ik het anders zeggen. Zo eenvoudig is dat niet. Ja, antidepressiva, die hebben toch wel de tijd nodig om weer volledig... te werken als je gestopt bent en weer opnieuw wil gaan beginnen. Ja, het is niet echt zoals een paracetamol die meteen werkt. Ja, het kan echt wel weken gaan duren voordat je weer een effect voelt als je weer start met antidepressiva. Ja, en in die tijd kan je je toch echt wel heel erg kwetsbaar voelen. Ja, nogmaals, dat wil ik je niet zien meemaken. Ja, dat is wel waar. Ja, dat is ook precies waarom ik me zo vastgelopen voel. Want aan de ene kant wil ik stoppen om te zien of ik zonder kan. Maar aan de andere kant ben ik bang voor wat er gaat gebeuren als het niet lukt. Het voelt een beetje alsof ik een soort van vast zit in een gevangenis. Hoe langer ik wacht, hoe meer ik me afvraag of ik ooit zonder zal kunnen. Ja, ik begrijp je zorg ook wel. Ja, dat is één ding wat zeker is. Maar ja, misschien moet je niet zo denken in termen als... Ja, voor altijd. Weet je, dat is echt niet zo, denk ik. Weet je, als je nou denkt aan wat het beste voor jou is nu, op dit moment. Weet je, ja, ik weet hoe sterk je bent en wat je allemaal hebt doorstaan. Dus ja, misschien is het nu inderdaad wel tijd om even stil te staan bij jezelf. En ja, inderdaad ook te overleggen met je arts wat nu het beste is. Je staat er echt niet alleen voor. Bedankt, Kim. Dat helpt me wel. Ik voel me zo in tweestrijd soms. En ik weet dat jij het beste met me voor hebt. Misschien moet ik inderdaad niet zo ver vooruit denken en gewoon stap voor stap kijken wat er nodig is. Ja, dat is zeker zo. Ja, weet je, wat je ook besluit, Luna. Weet je, ik sta wel achter je. En ja, dat betekent... Kijk, als je wilt stoppen, prima. Dan gaan we dat samen doen. We komen er echt wel doorheen. En ja, ga je door, is dat ook goed. Ja, ik vind gewoon het belangrijkste is... Ja, weet je, ik wil dat jij je goed voelt. Dat is het belangrijkste. Het is wel fijn om te horen. Ik denk dat ik deze week eerst met de dokter ga praten en een plan ga maken. Want ik wil niet overhaast een beslissing nemen. Misschien kunnen we eerst de dosis langzaam afbouwen. En kijken hoe dat verder gaat. Ja, weet je, dat klinkt gewoon als een goed idee. Ja, doe het wel vooral op jouw tempo. Niet overhaast. En we gaan het samen doen. En ja, ik vind het fijn dat je hulp vraagt. En dat is altijd oké. En ja, daar sta ik altijd open voor. Dat weet ik. Dank je wel dat je me begrijpt. Ja, Loen, ik doe mijn best daarin om je te begrijpen met alles. En dat zal ik blijven doen. Dank je wel voor je tijd. En dat je zo open naar me was. Dank je wel. Oké, dank je wel."
ge.mp3,Psychologische gespreksvoering,Whisper-large-v3-fast,304.07869021193716,"Hallo, je bent Julie, denk ik? Ja, klopt. Stel, mama, ben je Julie? Merci. Jij hebt me niet kunnen vinden. Ja, ja. Zo van, satan. Dat is kei goed, zeg. Ik zal misschien even beginnen met mezelf kort voor te stellen. Ik ben Emma en ik ben de psychologisch consulent hier binnen de studie- en de leerlingbegeleiding. Is het de eerste keer dat jij naar hulpverlening komt? Ja, dat klopt, ja. Oké, dat is voor mij wel belangrijk om te weten. Dan beginnen we met een allereerste gesprek. Geef je altijd een beetje informatie mee. Wat kan je verwachten van mij? Wat gaan we allemaal doen? Zodat je dat zeker goed weet. Ja. Zoals ik al zei, gaan wij een gesprek hebben. Dat gaat ongeveer 50-tal minuten duren. Tijdens dat gesprek ga ik vooral luisteren. Dat is zodat ik jou en jouw verhaal beter wil leren kennen. En je gaat me ook wel wat dingen zien noteren. Dat is vooral voor mezelf. Wat heb je al verteld? Waar wil ik nog wat meer over weten? En als het gesprek klaar is, leek die notities ook weg. Niemand kan eraan. Niemand weet waar je bent. Is dat oké voor jou? Ja, natuurlijk. Super. Misschien ook heel belangrijk om te weten dat alles wat jij tegen mij vertelt, dat is heel vertrouwelijk. Dat is een discretieplicht. Ik kan dat tegen niemand zeggen. En als er iets zou zijn waarvan ik denk van, het is misschien wel belangrijk of handig dat anderen dat weten, zal ik dat ook altijd eerst aan jou vragen. Dus ik vraag het altijd aan jou eerst. Er is alleen één uitzondering wanneer ik die discretieplicht ga moeten verbreken. En dat is wanneer ik denk dat jij in gevaar bent. Alleen, ja, dan ga ik jou in veiligheid moeten brengen. Ga ik dat moeten verbreken. Maar zolang ik dat niet denk, gebeurt dat niet. En vraag ik het ook altijd eerst aan jou. Heb je daar om te beginnen nog vragen over? Nee, nee. Alles is duidelijk. Oké, dat is wel goed. En ja, ik gaf ook aan, je bent nog nooit naar hulpverlening geweest. Het is wel de eerste keer het gesprek. Ja, heb je bepaalde verwachtingen? Verwachtingen niet, nee. Gewoon... De keer mijn hart luchten. Vooral bij iemand die mij niet kent. Dat is goed voor mij mee te nemen. En ik hoop dat ik daar aan kan voldoenen. Dan zal ik hier wel eens kijken. Want wij hebben via mail... Allee, bij mij een mailtje gestuurd. Ze hebben al kort contact gehad. En daar heb je zo wat korting gezet van dat je het op La Sanfa langs hebt. Je doet nu logopedie dag en nacht. Ja, klopt. Eerste jaar. Ah ja, oké. En ja, dat liep in de examens ook nog niet zo goed. Ja, dat is al wat ik een beetje weet. En kan je daar iets meer over vertellen? Ja, dus ik zit in mijn eerste jaar logopedie, klopt. En met mijn eerste examens had ik vier buizen van de zes examens. Dus ja, dat is echt slecht. En nu met dat examens naderen... Binnen twee maanden zijn het examens. En heb ik opeens superveel paniek. En ik probeer te studeren, maar ik heb geen concentratie. Ik zit... Ik hang over mijn boeken en ik weet niet wat ik... Allee, ik krijg daar paniek van. En dan doe ik maar andere dingen, nutteloze dingen. Het geeft mij vooral veel angst dat het nog eens gaat gebeuren. Dat ik nog eens zoveel buizen heb. Ja, het lijkt me niet zo fijn als je heel veel moeite in een examen steekt. En dat je dan vier buizen terug krijgt. Dat kan ik heel erg begrijpen. En ook dat je daar een paniek voor hebt. Ja, dat kan ik ook wel begrijpen. Ja, je gaf daar net ook aan dan. Ik kan niet zo goed concentreren. Je gaat dan andere dingen doen. Kan je misschien vertellen wat die andere dingen zijn? Dat zijn echt nutteloze taakjes. Allee, nutteloos. Ons mama zou het niet nutteloos vinden. Maar stofzuigen of mijn kleren op vintage zetten. Allee, totaal niks wat dat met mijn studie te maken heeft. En heb je als ooit eerder een studiebegeleiding of iets gehad? Nee, nee. Zo in het middelbaar? Nee, ook niet in het middelbaar. Ik zat in humane wetenschappen en ik ging daar super goed. Mijn punten waren, ik was de beste. Dus mijn familie, mijn vader vooral, had zijn lat hoog gelegd. Dus nu is die druk ook kei hoog bij hem. Hij verwacht dat het allemaal vlot gaat. Maar dat het absoluut niet vlot gaat. Maar ik weet niet hoe dat komt. Ik hoor dat je zegt dat je vader een lat hoog voor je legt. Zijn er nog andere personen waar je veel druk voor hebt? Ja, mijn mama sowieso ook. Maar van mijn papa voel ik wellicht de meeste druk. En heb je daar alles met hem over gehad? Mijn papa nog, alleen mijn mama ook nog niet. Gewoon, ik doe alsof. Als hij vraagt hoe was het? Of hoe gaat het studeren? Dan zeg ik, ah goed. Terwijl dat totaal niet zo is. En zijn er andere vriendinnen waar je daarover kan praten? Nee, want bij hen gaat het allemaal goed. Of zo advies vragen, daar lukt het misschien ook wel minder bij. Ja, ik wil dat wel niet vragen omdat ik niet wil tonen dat het bij mij niet gaat. En zijn er nu bepaalde dingen die je onderneemt om je beter te durven te kunnen concentreren? Nee, ik ga op tijd slapen en ik probeer wel. Ik zit wel voor mijn boeken. Maar het komt niet. En dan krijg ik paniek. En dan denk ik, ja. Het komt toch niet goed. Dus waarom zou ik nog studeren? Of waarom zou ik nog mijn best doen? Ja, ik merk dat je er heel erg voor zit. Ja, enorm. Ja, je gaat dan aantellen te studeren. En je krijgt paniek omdat het niet direct lukt. Heb je dat ook bij andere dingen? Nee, eigenlijk enkel bij mijn studeren. Want ik voetbal bijvoorbeeld ook. En daar heb ik die druk dan niet. Dat is wel een competitiesport. Het is echt enkel die falenst en die paniek voor het studeren. Voor iets waar ik tegenaan loop. En had je dit voor de eerste examenpluwe ook al? Of is het erna vastgekomen? Nee, nee. Ik had het totaal niet, middelbaar. Ik zeg het, daar liep het zo vlot dat ik daar totaal geen problemen mee had. Het is echt juist na dat ik te horen had gekregen dat ik vier buizen had van de zes. In het begin zei je ook al dat je graag je verhaal wou opgebreid vullen bij mij. En ik hoor nu ook dat je last hebt van falenst. Zijn er dan daarin dingen die ik voor jou kan betekenen? Ik wil vooral die falenst zo verkennen samen. En weten hoe ik daarmee kan omgaan. Hoe ik dat zelf onder controle kan houden en kan doen verminderen. Zijn daar dan dingen in? Heb je daar als eerste dingen over opgezocht? Nee, nee, dat nog niet. Ik dacht, ik kom dan bij jou. En je weet daar alles het beste over. Op Google vind je ook veel fake news. Dus valt ik bij je bent. Dat begrijp ik ook wel. Soms lees je dingen op Google en dan denk je, oei, dat snap ik ook niet. Wel maar veel. Tijdens dat je aan het studeren bent en het ook niet zo goed is, wat denk je dan op dat moment? Ik voel me dan... Ik voel me een heel slechte student, nutteloos. Ik denk dan, waarom studeer ik nog? Waarom zit ik wel in de juiste richting? Ik stel mijn ouders teleur, ik stel mijzelf teleur. Vooral negatieve gedachten. Ik merk en ik zie ook heel veel negatieve dingen. Je noemt dan op van, ik voel me een slechte student, ik voel me nutteloos. Ja, tijdens het studeren ervaar je dat dan. Maar dat ervaar je dan ook op andere vlakken. Dan zou ik graag nog wel een paar dingetjes willen weten. Want je zegt dan, over twee maanden zijn nu al de examens. Hoeveel examens heb je? Zeven. Heb je bij alle examens zoiets van, het gaat moeilijk of het gaat niet zo goed lukken? Of zit het eigenlijk op alles achter? Ik moet nog zoveel dingen inhalen. Veel lessen zijn alleen online. Waardoor ik mij direct ook eenzaam voel. Maar ik moet keiveel inhalen en daar schiet ik dan ook van in paniek. Want als ik die klusjes aan het doen ben, denk ik ook. Maar ik heb nog zoveel te doen, waarom doe ik dit? Maar toch zet ik mij er niet aan. Omdat er dan zo'n ventje zegt van, het maakt toch niet uit. Dus ja, voor alle vakken erg. Maar het is zo. Nee, nee. Het is goed dat je aangeneemd hebt. Dat je dat vaak hebt ervaren. Het is goed voor mij om te weten. Je zegt ook net, ik heb dat ventje dan in mijn hoofd. Hoe voel je je dan op dat moment, als dat stemmetje in je hoofd wordt? Ja, verdrietig ook. Boos. Want ik weet dat dat een stemmetje is. Dat ik dat niet ben. Dat ik beter weet. En ja, paniekerig. Paniekerig is echt mijn grootste gevoel. Ja. Ik hoor paniek inderdaad veel terugkomen bij jou. En zijn er dan dingen waarvan je denkt van, dat kan mij op dat moment helpen om mij te ontspannen meer? Goh, ik lees veel. En ik doe zo ademoefeningen. En dat helpt wel. En dan ga ik eens gaan wandelen ofzo. Met mijn hond. En dat helpt wel. Maar ja, dat kan niet constant. Ja, ik zie net op mijn klok dat de tijden 50 minuten bijna al zijn. Op het einde van een gesprek geven wij ook altijd een korte samenvatting waarover wij het allemaal hebben gehad. Dus ja, even eens kijken hè. Dus ja, jij hebt zoals tijdens de aanmelding vermeld van ja, ik heb heel veel last van falen. Het lukt niet zo goed met studeren. Mijn concentreren tijdens het leren lukt niet goed. Ik ben dan met andere dingen bezig die je op dat moment niet zo nuttig vindt. Er zijn wel een aantal dingen die je tijdens als je paniek voelt die dan toch wel helpen. Want paniek overheerst wel heel erg heb ik de indruk. En dan lees je wel veel of wandel je veel. Maar je blijft wel nog steeds met die paniek zitten. En ja, je hebt ook je mama en je papa waar heel veel druk bij ervaart. Want in het middelbaar lukt eigenlijk alles beter. En bijna vanzelf. En nu is het toch wel lastiger. En ja, dan wil je toch wel verder met mij verkennen van ja, de falenangst. Hoe uitziet dat allemaal bij mij? En hoe kan ik daarmee omgaan? En hoe kan ik het zelf controleren? Ja, dat zijn zowat de voornaamste... En ja, en dan voel je je soms ook nog... Ja, er is zoiets van... Ja, op dat moment van dan denk je altijd van ik voel me een slechte student. Ik voel me een nuttenrood. Ik stel me even in teleur. Dat je ook heel veel aan die gedachten hebt. Dus ja, dat zijn zo vooral de dingen die wij nu gesproken hebben. Ja, omdat het nu de eerste keer is dat je hier bent geweest. Hoe heb jij dit gesprek zo ervaren? Jawel, goed. Ik heb mijn hart kunnen luchten. En ik hoop, zoals ik zei, dat we dat met de volgende sessies wat uitgebreider kunnen hebben over hoe dat kan en niet kan omgaan. Dus je zegt daar nog wel eens een keertje over? Ja, graag. Ah ja, oké, super. Dan zie ik je de volgende keer. Ja, doei. Bedankt. Jij ook."
intake_3.mp3,Psychologische gespreksvoering,Whisper-large-v3-fast,342.81537263967397,"Hallo, kom verder. Hallo, Martine Hefting-Dijkstra. Robbe heer. Ga zitten, Robbe. Dankjewel. Hoe gaat het? Ja, gaat wel goed. Jawel. Mooi. Ik ben Martine Hefting-Dijkstra. Ik ben assessor op de Hogeschool Leiden. Ik heb begrepen dat jij wat vragen hebt met betrekking tot je studiekeuze. Ja. En daarom ben je vandaag hier. Vandaag wil ik er eigenlijk... Het doel van het gesprek is om wat meer informatie te verzamelen... over wat er precies bij jou speelt en hoe ik jou verder kan helpen. Wat de gewenste stappen zijn om je verder te helpen bij je studiekeuze. Oké. Wat wij hier bespreken is vertrouwen. Dat blijft tussen ons. Mocht het nodig zijn om gegevens te delen, dan zal ik dat eerst met jou bespreken. Ja. Dit gesprek duurt ongeveer een uur. We hebben ongeveer een uur de tijd voor. Ik hou de tijd in de gaten. Mogelijk maak ik wat aantekeningen voor mezelf. Maar die zijn ook gewoon alleen. Voor mijn eigen gebruik. Vandaag zal ik je wat vragen over de opleiding. Hoe dat gaat. Eventuele activiteiten die je naast de opleiding hebt. Zoals werk, hobby, sport. Je thuis situatie. Dus dat komt allemaal aan bod vandaag. En dan aan het eind zal ik kijken wat dit gesprek heeft opgeleverd. En wat ik voor je verder kan doen. Oké. Is dat duidelijk voor jou? Jawel. Ja. Dat er iets met testen zou zijn. Oké. Ja. Nou, het zou kunnen dat het nodig is om testen af te nemen. Maar dat hangt eigenlijk helemaal af van dit gesprek. Wat er eigenlijk naar voren komt. Wat eigenlijk precies jouw vraag is. En mogelijk volgen we aan testen. Dat zal ik dan aan het einde van het gesprek laten weten. Maar het kan ook zijn dat ik je beter kan doorverwijzen. Misschien naar iemand anders. Of dat we tijdens het gesprek al tot een bepaalde duidelijkheid kunnen komen. En dan is dat misschien helemaal lukkig. Oké. Dus vandaag gaan we niet testen. Maar dat zou een eventuele vervolgstap zijn. Oké. Prima. Ja. Goed. Nou, dan gaan we beginnen. Kun je iets vertellen over de opleiding? Hoe het gaat? Ja. Het gaat op zich wel goed. Ik haal mijn vakken wel. Meestal met een zesje. Het houd ik niet heel erg over. Oké. Dus je zegt het gaat wel. Maar ik haal voldoendes. Maar het zijn niet hele ruime voldoendes. Hoe komt dat? Ik merk toch dat het moeite kost om heel erg gericht met die studie bezig te zijn. Om boeken te pakken. Dan besteed je gewoon minder aandacht aan zo'n tentamen. Dan haal je lagere cijfers. Ja, ja. Dus ik merk dat ik het wel kan. Maar ik moet er toe zetten. Je kan er niet zo goed toe zetten om echt te gaan leren. Nee. En heb je een idee waar dat mee te maken heeft? Hoe dat komt dat je het moeilijk... Nou, het lastige is... Ik dacht altijd van toegepaste psychologie. Oké, daarmee kan ik dan mensen helpen. Alleen weet ik dat dat er niet zo heel erg in zit. We moeten een voorlichting maken. Dat er ook wel bij hoort. Maar ik zou liever mensen echt willen helpen. Dat dat er ook een beetje bij zorgt dat ik het niet altijd allemaal even leuk vind. Ja, ja. Dus als ik het goed begrijp dan voldoet de studie niet helemaal aan de verwachtingen die je vooraf van de studie had. Nee, dat klopt. Ik vind het wel leuk. Want ik vind het allemaal heel interessant, alle onderwerpen. Die projecten, dan heb ik zoiets. Daar doe ik het niet voor. Ja. En wat mis je waar je eigenlijk wel van tevoren verwacht had tegen te komen? Of waar ben je nou op zoek? Dat je echt mensen kunt helpen. Zoals dit gewoon. Dat je in gesprek gaat met iemand om te kijken. Wat is nou het probleem? En waar kan ik nou mee helpen? Ja, dat vind ik het leukste om te doen. Vrienden van mij zeggen dat ook altijd. Dat ik dat zo goed kan. Die komen altijd naar me toe. Ja, dat zit er nu nog niet zo veel in. Nee. Dus je zou eigenlijk liever met mensen één op één in gesprek gaan en kijken hoe je mensen zou kunnen helpen. Ja. Ja. Heb je dit ook, heb je het besproken met je SOV-docent? Ja, daar heb ik het wel over gehad. En die zegt van, dat komt nog wel. Stukken van de studie, dat dat aan bod komt. Ik merk dat ik er nu zo tegenaan loop dat ik daar nu niks van merk. Ja. Ja. En hoe lang ben je nu precies bezig met de opleiding? Ik zit nu in het, bijna in het derde blok. In het derde, ja ja. Dus dat gaat nu een half jaar. Ja, dat gaat nu een half jaar. Wat is zelf jouw idee over wat je twijfelt? Wat zijn je gedachten op dit moment over je studie en hoe je daarmee verder wilt? Of ik dit wel moet doen of dat er niet iets anders is wat dan beter past bij wat ik wil. Ja. Want ik zeg altijd, niveau dat kan ik wel aan. Toch ook wel voor willen inzetten. Ja. Ja. Ja. Ja. Ja. Ja. Ja. Ja. Ja. Ja. Ja. Ja. Ja. Ja. Ja. Ja. Ja. Ja. Ja. Ja. Ja. Ja. Ja. Ja. Ja. Ja. Ja. Ja. Ja. Ja. Ja. Ja. Ja. Ja. Ja. Ja. Ja. Ja. Ja. Ja. Ja. Ja. Ja. Ja. Ja. Ja. Ja. Ja. over wat je eigenlijk je activiteiten naast. Wel cool, we zijn aan het eind gekomen eigenlijk van dit gesprek. Ik heb genoeg informatie verzameld. Oorspronkelijk is je vraag geweest, past deze studie goed bij mij? Je mist het individuele contact bij de opleiding, individuele gesprekken, mensen echt concreet kunnen helpen. Dus je wil weten, is er misschien een opleiding die beter bij me past? Dat is eigenlijk jouw vraag, klopt dat? Ja, of er een opleiding die beter bij me past of deze opleiding. Of dat deze opleiding toch de beste keuze is geweest. Of dat er misschien een opleiding is die nog beter past bij jouw interesses. Precies. Goed, nou ik ga mijn gegevens verwerken. En dan ga ik kijken welke testen ik het beste bij jou opleid. Af kan nemen om een antwoord te krijgen op deze vraag. Is er een studie die misschien beter bij mijn interesses past? Ik ga je daarvoor apart nog een uitnodiging sturen. En dan kan je de testen maken. Op basis daarvan maak ik dan een rapport ervan, een verslag met een advies richting jou. En daarvoor zal ik je dan nog een keertje uitnodigen om dat rapport te laten zien. En om je een advies te geven. Oké, en die afspraak komt dan? Ja, eerst gaan we een afspraak maken voor de testafname en daarna maken we nog de uitslagen te bespreken. Oké. Is dat duidelijk? Ja, prima. Wat de volgstappen zijn? Ja, prima. Oké, goed. Dan ontvang je van ons een uitnodiging. Dank voor dit gesprek. Graag gedaan. Bedankt. Bedankt. Bedankt. Bedankt. Bedankt. Bedankt. Bedankt. Bedankt. Bedankt. Bedankt. Bedankt. Bedankt. Bedankt. Bedankt. Bedankt."
Probleemverhelderend gesprek.mp3,Psychologische gespreksvoering,Whisper-large-v3-fast,351.5207204122565,"Goedemiddag Lisa. Hoi, ik ben Lisa. Ik ben de verpleegzinnige vandaag. En ik heb gehoord dat jij een gesprek hebt aangevraagd om te redden op vrijheden. Nou, laten we het daar eventjes over hebben samen. Laten we het lekker kort en bondig houden, zodat we niet te lang mee bezig moeten zijn. We komen er wel uit hoe lang we daar mee bezig willen zijn. Laten we het op een kwartier ongeveer doelen en dan kunnen we het ook lekker beklopt houden. Ja, dat is goed. Ja? Ja, laat ik beginnen met vragen waarom jij dit gesprek hebt aangevraagd. Ja, ik wil graag wel van mijn vrijheden hebben, want die zijn ingetrokken vorige week. En nu moet ik telkens met iemand van de begeleiding boodschappen doen. En dat komt heel vaak niet uit. Dus ja, ik zou graag wel mijn vrijheden weer terug willen. En waarom zijn jouw vrijheden ingetrokken toenertijd? Ik had mezelf gesneden. En waarom heb je dat toen gedaan? Was er een aanleiding voor? Een herbeleving. Het stemmetje zei dat ik dat moest doen. In welk stemmetje? Het stemmetje waar ik altijd last van heb, als ik te weinig heb geslapen. En is die dan een tijd weg geweest? Dat je daarom je vrijheden weer terug had gekregen? Ja, het ging een tijdje weer goed. Alleen nu, vorige week werd het weer slechter en ben ik meer gaan snijden. Want toen heeft de wandelaar mijn vrijheden weer ingetrokken. En wat is er gebeurd tussen dat het wel goed ging en dat het opeens weer minder goed ging? Is er een omslag geweest? Is er iets in je persoonlijke leven gebeurd? Ben je misschien middelen? Alkool gaan drinken? Gaan gebruiken? Nee. Heb je slecht contact met een van onze medebewoners? Nee, dat gaat eigenlijk allemaal wel. Je kan niet bedenken wat er aanleiding is geweest voor de omslag? Nee. Ik slaap wel wat slechter en dan heb ik meer last van herbelevingen. Herbelevingen waarvan? Ja, liever niet heel erg over, maar meer wat er vroeger is gebeurd na de herbelevingen. Ja, dus wat er in je verleden... In je jeugd is gebeurd eigenlijk? Ja. Oké, dan wil je het liever niet over hebben? Nee. Helemaal niet? Nee. Heb je daar met andere mensen wel over? Ja, met mijn psycholoog hebben we daar wel over. Met de psycholoog? Dat vind ik niet fijn, maar daar hebben we het wel over. Als je het met de psycholoog erover hebt, dan kan je daar niet... Zij begrijpt me in ieder geval wel en we proberen er samen wel uit te komen, maar... Wat je zegt is dat je heel erg graag boodschappen gaat doen, alleen. En meer naar buiten. Ja. En ik wil eigenlijk... En jullie vragen hoe ik dat weer een beetje kan doen. Ja. Als we niet weten wat er precies gebeurt in jouw hoofd, dan vinden we het moeilijk om jou zo weer naar buiten te laten gaan. Ik denk dat we pas jou weer echt vrij kunnen laten als we er weer vertrouwen dat er niks misgaat. En als je het er niet over wil hebben, dan begrijp ik dat heel goed. Dan zou je het misschien toch wel weer echt goed met je psycholoog moeten gaan bespreken. En dan zouden wij samen met de psycholoog misschien... Ja. Kunnen gaan bedenken wanneer je weer klaar bent om zelf naar buiten te gaan. Want ben je bereid om eraan te gaan werken? Ja. Ja. Maar wat het is, ik doe... Ik snij bijvoorbeeld niet... Ik doe het niet als ik buiten ben. Ik doe het altijd in mijn kamer. Dus ik snap niet zo goed waarom ik dan niet boodschappen mag doen. Ja, er is altijd een risico, als je dus suicidaal bent, dat het op een gegeven moment op een andere manier gaat gebeuren. En dat is wat wij willen voorkomen. Ja. Ja. Ja. Ja. Ja. Ja. Ja. Ja. Ja. Ja. Ja. Ja. Ja. Ja. Ja. Ja. Ja. Ja. Ja. Maar waarom alleen op je kamer? Warum alleen op je kamer? Dat is het meest veilige plekje voor mij hier. Is het omdat niemand het ziet, of is het omdat je eigenlijk niet wil doen? Nee, het komt gewoon helemaal op en ik doe dat. Maar moet ik dat doen... Dan is de drang zo groot. Meestal probeer ik het ook wel tegen te houden, maar de drang wordt zo groot dat ik het toch moet gaan doen. Ja. Maar ja, de drang kan ook een keertje buiten komen en dan kan het ook buitengebeuren. Ja, maar dan ga ik eigenlijk altijd nog wel naar benen. Zoals ik het goed begrijp is, je denkt dat je van jezelf dan naar buiten kan, dat het gewoon lukt. Alleen voor ons mag het nog niet. Wat denk je zelf hoe je die vrijheid terug kan krijgen bij ons? Hoe heb je dat voorheen gedaan? Ja, door te laten zien dat ik mezelf niet sneed, dan kreeg ik het wel weer terug. Maar hoe lang sneed je dan niet? Ja, dat verschilde wel eens. Ja, de behandelaar, daar zijn niet echt regels voor. Ja, en als ik eigenlijk liet zien dat het goed ging met me, maar dat hoefde nog niet te betekenen dat het toen de tijd goed ging met me. Dan kreeg ik ze wel terug. Maar ik vind het moeilijk om daar afspraken over te maken, over te snijden, omdat dat zo in mij opkomt. En ik zou wel graag... gewoon alleen even boodschappen willen doen. Ik denk dat we wel misschien wat kleine afspraakjes kunnen maken om het op te bouwen. Ik snap ook wel dat jullie misschien wat meer vertrouwen in mij moeten krijgen. Ja. Vind je het goed als ik dit ook met de psycholoog wil spreken? Of wil je dat absoluut niet? Want dan heb ik in ieder geval iemand die weet wat er precies aan de hand is. Dan hoef je het daar niet met mij over te hebben. Misschien vertelt hij mij niet alles, maar in ieder geval weet ik een beetje de achtergrond. Ja, dat vind ik wel goed. Dan kan ik met hem gaan kijken hoe we dit verder gaan aanpakken. Ik bedoel, het liefst vind jij natuurlijk ook zelfstandig naar buiten gaan. Dus dat ik eerst met hem ga praten. Hij kent jou ook wat beter. En dan ga ik met hem bespreken hoe we misschien weer inderdaad een stapplan kunnen opbouwen om jou zelfstandig naar buiten te laten gaan. Maar dat we dat gewoon langzaam opbouwen. Met kleine stapjes, weet je wel. Dat je eerst eventjes een rondje gaat lopen om dit gebouw heen. Vervolgens maak je er twee. En vervolgens uiteindelijk hopen we natuurlijk weer dat jij gewoon je eigen boodschapjes kan doen. Dus is het een idee dat ik volgende week met jou weer terugkom? Dat ik deze week eventjes de psycholoog spreek? Ja. Of vind je dat te lang duwen? Ik kan het ook nog proberen. Ik zou het wel fijner vinden als het eerder kon. Je moet ook nieuwe shampoo enzo. Oké. Na het weekend kom ik bij jou erop terug. Want nu is hij er niet. Dan spreek ik maandag met hem en dan maandagmiddag, maandagavond kom ik naar je toe. Dan werk jij ook? Ja. Dan hebben we de psycholoog gesproken en dan kunnen we even kijken hoe we het gaan aanpakken. En dan bespreken we het verder. Is dat goed? Ja, dat is goed. Dan laten we het voor nu hierbij. Fijn weekend. Dankjewel. Sneak je op maandag. Fijne middag."
interview-113.mp3,interviews,Whisper-large-v3-fast,340.2706241381549,"Hallo viewers, ik zit nu bij 113 met Maaike tegenover mij. Maaike is psycholoog bij 113. En jullie houden zich bezig met de hulvragen die binnenkomen. Ja, dat klopt. Hoe komen de bellers of de mensen met jullie in contact? Via ons telefoonnummer, dat is 0900 0113. Die vinden ze soms op de website, dat is ook voor de hand liggend www.113.nl. Of soms hebben ze ons voorbij horen komen op de radio via een commercial. En dan hebben ze ons nummer gehoord, of de website gehoord. En zo kunnen ze ons vinden. En kunnen ze alleen bellen? Nee, ze kunnen ook chatten. Ook via de website. Er staat dan ergens bovenin, wil je nu hulp? Met een bolletje, met chatten. Dan kan je daar klikken en dan kom je meteen in een chatroom. En op dat moment is er iemand die dan meet je? Ja, dat is het idee. Dan zijn er vrijwilligers beschikbaar. De chats aannemen en ook het telefoon. Komen er veel hulpvragen binnen? Ja, er komen best wel wat mensen binnen. Op sommige momenten van de dag is het drukker dan op andere momenten van de dag. Dan hebben we het vooral voor avonds en nachts. Overdag is het soms wat rustiger, maar soms kan het overdag ook heel druk zijn. Maar we hebben in ieder geval op elk dagdeel wel ongeveer 7 of 8 mensen die echt in de lijnen zitten. Zo druk is het dus wel bij ons. En zijn het lange gesprekken? De chatgesprekken duren ongeveer een uur. Dat is het streven, maar het kan ook korter. Het hangt er een beetje vanaf wat de vraag is. De telefoontjes een half uur, maar ook dat kan korter. Stel dat iemand nu in noods lokeert of zichzelf al iets heeft aangedaan, is het zwaar om het kort te houden zodat iemand 1 en 2 kan bellen. Kun je iets vertellen van met wat voor vragen mensen komen? Ja, dat kan. Dat is echt heel erg uiteenlopend. Dat varieert van meisjes die het slachtoffer zijn geworden van sexting en zich ontzettend schamen omdat die foto de hele school rond is gegaan. Tot oudere mensen die ongelooflijk eenzaam zijn. Tot mensen die opgenomen moeten worden of in een opname zitten. Of mensen die in een instelling zitten. Of gedwongen opgenomen worden. Ja, kan. Of die wordt aangeraden om opgenomen te worden omdat het echt niet goed gaat. En die daarvan van ellende niet meer weten wat ze moeten doen. En daardoor sollicitale gedachten hebben. Dus het is echt... Alle leeftijden en alle soorten problemen komen bij ons voorbij. Ja, aangrijpend. En krijgen jullie ook cultuurspecifieke vragen? Ja, wat ik daarover kan zeggen, wat ik zelf daarin meemaak is eerder dat je merkt dat in sommige culturen er anders wordt omgegaan. Met bijvoorbeeld praten over emoties. Dat daar een beetje een taboe op ligt dat mensen dat moeilijk vinden. En dat je daarom ook moeilijk kan praten over je zelfmoordgedachten. Als jongere bijvoorbeeld met je ouders. Of als het in bepaalde culturen niet oké is om homoseksueel te zijn. Dat je daar niet over kan praten. En dat je daar zo door in de knoop zit met jezelf dat je suicidaal wordt. En dat je daar dus ook weer niet over kan praten. En wat voor adviezen geven jullie aan mensen? Bijvoorbeeld, je noemde net van een meisje die op school dan met een seksschandaal te maken krijgt. Die van alles kan gebeuren. Wat kunnen jullie betekenen voor zo iemand? Ja, het hangt er sowieso een beetje van af hoe oud zo iemand ook is. Dus als het gaat om iemand die minderjarig is, dan proberen wij zo snel mogelijk ervoor te zorgen dat iemand er een volwassene bij betreft. Dat kan een ouder zijn, maar dat kan ook een docent zijn of een mentor of een lievelingstante. Maar zo'n beetje vertrouwd? Precies, want als je het hebt over die meisjes die een slachtoffer zijn van sexting, die zijn vaak wat jonger. Dan proberen we zo snel mogelijk daar iemand anders bij te betrekken. Want wij kunnen het hebben over die zelfmoordgedachte. Want we zitten natuurlijk op een afstand, want we zien die mensen niet. Dus we proberen altijd wel zo snel mogelijk aan te sturen op nog wat meer hulp van buitenaf. Maar die moeten ze ook zelf benadrukken? Ja, nou ja, als het om een minderjarige is, probeer je er een volwassene bij te betrekken die dichtbij staat. Zodat die samen met dat meisje in dit geval... Maar dan hebben jullie contact met de volwassenen? Nee, we hebben daar geen contact mee. Dat probeer je gewoon door die persoon zelf te laten rijden? Ja, dat is de bedoeling. Het is belangrijk dat mensen dat zelf doen. En dat is ook omdat wij, wij garanderen anonimiteit en vertrouwelijkheid. Dus wij weten niet wie zij zijn en wij gaan ook niet ons bemoeien met mensen om de mensen heen. En dat zorgt er juist voor dat mensen ook naar ons toe durven te komen met die problemen. Omdat het zo anoniem blijft. En zijn er bepaalde leefgebieden die er uitschieten waar men het meest kwetsbaar is? Situaties waarin mensen verkeren bedoel je dan? Ja. Ik denk dat het belangrijkste is toch wel eenzaamheid. Dus als iemand heel erg alleen is en zich niet verbonden voelt met anderen, dan zijn mensen heel erg kwetsbaar. En zijn dat meer oudere mensen? Noemde je dat? Dat kunnen ouderen zijn, maar dat kunnen ook jongeren zijn die gepest worden. Of die wijntje vrienden hebben bijvoorbeeld. Iedereen kan natuurlijk eenzaam zijn. En zijn het ook dan per seizoen nog bijvoorbeeld met eenzaamheidsproblemen? Nu gaan we naar de winter toe hè. Donkere maanden, veel mensen die toch vaker thuis blijven. Is het in die periode meer, de eenzaamheid? Ja, daar durf ik niet zo heel veel over te zeggen. Ehm... Eigenlijk... Je zou verwachten, rond periodes zoals kerstmis bijvoorbeeld, dat het dan ongelooflijk druk is. Maar daar kan je niet zo veel over zeggen. Het blijft het hele jaar een beetje hetzelfde. Het is in de lente bijvoorbeeld net zo druk als in de winter. Oké. En je zou denken het wordt donker, het regent, het weer is somber. Misschien is dat dan... Dat maakt mensen ook somber. Precies. Maar in de lijnen zie je daar niet zo heel veel verschil in. Niet dat zij zo ontgebonden zijn. En hoe kunnen jullie hun ondersteunen? Mensen die met hulp vragen komen? Nou, in eerste instantie heb je dus de crisislijnen. Waar mensen in eerste instantie naartoe bellen. Of waar ze met een vrijwilliger kunnen chatten. Die gesprekken heb je, maar die gesprekken zijn in principe eenmalig. Mocht iemand dan daarna nog meer hulp nodig hebben, dan kan iemand zich aanmelden voor therapie. Ook via onze website. En dan kom je met een van de psychologen in contact. Maar dan ook online? Ook online, ja. Via de chat, via de telefoon of via de mail. Dat mag iemand zelf kiezen. Dat mag iemand zelf kiezen. Wat die persoon zelf het fijnst vindt. En dan heb je maximaal acht gesprekken met een vaste psycholoog. Waarin je dus ook wat meer tijd hebt om uit te zoeken wat er nou precies aan de hand is. En hoe je kan leren omgaan met je zelfmoordgedachten en alles wat daaronder zit. Lukt het in die acht sessies die jullie hebben met de mensen om iemand weer op een andere gedachte te brengen? Ja, soms wel. Soms heb je er maar vijf nodig. Soms is het zo dat je acht sessies doet en dat je denkt, nou het lijkt me verstandig. Als je ook nog eventjes naar de huisarts gaat en je aanmeldt bij een therapeut. Zodat je wat face-to-face contact hebt. Maar dat verschilt heel erg. Wat zou jij zeggen tegen degene die het moeilijk hebben, maar niet durven te bellen of contact op te nemen met 113.0? Ja, als je het zo moeilijk hebt dat je echt toch aan zelfmoord denkt, zou ik je toch willen vertellen. Ik weet dat het heel erg moeilijk is, maar wij zijn er bij 113.0. Wij weten dat praten over zelfmoord helpt. En je bent anoniem. Het is een veilige omgeving. Dus we treden niet naar buiten met wat jij vertelt aan ons. Dus ik zou toch zeggen, neem de stap, want je hoeft het niet alleen te doen. Dankjewel Maaike. Graag gedaan. Nou kijkers, jullie hebben gehoord. Wat je vraag ook is, er is altijd wel iemand die hier staat om een antwoord op te geven. Dus zit je met iets, kun je altijd contact opnemen met 113.0."
verzorgings-staat.mp3,interviews,Whisper-large-v3-fast,325.581137227995,"De verhoging van de AOW-leeftijd is onder druk van politiek protest... en vakbonden van de baan. Maar het kabinet heeft ruim 6 miljard aan bezuinigingen... op onze sociale zekerheid nog niet opgegeven. We hebben het over de WW en de arbeidsongeschiktheidsverzekering WIA. Onacceptabel, zeggen vakbonden. En dus zal de polder weer om de tafel moeten. En de vraag is dan, wat voor een samenleving willen we nou... wetende dat Nederland is gebouwd op een sterke verzorgingstaat... en wie betaalt uiteindelijk de prijs? Daarover praat ik deze week met vijf kopstukken in BNR's Big Five... van de verzorgingstaat onder druk. En vandaag is dat niemand minder dan Koen van Oostrom... sinds 1 mei de nieuwe voorzitter van de werkgeversvereniging VNO-NCW. Van harte welkom. Goedemorgen. En heel leuk dat je weer terug bent bij de Big Five. Het is een paar jaar geleden dat ik hier was bij jou. Ja, zeker. En dat ging toen over de self-made men en women. Want je bent iemand die self-made is. Met eigenlijk weinig welvarend opgegroeid. En uiteindelijk ben je helemaal binnen... als vastgoedman en projectontwikkelaar. En daar hebben we toen uitgebreid over gesproken. Is het nog terug te luisteren? Ik heb het ook even terug geluisterd. Het was echt hartstikke leuk. Mooi. We gaan het nu over hele andere zaken hebben natuurlijk. Ook leuk. Overigens ben je ook nog invloedrijk VVD'er, maar nu snurkend lid, hè? Ja, dat werkt niet. Mijn achterbanden zitten duizenden bedrijven... en die hebben hele verschillende politieke kleuren. En dus laat ik de kleur van de VVD even liggen. Want daar sta ik nu niet voor. Ik sta nu voor de bedrijven. Ja, maar is dat moeilijk? Want het lijkt me heel moeilijk om ineens snurkend te zijn. Nee hoor, dat vind ik niet. En ik vind het eigenlijk ook heel erg leuk... om nu de andere partijen beter te leren kennen. En ik heb al een periode gehad dat ik daar een beetje soms naar keek... en dacht van, goh, wat gebeurt daar nou allemaal in die partijen? Maar als je dan beter kennis maakt, zelfs met mensen als Jesse Klaver... en CDA D66, dan krijg je toch ook iets meer gevoel... bij hun standpunten en hun achterban en hun gedachten. Dus dat is eigenlijk hartstikke leuk. Ja, leuk om daar meer over te horen. Ook over bijvoorbeeld Hans Spekman... die we ook later deze week te gast hebben, overigens. En we gaan natuurlijk over die verzorgingstraat praten... die onder druk staat. Maar eerst toch even het laatste nieuws... waar de Telegraaf gisteren over heeft bericht. En dat is dat alle supermarkten het lidmaatschap van VNO-NCW... hebben opgezegd. Klopt het? Ja, dat klopt. Dat is vorig jaar gebeurd. Zoals je weet is VNO een enorme vereniging. Er zitten duizenden en duizenden leden... en er komen elk jaar heel veel leden bij. En er gaan helaas ook elk jaar wel weer een paar leden af. Dat had in dit geval te maken met een nieuwe contributiestelsel. Nou, dat zijn dingen die gebeuren. En we zijn met ze in gesprek. Het is een beetje van voor mij tijd, maar... Je wist dit al bij de overdracht. Toen bij de overdracht wist ik dit. En ik ben ermee aan het werk gegaan. En ik heb toevallig vorige week ook met vertegenwoordigers... van de supermarkten gesproken. Eigenlijk een heel positief gesprek. Ja, wat ik ontzettend leuk vind... dat zijn natuurlijk kruideniers en enorme ondernemers. En die vechten om elke euro. En dat gebeurt ook. Het is te vroeg om te zeggen of er beweging in zit. Maar ik vind het in ieder geval prettig dat de relatie goed is. En we gaan eens kijken of we een oplossing kunnen brengen. En je zegt, we hebben heel veel leden. Maar dit is toch echt een hele grote groep. Als je als lobbyorganisatie dit deel kwijtraakt... dan ben je echt wel kleiner in omvang. Dan is dat aan de ene kant... Aan de andere kant zien we een enorme toestroom van technologiebedrijven... binnen ons huis. En daar is ook heel veel dynamiek. Daar werken ook heel erg veel mensen. Dus bij Saldo is het niet zo dat het een ramp is. Het is in het verleden overigens vaker gebeurd... dat supermarkten wel of niet lid waren bij ons. Dus het is ook niet zo dat het nou de pijler is waar VNO op draagt. Maar wat ik wel wil zeggen is dat... volgens mij is het zo ontzettend belangrijk in deze periode... dat er een beetje eenheid is. Eenheid aan de werkgeverskant en elke eenheid aan de vakbondenkant. We hebben gezien dat daar in het verleden gedoe was. Als er rust is in de polder is het makkelijker om met elkaar te praten. Daarom had ik het liever niet gehad. Je hebt liever dat dit ook even onder de radar blijft... of ze zijn nog met elkaar in gesprek. Dat is niet het geval, maar dat neemt niet weg dat van mijn kant... de houding 100% positief is om te kijken... of we toch met elkaar in gesprek kunnen blijven. En hopelijk bedenken ze zich, komen ze terug aan boord. En dan zijn we als VNO nog vollediger. We hebben al bijna het hele Nederlandse bedrijfsleven achter ons. Maar je wil ze gewoon erbij houden. Dat kan niet anders. Dit is zo groot in zo'n lobbyorganisatie. Ik snap dat er ook technologiebedrijven bij komen... maar je wil ze gewoon erbij houden. Dat is niet goed voor de beeldvorming. Ik denk dat hoe vollediger wij zijn namens het Nederlandse bedrijfsleven... hoe beter het is. Het was ook niet onze keuze om ze eruit te zetten. Ze zijn er zelf uitgegaan. Ik denk dat het in ieder geval niet verstandig is om het via de media te spelen. Ik denk dat het goed is om het gewoon... Misschien zat het er zo hoog dat ze dachten... nu moeten we dit wel doen, want ze luisteren niet. Ja, blijkbaar is dat dan vorig jaar gebeurd. Ik was toen nog niet de voorzitter, dus ik weet niet precies wat de dynamiek was. Of er sprake was van teleurstelling of zelfs boosheid op dat moment. Dat weet ik niet. Wat ik wel weet is dat er nu best wel productieve gesprekken met elkaar voeren. Je hebt wellicht gehoord dat een van de zaken die ook in dat telegraafartikel werd genoemd... ging over het wettelijk minimumloon. En daar hebben de supermarkten ook echt wel wat om de oren gekregen. Dat minimumloon, per 1 juli wordt dat 14,99 euro, 15 euro afgerond. Dat was 10 euro, dus dat is 50 procent omhoog gegaan. Nou ja, als je dan een winkelier bent, dan heb ik er wel begrip voor dat je zegt van... Dan voelden we ons niet goed vertegenwoordigd. En beste VNO, heb je wel goed voor ons gezorgd. Ik snap die vraag. En wij doen alles op alles om te proberen om dat, ook in de gesprekken in de polder, om daar wat mee te gaan doen. En dan heb ik ze het liefst aan boord, want dat praat makkelijker. Ja, dus dat is het punt waar je misschien toch wat kan doen nog voor ze. Wat zou dat dan betekenen? Dat zou zomaar een van de dingen kunnen zijn. Alleen de polder is ingewikkeld, want er spelen heel veel belangen. Ja, ik wou net zeggen, dit punt is moeilijk terug te draaien, lijkt me. Nou ja, terug te draaien. Ik heb gezien dat vrijdag Hans Spekman hier op bezoek is, en misschien kan dat jouw eerste vraag aan hem zijn. Meneer Spekman, kan het minimumloon niet een beetje naar meneer? Ja, je moet wel nog gast over hem gaan, merk ik. Ja, nou ik heb een goede band met hem. En jij zei net, ik ben een selfmade ondernemer, en dat klopt ook. En hij is dat in zekere zin ook, selfmade. Hij had ook geen makkelijke jeugd, en hij heeft daar heel veel uitgehaald. Nou, ik heb dat gedaan met de bouw van heel veel gebouwen. En ik heb daar een vermogen mee kunnen opbouwen. En hij heeft dat heel anders ingezet. Hij heeft een heel leuk verhaal, hij is ooit een kroeg begonnen. En nou ja, ik zou dan denken, oh een kroeg, en dan een tweede kroeg, en dan een netwerk van kroegen. En bij hem was het zo dat hij gezegd heeft, ik heb daar een social business van gemaakt. Dus de opbrengsten daarvan, die gingen terug. Naar allerlei goede doelen. En dat typeert de ondernemer Hans Beckman. En ik ben de ondernemer Koen van Oostrom die andere keuzes heeft gemaakt. En die zijn niet goed of fout, die zijn gewoon anders. En ik vind het wel heel erg leuk dat er nou eigenlijk twee ondernemers in de polder zitten. Ja, ontzettend leuk. En hij zat dus niet naar je te kijken, want ik weet dat je een hekel hebt aan dat woord vastgoedmiljonair. Dat ben je. Heb je toch gezegd hè. Heb ik het toch gezegd, ja dat is echt gemeen. Maar zo zat hij dus niet naar je te kijken. Nou, ik denk dat hij ook wel natuurlijk met belangstelling kijkt. Van hé, wie zit daar nou? En dit is duidelijk geen bestuurder aan de kant van VNO, dit is een ondernemer. Maar wat voor type ondernemer? En ik denk dat het altijd wel een beetje dan een vraag is. Is het een ondernemer die alleen maar bezig is met een groot mogelijk vermogen? Of is het iemand die maatschappelijk betrokken is? Ik denk, nou ik wil geen jury over mezelf zijn. Maar ik heb altijd geprobeerd, ook met de duurzaamheidszaken die ik gedaan heb. Waar wij ook een aantal jaar geleden over hebben gesproken. Ja, zeker. Om juist ook een brede ondernemer te zijn. Die onderdeel is van de oplossing en niet van het probleem. Nou ja, je vertelde toen dat je echt een switch hebt gemaakt. Dus dat je eerst wel was voor winnen, winnen, winnen. En zoveel mogelijk omzetten. En uiteindelijk toch ook hebt geleerd dat je er anders naar moet kijken. Het leuke als ondernemer is als je succesvol bent, dat je in een soort nieuwe wereld terecht komt. En bij mij was dat dat ik mensen leerde kennen zoals Peter Bakker, Feike Siebesma, Paul Polman. Die op dat moment het Nederlandse bedrijfsleven leiden. En dat niet deden alleen maar met de agenda shareholder value. Maar ook met de agenda hoe kunnen we zorgen dat we een land sterker maken. Dat we sociale cohesie hebben. En dat we grote maatschappelijke problemen oplossen. En dat is altijd onderdeel geweest. Sorry, dat moet ik goed zeggen. Nadat ik hen heb leren kennen is dat onderdeel geworden van mij portefeuille. En daarvoor was dat minder zo. Ik vind dat ook niet per se slecht. Ik kan me voorstellen dat een startende ondernemer eventjes een fase heeft dat die eendimensionaal is. Hij moet namelijk een product bedenken wat beter is dan de producten om hem heen. En op het moment dat je daar een stap verder in bent. Dan heb je iets meer ruimte om ook na te denken over hoe kan ik daar dan ook een positieve impact mee maken. En is dat misschien ook de reden dat je deze baan als voorman van VNO-NCW juist zo mooi vindt? Omdat je dus daarmee ook meer kan creëren voor Nederland? Ja, in die zin is het een beetje een bekroning op dat werk wat ik heb gedaan. En ik was een beetje op zoek ook naar zoiets. Ik was eigenlijk aan het zoeken in Europa. Omdat in het geweld in de wereld. We hebben vandaag weer het nieuws in het Midden-Oosten gezien. Wat er speelt in China. In Rusland. Maar zelfs ook bij onze partner Amerika. Die varen toch een andere koers dan een aantal jaar geleden. Moet Europa sterk worden? En ik dacht wat leuk om daar een rol in te spelen. Nou toen kwam VNO langs. En toen dacht ik ja maar dan wordt het ook wel heel concreet. En dat is ook heel mooi om Nederland veel sterker te maken. Het bedrijfsleven veel sterker te maken. En vanuit die kracht dan hele goede dingen te doen. En toen dat langskwam dacht ik ja dit is toch ook te mooi om waar te zijn. En hoe bevalt het? Ik vind het waanzinnig leuk. Ik vind het waanzinnig interessant. En als ik heel eerlijk ben. Diana wij kennen elkaar al een tijdje. Het is soms ook best wel pittig. Want ja ineens ben ik de spreekbuis van al die duizenden bedrijven. Als het gaat over sociale zekerheid. Nou als het gaat over economische groei. Ik hoop dat we het daar nog over gaan hebben. Ja daar weet ik heel veel. Want ik heb altijd met de CEO's gewerkt. Ik weet hoe moeilijk het is om een bouwvergunning te krijgen. Hoe de rechtelijke macht werkt in Nederland. Maar in sociale zekerheid is dat relatief nieuw. Ik moet eerlijk bekennen in mijn bedrijf liet ik het ook wel eens over. We hebben een HR afdeling. En dan vond ik het gewoon heel irritant dat we loondoorbetaling bij ziekte hadden. Dat je twee jaar verantwoordelijk bent als ondernemer voor iemand die ziek wordt. Maar nu zit ik er middenin. Nu ben ik er verantwoordelijk voor. En dat betekent dat ik sommige nachten doorbreng met het lezen van SER rapporten. En probeer te begrijpen wat de Stichting van de Arbeid precies doet. Je kan je niet echt makkelijk inwerken toch? Want je bent meteen kathuis. De hele shebang is op je afgekomen. Het is misschien een beetje naïef. Maar ik had de hoop om tot de zomer gewoon te luisteren. En dan, laten we zeggen, na de zomer echt vliegend uit de startblokken te komen. Zo werkt het niet. Vanaf dag één krijg je toch vragen op je af. De media speelt daar ook een rol bij. Die hebben grei kritische vragen. Als je iets zegt kan het nieuws zijn. Dus je moet op je woorden letten. Heel erg leuk. Volgens mij gaat het hier redelijk makkelijk af. Heb je Hans de Boer nog vaak in gedachten? Hij is één van jouw voorgangers natuurlijk bij VNO-NCW. En je kent hem ook goed. Ik ken hem goed. Hij was misschien ook al een klein beetje mentor voor me. Hij heeft een tijd bij een vastgoedbedrijf gewerkt. Waar wij ook mee samenwerkten. Dus daar uit die periode kende ik hem. En hij kwam nog wel eens een kop koffie drinken. En dan had hij altijd heerlijke, heldere, uitgesproken meningen. En dat is soms ook gewoon hartstikke goed in de polder. Dat mensen dingen scherp zetten. En dat deed hij als geen ander. Mijn gast vandaag is Koen van Oostrum. Hij is de voorzitter van VNO-NCW. En wij gaan het natuurlijk hebben over de verzorgingsstaat onder druk. En in relatie daartoe ook de sociale zekerheid. Want dat is enorm actueel. Eerst even de vraag. Wat heb jij überhaupt met de verzorgingsstaat? Wat natuurlijk drie pijlers heeft. De sociale zekerheid, gezondheid, zorg, onderwijs, dat soort zaken. Ik vind dat wij in Nederland oprecht het allermooiste land in de hele wereld zijn. Ik vind dat dit zo'n bijzonder land is. Waar het zo waanzinnig goed gaat met heel veel zaken. En daar is die sociale zekerheid gewoon een van de pijlers die daaronder staat. Voor de goede orde, ondernemerschap is ook een pijler. En daar maak ik me op dit moment echt zorgen over. Maar die pijler sociale zekerheid, die pijler het fatsoen wat wij hebben in Nederland. Dat als je om allerlei redenen uitvalt. En dat kan definitief zijn en dat kan tijdelijk zijn. Dat er dan een systeem is wat probeert om je te begeleiden. Om je weer terug op je voeten te zetten. En zo mogelijk ook weer aan het werk te krijgen. Dat vind ik briljant. Dat we dat hebben. De vraag is wel een beetje of het systeem wat we vandaag hebben. Met bijna een miljoen mensen in de WIA. Of dat nou het systeem is wat we nog steeds ons kunnen veroorloven. En of dat dat systeem is waar ik net van droomde. Dat dat onderdeel is van dat hele mooie Nederland. Daar ben ik ook wel een beetje kritisch over. Ja, toch als het gaat over een aantal punten van de sociale zekerheid. Hebben jullie natuurlijk met de AOW leeftijd verhogen. Zijn jullie echt achter de bonden gaan staan? Ja, nou ik weet niet of het achter de bonden is. We staan vooral achter onszelf. Maar VNO heeft zijn handtekening gezet onder een groot akkoord. Die ging over de verhoging van de pensioenleeftijd. Dat heeft mijn voorgangster Ingrid Thijssen gedaan. Daar sta ik honderd procent achter. En ik vind ook dat als je zo'n lange termijn afspraak maakt. Waarbij het voor een aantal partijen ook echt wel pijn heeft gedaan. Dat was voor de bonden ook niet makkelijk om dat te slikken destijds. Ja, dan vind ik ook dat je dan ook een zekere loyaliteit aan zo'n transactie moet doen. Nou, een beetje als ondernemer. Dat is ook gewoon afspraak is afspraak. Dat is gewoon een helder beginsel in Nederland. En dat vind ik ook eigenlijk in dit geval. Weet je, is het dan nooit bespreekbaar? Natuurlijk, als de wereld helemaal zou veranderen. Dan op een keer komt alles ter bespreking. Misschien een alternatief fiscalisering van de AOW. De verwachtingen die we destijds hadden toen we deze deal gedaan hebben. Die zijn ongeveer uitgekomen. Sterker nog, de leeftijdsgroei is iets minder geworden dan we hadden gedacht. Er is COVID doorheen gegaan, et cetera. En dan vind ik dat niet het onderwerp waar we nou over moeten praten. Dus daarvan heb je ook gezegd. Het moet gewoon in de, wat was het, in de vriezer of zoiets. Niet over hebben. Intussen is het dat ook van tafel. En dan kun je natuurlijk gelijk alle alternatieven daarvan op tafel leggen. Dus die fiscalisering, et cetera. En ik hoop eigenlijk dat dat niet nodig is. Ik zie dat er twee andere dingen spelen die veel belangrijker zijn. Onze economische groei is veel te laag. Als wij 2% economische groei hebben, hoeven deze discussie over die Paul Malliords. Die Paul Malliords niet te hebben. Want dan gaat die economie gewoon met vele miljarden per jaar omhoog. En het tweede ding is dat er zitten een aantal echte problemen in onze sociale zekerheid vandaag. Bijvoorbeeld de instroom in de WIA is veel te hoog. Als we Nederland gewoon vergelijken met België, Frankrijk, Duitsland. Het is ruim 800.000 of zo. Het is ruim 800.000, maar er zitten ook nog 200.000 mensen in het tweede ziektejaar in de regeling daarvoor. Wat door de ondernemers wordt betaald. Die komen er dus aan. Dus die instroom die blijft fors. En daarmee lijkt het erop dat we gaan groeien naar een miljoen mensen in de WIA. Dat is veel meer dan de landen om ons heen. En daar moeten we eens goed met elkaar over praten. We snappen voldoende waar dat door komt. Want je ziet ook dat er heel veel jongeren daarbij vertegenwoordigd zijn. Met psychische klachten. Dat daar echt ook een enorme stijging in zit. Dan hebben we met elkaar ook iets te doen. Misschien ook werkgevers. Want waarom zijn al die mensen zo ongelukkig als het om de psyche gaat? Ik vind dat precies de vraag die wij ons moeten stellen. En ik heb nog niet alle antwoorden. Wij werken keihard op dit moment binnen VNO. Maar ik weet ook wat binnen de SER. Sociale zaken als ministerie is hiermee bezig. Kim Putters ook later deze week te gast. Een formidabele denker die heel goed en heel scherp kan formuleren waar dan echt het probleem zit. Maar jij noemde bijvoorbeeld de jonge mensen. Het is natuurlijk doodzonde dat iemand die 30 is. En dat die in een burn-out terecht komt. En dat het niet lukt om die dan naar ander werk te begeleiden. Want het kan zijn dat er sprake is van toch ook een beetje een arbeidsconflict. Of te veel druk. Misschien in de samenhang tussen het privéleven en het werkende leven. Dat daar dingen mis gaan. Maar dat mensen dan in de situatie komen dat de kans bestaat dat ze nooit meer gaan werken. Dat vind ik verschrikkelijk. Dat vind ik voor die mensen verschrikkelijk. Maar het bedrijfsleven heeft ook heel hard deze mensen nodig. Omdat er nog steeds een tekort is aan arbeidskracht. Ja zeker. Als we het voor elkaar krijgen dat deze groep. En niet allemaal. Want er zitten mensen bij die andere dingen hebben. Waardoor ze echt niet meer inzetbaar zijn. Maar andere mensen zijn wel inzetbaar. En die moeten benaderd worden. Maar is er dan een goede weg om te zeggen wat het kabinet wil. Om daar dan 20% van af te halen. Wat ik heb geleerd in mijn zes weken dat ik al voorzitter ben. Het is nog kort. Wat ik in die zes weken heb geleerd. Is dat op het moment dat je het woord bezuiniging hanteert. Dan gaan overal de loopgraven dicht. En dan gaan mensen met een hak in het zand. En dan stopt een beetje de discussie. En dan verhardt de discussie. Snap je daarin ook de bonden. Want die zijn natuurlijk heel blij met dat cadeau van die AOW leeftijd. Maar zeggen toch nee we gaan toch weer staken. Want dit moet ook van tafel. En straks hebben we het nog wel over de WW ook. Nou over dat staken wil ik het zo nog even hebben. Want wat mij betreft was dat niet nodig geweest. Maar ik wil geen uitspraken doen over wat de bonden dan denken. Dat is misschien de vraag van vrijdag. Dat je niet weet wat zij denken. Maar dat je denkt nou ja ik begrijp het wel. Ik had het toch liever het gesprek wat meer open gehouden. Nogmaals ik denk dat die stakingen niet nodig waren geweest. Waar het echt over gaat. En waar ik denk dat ook Hans Spekman een partner gaat worden. Een miljoen mensen in de WIA is niet goed. Niet voor zijn achterban. Voor de werkenden in Nederland. Niet voor de bedrijven. En helemaal niet voor de overheid die daar helemaal geen geld voor heeft. Dan moeten we met elkaar kijken wat is nou de reden. Precies de vraag die jij stelde. Er zijn zoveel mensen die WIA in. Wat is daar nou aan de hand? Is dat COVID geweest? Maar waarom zijn de getallen dan zoveel groter dan in andere landen. Waar ook COVID was. Heeft dat te maken met zijn er veel vrouwen die net bevallen zijn. Die in een burn-out terecht komen. Wat is daar dan de problematiek. En kunnen werkgevers daar ook beter handen. Ik neem de verantwoordelijkheid op mij. Om echt aan die werkgeverskant te kijken. Doen wij nu voldoende aan preventie. Hebben we goede regelingen. Wat is daar de discussie die wij aan kunnen. En het is helemaal niet zo. Dat wij alleen maar zeggen. Het probleem ligt bij het UWV. Ik denk overigens wel dat we goed naar de rol van het UWV moeten kijken. Er zijn te weinig keuringsartsen. Ja want daardoor gaan mensen weer langer moeten wachten. Uiteindelijk op de WIA. In dat proces gaan dingen niet zo efficiënt als ze zouden moeten. Nou ik wil ook met Hans Pekman praten. Van wat kan hij nou doen vanuit zijn kant. Om met mensen in contact te treden. En te horen wat zijn nou echt de problemen daar. Nou en dan moeten we kijken. Met het bedrijf. Met het bedrijfsleven. En het bedrijfsleven wil dit ook. Want die willen die mensen heel graag weer terug hebben. Die willen die mensen graag aan het werk hebben. Wat kunnen we nou doen om die mensen weer aan het werk te helpen. Ja maar dit is wel echt lange termijn visie. Daarmee heb je het nu niet opgelost. En het kabinet zit met een probleem. Vanwege de defensie uitgaven. En allerlei dingen die rond stikstof. Wat ook belangrijk is voor werkgevers natuurlijk. En voor het bedrijfsleven waar jij voor staat. Het moet nu bezuinigd worden. Ja dat is een feit. Maar het is wel zo. Dat dat minder snel gaat. Dan sommige mensen denken. Als je naar de tabel kijkt die bij het regeerakkoord zat. Dan zie je in die tabel. Dat heel veel van de bezuinigingen. Pas in latere jaren. Echt impact hebben. Concreet voorbeeld. Nou ik heb geprobeerd namens de werkgevers te zeggen. Laat die AOW nou even met rust. Die AOW die ging pas ook. Over heel veel jaren echt impact hebben. Op de begroting van de overheid. Als we in de tussentijd die economische groei. Aan kunnen zetten. Als we weer naar 2% economische groei gaan. Ik ben een beetje ondeugend. Heel ambitieus. Ik denk zelfs dat we naar 3% economische groei zouden kunnen. Als we dat voor elkaar krijgen. Dan hebben we die verhoging van de AOW leeftijd helemaal niet meer nodig. Dus je zegt bezuinigingen. Dat is nu het verkeerde woord. Maar sluit je bezuinigingen uit? Nee ik sluit helemaal niets uit. Ik vind ook dat. Dat je realistisch moet zijn. Maar ik hoop in ieder geval. Dat we fundamentele veranderingen. In de sociale zekerheid voor elkaar kunnen krijgen. Veel meer mensen aan het werk kunnen helpen. En als we dat kunnen doen. Dan hebben we misschien. Misschien is er dan op korte termijn. Inderdaad nog wel. Een vraagstuk over de financiën. Maar die discussie wordt heel veel makkelijker. Als we weten dat er op termijn. Veel minder mensen in de WIA zitten. En ook in andere regelingen. En als we zien dat op termijn. De economische groei hoger is. Want dan heb je misschien voor 2028 of 2029. Dan nog eens een jaar. Dat het kort komt. Ik noem maar even een willekeurig getal. En dan. Dan zal toch even. Het gesprek met Eelco Heijnen moeten plaatsvinden. En ik begrijp heel goed. Hoe hij in de wedstrijd zit. Ik had ook bij mij in mijn bedrijf altijd een hele strenge CFO. En die zorgde er echt voor. Dat de discipline ook gewaarborgd bleef. Die rol heb je in een kabinet keihard nodig. Want anders gaat het echt alle kanten op. Maar dan hebben we een discussie. Over een veel kleinere omvang. En dan ga je eigenlijk ook een oproep doen. Ook jullie gezamenlijk. Om te kijken of hij daar een opening kan winnen. Misschien dat er dan ook wel allerlei creatieve oplossingen zijn. We hebben net gezien. Dat er geld gevonden is. Door Sjoerd Sjoerdsma. Door dingen uit de toekomst naar voren te halen. Op het moment dat ik kan bewijzen. Dat die economische groei omhoog gaat. Want dat moet natuurlijk ook niet een soort droom zijn. Dat moet dan ook echt wel verankerd zijn. Maar als we die verankering kunnen bewijzen. Ja wellicht zijn er dan ook mogelijkheden. Ik ga niet op de stoel van de minister van Financiën zitten. Die is buiten gewoon intelligent. Weet heel goed hoe het spel werkt. Maar je zegt gewoon er moet rust komen in de poel. En daarom is dit zo belangrijk. Dat is ook zo belangrijk. En weet je wat ik ook vind. Als er dan toch nog een bezuiniging over zou blijven. En nogmaals ik denk dat dat veel en veel kleiner zou kunnen worden. Dan is het ook een beetje aan het kabinet. Want dan komen er allerlei woorden rond. Van vennootschapsbelasting. Tot alle andere termen. Ook een ideetje van Specman. Winstbelasting omhoog. Dan zou ik ook zeggen. Als er dan toch nog ergens een gaatje zit. Het gat is dan vele malen kleiner. Als er dan nog iets over is. Dan is het kabinet aan zet. En dan wordt het politiek. En ik vind dat de poel er niet op de rol van de politiek moet overnemen. Om dat in te vullen."
hulpverleners.mp3,interviews,Whisper-large-v3-fast,292.2525547595585,"Meenal, zou je iets verder willen introduceren? Ja, mijn naam is Meenal Ahmad. Ik werk als onderzoeker aan de Vrije Universiteit Amsterdam. Ik heb zelf een achtergrond in culturele antropologie en in de afgelopen jaren heb ik dus een promotieonderzoek gedaan aan de Universiteit voor Humanistiek. Dankjewel. En kun je iets vertellen over de focus van het onderzoek en de noodzaak hiervan? Ja, in de afgelopen jaren, zoals ik al zei, heb ik onderzocht hoe mantelzorgers met een migratieachtergrond de zorg ervaren voor een familielid met dementie. En ik heb daarbij met name gekeken naar hoe de zorg gedeeld wordt binnen families en hoe de zorg gedeeld wordt tussen families en formele zorg. Daar was nog niet zo veel over bekend, want mantelzorgers met een migratieachtergrond worden heel weinig, te weinig meegenomen in dit soort onderzoek. En ja, de vergijzing en toenemende diversiteit in westerse samenlevingen maakt er de urgentie van dit onderzoek dus groot. Ik heb daarom een kwalitatief onderzoek uitgevoerd, vooral onder mantelzorgers en voor een kleiner deel onder zorg- en hulpverleners. En wat was er al wel bekend over de zorg bij mensen met een migratieachtergrond en wat voegt jouw onderzoek daaraan toe? Wat al wel bekend was uit voorgaande onderzoeken is dat mantelzorg... Mantelzorgers met een migratieachtergrond minder gebruik maken van formele zorg. Dat kan te maken hebben met taalbarrières, discriminatie of bijvoorbeeld een gebrek aan kennis over dementie. In die voorgaande onderzoeken suggereren dan ook dat deze mantelzorgers vaak intensievere zorg geven en daardoor vaker overbelast zijn. Maar waar nog niet zoveel onderzoek naar gedaan was is... Hoe mantelzorgers met een migratieachtergrond het delen van de zorg ervaren en hoe die ervaringen gevormd worden door hun sociale omgeving en door hun contacten met formele zorg. Zoals Savitri en Evelien in de video al vertelden, het geven van zorg is een complexe ervaring, vaak een emotionele en morele ervaring die beïnvloed wordt door verschillende factoren. En binnen dit onderzoek heb ik dus geprobeerd om daar inzicht in te geven. En in je onderzoek ga je dus ook in op die emotionele ervaring van het geven van zorg. Wat zegt je onderzoek over het ervaren gevoelswereld van deze mantelzorgers? De bevindingen laten zien dat het geven van zorg gedaan wordt vanuit twee sociale opvattingen of morele kaders kun je zeggen. Die stellen dat je voor een oude familielid hoort te zorgen. Het ene morele kader stelt dat je zorg geeft aan een oude familielid uit liefde voor je ouders bijvoorbeeld, omdat ze bijvoorbeeld ook voor jou hebben gezorgd als kind. En het andere morele kader stelt dat je zorg geeft vanuit een verantwoordelijkheidsgevoel, dus ook als je geen fijne relatie hebt gehad met je ouders. Deze opvattingen of morele kaders zijn al aanwezig in een samenleving. Maar vaak geeft slechts één vrouw in een gezin of in een familie je gehoor aan. Dat is vaak een dochter of een schoondochter. En met die morele kaders in gedachte neemt zij dus de meeste of alle zorg op zich. En doordat ze aan die morele kaders kan voldoen, geeft dat een gevoel van trots en kracht ook dat ze de zorg kan geven. En dat zorgt er ook voor dat ze de zorg kan blijven geven. Ja, dus het gehoor kunnen geven aan het morele kader van liefde voor je ouders en het morele kader van verantwoordelijkheidsgevoel geeft dus een gevoel van trots en kracht. En wat betekent dit voor delen van de zorg? Het betekent dat met die morele kaders in gedachte de mantelzorgrol langzaamaan een belangrijk deel van de identiteit van de mantelzorger wordt. Dat is zeker het geval wanneer... Wanneer de zorg niet gedeeld wordt binnen de familie. En om daarmee om te gaan dus, met een gebrek aan dat de zorg niet gedeeld wordt in de familie, wordt de mantelzorgerol afgezet tegen familieleden die geen zorg geven. Een mantelzorger kan dan denken van ja, ik ben in ieder geval wel een betere dochter of een betere gelovige dan familieleden die geen zorg geven. En dat is eigenlijk een manier van omgaan met gevoelens van overbelasting, maar vooral ook met gevoelens van teleurstelling in familieleden die geen zorg geven. Het onderzoek laat daarmee dus ook zien dat het geven van zorg een hele emotionele en morele ervaring is. En om de ervaringen en behoeften van mantelzorgers te begrijpen, heb je ook gebruik gemaakt van intersectionaliteit. Wat zijn hierbij de belangrijkste bevindingen? Wat vooral naar voren komt is dat iemands migratiegeschiedenis, dus hoe iemand gemigreerd is, en de sociale klasse waarin iemand is opgegroeid van groot invloed zijn op het verkrijgen van vaardigheden die van belang zijn bij het organiseren en het delen van de zorg. Maar wat dit in de praktijk betekent, verschilt per mantelzorger. Omdat andere sociale factoren of andere aspecten van iemands identiteit en iemands levensgeschiedenis, ook beïnvloeden hoe de zorg ervaren wordt, hoe de zorg gedeeld wordt. Denk bijvoorbeeld aan iemands positie in de familie, of er een sociaal netwerk is of niet, en wat voor rol religie speelt in iemands leven. Dus je zegt dus eigenlijk dat iedere mantelzorger andere levenservaringen heeft en daardoor dus ook andere behoeftes heeft bij het delen van zorg. Klopt dat? Ja, dat klopt. Het onderzoek laat daarmee dus ook zien dat we ons niet moeten blindstaren op cultuur, op de cultuur en etniciteit van mantelzorgers. Maar in plaats daarvan iedere mantelzorger te zien als een uniek individu die verschillende ervaringen heeft en waarvan de achtergrond eigenlijk heel complex is. En die beïnvloeden de manier waarop iemand de zorg ervaart en de behoeften die iemand nodig heeft. Dus het is heel belangrijk om te kijken. Kijken naar de persoon die tegen je over zit als professional. In plaats van labels te plakken op mantelzorgers door ze te zien als onderdeel van een culturele groep. Ja, en je hebt ook met zorg- en hulpverleners gesproken. Wat kwam hieruit naar voren? Wat vooral naar voren kwam is dat zorg- en hulpverleners in het contact met mantelzorgers en families het vooral belangrijk vinden. Dat er ook een gevoel van nabijheid is. Want dat is nodig om de zorg te kunnen delen. En daarvoor is het heel belangrijk dat er ook een gevoel van begrip en vertrouwen is tussen mantelzorger en professional. Maar bij mantelzorgers met een migratieachtergrond, in hun contacten daarmee, wordt dit gevoel van nabijheid vaak verhinderd. Ook mantelzorgers ervaren vaak een gevoel van afstand. Waardoor je een nabijheid en vertrouwen eigenlijk niet hebt. Wat eigenlijk niet mogelijk is. En dat leidt er dus vaak toe dat professionals deze mantelzorgers niet verder kunnen helpen. En dat ze dus vast raken in hun werk. Daarnaast kwam naar voren dat professionals in hun werk heel erg uitgaan van een vraag en sturen benadering. Evelien vertelde het ook al eventjes. En in deze benadering wordt de regie heel erg bij de mantelzorger gelegd. Dus het is aan de mantelzorger om de hulpvraag te formuleren. Maar vaak werkt dat gewoon niet zo. Ik weet nog dat een paar professionals me ook vertelden dat wanneer een mantelzorger de hulpvraag niet formuleert of aangeeft geen hulp nodig te hebben. Dat de professional het dan ook moeilijker vindt om een mailtje te sturen of om even te bellen om te zien hoe het gaat. Want dan zou je misschien als professional opdringerig overkomen. Want het past niet binnen een vraag en sturen aanpak. Maar deze aanpak werkt vaak niet wanneer er geen vertrouwen is. Want iemand zou de hulpvraag gewoon minder snel formuleren wanneer er geen gevoel van vertrouwen is en nabijheid. Daarnaast werkt deze aanpak ook niet wanneer een mantelzorger bijvoorbeeld geen kennis heeft van dementie. Dus gewoon niet weet wat dementie is. En ook niet op de hoogte is van wat de mogelijkheden voor ondersteuning zijn. In de breakout sessie zal ik daar wat verder op ingaan. Maar wat vooral naar voren komt uit het onderzoek is dat deze aanpak er echt vaak toe leidt dat professionals vast komen te zitten in hun werk. En waardoor vervolgens mantelzorgers ook niet ondersteund worden in het delen van de zorg. Ja, dus je gaat in op die nabijheid en vraaggerichte aanpak. En als dat niet wordt bereikt, wat gebeurt er dan? Ja, wanneer dat gebeurt... Eerst zag ik dat het vaak gerelateerd wordt aan culturele verschillen. Dus het contact lukt niet. En het eerste waar professionals vaak aan denken, niet altijd, maar vaak wel, dat het te maken heeft met culturele verschillen. Dat gebeurt doordat professionals het contact met mantelzorgers met de migratieachtergrond vaak vergelijken met mantelzorgers uit de meerderheidspopulatie. Waarbij het contact vaak wat makkelijker gaat. Maar op die manier worden deze mantelzorgers als de ander gezien. Waarmee het heel moeilijk is om contact mee te maken omdat ze de cultuur niet zouden kennen. Dat wordt dan, zo is die gedachtegang dan. Daarnaast wordt ook vaak aangenomen dat, ook wat Evelien al eigenlijk vertelde en Savitri, is dat wanneer mantelzorgers niet om formele hulp vragen, ook al snel wordt aangenomen dat dat niet gebeurt. Omdat mantelzorgers met de migratieachtergrond nou eenmaal liever zelf zorg geven. Of nou eenmaal liever binnen het eigen sociale netwerk hun probleem oplossen of op zoek gaan naar ondersteuning. Behalve dat dat niet overeenkomt met de ervaringen van de mantelzorgers die ik sprak, leiden deze manieren van denken er vaak toe dat professionals vastlopen in hun manier van werken. En ze ervaren daardoor ook vaak een soort handelingsverlegenheid. Waardoor ze ook een beetje terughoudend zijn in het doorvragen bijvoorbeeld. En ja, daardoor komen veel vraagstukken niet op tafel. En wordt het delen van de zorg dus verder belemmerd. En een paar professionals die ik sprak hadden wel andere manieren gevonden om toch verbinding te maken met mantelzorgers. En obstakels te overkomen. Maar... De meeste professionals die ik sprak hadden het toch vaak over dit soort obstakels die ze tegenkwamen in hun contact met mantelzorgers met een migratieachtergrond. En dan komen we al bij de laatste vraag. Hoe kunnen zorg- en hulpverleners die nu ook meekijken mantelzorgers met een migratieachtergrond ondersteunen? Vaak wordt gedacht dat... Vaak wordt gezocht eigenlijk naar concrete formules of concrete handvatten bij het delen van de zorg met families en mantelzorgers met een migratieachtergrond. Maar die zijn er niet. En die kunnen er volgens mij ook niet zijn. Want het gaat altijd om maatwerk. Van een aantal professionals hoorde ik bijvoorbeeld dat ze het fijn zouden vinden als er een boek was met een overzicht van verschillende culturele gebruiken per culturele groep. Zodat ze hun contact met mantelzorgers met een migratieachtergrond daar vervolgens op kunnen afstemmen. Maar zoiets werkt niet. Dat zou gewoon echt niet werken. Omdat mensen veel meer zijn dan de culturele groep waar ze toe behoren. Wat wel kan helpen is om geen culturele labels op mantelzorgers te plakken. Maar om open en nieuwsgierig het gesprek aan te gaan. En zoals ik al zei, het is altijd heel belangrijk om te kijken naar de mensen die tegenover je zitten. En je af te vragen, hoe is iemand opgegroeid? Hoe lang woont iemand in Nederland? Zijn er sociale netwerken? Zijn er sociale netwerken of niet? Er zijn heel veel vragen die belangrijk zijn om de achtergrond en de levensgeschiedenis van de mantelzorger helder te kunnen krijgen. Dit soort aspecten spelen allemaal mee in hoe de behoeften zijn. En daarmee bedoel ik ook dat het belangrijk is om contact, verbinding te maken met de leefwereld van mantelzorgers. Want zij zijn een enorme bron aan kennis. En zij weten als geen ander hoe de ouderen met dementie geleefd heeft. En wat de behoeften zijn in de zorg. Dus vooral het gesprek aangaan met mantelzorgers. Wat daarna heel belangrijk is, is dat professionals zich ook bewust zijn van hun eigen referentiekader. Wanneer we het hebben over mantelzorgers met een migratieachtergrond, gaat het vaak over de cultuur van de ander. Maar professionals hebben ook een cultuur natuurlijk. Ze hebben ook hun professionele bagage. En ze nemen ook zichzelf mee in het werk dat ze doen. Dus het is heel belangrijk dat ze daar bewust van zijn. Want objectieve hulpverlening is er niet. We komen allemaal ergens vandaan. We zijn allemaal met bepaalde normen en ervaringen opgegroeid. En die kleuren de manier waarop je situaties... zorgsituaties in dit geval ziet en benadert. Dus in het contact met mantelzorgers denk ik wel dat het heel belangrijk is dat professionals zich constant afvragen met welke bril kijk ik naar deze zorgsituatie of naar deze mantelzorger. Het is natuurlijk ook belangrijk dat professionals gesteund worden hierin. Door de organisaties waar ze werken. En dat zou kunnen door diversiteit en inclusie als aandachtspunt te nemen. Dankjewel Meenal voor dit gesprek. We kijken heel erg uit naar jouw promotie half november. En mocht je daarbij willen zijn, stuur dan ook een berichtje even naar VAROS. En dan linken we je door voor de online sessie."
ouderenzorg.mp3,interviews,Whisper-large-v3-fast,199.89640232847626,"Welkom Shireen bij de podcast van Nextzorg. Leuk dat je er bent, dat ten eerste. Kan je uitleggen wat jij doet in de oudere zorg en hoe je destijds bent begonnen? Ja, gewoon even een kort voorstel rondje. Ja, mijn naam is Shireen, ik ben 31 jaar en ik werk al 13 jaar in de oudere zorg. Ik ben toen de tijd begonnen als receptioniste, als voedingsmedewerker en ook in de keuken. Ik was toen best wel jong, ik was uit mijn hoofd 17 dat ik daar kwam te werken, want ik heb mijn middelbare school diploma niet gehaald. En ik merkte al heel gauw aan mezelf dat ik de oudere zorg heel erg leuk vond en toen ben ik opleidingen gaan doen. Toen ik op de middelbare school zat, deed ik zorg en welzijn. En dan moet je natuurlijk stages gaan lopen en ik vond bijvoorbeeld met kinderen werken ook heel erg leuk. Maar toen heb ik stage gelopen in de oudere zorg, voor een soort snuffelstage voor twee weken. En toen merkte ik heel erg aan mezelf dat ik het heel erg interessant vond en gewoon leuk om met mensen te mogen werken. Zeker op die leeftijd, want ze hebben vaak een heel mooi verhaal met zich mee. En toen was ik inderdaad 17 dat ik al kwam te werken in de oudere zorg. Alleen vond ik het heel slecht. Ik vond het heel spannend en er werd al heel snel gezegd van ja, ga je nou echt billen wassen, want dat is dan waar het werk uit bestaat volgens heel veel mensen. Dus dat heeft me toen de tijd wel heel erg tegengehouden eigenlijk. Tot ik inderdaad een jaar of twintig was en dat ik toen eigenlijk wel gewoon een stap heb gemaakt dat ik dacht ik wil gewoon wel echt meer kunnen betekenen voor deze doelgroep. Ja, begrijpelijk. Want zeg maar, toen jij zo jong in de oudere zorg begon, vond je dat de begeleiding toen destijds goed was of viel dat wel echt vies tegen? Nee, dat viel toen de tijd wel een beetje tegen inderdaad. Ja, want ik wist dat er bij mij veel meer in mijn mars zat en zo iedereen om me heen eigenlijk die dat wel inzag. Alleen het werd best wel tegengehouden, omdat het heel erg werd gezegd van ja, maar je gaat billen wassen en het werd daar zo erg de focus op gelegd en het is zoveel meer dan dat. Tuurlijk, het hoort erbij, absoluut, maar het is zoveel meer dan dat. Dus ik ben wel blij dat ik uiteindelijk gewoon mijn eigen plan heb getrokken en dat ik stapsgewijs hogerop ben gekomen. Stel, ik ben nu werkende als IG'er en EVV'er. En wat houdt dat dan zeg maar precies in? De functie verzorgen in die IG bestaat voor individuele gezondheidszorg. Dat houdt in dat je de cliënt benadert naar zijn of haar wensen en behoeften. Dat je diegene echt als een individu ziet. Verzorgen in die IG houdt in dat je verpleegrechtelijkse handelingen mag uitvoeren, dat je daarvoor bevoegd en bekwaam bent. Ook medische handelingen, persoonlijke verzorging, ADL. Zoals wij dat noemen. Dat betekent algemene dagelijkse levensverrichtingen. Dus dat houdt in van het wassen en aankleden tot iemand douchen en alles wat ertussenin valt. Ik mag medicijnen uitzetten en ook uiteraard toedienen aan de bewoners. Wij zeggen graag bewoners. Je signaleert en observeert ook je bewoner en bij bijzonderheden rapporteer je dat in het dossier. Elke bewoner heeft een eigen dossier met een eigen plan, met doelen daarin. En wat het verschil dan is met EVV'er. Wat ik dan ook ben is, dat betekent eerst de verzorgende verantwoordelijke. Dat ik verantwoordelijk ben voor een x-aantal bewoners en daarvan dan ook de dossiers bijhoud. En dat ik het aanschrijfpunt ben voor de bewoner, maar ook voor de familie. En daarnaast, ik zorg ervoor dat de plannen ook in orde blijven. Dat ik daarvoor ook gesprekken in plan, zorg-leefplangesprekken zoals dat heet. Voorafgaand heb je dan vaak een MDO, een multidisciplinair overleg. En daar betrek je dan ook de arts bij, SOG-specialist, ouderengeneeskunde. Maar ook bijvoorbeeld een fysiotherapeut, een ergotherapeut, een logopedist. Die hebben we ook allemaal rondlopen bij mij in het huis, die daarvoor kan benaderen. En dan zorg ik er ook voor dat als er bijzonderheden zijn, dat dat wordt vernoemd in het zorgplan. Ja, want ik hoorde jou zeg maar net over dat jij ook zelf zeg maar de dossiersprijs hebt. Ja, want ik hoorde jou zeg maar net over dat jij ook zelf zeg maar de dossiersprijs hebt. Ja, want ik hoorde jou zeg maar net over dat jij ook zelf zeg maar de dossiersprijs hebt. Ja, want ik hoorde jou zeg maar de dossiersprijs hebt. En ik hoorde jou net ook praten over doelen. Bedenk jij ook de doelen voor de cliënten? Wat ze willen bereiken en waar ze aan moeten werken en wat voor doelen zijn dat dan? Onze organisatie is er zo op ingericht dat je, je hebt de vier levensdomeinen. Eentje daarvan is bijvoorbeeld woon- en leefomstandigheden. Ook participatie. Ik kan wel een voorbeeld geven. Stel iemand die... komt binnen met een cva, in volkswoorden broerte. Kan het een doel zijn dat iemand weer 10 meter wil lopen met rollator. Stel iemand kan helemaal niet meer lopen of moeilijk lopen. Dan heb je natuurlijk gelukkig je ergo en je fysio die daarin meekijken. Maar dan is bijvoorbeeld een doel dat iemand 10 meter kan lopen met een rollator. Ja, dat zijn wel mooie dingen. En zeg maar, in wat voor omstandigheden zijn dat dan? Want ik denk, ik neem aan als iemand... niet meer kan lopen dat het in een instelling is of in een organisatie is. Maar doe jij ook buiten de organisatie dingen, bijvoorbeeld in huis? Wat is eigenlijk jouw werkomgeving? Mijn werkomgeving is een woonzorgcentrum. Verpleeghuis, verzorghuis. En onze bewoners die wonen ook echt bij ons. En krijgen ook 24 uur per dag zorg. En als jij bijvoorbeeld die cliënt hebt die dan bijvoorbeeld wat je aanvalt niet meer kan lopen... en kan wel in één keer door goed doorzettingsvermogen wel weer 10 meter lopen. Wat voor voldoening haal jij dan zeg maar uit? Ja, trots wel. Wordt mijn tijdje echt trots? Ja, zeker. De bewoners die wij binnenkrijgen, die komen niet voor niks bij ons binnen. En soms komen ze uit hele schrijnende situaties. Vaak vanuit thuis. Ook wel vanuit de revalidatie dat ze doorstromen naar ons. Je ziet iemand helemaal opbloeien. Je ziet dat het goed doet voor diegene dat ze onder de mensen zijn. En dat ze maatjes kunnen vinden op de afdeling. Zowel met personeel, maar ook met medebewoners. En ik heb wel vaak al heel veel gevallen gezien. Gevallen, dat klinkt zo negatief. Ik heb al heel vaak gezien dat iemand dan binnenkomt en gewoon met de maanden heel erg opbloeit. En inderdaad weer hele stukken kan lopen. Of stel iemand die is binnengekomen met ondervoeding. Dat iemand gewoon bij ons flink aan het eten is en goed aan het aankomen is. In overleg met de diëtisten natuurlijk. Dat is mooi. Want je zegt, ze zoeken onderling ook wel contact met elkaar, dus de cliënten. Dus je ziet ook wel dat er echt banden worden gelegd tussen de cliënten zelf en andere cliënten. Is dat belangrijk in de organisatie zelf? Dat dat veel gebeurt, dat er echt ook samenhang is? Zeker, zeker. Iedereen is natuurlijk wel een individu. En we proberen wel de bewoner daarin vrij te laten. Wat diegene zelf wil. Maar als je inderdaad inziet of het is ook benoemd bij het eerste gesprek. Of tussendoor dat iemand behoefte heeft aan een praatje. Of spelletjes te doen. Of contacten te leggen met medebewoners. Dan willen wij daar wel in sturen inderdaad. En ook kijken van waar willen we dan diegene in de huiskamer neerzetten. Dat ze aanspraak hebben. We hebben ook heel veel activiteiten bij mij in huis. Dus dat is ook wel heel erg fijn. Dat ze dan ook contacten kunnen leggen. Ook met andere etages in het huis. Wat voor activiteiten moet je dan opdenken? Oeh, heel erg verschillend. We hebben wekelijks een wandelgroep. Waarvoor je kan opgeven. Maar we hebben ook soort van miniconcertjes als het ware. Dat er inderdaad artiesten komen optreden. Gewoon een gezellige activiteit om denk ik samen ook contact te leggen. Want zodra er zo'n activiteit is. Zodra er zo'n activiteit is. Bijvoorbeeld wandelen. Zijn die activiteiten dan ook echt gericht op het moment. Om met bijvoorbeeld een cliënt goed in gesprek te gaan? Ja, niet per se. Ook natuurlijk gewoon beweging en lekker buiten zijn. Maar je kan ook gelukkig zeer zeker mee in de rolstoel. Maar je gaat natuurlijk wel een leuk praatje maken. Ja, zeker. Want dan zal je ook wel vast wel mee hebben gemaakt. Dat cliënten heftige verhalen vertellen aan jou. Hoe kijk jij daar tegenaan? En hoe neem je dat mee in je werk? Als een bewoner aan mij een persoonlijk verhaal vertelt. Bied ik altijd een luisterend oor. Ik oordeel niet. Ik hoop altijd dat ik de zekerheid geef aan een bewoner. Dat het veilig is bij mij. Dat ze dit delen. En dat vind ik ook wel het mooie van mijn werk. Kan dat soms zwaar zijn, denk je? Niet de werkdruk. Maar meer de druk die opstaat omdat het best een heftig beroep is. En je het niet mee naar huis gaat nemen. Zou je dat niet ervaren? Jawel, zeker. We zijn natuurlijk allemaal mensen. Je kan het wel eens meenemen naar huis, zeker. Ja, absoluut. Maar ik probeer wel altijd voor mezelf zodra ik dan de deur uitstap. Dat ik denk oké, de werkdag is voorbij. Probeer het af te sluiten inderdaad. Ik heb gelukkig een heel fijn team waarin ik werk. Je kan het ook onderling bespreken. Stel het is echt heel erg heftig. Wordt dat ook genoeg gedaan? Zeg maar onderling nog gevraagd nadat het bijvoorbeeld een heftige casus is geweest. Of wordt dat goed besproken? Ja, zeker. We weten elkaar altijd wel goed te vinden daarin. En elk gevoel mag er dan ook wel zijn. En elk gevoel mag er dan ook wel zijn, zeg maar. Kan je ons meenemen in hoe jouw typische werkdag er een beetje uitziet? De zorg is natuurlijk altijd anders. De werkdag is nooit hetzelfde. Maar kan je ons ongeveer een beetje omschrijven hoe een typische werkdag voor jou eruitziet? Ja, zeker. Geen enkele werkdag is inderdaad hetzelfde. Ik draai voornamelijk avonddiensten. Dan begin ik om kwart voor drie in de middag. En dan begin ik vaak gewoon met een kopje koffie achter de computer. En dan ga ik me inlezen in de dossiers. De rapportages. Ik zet natuurlijk mijn werktelefoon aan. Dat ik de belletjes in de gaten kan houden die binnen kunnen komen. Dan hebben we de mondelingenoverdracht. Met de dagdienst. En zodra hun vertrokken zijn, dan doe ik mijn ronde. Soms moet je bewoners uit bed halen. Of heb je een toiletronde. Dan tegen vijf uur om en nabij begin je met medicijnen uitzetten. En die deel je dan ook gelijk uit op dat moment. Dan gaan de bewoners eten. En wij helpen dan ook de voedingsassistent met het uitdelen van het eten. Dan hebben wij pauze van de zorg. En dan heb je de eerste ronde zoals wij dat altijd zeggen. Met bewoners naar bed helpen en begeleiden. Op mijn etage heb je best wel een hele complexe zorgsituatie. Met heel veel bewoners die wij het liefst met z'n tweeën helpen. Want dat is voor ons wel zo prettig. Maar ook voor de bewoner. Om daar met z'n tweeën aan het bed te staan. Dus dan maken we ook een verdeling. Wie de tweetjes doet zoals wij dat zeggen. En wie dan de lopertjes doet. Zo noemen wij dat. En ik denk dat heel veel mensen dat ook wel herkennen hoe ik het nu benoem. Dan heb je de eerste ronde. Je evalueert tussendoor. Hoe gaan we? Gaan we goed? Zijn er bijzonderheden? Dan hebben we koffiepauze. En na de koffiepauze heb je dan de laatste ronde. Dan ga ik vaak ook weer medicijnen delen. Om een uurtje of negen. Gaan m'n collega's dan de zorg in. En soms dan de zon. En soms ga ik de zorg in. En dan doet m'n collega de medicijnen. En dan uiteindelijk rapporteer je al je bevindingen in het dossier. En sluit je alles af. En laat je alles netjes achter. Ja, en dit klinkt zeg maar wel als gewoon een beroep die nog wel te doen is. En dat jij niet veel stress ervaart. Zoals je het nu vertelt. Zijn er factoren waardoor dit voor jou echt een stressvolle baan is eigenlijk? Ja, zeker. Het personeeltekort. En dat is natuurlijk landelijk. Hebben we niet alleen wij als organisatie mee te maken. En dat is lastig. Want mijn afdeling is officieel een somatische afdeling zoals dat heet. Dat houdt in dat bewoners daar komen te wonen met lichamelijke aandoeningen. Maar inmiddels is dat een mengelmoesje. Met vaak toch wel PG. Psychogeriatrie. Dementie. Elke afdeling in de oudere zorg is erop ingericht. Dat je een x aantal medewerkers nodig hebt voor de zorgswaarde die op dat moment is op de afdeling. Roosters zijn soms heel lastig rond te boksen. En wat het dan inderdaad niet makkelijker maakt is dat mijn afdeling inderdaad wel heel complex is momenteel. Dat je niet met vast personeel werkt. Dus wel vaak eisenkrachten of zzp'ers. En zeg maar als jij zegt je werkt met uitzendkrachten en zzp'ers. Merk je dan ook dat die zzp'ers die dan in een instelling komen. Minder goed zijn opgeleid. En minder goed in een functie passen zeg maar. Dan iemand die daar bijvoorbeeld wel is opgeleid. En daar in dienst is bij zo'n organisatie. Nee dat niet. Want in principe heeft elke zzp'er dezelfde opleiding genoten. Mits je bijvoorbeeld helpende bent. Of een pleegkundige is natuurlijk een stapje hoger. Maar je merkt wel dat je wil het liefst iemand hebben die bekend is op de afdeling. Dus ook bekend is met de bewoners. Dat je ook echt goed op de zorgvragen kan inspelen. Ehm. Mijn verantwoordelijkheidsgevoel is best wel hoog tegenover de bewoners. Dus ik probeer vaak alle ballen hoog te houden. Uiteraard wel te delegeren. Maar soms moet je loslaten. En dat is moeilijk inderdaad. Want dan hoop je maar gewoon inderdaad dat alle zorg goed verloopt. Ondanks dat je bijvoorbeeld een looproute meegeeft. Of het een en ander vertelt over de bewoner. Ja wat zijn eigenschappen die je eigenlijk moet hebben. Om echt wel jouw beroep goed uit te voeren. Ehm. Empathisch vermogen. Ehm. Inlevingsvermogen ook. Ehm. Een zorg hart. Dat je ook echt zorg draagt voor je bewoner. Ehm. Je moet goed met mensen kunnen werken uiteraard. Goed samen kunnen werken. Maar ik denk toch wel. Vind ik toch wel het meest empathisch. Ja. Hoe ga je om met zeg maar. Situaties of agressief gedrag van een cliënt. Rustig te blijven. En professioneel te handelen. Ehm. Vaak komt agressiviteit voort uit. Ehm. Onbegrepen gedrag. Stel iemand is dementerend. Maar ook vaak uit frustratie vanuit die bewoner. Ehm. Ik probeer het niet te bagatelliseren. Ik probeer een luisterend oor te bieden. Ehm. Uiteraard wel mijn grenzen aan te geven. Ehm. Mijn organisatie die geeft ook training hiervoor. Weerbeheids trainingen. En je hebt ook e-learnings die je hiervoor kan volgen. Om het wel meer onder de aandacht te brengen. En. Ehm. Wij werken ook met mikmeldingen. Melding incident cliënt. Ehm. Die melding maak je online in het dossier van de bewoner. Ja. Wanneer het te ver gaat. Ehm. Mocht een melding vaak voorkomen. Dan gaat de leidinggevende hiermee aan de slag. Of de verpleegkundige. Of allebei. Ehm. Waar dan het euvel precies ligt. En wat we hiermee kunnen. Maar het voornaamste is uiteindelijk toch wel gewoon rustig blijven. En professioneel. Ja. Gebeurt het veel zeg maar dat er agressie op de werkvloer voorkomt. En gebeurt het dan op wekelijkse basis. Maandelijkse basis. Waar moeten we zeg maar een beetje aan denken? Ja. Het is een organisatie waar ik gelukkig niet heel vaak werk. Ehm. Het is wel voorgekomen. Ik heb zelf ook wel wat in het verleden meegemaakt. Ben je er voor bedoeld? Ja. Praat ik wel over een aantal jaar geleden. Dat er een bewoner bij ons kwam te overlijden. En familie was het niet eens met mijn handelen. Terwijl ik het wel in overleg had gedaan met familie in eerste instantie. En uiteraard met de arts. Ehm. De arts is altijd leidend. Ik doe nooit zomaar iets zonder dat een arts daar zich overheen heeft gebogen. En achteraf was familie dus niet blij hiermee. En ehm. Ja dat is toen wel een beetje uit de hand gelopen. En dat ik ook wel flink ben uitgeschold op dat moment. Ja. Dat is wel heftig ja. Maar je hebt heel erg te maken natuurlijk ook met familie wat je aangeeft. Zeker. Ja. Ehm. Hoe ga je daarmee om zeg maar? Want ja soms heb jij misschien het beste voor met een cliënt. En denk ik de familie dan dezelfde zoals je al aangeeft. Ja. Probeer altijd de situatie te begrijpen waar iemand vandaan komt. Ehm. Ik kan het me ook voorstellen dat het lastig is als je moeder of vader. Je oom, je tante. Noem het. Bij ons komt te wonen. En dat je samen moet werken. Ehm. Ik probeer altijd een luisterend oor te bieden. Ehm. Ja horen wat de wensen zijn. Maar ook wel wat haalbaar is. Ja en het gesprek aangaan. Want je wil het samen doen. Ja dat zijn natuurlijk hele heftige situaties waar je zeg maar in beland. Toen jij zeg maar begon met je zorgopleiding. Had jij verwacht dat zeg maar dit ook bij de zorg komt kijken? Of was je er totaal niet van bewust? Ik ben toen de tijd begonnen met mijn helpen opleiding. In de thuiszorg. En daar heb ik gelukkig geen agressieve cliënten gehad. Dat kwam inderdaad pas een beetje dat ik intramuraal ging werken. Dus echt in een verzorgingstehuis. Je hoort het wel. Want er wordt echt wel over gesproken. Maar ik had het zelf nog nooit meegemaakt. En tot je het zelf niet hebt meegemaakt. Dan is het ook wel een beetje in een grijs gebied. Maar ik merk wel dat er steeds meer aandacht voor is. Ja. Ehm. Ehm. Ehm. Ehm. Ehm. Ehm. Ehm. Ehm. Ehm. Ehm. Ehm. Ehm. Ehm. Ehm. Ehm. Stel dat iemand luistert dit en die denkt, dat vind ik een tof beroep. En die wil de route gaan volgen omhauserigig te gaan worden. Hoe kunnen ze die route gaan volgen, en ja, kun je daar wat dingen over uitleggen? Je kan de route belopen die ik heb gedaan toen de tijd. Ik was natuurlijk 17 toen ik dat ik kwam te werken in de ouderenzorg. Maar ik had geen middelbare school diploma. Dus ik had eerst mijn niveau 1 afgerond. Zorg en welzijn. Tegenwoordig heet dat zorgassistent. Toen vervolgens niveau 2. Dat is dan de helpende. En dan heb je ook de helpende plus. Dat houdt in dat je medicijnen mag verstrekken. Backster medicatie. Dat is dan al voorverpakt vanuit de apotheek. Dan heb je inderdaad de verzorgende opleiding. Dat is dan niveau 3. Wat ik dan inderdaad heb gedaan. En ik heb er gewoon stapsgewijs op mijn zoon omhoog gewerkt. Ik neem aan dat er genoeg hele grote organisaties zijn. En die vaak wel heel veel reclame maken. En het zorgpersoneel heeft al een tekort. En ik merk wel dat organisaties toegankelijker zijn. En ook kijken naar de persoon zelf. Dan naar het papiertje die ze wellicht niet hebben. Trek gewoon de stoute schoen aan. En loop met de huis binnen. Stuur een mailtje. Vind een telefoonnummer. Deels door het grote personeelstekort. Dat ze gewoon mankracht tekort komen. Waardoor ze ook wellicht binnen de hoog opgelopen. Leiden mensen ook aan te nemen. Ja, maar ook de vergrijzing. Die is natuurlijk enorm in Nederland. Ik merk bijvoorbeeld wel heel erg in mijn organisatie. Dat een zorgassistent of een voedingsmedewerker. Zich aan het opwerken is tot helpende of verzorgende. En soms zelf verpleegkundige. Wat zou je zeggen tegen mensen die twijfelen om in de zorg te gaan werken? Ja, kom een dagje meelopen. De oudere zorg is echt heel erg leuk. Het is enorm voldoende werk om te doen. Trek gewoon de stoute schoenen aan. En ga naar de eerste beste grote organisatie die je in de buurt hebt. Ja, kom vooral een dagje meekijken. Want dan zie je denk ik echt wel het beste wat ons werk inhoudt. En wat je zo doet op een dag. Wat je kan betekenen voor een bewoner. Ja, en gewoon doen. Wat kunnen organisaties volgens jou beter doen om nieuwe mensen aan te trekken dan? Hoe kunnen organisaties zichzelf nog aantrekkelijker maken om nieuw personeel. Of studenten te werven? Ik merk dat mijn organisatie tegenwoordig op social media toch wel zit. Dat je ze voorbij ziet komen op Instagram. Met ook echt wel een hele leuke quote. Die ze dan gebruiken om echt jongeren aan te trekken. Zo ook op Facebook natuurlijk. En dat doen ze goed. Want ik denk dat de jongeren inderdaad. Laten we zeggen 16 plus totaal geen weet heeft. En ik wil natuurlijk niet iedereen over één kam schillen. En ik wil niet iedereen over één kam schillen. Wat de zorg nou precies inhoudt. En dan in mijn geval oudere zorg. Dus ik denk dat het op die manier wel aantrekkelijk wordt gemaakt. Van hé kom werken bij ons. Om even terug te komen naar het stukje zeg maar social media. Wat je net ook vertelde. Wat voor content plaatste jouw organisatie dan om wel te zijn? En waar moet je dan aan denken? Stories. Tenminste als je dan stories aanklikt. Dan heb je natuurlijk reclame tussendoor. Daar zag ik mijn organisatie voorbij komen. Ook in je feed. Als je aan het scrollen bent heb je natuurlijk ook reclame. Daar zag ik ze ook voorbij komen. Hoe belangrijk denk jij zeg maar dat bijvoorbeeld een foto. Ten opzichte van een video is voor jouw organisatie? Ik denk dat een video wel iets meer kan laten zien wat het inhoudt. Ja een foto is natuurlijk maar een foto. Stel je hebt een kort filmpje van misschien 10 tot 15 seconden. Dan denk ik wel dat je iemand wat sneller over de streep kan halen. Waar loop jij in de praktijk het meest tegenaan als het gaat om goede zorggeving? Het meest tegenaan lopen. Om eerst dan de positieve kant te bekijken. Ken je bewoner? Leer je bewoner ook echt kennen? Dus praat met de bewoner. Leer de familie kennen. Spit de dossiers door. Doe je dat niet? Of heb je inderdaad. Minder kennis of nou niet minder kennis. Maar ben je inderdaad de zzp'er bijvoorbeeld. Ja dan kan je er wat tegenaan lopen dat je minder goede zorg kan bieden. Ja lastig. Ja en dat is een probleem wat niet op te lossen is. Maar gewoon het personeel tekort toch. Ja maar dat kan je niet veranderen. Nee. Ja want jij denkt zeg maar als het personeel tekort opgelost zou zijn. Dat jouw werk ook een stuk minder hoogt. Dat denk ik wel inderdaad ja. Ja. Kijk een organisatie is erop ingericht dat je een x aantal verzorgenden hebt rondlopen op de afdeling. Op een dagdienst. Een x aantal helpenden of assistenten. Zorgassistenten. Dus je kan wel zeggen van ga je opleiden ga je opleiden. Maar helpenden hebben we ook net zo hard nodig als een verzorgende. En een zorgassistent hebben we ook net zo hard nodig als een verzorgende. Wat doen organisaties? Is het organisatie ook te weinig om medewerkers goed te ondersteunen? Op zich doet mijn organisatie dat eigenlijk al best goed. Maar wat het lastig kan maken ja is toch het uursalaris als ik heel eerlijk ben. Op zich kan ik dat hier ook wel eerlijk bekennen is dat ik natuurlijk avonddiensten draai. Dus dan verdien je ook meer want dan krijg je OBT onregelmatigheidstoeslag. Doe je dat niet dan krijg je gewoon je standaard uurloon. Wanneer merk je dat zeg maar iemand op het punt staat om af te haken? En wat speelt er dan meestal? Ik denk dat dat komt omdat de zorg. Ja gewoon een zwaar beroep is. Zowel lichamelijk als geestelijk. Ik denk dat je dan op dat moment misschien toch te weinig kan verdienen voor hetgeen wat je wel niet doet. Werkende zorg is best pittig. Zowel lichamelijk maar ook mentaal. En voor hetgeen wat wij doen. Want we zijn wat dat betreft wel echt een manetje van alles. Je bent niet alleen zorgverlener maar je bent soms ook gewoon politieagent. En je bent psycholoog en je bent voedingsmedewerker. En je bent van alles en nog wat tegelijkertijd inderdaad. In je functie. Is ook wat je werk heel erg mooi maakt. En ook boeiend. Maar ik kan heel goed begrijpen dat het dan te zwaar valt voor hoeveel je dan verdient op dat moment. Wat vind jij dat een organisatie dan op zo'n moment kan doen? Nou de organisatie aan zich niet zo veel. Maar meer vanuit de overheid inderdaad. Er komen bijvoorbeeld wel weer langsvolgingen aan. En ze proberen het ook echt wel goed recht te trekken. Maar als je het mij vraagt. Vind ik het nog steeds wel dat het onderbetaald inderdaad. En hoe mooi ik mijn werk ook vind. En ik zal nooit de zorg uitstappen. Maar voor hetgeen wat je wel en niet doet. Verdien je eigenlijk wel te weinig. Hoe vind jij dat de capaciteit van personeel op jouw werk beter of slimmer geregeld kan worden? Onze afdeling en zo elke afdeling is ingericht op de zorgswaarde van alle bewoners. En daar wordt dan een potje van gemaakt. En dan gaan ze kijken hoe je ingezet kan worden. Dus dan gaan ze ook kijken naar de niveaus die ze nodig hebben. Ik ben wel van mening dat je meer gediplomeerd personeel mag hebben rondlopen. En met gediplomeerd bedoel ik echt verzorgende of hoger. Want doe je dat niet. Dan kan je ook niet de zorg en kwaliteit bieden die je wel graag zou willen bieden. En ik weet dat mijn organisatie echt wel zijn best daarvoor doet. Maar het is niet altijd haalbaar. En dan praat ik bijvoorbeeld ook over werken met onbekende aantallen. Uitzendkracht of zzp'ers. En die mogen dan wel soms gediplomeerd zijn. Maar dan nog ben jij wel de enige bekende die dan alle touwtjes in handen heeft. Waar gaat volgens jou nog veel tijd verloren in de dagelijkse zorg? Ik denk dan toch wel de administratie. Om een voorbeeld te geven is. Ik werk acht uur op een dag. En ik ben natuurlijk evv'er. Dus dat houdt in dat ik mijn mail moet bijhouden. Kijken of inderdaad. Of mijn familie mij benaderd heeft. Ik moet dan ook de zorgplannen daarop aanpassen als het nodig is. Ik wil de arts spreken. Dat is allemaal werk wat ik moet verrichten in mijn acht uurs dienst. Ja begrijp ik. Wat dan mijn collega met wie ik dan, die naast me staat dan op dat moment. Die bijvoorbeeld geen evv'er is. Die moet dan bijvoorbeeld weer een stapje harder lopen in de zorg op dat moment. Dus hoe het efficiënter zou kunnen durf ik niet helemaal dan te zeggen. Maar ik merk wel dat administratie wel een groot aspect is. Een grote rol. Een groot aspect daarin is. Want je geeft aan, je werkt veel met collega's. Wat maakt voor jou een fijn team om in te werken? Humor. Humor. Ja zeker. De hele dag lachen op tv-vloer. Ja continu. Ik vind humor wel echt heel erg belangrijk. Onderling vertrouwen. Dat je naar elkaar toe durft te komen. Dat je open bent naar elkaar en eerlijk bent naar elkaar. En durf ook te zeggen waar je tegenaan loopt. Maar ook bijvoorbeeld inderdaad hele heftige casussen die je dan mee kan maken. En zeker wanneer je inderdaad toch wel wat jongeren hebt. Die nog niet de ervaring hebben bijvoorbeeld. Dat je daar wel voor open staat om dat bespreekbaar te maken. Hoe wordt er volgens jou leiding gegeven in de zorg? In de ouderenzorg? In mijn organisatie goed. Ja. Wij hebben een teambegeleider en een teamleider. Die weet ik uiteraard wel te vinden wanneer het nodig is. Maar we zijn ook echt wel een heel erg zelfsturend team. En dat vind ik zelf persoonlijk wel fijn. Dat ik inderdaad daarin wel wordt vrijgelaten. En dat er voor mijn gevoel niet op mijn vingers wordt gekeken. En dat ik ook echt wel het idee heb dat ik serieus wordt genomen in mijn handelen. En hoe bekwaam ik ben en hoe professioneel ik ben. Want hoe zorg je ervoor dat je jezelf blijft in de zorg? Ook al heb je met zulke heftige casussen te maken. Hoe ik mezelf blijf. Ik denk dat dat misschien ook wel komt met de jaren. Want met de jaren ben ik natuurlijk ook wel gewoon meegegroeid. Ik durf wel. Ik durf wel het gesprek aan te gaan met mijn collega's. Maar ook met de bewoners. Ik doe me niet anders voor op mijn werk dan hoe ik privé ben. En dat is ook gewoon meer omdat je dan het beste zorg kan leveren. Want als ik inderdaad mezelf ga lopen wegcijferen. In bijvoorbeeld een heftige casus. Of ik zie dat iets beter kan. Dan laat ik wel van me horen ja. Wat zie je bij andere organisaties. Die het wel goed doen met personeel. Als het gaat om behoud van personeel. En de mensen die blijven. Ja vind ik een lastige. Want ik werk al 7,5 jaar voor dezelfde organisatie. Dus ik weet ook niet zo heel goed hoe andere organisaties dat precies doen. Ik heb wel vriendinnen die inderdaad werken voor andere organisaties. Maar ik merk wel dat hun ook een beetje tegen hetzelfde aanlopen. En dan ga je toch weer terug naar het landelijke probleem denk ik. Wat zou er volgend jaar dan beter geregeld moeten worden. Om mensen duurzaam inzetbaar te maken. Ja toch het vaste personeel aantrekken inderdaad. Dus niet je zzp'ers en je uitzendkrachten. Ik bedoel fijn dat ze er zijn maar inderdaad ze zijn duur. En ik denk dat je op daar manier efficiënter kan maken. Dat je ook meer poppetjes op de werkvloer kan zetten. Met de juiste diploma's. En op het gebied van de trainingen. Waar denk jij zeg maar nog veel winst te behalen van? Ik denk dat er landelijk wel meer. Training gegeven kan en mag worden inderdaad. Je hebt natuurlijk je e-learnings maar dat is online. Ik denk dat daar wel verbetering in zit. Om je scholing inderdaad up to date te houden. Jij vindt een training krijgen fysiek fijner dan een training online krijgen? En waar zit dat voor jou zeg maar dat grote verschil dan? Als ik een e-learning maak merk ik aan mezelf dat ik wel snel afgeleid raak. Sommige zijn interessant en ook echt wel leerzaam. Maar als je het fysiek meemaakt of dat je fysiek aanwezig bent. En het is ook nog eens een interactieve training. Dan heb je mij helemaal. Want dan vind ik het ook interessant. En dan doe je het samen met degenen die naast je staan op dat moment. Hoe belangrijk is ruimte voor ontwikkeling en autonomie voor jou? Belangrijk. Ik moet elke drie tot vijf jaar mijn handelingen. Vliegtechnische handelingen opnieuw laten aftoetsen. Mag ik ook uiteraard zelf aangeven als ik merk dat ik niet meer bevoegd of me bekwaam voel. En autonomie ja ik merk dat mijn werkgever dat op zich al doet. Bijvoorbeeld als je kinderen hebt dat je later mag beginnen om je kinderen naar school te brengen. Dat is fijn. Of dat je kortere diensten mag werken om welke reden dan ook. Dat doet mijn werkgever wel al gelukkig. Ja om inderdaad samen tot een goed rooster te komen. Wat wordt er volgens jou onderschat in de zorg. Als je kijkt puur naar instroom hebben houden. Ik merk bij mijn werkgever dat er al meer wordt gemoderniseerd. Om een heel goed voorbeeld te geven. Wij hebben passieve tealliften zoals dat heet. Zodat wij bewoners passief uit bed kunnen halen. Dat houdt in dat de zorgvrager geen loopfunctie meer heeft. En wij hebben sinds kort plafondliften. Dus dat zit dan vastgemaakt aan het plafond. En dat is ideaal. Want je hoeft niet meer de gang op te rennen om je passieve teallift te vinden. Hij werkt hartstikke goed. Hij werkt hartstikke licht. Dus dat is ook fijn voor je rug. En ik denk dat daar andere organisaties. En nogmaals ik werk niet bij andere organisaties. Maar dat ze daar misschien wel nog wat in kunnen leren. Om inderdaad dat behoud te hebben. Om ons werk makkelijker te maken. En efficiënter. En ook ergonomischer uiteraard. En wat mijn organisatie ook heel goed doet. Is uitjes organiseren. Net zoals aankomende week hebben we een kroegentocht door Haarlem heen. Voor het personeel. Ja hoe leuk is dat. Dat je... Gezellig met je collega's. Ja gezellig. Precies. En je leert elkaar kennen dan buiten werk om. En je bouwt een band. Ja dat doet mijn werkgever wel echt enorm goed. Waar ben jij het meest trots op als je kijkt binnen je werk? Het meest trots. Ja. Het kan echt voor alles zijn. Tot een cliëntenmoment. Tot adem. Ja. Nou ik heb dan wel een heel mooi voorbeeld van gister. Daar is mijn avonddienst. Dat een bewoner van oor tot oor glindert. Omdat hij mij ziet binnenkomen. En dat hij blij is dat ik dan een avonddienst heb. En dat hij dan ook vraagt aan mij. Van ben jij degene die mij naar bed komt helpen? En dan ben ik blij dat je er bent. En het is iets heel kleins. Maar dat maakt mij wel enorm trots. Dat ik het verschil kan maken voor een bewoner. Wat hoop je dat anderen ervaren door jouw werk? Dat ik wel heel erg betrokken ben. En dat ik de bewoner ook echt zie voor wie hij of zij is. Het is gewoon een persoon met vaak een grote levensachtergrond. En dat ik... Dat je verder kijkt naar dan alleen de aandoening die degene heeft. En dat je daardoor het verschil kan maken. Ja. Ja, mooi gezegd. Er zijn waarschijnlijk andere zorgorganisaties die het luisteren. Wat zou je ze willen meegeven om het behoud van qua personeel? Luisteren naar je personeel. Ja. Luisteren waar de behoeftes liggen. En natuurlijk wel binnen alle beperkingen. Uiteraard. Op die manier behoud je toch wel je goede personeel. Denk ik. Ja. En wat hoop je dat de kijkers die nu luisteren mee kunnen nemen uit jouw verhaal? Ik hoop dat ik duidelijk heb kunnen vertellen wat de oudere zorg inhoudt. Wat een werkdag is voor mij. Hoe dat eruit ziet. Ik hoop dat ik mensen hetzelfde gevoel geef als wat ik heb. Dat je heel veel voldoening kan halen uit je werk. En dat elke dag anders is. Maar je biedt hartstikke mooi werk. En je kan echt een verschil maken voor de bewoner. Dankjewel, Sherine, voor het delen van jouw verhaal. En voor je openheid en eerlijk vertellen van jouw verhaal in de zorg. Ik wil je hierbij bedanken. En dankjewel voor het luisteren naar deze podcast. Tot de volgende aflevering. Tot de volgende."
ouderenzorg-2.mp3,interviews,Whisper-large-v3-fast,353.6085936917412,"Goeiedag en hartelijk welkom bij weer een nieuwe aflevering van het programma Ouder Worden 2040. Vandaag bij mij in de studio te gast is Jan Smelik. Welkom Jan, goed dat je hier bent. Jij hebt heel veel functies. Je bent lid van de kwaliteitsraad, je bent algemeen coördinator van Nederland Zorgt voor Elkaar en ook nog voorzitter van Austerliet Zorgt. Dat heeft ook allemaal met elkaar te maken, toch? Ja, dat klopt. Ik begon met mijn vrijwilligersbaantje bij mijn eigen zorgcoöperatie in het dorp Austerliet waar ik woon. Dat bestaat een jaar of tien, ik ben sinds een jaar of drie voorzitter daarvan. Vanuit Austerliet zijn we het netwerk Nederland Zorgt voor Elkaar begonnen, het landelijk netwerk voor al dit soort initiatieven. Zo ben ik in die functie van algemeen coördinator gerold en van daaruit ook weer in de kwaliteitsraad terecht gekomen. Heel veel verschillende functies. En nu heb je ook nog besloten om je te gaan verbinden aan het programma Ouder Worden 2040. Wat spreekt jou daar zo in aan? Nou, ik moest in eerste instantie wel even nadenken toen ze me vroegen van, wil je mee praten over dat programma? Want er zijn natuurlijk al behoorlijk wat, ik noem het maar even praatclubjes of denktanks in de zorg en eromheen. Maar ik vond dit wel een interessante initiatief omdat het echt heel breed gaat. Dus het kijkt niet alleen naar het zorgaspect, maar alle aspecten van het leven, van de vergrijzende samenleving komen daarin aan de orde. Dus de thematiek sprak me in die zin aan omdat ik denk dat alles echt ook met elkaar verbonden is. Je kan niet alleen maar het zorgaspect eruit halen, want dan vind je niet de oplossing die je nodig hebt. En het tweede aspect wat ik aantrekkelijk vond, is dat ook in de deelnemers, degenen die erover gaan meedenken, of nu op dit moment dus in die... dus in die verschillende gremia zitten, is gekozen voor een heel breed palet aan mensen vanuit allerlei hoeken van de samenleving. En ik denk dat dat ook sterker maakt. Dus niet alleen zorgbobo's die met elkaar praten, maar ook echt mensen uit de samenleving, bedrijfsleven, actieve burgers zijn er allemaal bij betrokken. Ja, actieve burgers, daar hebben we meteen ook het onderwerp waar jij in gespecialiseerd bent, zullen we maar zeggen. Want we staan voor nogal een opgave met het ouder worden 2040. Wat is het belang van burgerparticipatie in de komende 20 jaar bij die ouder wordende samenleving? Ja, ik denk dat we niet zonder kunnen. Ik denk dat als we de zorg blijven organiseren zoals we dat nu eigenlijk de laatste 50 jaar gedaan hebben, waarbij we dus alle aspecten van het zorgen en het ondersteunen van mensen eigenlijk uitbesteden hebben aan, aan professionals, aan organisaties, welzijnsorganisaties, zorgorganisaties, woningbouwverenigingen. Alle partijen, zeg maar, zijn, bestaan uit professionals die allemaal hele nuttige dingen doen natuurlijk. Maar nou ja, er is natuurlijk al door allerlei mensen die er verstand van hebben berekend, dat dat allemaal niet op termijn niet meer houdbaar is, omdat de druk op dit soort organisaties steeds groter gaat worden door de vergrijzing, door de toenemende hulpvraag. En dus we zullen echt moeten nadenken over alternatieven. Hoe kunnen we de samenleving zelf betrekken bij het, ja, het zorgen voor en het ondersteunen van de toenemende groep ouderen in onze samenleving? Ja, en je zegt, daar moeten we over nadenken. Daar heb je vast ook al ideeën over. En hoe zouden wij die, die, een deel van die formele zorg en hulp over kunnen dragen naar, naar het informele circuit? Ja, nou in feite gebeurt dat denk ik al wel behoorlijk op behoorlijke schaal. We hebben zien nu dat het aantal initiatieven wat zeg maar op lokaal niveau binnen een eigen dorp of wijk dit soort dingen organiseert, dat neemt enorm toe. We zitten nu al op vijftienhonderd ongeveer, die we kennen. Een paar jaar geleden waren het er nog maar vijfhonderd, dus dat gaat echt heel hard. Dus zeg maar de basis is er om, om dat te gaan doen. Maar nu moeten we alleen nog de structuren vinden om dat op een goede manier in te bedden. Want nu is het eigenlijk, zijn er twee parallelle trajecten. Je hebt het formele zorgproject en je hebt wat ik dan even noemde nul de lijn zorg hè. Dus dat, dat is de, de georganiseerde zorg door burgers, dat, dat, in sommige plekken gaat dat goed samen. Maar op heel veel plekken loopt het eigenlijk nog parallel aan elkaar en we moeten dat eigenlijk met elkaar zien te verbinden. En dat is best wel een opgave, want ja, er zijn natuurlijk allerlei elementen in hoe we de zorg en ondersteuning nu georganiseerd hebben, die dat best wel bemoeilijken. De verschotting die we hebben met alle verschillende en dat, daar hebben we niet alleen professionals last van. Onderling, maar ook in de samenwerking met burgers, maakt dat dat best wel ingewikkeld. Dus daar moeten we echt nieuwe aan modellen voor gaan ontwikkelen en daar wordt ook wel echt aan gewerkt op dit moment vanuit, onder andere vanuit Nederland zorgt voor elkaar. Maar ja, dat, daar zijn we nog volop in ontwikkeling eigenlijk. Ja, maar die nieuwe modellen zijn wel nodig, want als we nu kijken, merk je toch heel veel berichten over overbelaste mantelzorgers bijvoorbeeld. De manier waarop we het nu georganiseerd hebben, ook voor die informele zorg, is ook niet houdbaar. Nee, dat klopt. We hebben ongeveer een half miljoen en inmiddels misschien zelfs wat meer structureel overbelaste mantelzorgers in Nederland. Ik denk dat dat echt een probleem van de toekomst gaat worden als we daar niet veel meer op gaan inspelen. Dat is iets wat je heel goed lokaal kunt organiseren zonder dat je het systeem daarbij nodig hebt, om even zo te zeggen. Dus bijvoorbeeld bij ons in Auschwitz hebben wij meer dan 100 vrijwilligers op een bevolking van ongeveer 1700. En we hebben een dorpsondersteuner, een professional, die wij aansturen. En die houdt echt die mantelzorgers in de gaten bij ons in het dorp. Die worden dus gemonitord, om het zo te zeggen. En zij kan heel makkelijk vrijwilligers inschakelen om respite te bieden of om te ondersteunen. Om even op adem te komen bijvoorbeeld. Ja, om even op adem te komen, maar ook gewoon structurele ondersteuning. Een schaakmaatje voor iemand die daar behoefte aan heeft. Zodat degene die de mantelzorg... moet verrichten even tijd heeft om wat anders te gaan doen. Dat is eigenlijk heel makkelijk lokaal te organiseren. Maar ik denk dat we ook moeten kijken naar meer verbindingen tussen informeel en formeel. Dat ook in het hele zorgtraject, als het wat meer professionele kenmerken gaat bevatten, dat we daar ook een betere samenwerking gaan krijgen. Dat is nog wel een aardige opgave waar we voor staan. Ja, want dan is het ook wel van belang om te kijken naar hoe wordt die formele zorg georganiseerd. En dat zal ook moeten veranderen. Ja, ik denk dat we nu eigenlijk wat we gezien hebben in de afgelopen periode, is dat we steeds meer schaalvergroting hebben gekregen. Dus dat we veel meer op een regionaal niveau of op een gemeentelijk niveau zijn gaan organiseren. De hele WMO is bijvoorbeeld op een gemeentelijk niveau georganiseerd. Die hebben dan weliswaar weer wijkteams. Maar ook die wijken zijn vaak niet ingedeeld op de manier waarop bewoners zelf naar hun wijk kijken. Auslitz is ingedeeld samen met een wijk in Zeist waar we eigenlijk helemaal niks mee te maken hebben. Nou, wij hebben... In Auslitz hebben we het zo geregeld dat wij een eigen dorptsteam hebben. Dus de WMO is daar afgesplitst van de reguliere WMO. Omdat wij gezegd hebben wij willen dat ook die ondersteuning via dezelfde patronen loopt als de informele zorg. Dus diezelfde dorpsondersteuner regelt ook de WMO. Dus die regelt het vrijwilligerswerk. Maar die regelt ook de formele ondersteuning. En eigenlijk kun je dat ook doorvertalen aan de wijkverpleging. Die kun je ook veel beter op datzelfde niveau organiseren. Dus we hebben ook een wijkverpleegkundige die heel nauw samenwerkt met die dorpsondersteuner. En eigenlijk als je dat op die kleine schaal van een paar duizend mensen organiseert. Dan is het heel simpel. En dan zolang je maar vanuit het belang van die gemeenschap gaat redeneren. En gebruik maakt van de kracht die er in die gemeenschap zit. Bij vrijwilligers zijn ook heel vaak bestuurders die in zo'n dorp wonen of in zo'n wijk wonen. Die daar best ervaring mee hebben om dat te organiseren. Maak daar gebruik van. En maak ook gebruik van de zilveren generatie waar de RVS het over heeft. Het enorme potentieel aan jonge pensionado's die nog heel actief kunnen zijn. En dat ook graag wel willen. En ik denk dat we daar nog veel te weinig gebruik van maken. Om die ook in te schakelen bij de zorg en ondersteuning voor de mensen die nog ouder zijn. En die echt zorg en ondersteuning nodig hebben. Er zijn nog genoeg. Zaken om aan te pakken. Maar als dat allemaal op die manier ook aangepakt wordt. Hoe ziet jouw ideale zorgsamenleving bijvoorbeeld over tien jaar eruit? Ik hoop dat over tien jaar overal zorgzame gemeenschappen zijn in Nederland. En zorgzame gemeenschappen bedoel ik een dorp of een wijk waar ze als bewoners ook eigenaarschap hebben genomen voor het zorgen voor elkaar. En dat zal in de ene wijk of dorp heel anders uitzien dan in de andere. Dat mag ook. Dat moet je vooral zo inrichten dat het past binnen de gemeenschap. En dan hoop ik dat de formele zorgpartijen en ondersteuningsorganisaties zich daarop gaan aansluiten. Dus dat die niet meer leidend worden. Maar dat de lokale processen leidend worden. En dat daar ondersteuning wordt geboden vanuit de gemeente. Vanuit woningbouwverenigingen. En als laatste punt wat ik denk heel belangrijk vind. Is dat we ook qua oudere huisvesting op een manier moeten gaan werken dat we dat ook heel lokaal gaan organiseren. Dus ieder dorp of wijk zou een kleinschalige woonvoorziening voor ouderen moeten hebben. Dat heeft twee grote voordelen. Eén is dat ouderen dan niet ontworteld worden uit hun eigen netwerk. We hebben in Auschwitz gemerkt toen we nog geen zorgwoningen hadden. Dat mensen op de laatste fase van hun leven vaak nog moesten verhuizen naar een verpleeghuis in de buurt. In Zeist of in Drieberg ofzo. En dat had meestal vrij dramatische gevolgen. Het is maar een paar kilometer verderop. Ja maar je wordt toch echt ontworteld. En je raakt je netwerk kwijt. En er zijn mensen ook echt uit heimwee overleden. Die kennen wij ook gewoon. Die dat gewoon een heel kort volgehouden hebben. Dus dat is één. En het tweede voordeel is dat als mensen hun sociale netwerk kunnen blijven houden. Is dat die mantelzorgers ook intact blijven. En dat die nog steeds kunnen blijven zorgen. Dus je krijgt veel meer informele steun. Op het moment dat je mensen in de buurt hebt. En dat je mensen in hun eigen woonomgeving kunt opvangen. Ook als ze wat zwaardere zorg nodig hebben. Zeker. Er is nog een grote opgave. Er moet veel gebeuren. Daar ga jij je ongetwijfeld ook hard voor inzetten. Samen met een aantal andere mensen. Hartelijk dank Jan voor je komst naar de studio. En u weer hartelijk dank voor het kijken naar deze aflevering van het programma Ouder Worden 2040. Tot ziens."
seksuele-voorlichting.mp3,interviews,Whisper-large-v3-fast,294.5604525099285,"Uit nieuwe cijfers blijkt dat het aantal infecties zoals gonoreu en syphilis in tien jaar tijd fors zijn gestegen. Ook in Nederland maken deskundigen zich zorgen. Volgens onderzoekers spelen meerdere factoren een rol. Het condoomgebruik daalt, mensen laten zich steeds minder snel testen en betrouwbare informatie over SOA's wordt steeds minder gevonden. Maar hoe staat het er eigenlijk voor in studentenstad Groningen? Welke SOA's komen het meest voor en wanneer is het verstandig om je te laten testen? Daarover ga ik vandaag in gesprek met Mariette van de GGD Groningen. Ik ga er even op bellen. Met Mariette, afdeling seksuele gezondheid GGD Groningen. Hoi Mariette, je spreekt met Madelief van Spot TV Groningen. Hoi, hoi. Ten eerste heel erg bedankt dat je even tijd voor ons hebt vandaag. Zou je jezelf kort kunnen voorstellen en vertellen wat jouw rol is binnen de GGD? Zeker. Ik ben dus Mariette en ik ben werkzaam als verpleegkundige op de afdeling seksuele gezondheid hier van de GGD. Waar wij ons bezighouden met alles wat met seksuele gezondheid te maken heeft. Voor de gehele provincie. Dus dat kan gaan. Om het doen van SOA-testen, seksualiteitsproblematiek, seksuele gezondheid, noem maar op. En we zien de laatste tijd berichten over een stijging van het aantal SOA's. Is dat iets wat jullie ook opvalt? Ja, er is inderdaad heel wat aandacht momenteel voor het feit dat er meer SOA's zijn. Het is wel iets wat wij zien, maar wij zien het al wel een wat langere tijd. En wat daar misschien wel goed is om te benoemen is. We zien nog steeds dezelfde SOA's en het is ook nog steeds iets zo dat de meeste, de grootste SOA die gevonden wordt, dat is chlamydia. Dus die vinden we nog steeds het meest. Maar er zijn een bepaald aantal SOA's waar we nu wat meer besmettingen van zien dan voorheen. Dus daar is wel een lichte stijging in te zien. Zou je daar eens wat meer over kunnen vertellen? Ja, tuurlijk. Nou, we zien voornamelijk dat onderdeel en syphilis nu wat aan het stijgen zijn. Dus voorheen, we zien eigenlijk altijd al wel veel chlamydia besmettingen. Maar we zien dus nu ook wel wat meer gonoreu en syphilis. En dat is eigenlijk sowieso landelijk wel te zien, maar ook al in heel Europa. Maar dat is dus ook al wel van het afgelopen jaar dat dat aan het spelen is. Dus het is niet dat er nu opeens een enorme uitbraak is of zo. Het speelt al wat langer en het is gewoon een geleidelijke stijging. Dus het is ook niet dat er nu in Groningen een enorme uitbraak van SOA's is. Maar ja, het is wel iets wat wij opmerken. Ja. En waarom denk je dat dat nu dan past? Zo onder de aandacht komt in het nieuws als je zegt van het is eigenlijk al een jaar gaande? Ja, dat is wel een hele goede vraag. Dat is ook wel interessant. Ik denk omdat er een Europees onderzoek is uitgekomen waarin dit wordt benoemd. En dat dat dan toch iets is waar mensen op aanstaan. Wellicht ook wel wat angst voor hebben. En dat er daardoor ook dan gewoon media aandacht voor komt. Dat het dus eigenlijk al iets is wat wij al wel wat langer zien. En hoe staat het er op dit moment? Hoe staat het er voor in Groningen? Want je zei al even die stijging is hier ook te zien. We hebben natuurlijk een studentenstad met een studentencultuur. Hoe staat het er voor hier bij ons? We zien dus ook in Groningen wel dat Gronereu wat meer stijgt onder jongeren. Maar überhaupt onder mensen en de syfilis ook wel wat. Nu is syfilis nog steeds iets wat we voornamelijk vinden bij mannen die seksen met mannen. En Gronereu wel onder alle doelgroepen die wij zien. Ja. Maar ik denk dat... Kijk, het is altijd vervelend dat SOA's stijgen. We willen het liefst dat er zo min mogelijk SOA's zijn. Want SOA's, nou die brengen zorgen met zich mee. Die kunnen gezondheidsregio's met zich meebrengen. Dus dat is natuurlijk nooit wenselijk. Maar het is niet dat het nu zo de spuigaten uitloopt dat wij het hier in Groningen denk ik heel slecht doen. Maar ja, wat je zegt, wij zijn wel een studentenstad. Het kan zijn dat er natuurlijk hier veel onveilige seks plaatsvindt. Maar het is nou niet zo dat wij als Groningen het zo veel slechter doen. Of dat het hier heel opmerkelijk is dat het hier extra is dan in de rest van Nederland of van Europa. Dat is een geruststellende gedachte, denk ik. Dat het hier niet zo de hand op de spuigaten uitloopt dat men alleen maar naar Groningen kijkt. Nee, nee hoor. Dat is helemaal niet nodig. Want zijn er bepaalde leeftijdsgroepen waarin de stijging het hoogst is of het meest te merken is? Ja, daar kunnen wij eigenlijk niet heel veel over zeggen. Kijk, wij zien eigenlijk alle leeftijden wel vanaf dat mensen een beetje seksueel actief worden. Dus dat kan beginnen vanaf veertien en dat gaat echt door tot in negentig. En al die leeftijdsgroepen zien wij ook. Dus wij kunnen niet per se, en heel veel wordt natuurlijk ook nog steeds bij de huisarts gezien. Of mensen doen thuis online testen. Dus wij kunnen niet echt per se. We kunnen niet per se iets zeggen over in welke leeftijdsgroep dat nou meer voorkomt. We zien overal wel dat soms wat meer stijgen. Dus dat is bij studenten, maar dat is ook bij mensen die ouder zijn en bij volwassenen. Ja, oké. Want merk je dat jongeren dan anders omgaan met seks en bescherming dan bijvoorbeeld een aantal jaar geleden? Nou, we zien wel vanuit cijfers dat condoomgebruik echt wel wat aan het afnemen is. Dus er wordt onder zoveel jaar een onderzoek uitgevoerd dat heet seks onder je vijfentwintigste. Nou, bij. Veel is een beetje hoe het ervoor staat met de seksuele gezondheid van jongeren. En daarin zien we wel dat er een daling te zien is in het gebruik van condooms. En dat kan natuurlijk ook weer met zich meebrengen dat we nu meer soa's zien. Dat zou wel een logisch gevolg zijn natuurlijk. Dus voorheen was het toch wel wat gebruikelijker om een condoom te gebruiken. Ik denk dat dat voorheen en al helemaal jaren geleden sowieso al wat normaler was. Maar dat wordt dus toch steeds wat minder sexy. Terwijl er eigenlijk heel veel van deze dingen voorkomen kunnen worden als mensen wat meer condooms zouden gebruiken. Maar ook dat het niet gebruik van condooms, dat zien we eigenlijk ook weer bij bijna alle leeftijden wel terug. Dus het is niet zo dat studenten daar echt het grote probleem in zijn. Misschien überhaupt dat condoomgebruik wat aan het afnemen is, wat minder sexy wordt gezien. Want wat denk je dat de verklaring is dat het condoomgebruik zo afneemt? Ja, dat vind ik best wel moeilijk om te zeggen. Ik denk dat het voornamelijk wellicht te maken heeft met het feit dat er minder campagne op wordt gevoerd. Dus vroeger had je echt grote condoomcampagnes, werd er heel veel aandacht aan besteed tijdens seksuele voorlichting. Was het dus veel meer een besproken onderwerp, echt wel een beetje een hot topic. En dat ging natuurlijk zo goed dat ze toen gedacht hebben, denk ik van nou, dat is niet meer nodig. En nu zien we dus ook dat er al best wel een tijd niet echt condoomcampagnes hebben plaatsgevonden. Dat het wellicht ook de seksuele voorlichting wat aan het veranderen is. En dat dat dus wellicht nu tot gevolgen heeft dat mensen minder condooms gebruiken. Op wat voor manier verandert de seksuele voorlichting dan? Nou, ik weet niet. Ik denk dat we er voorheen gewoon wat meer aandacht aan besteden. Dus misschien dat scholen er steeds meer voor kiezen om de seksuele voorlichting zelf te geven. Wij hebben überhaupt ook in Groningen minder capaciteit om langs alle scholen te gaan natuurlijk. Maar er is ook wel een beetje verschuiving. Om te zien dat het wellicht allemaal wat preutser wordt. En ja, eigenlijk is er eigenlijk, dat is wel van alle tijden, dat er tijdens seksuele voorlichting op school is er heel veel aandacht voor de praktische zaken. Dus wel zoals bestaan, je kan zwanger worden, seks is eigenlijk hartstikke eng, begin er maar niet aan. En veel minder, hoe bereid je jezelf goed voor en hoe zorg je ervoor dat seks leuk is. En nou ja, wij zeggen ook wel, leuke seks is seks zonder zorgen. Maar daar is eigenlijk weinig aandacht voor. Wat eigenlijk heel jammer is. En wellicht als jongeren toch beter voorbereid hun seksuele carrière ingaan. En daarmee ook meer oog hebben voor, nou, ik vind het belangrijk om mezelf te beschermen. Ik vind het ook leuk om zorgloos seks te hebben. Dus ik pak er vaker een condoom bij. Is er dan wel voldoende kennis over SOAS? Of zien jullie ook nog vaak misverstanden? Nou, ik heb wel het idee dat er op zich best wel wat kennis is. Maar ja, helaas zien we ook nog steeds wel wat misverstanden. En dat heeft dan voornamelijk te maken met hoe kan je een SOAS, hoe kan je een SOAS oplopen? We horen soms echt nog wel verhalen van, nou, kan ik dan een SOAS krijgen van de wc-beel? Of opzoenen? En dat zijn hele goede vragen om te stellen. En we zien toch ook wel nu met de verschuiving van het testen op chlamydia, dat heel veel jongeren dan nu opeens denken, nou, chlamydia is helemaal niet meer gevaarlijk. Dus daar hoef ik me helemaal niet meer voor te testen. Terwijl, ja, dat is eigenlijk niet waar. Het is wel nog steeds belangrijk om je te testen als je klachten hebt. Of als je wat de partner bijvoorbeeld chlamydia heeft. Want een chlamydia met klachten kan nog steeds wel gevolgen hebben voor je gezondheid. Wanneer is het verstandig om je te laten testen? Nou, dat is voornamelijk verstandig als je klachten hebt. Dus merk je iets op, denk je, dit voelt niet helemaal pluis. Ga dan zeker testen. Maar ook als je bijvoorbeeld een waarschuwing hebt gekregen. En ik denk dat het überhaupt verstandig is om je bijvoorbeeld elk half jaar of elk jaar wel te testen. Testen als je onveilige seks hebt. Dus heb je regelmatig onveilige seks, nou, dan is het misschien toch verstandig om je elk half jaar tot jaar te testen op SOA om er zeker van te zijn dat je niks hebt. Maar het is voornamelijk belangrijk om te komen testen als je ook echt daadwerkelijk klachten hebt of een waarschuwing hebt gekregen. Ja, ja, wat gebeurt er als een SOA niet op tijd wordt ontdekt of behandeld? Ja, dat is een hele goede vraag. Nou, en dat dat verschilt een beetje per SOA. Dus een chlamydia zonder klachten. Dus dat is een hele belangrijke. Een chlamydia zonder klachten, dat kan niet heel veel kwaad. En dat ruimt je lichaam ook gewoon vanzelf op. Heeft ook niet meer die hele schadelijke gezondheidsrisico's die voorheen wel verteld werden. Dat is wel wat anders met een gonoreu. Dus een gonoreu is natuurlijk ook een SOA. Kan nog steeds bestaan, ook zonder klachten. Maar een gonoreubesmetting wordt eigenlijk niet zo goed door het lichaam zelf opgeruimd. Dus daarvoor is het wel belangrijk om te testen. En loop je heel lang. Rond met een gonoreu of heb je een chlamydia met klachten. Ja, dat is voornamelijk gewoon vervelend voor de cliënt zelf. We zien eigenlijk pas dat SOA's echt invloed kunnen gaan hebben op je gezondheid. Als je meermaals een SOA hebt gehad met klachten. En dan kan het zijn dat dat voornamelijk bij vrouwen wat effect kan hebben op de vruchtbaarheid. Ook dat is wel, daarom is het ook wel zo belangrijk om je te beschermen tegen SOA's. Door middel van condooms. Dat er toch heel veel mensen zijn. Die toch wel echt een kinderwens hebben. Maar het is dus wel niet zo, we willen wel een beetje weghalen van oh, wees maar super bang. Want het is echt niet dat je in één klap onverruchtbaar wordt. Dat denken ook wel heel veel mensen. Maar het is zeker wel belangrijk om je te beschermen. Omdat dus vaker een SOA hebben, wel daadwerkelijk daar effect op kan hebben. Ja. En ik denk dat het goed is dat je dat ook zo benoemd. Omdat ik inderdaad ook in mijn omgeving dan hoor van oh, met chlamydia dan hoef je nu niet meer te behandelen. Hoef je geen kuurtje meer. Dus het kan allemaal niet zoveel kwaad. Als je een keer chlamydia krijgt. Maar dat is dus niet waar. Nee, dat is toch wel wat genuanceerder dan die uitspraak van oh, ik heb chlamydia, dat boeit allemaal niet meer. Want ook al heb jij zelf geen klachten. Dan kan je het nog steeds aan iemand anders geven. En die kan wel klachten krijgen. En heb je dus een chlamydia met klachten. Ja, dan kan het nog steeds zeker wel een gezondheidsrisico met zich meebrengen. Ja. Ik denk heel goed om te weten. Dan zou ik graag willen afsluiten met de vraag. Wat is volgens jou de belangrijkste boodschap over veilig seks hebben. Je laten testen op soa's. Voor de mensen die hier misschien naar kijken. Ja, nou ik denk eigenlijk dat het heel goed is dat we condooms weer een beetje gaan promoten. En ik weet dat heel veel jongeren, maar überhaupt mensen denken van oh maar condooms daar is toch helemaal niks aan. Maar daar is echt nog heel veel in te experimenteren. En ook heel veel in te doen als we bijvoorbeeld zitten niet lekker. Kijk een keer naar een andere breedte maat. Ben je bang voor de kosten. Je hoeft echt niet altijd de Durex condooms te doen. Kruidvat eigen merk is net zo goed. En dan ben je voor 3,50 euro. Heb je al een pakje condooms. En voornamelijk ook leuke seks is seks onder zorgen. En heb je seks gehad en heb je toch die zorg van oh heb ik misschien een soa. Dat heeft toch invloed op die hele ervaring. Doe je het veilig. Heb je het vaak ook leuker. Hoef je die zorgen niet mee te dragen. En heb je toch een keer dat je denkt dit is niet helemaal goed gegaan. Of ik wil me toch even laten checken. Nou dan kan je altijd bijvoorbeeld op onze website kijken voor meer informatie. En dan kunnen we altijd met mensen meekijken of ze bij ons kunnen komen soa testen natuurlijk. Ja want waar kunnen mensen terecht voor betrouwbare informatie of een test? Nou betrouwbare informatie sowieso altijd op onze website. Dus als je gewoon naar GGD Groningen gaat. En dan klikt op seksualiteit. Dan kom je bij onze pagina. Nou daar staat heel veel informatie. Je kan altijd bij je huisarts terecht voor gewoon goede soa testen. Je kan ook bij sommige online aanbieders. Dus bijvoorbeeld soa polynoord is een hele goede die wij veel aanraden. En dus vooral je bij ons in onze doelgroep. Dan kan je ook bij ons komen testen. Alleen ja bij ons is er gewoon maximale capaciteit. Wij kunnen helaas niet heel Groningen zien. Dus maak je echt heel veel zorgen. Wil je zo snel mogelijk terecht. Dan kan je altijd naar de huisarts. Maar wij kunnen ook altijd met je meedenken. Nou super. Ik denk dat dat heel goed is om te weten voor een hele hoop mensen. Mooi. Ik wil je heel erg bedanken voor je tijd. En je wijze woorden. Geen probleem. Super. Wil jij nou niet met een duiper lopen deze zomer? Gebruik dan toch gewoon weer een condoom. Want fijne seks is zorgeloze seks. Mocht je nou toch denken dat je iets hebt opgelopen. Laat je dan testen bij de lokale GGD. Via de huisarts. Of via een kit die je zelf kan bestellen op het internet. Bedankt voor het kijken en tot de volgende keer."
ggz-behandel-traject.mp3,interviews,Whisper-large-v3-fast,291.06883526142843,"In deze aflevering heb ik Maaike te gast. Zij is psycholoog en ze gaat ons alles vertellen over wat een psycholoog voor jou kan betekenen als je last hebt van hyperventilatie, paniekklachten, andere stressgerelateerde klachten. Dus welkom Maaike, kan je je even kort voorstellen? Ja, dankjewel Nicole. Goedemiddag, goedemiddag luisteraars ook. Mijn naam is Maaike Groh, ik ben 38 jaar en ik ben oprichtster van Vrij Zijn met Eet. Ik begeleid vrouwen met een eetstoornis. En ik heb hiervoor heel lang gewerkt als psycholoog, 16 jaar gewerkt als psycholoog. En onder andere ook bij angststoornissen, waaronder dus ook paniekaanvallen, paniekstoornissen, zeg maar, voorkwam. Ja, dus dat is even kort over mij. Ja, fijn dat je tijd vrij kan maken om ons te gaan vertellen wat een psycholoog voor jou zou kunnen doen als luisteraar. Want vaak als je naar een huisarts gaat met deze klachten, met ik heb last van paniekaanvallen, angststoornissen of vage onverklaarbare klachten zoals hyperventilatie, dan krijg je vaak een doorverwijzing naar een psycholoog. En wat ik heel graag van jou wil weten is, wat gebeurt er nou eigenlijk? Je krijgt zo'n verwijzing en dan bel je op om een afspraak te maken. En hoe gaat dat hele proces dan eigenlijk in zijn gang? Ja, nou allereerst zal je waarschijnlijk met de secretariaat antwoord. Het ligt overigens aan of we het hebben over een GGZ-instelling of een vrijgestelde psycholoog. Dat is natuurlijk ook nog altijd, daar kan je ook nog met een verwijsbrief aan naartoe. Maar als het een GGZ-instelling betreft, dan zal je in eerste instantie met de secretariaat een afspraak in kunnen plannen. En vervolgens wordt er dus een intake ingepland, een intakegesprek, waarin eigenlijk zo volledig mogelijk een beeld van jou wordt verkregen. Dus hoe ziet dan jouw paniekaanvallen eruit? Hoe vaak komt het voor, frequentie? Is dat altijd al zo geweest? Is dat pas geleden gestart? Zijn er andere problemen, bijvoorbeeld alcoholproblematiek bijvoorbeeld? Dat is een contra-indicatie, noemen we dat. Dus dat betekent dat er eerst aan de alcoholproblematiek gewerkt moet worden, voordat we dus aan de paniekstoornis dan eventueel kunnen werken. En zo wordt er dus eigenlijk een volledig beeld verkregen van de persoon, om te weten van ja, wat gaan we nou precies doen? En is dat nu ook het moment om de behandeling in te zetten voor een paniekstoornis? Ja, dus eerst gaan jullie eigenlijk dan kijken van, oké, maar waar komt het een beetje globaal vandaan? Oftewel, wat heb je andere klachten? Bijvoorbeeld ook, misschien zit er een depressie bij of zit er een trauma achter? Precies. Dus er wordt eigenlijk even breder gekeken. Misschien, er zijn natuurlijk ook veel mensen met PTSS of autisme. Er wordt eigenlijk gekeken van, hé, maar wie is deze persoon eigenlijk? En dan wordt er dus pas een traject in gang gezet. Dus dat wordt dan een beetje op de persoon afgesteld, denk ik. Ja, zeker. En dan krijg je een niet meer klare oplossing. Nee, dat klopt inderdaad. Er wordt per persoon gekeken en ook welke problematiek staat op de voorgrond. Dus als inderdaad andere problematiek op de voorgrond staat, dan dient dat eerst behandeld te worden. Bijvoorbeeld trauma is een goed voorbeeld wat je net noemt. Als dat echt meer op de voorgrond staat, dan moet dat eerst behandeld worden voordat dus dan bijvoorbeeld een paniekstoornis behandeld zou kunnen worden. Dus daar wordt eigenlijk een overwogen keuze in gemaakt. Ja. Ik kan me voorstellen dat als jij dan een afspraak maakt, dat je zelf helemaal niet zo duidelijk hebt waar het dan vandaan komt. En dat in één gesprek zal dat dan ook niet altijd allemaal duidelijk zijn, toch? Ja. Nou, wat er op dit moment is aan klachten, is meestal wel duidelijk. Dat kan de psycholoog ook vragen met, dat zijn bijna een soort van ja-nee vragen bijna. Ze spraken van dit, heb je nog andere klachten? Of loop je hier nog tegenaan? Nou, op zich kan je dat of bevestigen of ontkrachten. Dus dat is op zich wel helder. Waar het precies vandaan komt, dat is inderdaad niet altijd helemaal helder. Wat bijvoorbeeld uit onderzoek blijkt, is dat vaak... Nou ja, de enige samenhang is bijvoorbeeld met verlating of verlies in de jeugd. Dat daar komt vaak een paniekstoornis... Dat heeft daar vaak wel een koppeling mee, of dat zien we dan vaak. En met agorafobie, dus dat betekent het niet naar buiten durven gaan. Of voor bepaalde plekken dus ook vermijdens, dat er ook combinatie bij is. De straatvrees bedoel je dan ook, hè, bijvoorbeeld. Precies, ja, de straatvrees. Zien we dat dat vaak dan bijvoorbeeld weer juist gerelateerd is aan een probleem met zelfstandig gaan wonen. Dus rond de 20, 30 jaar zo'n beetje ontstaat vaak ook. Maar het is ook soms niet helemaal helder te krijgen waar komt het precies vandaan. En op zich is dat voor behandeling ook niet zozeer relevant. Dus daar gaan we eigenlijk niet heel erg naar graven of wat dan ook. We gaan echt meer in het praktische aan de slag ermee. Ja, maar dat is wel belangrijk, hè. Want ik kan me voorstellen dat er ook mensen zijn die denken, nou, ik heb helemaal geen zin om over mijn jeugd te praten. Of ik had best een prima jeugd, dus het is helemaal niet relevant. Of ik heb geen zin om mijn ouders de schuld te geven, die hoor ik ook nog wel eens. Dus echt niet altijd het geval dat daarin gaan gegraven wordt. Nee, tenminste bij ons was dat dan met name gewoon heel licht vragen. Zijn er nog bijzonderheden in de jeugd? Zijn er nog dingen wat we moeten weten? Want kijk, zouden er nou hele ernstige trauma's zijn in de jeugd, dan is het natuurlijk wel belangrijk om te weten. Want dan moet daar misschien op ingegrepen worden in plaats van de paniekstoornis mee te starten bijvoorbeeld. Maar nee, anders is dat inderdaad, ja, vooral wordt er gevraagd naar bijzonderheden. En wordt er vooral eigenlijk daarmee dus afgewogen van is de paniekstoornisbehandeling dus nu ook het beste om nu in te zetten. Ook om eerlijk te zijn, want stel dat er een hele heftige trauma is geweest in de jeugd. Ja, dan kunnen we misschien wel werken op die paniekstoornis. Maar als we verwachten dat we het trauma behandelen, dat dan de paniekstoornis vanzelf overgaat, dan heeft het misschien niet zoveel nut om dus aan die paniekstoornis te werken. Tenminste, dan verwachten we dus dat er meer effect zal zijn door aan de trauma te werken. Maar dat kan nog altijd overwogen worden van nou weet je, dan gaan we toch al met de paniekstoornis aan de slag als je niet met het trauma aan de slag wil gaan. En gaan we kijken, maar we zijn wel eerlijk, we gaan kijken hoe ver we daarmee gaan komen. Ja, dus dat gaat wel in overleg natuurlijk. Ja, zeker. Er wordt niks geforceerd sowieso. Het is geen verplichte behandeling of wat dan ook. Dus het is allemaal vrijblijvend en de cliënt is daar zelf ook bij. Dus die mag zelf inderdaad ook aangeven van nou dit is precies wat ik zoek of dit is totaal niet waar ik naar op zoek ben. Ja, logisch natuurlijk, want het gaat natuurlijk om jouw herstel. Ja, precies. En het is natuurlijk ook belangrijk dat je daar iets over te zeggen hebt natuurlijk. Ja, precies. Soms moet je natuurlijk ook wel het advies aannemen van degene die daarvoor geleerd heeft en die er natuurlijk in gespecialiseerd is. Ja, zeker. Tegelijkertijd weten we ook niet alles. Dus soms denken we dat het inderdaad dan beter is om aan de trauma te werken. Maar uiteindelijk is de wil zo groot bij de cliënt en de motivatie dat het dan wel lukt om aan de paniekstoornis te werken. Gewoon met de paniekstoornisprotocol. En soms zie je dat dat dan weer juist maar voor korte termijn heeft gewerkt. Dus dan zie je dan toch een cliënt weer terugkomen. Dat die na een aantal jaren dan weer zegt van nou het is toch weer terug. Het was toch onvoldoende. En dan toch alsnog wel de traumabehandeling doen of wat dan ook. Ja, want je benoemt nu de paniekstoornisprotocol. Want stel we gaan er gewoon vanuit dat jij hebt, we hebben het natuurlijk over paniekstoornis, maar daar valt hyperventilatie natuurlijk ook onder bij jullie als psycholoog. Ja, nou het is... Het is raar dat we het zo noemen nu. Nou het is mooi dat je dat zo noemt, want we maken echt wel onderscheid tussen paniekaanval en paniekstoornis. Paniekaanval is echt die kortademigheid, het gevoel hebben te stikken, transpireren, duizelig beven, trillen op je benen, misselen. Nou al die symptomen hoort bij paniekaanval. Maar een paniekaanval. Ongeveer bij 23% van de bevolking komt wel eens een paniekaanval voor. Dus een paniekaanval op zichzelf is eigenlijk niet zozeer het probleem. Het probleem zit er meestal in dat de persoon bang wordt. Heel erg overmatig bezorgd wordt dat het weer eens voorkomt, die paniekaanval. En dat wordt een paniekstoornis. Want dan wordt het hele leven zeg maar, hoe zeg je dat, opgebouwd rondom het vermijden van dat het nog eens gebeurt. Met behoorlijke angsten enzovoorts. Dus daar maken we wel een verschil in tussen hebben we het over een paniekaanval of hebben we het over een paniekstoornis. Ja en dan is het vooral de angst voor de angst. Daar komt dan bijvoorbeeld die straatvrees bij. Of het vermijden van de supermarkt. Of dat je niet meer een verjaardag durft. Of autorijden is natuurlijk ook zoiets wat heel veel voorkomt. Precies. Dus vermijding komt daar inderdaad heel erg bij voor. Ook veiligheidsgedrag. Dus alleen maar nog met je partner durven gaan bijvoorbeeld. Of dat soort dingen. Of altijd toch een medicatie nemen van tevoren. Om wat rustiger te zijn. Of dat soort dingen. Dat bevestigt ook weer van het is inderdaad een angst. Tenminste het is inderdaad een angstige situatie. Ik kan het alleen maar aan als ik met mijn partner daar ben. Dus dat zijn dingen die uiteindelijk dan ook in de behandeling doorbroken moeten worden. Om te zien van hé maar die paniekaanval komt niet altijd voor. Het is inderdaad angst voor de angst. Het is angst om daar dus weer in te geraken. Vaak is dat een soort van controle. Verlies geweest wanneer dat is gebeurd. Of wat dan ook. En is vooral een grote angst dat dat weer eens voorkomt. Ja. En dan hebben we de intake gehad. En dan wordt er dus eigenlijk een plan opgesteld. En wat voor therapie is dan eigenlijk de meest gangbare? Wat voor behandelingen krijg je dan? Ja. Dat is best een hele reeks eigenlijk. Allereerst wordt altijd gestart met het registreren. Dus we gaan even bijhouden. Hoe verloopt dat nou precies? Wat is zo'n paniekaanval? Wat gaat er aan vooraf? Is dat in bepaalde situaties? Is dat altijd op een bepaald tijdstip? Of kunnen we daar iets in terugvinden in het registreren? En vervolgens wordt gestart met interoceptieve exposure heet dat. En dat betekent dat je dus gaat nabootsen van een paniekaanval. En daar hebben we dan bijvoorbeeld meerdere oefeningen voor. Dus dat gaat dan bijvoorbeeld over 30 seconden je hoofd tussen je benen zetten. En dan weer heel snel omhoog komen. Of zoveel keer draaien op een stoel. Of heel hard rennen op de plek. Je gaat dus al die sensaties die weleens voorkomen bij een paniekaanval. Ga je nabootsen. Om dus te kijken van. Kan een cliënt daar dus inderdaad van leren. Dit betekent niet dat ik dood ga. Of dit betekent niet dat ik gek word. Of noem maar op wat voor ernstige dingen. Nou ja ernstige iets er aan gekoppeld is vaak dus eigenlijk. Van dat dat iets ernstigs betekent. Dus daar wordt dus aan gewerkt. Tenminste daar eigenlijk mee geoefend dus in eerste instantie. Om te leren dat die lichaamssignalen op zichzelf. Niet zozeer gevaarlijk zijn. Dus daar eigenlijk een soort van gewenning al aan te krijgen. Als iemand dan heel angstig is. Wordt dat dan altijd gedaan? Of kan je dan ook zeggen van. Nou dit slaan we nu eventjes over. Want hij zit zo hoog in de angst. Dat hij dit echt niet wil. Ja en dan angstig is voor deze. Bijvoorbeeld een hart. Een hart dat sneller klopt. Of het warm krijgen. Of het trillen op de benen. Dat bedoel je dus dan angstig. Ja inderdaad. Als je dit al hoort. En je denkt van. Nou ik ga niet naar een psychologe. Want dan moet ik dat gevoel opwekken. Ja. Dat er ook wel spanning al zit. Dat je denkt. Nou daar begin ik niet aan. Ja snap ik. Wat eigenlijk dan gebeurt. Is we gaan het niet vermijden. Want juist die vermijding. Zorgt ervoor. Dat je juist bevestigt. Van ja een sneller hart. Een harder kloppend hart. Dat betekent dat ik dood ga. Dus eigenlijk als we dat meegaan. In die vermijding. Die vermijding bevestigt eigenlijk. Jouw. Nou ja. Gedachten. Jouw gedachten daarover. Dus het doorbreken gaat echt. Met het doen. Maar we kunnen zeker kijken. Of we het dus misschien wat korter. Kunnen maken. Dus dan hebben we niet over 30 seconden. Hoofd tussen de benen. Bijvoorbeeld. Dan doe je het maar twee seconden. Zeg maar wat. Dan begin je gewoon heel licht. En op die manier. Dat heel langzaam dan verhogen. Dus dat is dan wel een mogelijkheid. En altijd kan er ook gestart worden. Met nou ja. Wat dan wel gedurfd wordt. En dan kunnen we dan kijken. Later naar hetgene. Wat echt wel. Spannend is. Overigens. Is wel datgene. Wat dus juist spannend is. Belangrijk. Om dan wel te gaan herhalen. Het is niet van het. Eén keer. Dus twee seconden. Je hoofd tussen je benen. Te hebben gedaan. En dan dus die sensatie. Van. Bijvoorbeeld misselijk. In het hoofd. Door dat dus. Vervolgens nooit meer te doen. In je leven. Dat je dus gaat leren. Van. Er gebeurt inderdaad. Helemaal niks. Als ik een beetje misselijk voel. In mijn hoofd. En we kijken dan ook. Heel erg van tevoren. Van. Wat verwacht je. Dat er gaat gebeuren. Ga je flauw vallen. Wat dan ook. Oké. Hoe ziet dat er precies uit. Want het is. Dan hebben we niet alleen. Ook een gevoel. Van flauw vallen. Want ja. Misselijk voel. In het hoofd. Kan heel erg verward worden. Van. Ja. Dit is ook wel een gevoel. Van flauw vallen. Bijvoorbeeld. Nee. Wat is flauw vallen precies. Nou. Op de grond liggen. Eigenlijk. Dus echt gevallen zijn. Dan pas kunnen we zeggen. Nou. Dit was echt inderdaad. Nu ben je echt flauw gevallen. En dan gaan we dus continu. Naar zo'n oefening kijken. Van. Is er gebeurd. Waar je nou eigenlijk voor vreest. Nou. Wat eigenlijk nooit gebeurt. Vooral. Flauw vallen. Flauw vallen gebeurt pas. Wanneer jouw bloeddruk verlaagt. Juist. En niet verhoogd. Dus. Dat. Eigenlijk gebeurt nooit. Wat. Wat gevreesd wordt. Dus. Daarmee kan je eigenlijk. De. Verwachtingen. Teniet doen. Dus. Door zo vaak geoefend te hebben. Merken van. Ja. Eigenlijk gebeurt het niet. Waardoor dus. Ook in jouw hoofd. Dus. Hersteld wordt. Die verwachting. Die jij hebt opgeslagen. En daarmee. Dus. Uiteindelijk. Dus. Ook. Dat kan gaan doorbreken. Overigens. Is dan ook. De volgende stap. Dus. Het gaan doen. Dus. Door middel van. Gedragsexperiment. De oefeningen. Die dus zorgen. Dat je dus. Nou. Die symptomen oproept. Maar uiteindelijk. Ga je dus ook. In het werkelijk leven. Dus. Bijvoorbeeld. Ook oefenen. Dus. Bijvoorbeeld. Als je bang bent. Dus. Bijvoorbeeld. Dat het. In de tram gebeurt. Dat je dus. Dat dat. Dat je dan misselijk wordt. En dat je dan flauw valt. En. Een paniekaanval krijgen. Wat dan ook. Dan. Gaan we dus. Oefenen. Met dus. Dat we. De paniekaanval gekregen. Ja. Maar dat gaat. Geleidelijk aan. Natuurlijk. Het is niet. Bij de eerste behandeling. Meteen. Dat jullie. Op op. In die tram. Of in die drukke supermarkt. Of. In een auto. Op de snelweg zetten. Dat gaat. Natuurlijk. Heel geleidelijk. Stapje voor stapje. En. Het gaat. Echt om. Dat je vertrouwen. Leert krijgen. Weer. In je lichaam. Ja. Dat er niks gebeurt. En dat je. Deze. Exposure. Therapie. Wat verder gaat. Uitbreiden. Ja. Zeker. Ja. En dat is. Inderdaad. Ook. Het gevoel. Moet. Dan ook. Langzaam. Meegaan. Het gevoel. Is. Altijd. Wel. Lastig. Want. Soms. Weet. Je. Met. Je. Hoofd. Oefenen. Het. Is. Niet. Door. Thuis. Achter. Een. Geranium. Te. Gaan. Zitten. Dat. Het. Dan. Opgelost. Wordt. Maar. Het. Is. Echt. Door. Het. Gaan. Doen. Dat. Je. Dus. Dat. De. Je. Zet. Je. Op. De. Fiets. En. Die. Verwacht. Alleen. Als. Ik. Op. Een. Fiets. Ga. Zitten. Dan. Val. Ik. Weer. Maar. Terwijl. Als. Je. Dan. Direct. Want. Als je niet. Als. Je. Je. Je. Met. Je. Met. Je. Dat. Is. Ik. Vlees. Wat. Is. De. Hoek. Is. Hoe. Je. Is. Wat. Is. Dit. Is. Het. Is. Hoe. wanneer je treedt het op en dat je gaat kijken of je patronen kunt herkennen. Ja, dus het registreren van je paniekaanvallen, daar start je eigenlijk mee. Dus dat is aan het begin, daar meer inzicht in krijgen. En verder is dan ook nog wel het stukje wat meer cognitief uitdagen. Dus echt meer kijken van, nou, wat voor gedachten heb je daar nou bij? Helpt het je om zo te denken? Klopt het ook, deze gedachten? En dat ga je dan vervolgens in het doen, dus inderdaad. Dus dit is vanuit de CGT, de cognitieve gedragstherapie, hoe deze dus aangepakt wordt. Ja, nou, ik vind zelf cognitief wel best wel een lastig woord. Dus ik kan me voorstellen dat als je luistert, je denkt, nou, wat betekent dat nou eigenlijk? Wat betekent het nou in gewoon jippie-janneke-taal? Ja, ja, ja. Nou, het is cognitief gedragstherapie, dus dat zijn ook echt wel twee verschillende woorden. En cognitief betekent dus inderdaad in het hoofd. Wat speelt zich in gedachten? En dat dus aanpakken. En het gedrag is dus ook echt in het doen. En juist die combinatie van die twee, dus zowel de gedachtes uitdagen als het ook echt in het doen gaan veranderen, blijkt dus super effectief te zijn. Dus de cognitieve gedragstherapie zijn vaak dus ook de therapie, de meest effectieve therapieën voor de meeste stoornissen. Ja, dus het is echt niet zo, want vaak vroeger, vooral, dachten we, je gaat naar een psycholoog en dan moet je alleen maar praten over wat je dwars zit en wat er allemaal speelt. Maar eigenlijk noem je het dus eigenlijk een hele actieve therapie. Je bent er heel erg bezig, er zal natuurlijk ook veel gepraat worden. Ja, het liest er wel aan wat voor psycholoog je hebt, want je hebt diverse therapeuten. Dus de psycholoog die werkt volgens de cognitieve gedragstherapie, CGT, die werkt dus inderdaad op die manier. Maar je hebt bijvoorbeeld ook therapeuten die meer op de psychotherapie zitten bijvoorbeeld. Die zullen dan wat meer op het praten zitten en het graven naar het verleden en dat soort dingen. Dus het ligt echt wel aan wat voor therapeut je hebt en wat voor therapie dat is. Maar de cognitieve gedragstherapie staat echt voor inderdaad zowel uitdagen van de gedachtes. Hoe denk je erover en helpt dat je? Nou, vaak dus niet. En dus hoe kan je anders leren denken? En kloppen je gedachtes überhaupt wel? En het ook gedragsmatig dus anders gaan handelen. En hoe, dus natuurlijk ook misschien heb je daar, is er helemaal geen antwoord op, maar hoe lang doet dan gemiddeld zo'n behandeltraject? Nou, vaak staat daar zo'n beetje elf sessies voor, volgens het protocol. De GGZ houdt zich daar ook vaak wel echt wel aan. Dus die hebben ook een soort van maximum aantal sessies wat ze kunnen besteden. En dus dat is een beetje wel de leidraad. En is dat dan gemiddeld meestal één keer per week of is dat om de week? Nou, is het vaker? Ga je bijvoorbeeld twee keer in de week of is dat echt afhankelijk van de persoon? Dat zal meestal één keer per week zijn. Dat kan misschien per instelling nog wel verschillen, maar meestal zal het één keer per week zijn, ja. En je zei ook, dan gaan we bijvoorbeeld naar de tram, want als dat jouw situatie is waar je die heel erg spannend vindt. Ik kan me ook voorstellen dat ik al zei, supermarkt, auto rijden. Maar ga jij dan echt als psycholoog, gaat de psycholoog dan echt met je mee in die situatie? Dat kan zeker. Dus er zijn psychologen die dat doen. Dat is niet allemaal, maar er zijn psychologen die dat doen, dus die met jou meegaan. En dat is overigens dan wel voor het begin. Dus bijvoorbeeld, het kan ook zijn als je angst hebt voor lift, in de lift dat zoiets gebeurt. En er is een lift dus ook in het gebouw waar de psycholoog zit. Nou, dan waarschijnlijk gaat die psycholoog jou dan voorstellen van joh, we zullen het ook even gaan oefenen. En ik ben bij je, ik ga je hierbij begeleiden. En dan eerst, in eerste instantie zal dat dan met de psycholoog zijn. Maar uiteindelijk. Zoals met, ik durf het alleen maar met mijn partner. Het moet niet alleen maar zijn dat je dan alleen maar durft met de psycholoog. Het moet uiteindelijk ook dat je straks zelfstandig op eigen benen kan staan. En dat ook durft zonder de psycholoog. Dus het is als opstapje als het ware om dat te leren. Het kan overigens ook zijn, sommige psychologen werken daar dus ook mee. Dat ze dan via beeldbellen dan bijvoorbeeld aanwezig zijn. Dan bel je ze even in, op een moment dat je normaal bijvoorbeeld een sessie hebt. Jij bent dan op dat moment bij de metro. Nou, je gaat daar dan je oefening doen terwijl de psycholoog erbij is. Metro is overigens wel een lastige, want vaak heb je daar niet goed verbinding. Dus dan verloopt het gesprek niet helemaal vloeiend. Maar noem maar op, waar je dan ook maar bent. Dat je dus dan met de psycholoog kan oefenen. Dat die even bij je is op dat moment. En via oortjes dus kan vertellen. Nou, je er een beetje doorheen kan begeleiden. Dus die kan je er echt een beetje doorheen praten. En zeggen, let even hier op. Dan zie je dat er niks markeert. Of dat er niks gebeurt met je. Of dat je ook zegt, oh wat goed dat je dit doet. Want dat is natuurlijk ook een belangrijke positieve bestiging. Zeker, ja. Om te bekrustigen inderdaad. En is er dan nog iets wat belangrijk is om te weten hierover? Wat ik misschien nu nog niet gevraagd heb. Dat je zegt, oh maar dat is wel iets wat ik nog even kwijt wil. Nou, het is vooral dus inderdaad. Ik denk dat we het belangrijkste hebben besproken. Dus echt de angst voor de angst. Dat is echt vooral wat een paniekstoornis is. Want nogmaals, paniekaanvallen komt dus bij 23% van de bevolking voor. Dus vrij normaal. Normaal is dat eigenlijk wel. Alleen andere mensen die merken misschien dat er iets gebeurt. Maar die hechten er niet zoveel waarde of niet zoveel angst. Het wordt niet zo'n angstcomponent als het ware. Dus het wordt vooral belangrijk om dat als wat meer normaal te bekijken. En dus echt inderdaad door het doen. Dus het vermijden is ook echt een voeding voor angst. Een voorbeeld kan ik ook geven voor degene die angstig is voor spinnen bijvoorbeeld. Als die telkens de kamer uitreint zodra die een spin ziet. Die bevestigt ook ontzettend dat die spin een ontzettende monster is. Terwijl het moment dat die beslist, oké ik ga niet de kamer uitreinen. Ik blijf gewoon zitten in de kamer bijvoorbeeld. En dan merkt hij die spin die beweegt helemaal niet. Er gebeurt eigenlijk helemaal niks engs. Eigenlijk is het misschien wel zelfs op een gegeven moment een beetje saai. Want ja, die spin beweegt maar niet en jij zit er maar naar te staan. Dus dan ga je dus beseffen door het doen van er zit geen werkelijke angst. Het is allemaal in mijn hoofd, maar in werkelijkheid is dat niet zo angstig. Dus dat is vooral dus ook een belangrijke. Vaak weet je verstandelijk best dat die spin je niet opeet. Als er wat is dat je best die supermarkt uit kan rennen. Dus er zit best wel veel, je weet het vaak wel. Toch zit daar dat stemmetje in je hoofd die zegt ja maar wat. Als, wat dat heel erg opblaast. En in dat geval als je dat dus herkent van jezelf. Dat je dingen bent gaan vermijden. Dat je dingen niet meer durft of dat je het wel doet. Maar met heel veel spanning in je lichaam. Dan is het natuurlijk gewoon echt heel goed om toch eens een doorverwijzing te halen voor een psycholoog. Ja, zeker ja. Die kan je er echt heel goed doorheen begeleiden. Dus dat maakt het een stuk makkelijker dan dat je het alleen gaat doen. Bedankt, ik denk dat het heel duidelijk is. Dus voor iedereen van wat kan een psycholoog met vooral met cognitieve gedragstherapie betekenen. Voor als je last hebt van hyperventilatie, maar ook van paniekstoornissen. Ja, wat ik net al zei, is er nog iets wat je toe wilt voegen? Of is het, voor mij hebben we alles wel echt besproken zo hè? Ja, in de notendop hebben we inderdaad wel besproken hoe dat een beetje gaat binnen de cognitieve gedragstherapie, de behandeling. Mooi. Nou, dan wil ik je heel erg bedanken voor je tijd. Ja, en je moeite en vooral het delen van deze uitleg. Maaike, kun je je volgen onder de naam? Dat gaat ze zelf allemaal even opnoemen. Vrijzaam met eten. Dus dat is inderdaad rondom de begeleiding die ik bied voor vrouwen met een eetstoornis. En je kunt mij momenteel op Facebook en op Instagram vinden. Op Vrijzaam met eten. De link zal nog toegevoegd worden onder de podcast. Ja, zeker. Dus als je hier vragen over hebt, dan mogen ze zeker natuurlijk ook contacten. Zou ik met jou opnemen, hè? Zeker. Ja, zeker weten. Ja. Mooi. Nou, heel erg bedankt voor je tijd. En jij bedankt als luisteraar om weer te luisteren aan ons. Dank je. Dank je."
bewegingsapparaat.mp3,Dokter Patient,Qwen3 ASR 1.7B,13.542507978748814,"Goede middag. Komt u verder? Ik heb voor u de uitslag van het ruggenonderzoek. Zoals vorige keer besproken was er een sterk vermoeden op een breuk, een ingezakte wervel. Hoe gaat het nu met uw rug? Dankzij de pijnstilling is het wel te doen. De ruggenfoto laat zien dat u inderdaad een ingezakte wervel heeft. Verder is het een stabiele breuk waarvoor een operatie niet nodig is. Gelukkig. Het minder goede nieuws is wel dat de breuk veroorzaakt is door osteoporose. Dit houdt in dat de dichtheid van uw botten minder wordt. Weet u wat ik daarmee bedoel? Betekent dit dan dat ik veel vaker botbreuken zal oplopen? Het is vervelend voor u om te horen. Helaas kan dat wel voorkomen. Maar kan ik dan helemaal niet meer gaan wandelen, want zoals het natuurlijk de vorige keer gebeurdt? Het is juist goed om te blijven bewegen. Hierdoor bouwen de botten meer kracht op. Ah, maar ik ben dan bang dat ik ga vallen waardoor ik weer iets kan breken. Mm-hm. Ik kan me heel goed voorstellen dat u hier bang voor bent. Maar er zijn wel manieren om dit te voorkomen. Deze kunnen we later wel bespreken. Oké. U lijkt nog niet echt gerustgesteld. Ja, het voelt gewoon alsof mijn lichaam me in de steek laat. Mm-hm. Het is natuurlijk ook vervelend om dit te horen, maar we kunnen de maatregelen bespreken die de kans op breuken zo klein mogelijk maken. Goed? Ja, ik weet niet of ik daar het nut zo van een zie. En waarom niet? Ja, dan moet ik zeker oefeningen gaan doen of zo. Ik kan me voorstellen dat het wat weerstand oproept, maar de maatregelen kunnen het risico wel degelijk verlagen. Vindt u het goed als we rustig het een en ander doornemen, en dan kunnen we daarna kijken wat voor u goed voelt? Oké. Oké, fijn. We kunnen u allereerst aanraden vitamine D-supplementen en calciumtabletten te nemen. Beide stoffen bouwen de botten opnieuw op. Of in plaats van calciumtabletten kunt u minimaal vier zuivelconsumpties nemen op een dag. Wat denkt u? Ik eet best veel yoghurt en drink eigenlijk ook altijd wel twee glazen melk. Oké, dan kunnen we die calciumtabletten al achterwege laten. U zou dan baat hebben bij de vitamine D-supplementen. Verder is het juist goed om te blijven bewegen en actief te blijven. Wat zou u kunnen doen qua beweging? Het gaat gelukkig wel redelijk om elke dag even te blijven wandelen. Blijf dat vooral doen, zo blijven de botten gewend aan de belasting. U rookt niet, maar drinkt u wel regelmatig alcohol? Nee, alleen in het weekend. Goed, met uw bloeddrukverlaging vormt dat in principe verder geen risico. Verder raad ik u aan fysiotherapie aan te leren en een goede balans en evenwicht te behouden, zodat u minder kans heeft om te vallen. Wat denkt u daarvan? Ja, dat wil ik wel proberen. Wat denkt u van deze adviezen? Het valt me eigenlijk wel mee. Ik had het erger verwacht om eerlijk te zijn. Gelukkig maar. Dus kort samengevat: u kunt vanaf nu starten met vitamine D-supplementen en er vooral voor blijven zorgen dat u genoeg calcium binnenkrijgt. Verder is blijven bewegen belangrijk en maakt u een afspraak met de fysiotherapeut. En qua rugpijn kunt u doorgaan met de pijnstilling zoals we die de vorige keer hebben besproken. Is het zo duidelijk of heeft u nog vragen? Nee, het is wel duidelijk zo en ik ben er ook wel content mee. Zullen we dan over een week of drie een nieuwe afspraak inplannen? Dan kunnen we bespreken hoe het gaat. Dat zou ik fijn vinden. Bedankt voor het prettige gesprek, dokter."
ademhaling.mp3,Dokter Patient,Qwen3 ASR 1.7B,19.65060067787163,"Ik denk dat ik inmiddels voldoende informatie heb over uw klachten. Dan zou ik nu nog even naar uw longen willen luisteren. Dat is prima, hoor. Oké, u kunt zich achter het gordijn omkleden en de kleding daaraan een haakje hangen. U hoeft alleen nu bovenlichaam te ontkleden. Oké, dus de broek mag ik aanhouden? Klopt, die mag u aanhouden. U mag plaatsnemen op de onderzoeksbank, met uw benen naar deze kant. Ik ga nu even luisteren naar de longen en ik zal op verschillende plekken gaan luisteren. De stethoscoop kan wat koud aanvoelen. Ik zal het even op uw hand laten voelen. Gaat dat zo? Ja hoor, het valt me mee. Fijn. U mag de armen gekruist op uw borst leggen. Zou u eens diep kunnen zuchten met mond open? Het mag u een aantal keren halen in een rustig tempo, terwijl ik naar de longen blijf luisteren. Prima, ik heb het goed kunnen horen. Dankuwel. Mag ik me dan nu weer aankleden, dokter? Ja, natuurlijk. U kunt zich weer aankleden achter het gordijn. Doe maar rustig aan, hoor. Dan bespreken we dadelijk wat ik heb gehoord."
diabetes.mp3,Dokter Patient,Qwen3 ASR 1.7B,13.960397799621985,"Goedenmiddag meneer Visser. Goede middag. Vertel, waarvoor bent u vandaag gekomen? Nou, ik ben al een tijdje erg moe. Ik heb nergens zin in, totaal futloos, echt heel vervelend. Ja, dat kan ik me voorstellen. Moe en futloos zei u. Wat verstaat u hieronder? Ja, ik heb gewoon overdag geen energie om iets te doen. Wat vervelend. En hoe lang heeft u daar al last van? Ja, al een weekje of zes. Zes weken dus. En wat maakt het dat u nu toch na zes weken komt? Ja, ik maak me zorgen. Ik vind het nu echt te lang duren. Ik wil graag weten wat de oorzaak is. Dat kan ik me voorstellen. Als ik het goed begrijp, wilt u vooral weten wat de oorzaak van uw klachten is. Hoe slaapt u? Heel goed, ja. S nachts ben ik wel een paar keer wakker om eruit om te plassen, maar daarna slaap ik vrijwel direct weer in. Hoe vaak is een paar keer? Ik denk gemiddeld wel vier keer per nacht. En hoe was het hier voor, qua plassen in de nacht? Oh, dat was minder. En ervaart u dan ook pijn bij het plassen? Nee, dat niet. Drinkt u veel voordat u gaat slapen? Ja, ik drink de hele dag veel. Ik heb vreselijk veel dorst de hele dag. Maar s avonds probeer ik een beetje minder te drinken, zodat ik niet zo vaak naar toilet hoef. Duidelijk. Als ik het goed begrijp heeft u dus sinds ongeveer zes weken veel last van vermoeidheidsklachten, heeft u veel dorst en moet u vaak plassen, vooral s nachts. Heeft u verder nog andere klachten? Nee, eigenlijk niet. Al wel, ik heb ook een paar wondjes op mijn rug die maar niet willen overgaan. Daar zal ik ook even naar kijken. Ik wil u ook nog wat algemene vragen stellen. Ja prima. Hoeveel weegt u? Zon dikke 100 kilo schat ik. Ik weet het niet precies. Dan gaan we u straks even wegen. Hoe is uw eetpatroon? Ik eet het liefst aardappelen met een lekker stukje vlees. Maar mijn vrouw maakt ook wel eens spaghetti en op vrijdag eten we altijd friet. Eten u verder ook nog fruit en groenten? Nou, daar hou ik niet zo erg van. En snoept u ook zoete of hartige tussendoortjes? Ach, een koekje bij de koffie en bij de thee, en s avers wat chips bij het biertje, maar meer niet, hoor. En hoeveel drinkt u gemiddeld? Eigenlijk altijd maar een paar biertjes. Verder geen wijn of sterke drank. Een paar biertjes zegt u. Hoeveel biertjes per dag ongeveer? Drie of vier denk ik zo. En rookt u? Ja, een pakje per dag ongeveer. En beweegt u ook dagelijks? Dat probeer ik wel af en toe een blokje om, maar veel meer is het echt niet. Oké. En komt er diabetes voor in uw familie? Diabetes, oh suikerziekte? Nee, niet dat ik weet. Maar hoezo? Denkt u dat ik suikerziekte heb? Ik sluit het niet uit, maar we hebben daar een aantal onderzoeken voor nodig. Vindt u het goed als ik u eerst lichamelijk ga onderzoeken? Natuurlijk, geen probleem. U kunt alvast op de onderzoekstafel gaan liggen. Zou u ervoor kunnen zorgen dat dit gehele bovenlichaam onblot is? Dan kunnen we deze goed onderzoeken. Ja, dat is prima."
hartziekten.mp3,Dokter Patient,Qwen3 ASR 1.7B,11.925430047750263,"Goedemiddag. Wat heeft u hier gebracht vandaag? Ik heb de laatste tijd wat last van mijn hart. Uw hart? En wat bedoelt u daarmee? Nou, ik merk dat ik steeds vaker hartkloppingen heb. Oké. En hoe lang heeft u daar al last van? Ik denk een paar weken, maar sommige dagen heb ik er ook helemaal geen last van. Dus eigenlijk heeft u bijna iedere dag er last van. En wat voelt u dan precies? Mijn hart klopt dus sneller en ik voel het echt in mijn borstkas kloppen. Oké, dat is vast een onprettig gevoel. U zegt dat u het al een paar weken heeft. Daarvoor had u het niet. Wat maakt nou dat u vandaag bent gekomen? Ja, het is gewoon een heel nare gevoel en ik denk dat ik een hartaanval krijg of zo. Dus ik wil het in en ander laten checken. Ja, dat begrijp ik helemaal. En op zo'n moment van de aanval, wat doet u dan? Ja, niks speciaals eigenlijk. Voelt u verder nog andere dingen op die momenten in de borstkas of in de rest van je lichaam? Nee, dat niet. Ik denk eigenlijk alleen in de borstkas en niets anders dan dit, hoor. En merk je bijvoorbeeld dat het hart ook van tempo wisselt, soms sneller en soms langzamer? Oh ja, dat heb ik wel enkele keren gemerkt, maar dat was niet zo heel erg, hoor. Oké. Heeft u verder ook geen klachten van misselijkheid, benauwdheid of zweten? Nee, dat eigenlijk niet. Alhoewel ik merk dat ik door de hartkloppingen ook wel een snellere ademhaling krijg. Oké, en heeft u daarbij ook een gevoel van kortademigheid? Nee, dat niet. Oké, dus als ik het goed begrijp, heeft u sinds enkele weken last van hartkloppingen, maar verder niet veel bijkomende klachten. Ja, dat klopt inderdaad. Mag ik iets anders vragen? Heeft u op dit moment ook last van stress? Dat valt wel mee. Dus wat drukker, maar ik ga binnenkort op vakantie. Ja, dat is een fijn vooruitzicht. En heeft u zelf al iets aan de klachten gedaan? Ik probeer gewoon even rustig te doen, dan zakken de klachten vaak wel. Lukt dat wel goed om even rustig aan te doen? En wat doet u dan? Nou, ik maak me soms wel druk en dan houden de klachten wat langer aan. En waarover maakt u zich dan druk? Ja, dokter, ik heb in mijn omgeving toch wel mensen gehoord die dezelfde klachten hadden als ik en dan ineens onderuit gingen of wat meer dan ineens meer slechter ging. Maar dat wil ik natuurlijk niet. Nee, dat is natuurlijk heel begrijpelijk. U hoeft zich daar geen zorgen over te maken. Dit soort hartklonkingen zijn heel veel voorkomend en zijn vaak onschuldig. Maar ik zal voor de zekerheid zo natuurlijk ook even naar uw hart luisteren. Oh, dat vind ik wel fijn om te horen. Het onderzoeken van het hart vind ik ook wel fijn eigenlijk. Ik kreeg de indruk dat dan niet al uw zorg zijn weggenomen. Kan dat kloppen? Ja, dat klopt misschien wel, dokter, want ik maak me vooral ook zorgen om mijn reis. U reis? Wat voor reis gaat u maken? Ik ga bij mijn dochter op bezoek in Australië, maar dan moet ik ook veel rijden en ik ben bang dat ik met deze klachten niet veilig achter het stuur kan zetten en kan deelnemen aan het verkeer. Ja, ik kan me dat goed voorstellen. Maar ik kan u hierin wel geruststellen, zeker als we dadelijk bij het luisteren naar het hart niets schets horen. Deze klachten zullen uw reisvaardigheid niet beïnvloeden. Naar mijn mening kunt u dus gewoon veilig op reis om uw dochter te bezoeken. Dat is goed om te horen, dokter. Dank u wel. Ik zal eerst even naar uw hart luisteren en dan kunnen we de andere dingen ook makkelijk uitsluiten."
oncologie.mp3,Dokter Patient,Qwen3 ASR 1.7B,14.805825917198003,"Fijn dat u vandaag bent gekomen voor het bespreken van de uitslag van de onderzoeken. Zoals u weet hebben we de afgelopen donderdag het aanvullende onderzoek gedaan en nu heb ik de uitslag. Ja, goeiemiddag dokter. Ik ben wel een beetje bang voor de uitslag. Dat kan ik me goed voorstellen. Ik heb helaas geen goed nieuws voor u. Ik moet u mededelen dat u kanker heeft in het dikke darm. Er is een tumor gezien op de scopepie. Wat denkt en voelt u nu? Er gaat wel veel in mij om op dit moment. Ik was er al een beetje op voorbereid, maar ik merk dat het toch wel erg confronterend is wat u mij vertelt. Het is ook heel heftig nieuws om te horen. Betekent dat nou dat ik dood ga, dokter? Bent u daar bang voor? Ja, eigenlijk wel. Ik begrijp dat u zich hierover zorgen maakt, maar zijn er genoeg behandelopties die in dit stadium van de ziekte toegepast kunnen worden? Ik weet even niet zo goed hoe ik hierop moet reageren. Ik vind het wel heel beangstigend allemaal. Hoe gaat het nu verder? Kan ik nog blijven werken? Moet ik het nou iedereen vertellen? En hoe ga ik het thuis aan mijn partner en mijn kinderen vertellen? Ik begrijp dat dit veel vragen bij u oproept op dit moment. Heeft u iemand in uw naaste omgeving die u kan steunen? Ja, zeker mijn partner. Dat is goed om te horen. Uiteraard hoeft u dit niet alleen te doen. We zullen vanuit hier u en uw familie zo veel mogelijk begeleiden. Oh, dat is wel fijn om te horen. U vraagt zich af hoe u dit aan de familie moet zeggen. Wilt u hier hulp bij? Oh nee, ik denk dat dat wel zal lukken. Goed om te horen. Wilt u nu al de verschillende behandelopties horen, of wilt u dat liever op een later moment bespreken? Ja graag. Ik weet alleen niet zeker of ik alles nu kan onthouden. Ik kan u de informatie ook op papier meegeven. En de volgende keer herhalen we alles gewoon nogmaals en kunt u uw verdere vragen stellen. Oh bedankt dokter, dat zou ik heel fijn vinden. Een operatie is sowieso nodig. Hierbij wordt een deel van de dikke darm weggehaald en de rest wordt weer aan elkaar gemaakt. Soms is het tijdelijk nodig een stoma te gebruiken. Wat vindt u ervan? Ja, ja, het klinkt wel begrijpelijk. Na de operatie moeten we het hebben over chemotherapie. Met de combinatie van een operatie en chemotherapie heeft u in dit stadium 90 procent kans om de kanker volledig uit uw lichaam te krijgen. Oké, dus ik krijg een operatie en u raadt chemotherapie aan. Dat klopt inderdaad. Wat vindt u ervan? Ja, het is duidelijk en ja, het zal het zal wel moeten, hè? Wilt u een folder met de informatie? Ja, heel graag. Dan zal ik u een folder meegeven met informatie over de behandeling van darmkanker. Kan ik u verder nog ergens mee helpen? Nou, ik ben al heel erg blij met deze informatie, dus dank u wel daarvoor. Fijn om te horen. Als u vragen heeft, kunt u deze opschrijven. Bij de volgende afspraak kunnen we alles nog eens rustig doorlopen. Het zou goed zijn als u dan iemand mee zou nemen. Ja, dat is zeker goed. Ik neem mijn partner mee. Ja, goed zo. Veel sterkte de komende week en we houden contact. Ja, dank u wel."
abdomen.mp3,Dokter Patient,Qwen3 ASR 1.7B,14.212095980089138,"Goedemiddag. Neemt u plaats? Dan zullen we de uitslag van het onderzoek gaan bespreken. Goedemiddag, dokter. Ik ben erg benieuwd. Ja, zoals u weet, hebben we net een echo gemaakt en we konden daarop duidelijk zien dat u een blinde darmontsteking heeft. En dit veroorzaakt ook de buikpen die u heeft. Oh, dat dat klinkt niet goed. Wat houdt dat precies in? Ja, er is een ontsteking van een aanhangsel van de blinde darm, de appendix. Hoe het ontstaat is niet helemaal duidelijk, maar het ontstaat vaak plotseling. Oké, ik snap wel wat u bedoelt, denk ik. U klinkt nog niet overtuigd. Maakt u zich zorgen? Wel een beetje, om eerlijk te zijn. Is het wel goed te genezen? Ja, het is eigenlijk zonder ernstige complicaties goed op te lossen, maar we moeten het wel gaan behandelen. Oké, dat zet me gelukkig gerust. Wat kan er dan gedaan worden? Nou, eigenlijk zijn er twee opties. Optie één is een operatie, waarbij het ontstoken deel verwijderd wordt. Dit is de optie waar het meest voor gekozen wordt. De andere optie is behandelen met antibiotica. Die worden dan direct via een infuus in de aders toegediend. En we kunnen samen kijken wat voor u de beste optie is. Dat lijkt me wel fijn, ja. Ja, na de operatie kan de ontsteking nooit terugkomen, omdat het ontstoken deel in zijn geheel verwijderd wordt. Het terugkomen van een ontsteking noemen we ook wel een recidief. En de kans op recidief na behandeling met antibiotica ligt tussen de 20 en 30 procent in de twee jaar na de behandeling. Maar zitten er niet ook nadelen aan een operatie? Ja, een operatie kan gepaard gaan met complicaties, ook al zijn deze veelal klein. De operatie wordt onder narcose gedaan met een kijkeroperatie. Oké, maar is het dan niet zo dat de darm misschien minder goed functioneert omdat je het weghaalt? Nee, gelukkig niet. Dit stukje van de darm heeft geen functie, dus het weghalen heeft verder geen nadelen. Ik ben ook nog wel benieuwd naar wat details over de behandeling met antibiotica. Ja, voor de behandeling met antibiotica moet u een paar dagen opgenomen worden om de antibiotica toe te dienen. De opname duurt korter dan de keuze als je kiest voor een operatie. Na een behandeling met antibiotica herstelt u wel snel en daarna de operatie, maar een onderliggende oorzaak van de ontsteking kan niet achterhaald worden. Bij een operatie kan dat wel. Wat kunnen die oorzaken dan zijn? Nou ja, de meest ernstige oorzaak is een vorm van kanker. Die komt niet vaak voor, maar bij één of tot twee procent van de mensen. Hm. Ja, dat is niet veel, maar het lijkt me geen fijn idee om met die onzekerheid te leven. Ja, dat is begrijpelijk dat u dat zegt. Was het verder betreffende behandelopties wel duidelijk wat de voor- en nadelen zijn, of heeft u nog vragen? Nee, dat is eigenlijk al duidelijk. Heeft u op dit moment een voorkeur voor een van beide behandelingen? Ja, voor een operatie, ondanks dat het herstel misschien langer duurt. Ik vind het wel fijn om zeker te weten dat het niet terugkomt, of misschien wel veroorzaakt wordt door een vorm van kanker. Vindt u dat een logische keuze? Ja, ik zou de meeste mensen een operatie adviseren. Oké, kan ik even mijn partner op de hoogte stellen voordat we verder gaan? Hij maakt zich namelijk nog wel wat zorgen. Ja, natuurlijk mag dat. En dan bespreken we zo verder de vervolgstappen."
auto-immuunziekten.mp3,Dokter Patient,Qwen3 ASR 1.7B,15.97976034589536,"We hebben het zojuist gehad over uw klachten. U gaf aan zijn ze langere periode klachten te hebben van buikpijn en diarree en u bent flink wat kilos afgevallen. Ook voelden zich vermoeid en vuilloos, waardoor u overdag weinig energie heeft. En u maakt zich daar zorgen over. Klopt dat? Ja, dat klopt inderdaad. Dan zou ik u nu graag wat specifiekere vragen willen stellen over de klachten. Prima. Zou u kunnen omschrijven waar u de buikpijn voelt? Vooral wat lager in de buik. Het is echt een krampende pijn. En is er iets wat u kunt doen om die pijn te verzachten? Het liefst houd ik me rustig. Maar ik moet dan vaak naar het toilet. Op de wc heb ik dan nog wel veel buikpijn, maar na de hand is de buikpijn vaak iets gezakt. Dus nadat u naar het toilet bent geweest, is de pijn minder. En is de pijn verder de hele dag door aanwezig? Nee, dat niet. Het gaat vaak een beetje op en af. Ik merk dat het een paar uur na het eten vaak het pijnlijkst is, hoewel ik er s nachts ook wel veel last van heb. Ik moet dan ook een aantal keer naar de wc. En dan na de toiletgang is het weer minder? Ietsjes. Slaapt u verder wel goed? Redelijk, behalve dat ik er dus wel vaak uit moet s nachts. Het inslapen duurt dan soms ook wel weer even. Ja, dat snap ik. U zei dat u diarree heeft en kunt u aangeven of de ontlasting altijd zo dun is? Eigenlijk wel. Soms is het wat harder, maar meestal is het gewoon heel dun tot zelfs waterdun. En hoe vaak gaat u gemiddeld per dag naar het toilet voor de ontlasting? Ik denk gemiddeld wel een keer of vijf, zes de afgelopen periode. Dat is inderdaad wel veel. Weet u misschien of er ook bloed of slijm bij de ontlasting zit? Nee, dat gelukkig niet. En heeft u verder nog last van opspingen of zuurbranden? Ik heb het altijd wel een beetje gehad, maar dat is niet veel erger geworden in de afgelopen periode. En voelt u zich dan ook wel eens misselijk? Of moet u misschien overgeven? Nee, dat gelukkig niet. Dat is fijn om te horen. En heeft u nog wel een normale eetlust? Nou, ik heb niet vaak zin om te eten, moet ik zeggen. Dus toch wel een afgenomen eetlust, als u het zo zegt. Ja, dat wel. En hoe is uw eetpatroon? Zou u voor mij eens kunnen omschrijven wat u op een dag zoal eet? Ik probeer wel genoeg groente en fruit te eten. Daarnaast eet ik elke dag een stukje vlees of vis. Soms snoep ik wat tussendoor, maar meestal houd ik wel een beetje rekening met wat ik eet. Oké, ik denk dat ik zo wel een goed beeld heb. Bent u Toevallig recentelijk ook nog in het buitenland geweest voordat de klachten begonnen. Ik ben wel op vakantie geweest naar de camping op Frankrijk, maar verder niet. Duidelijk. Heeft u ooit korts ervaren bij de klachten? Dat weet ik eigenlijk niet zo goed. Ik heb soms wel heel koud en dan weer warm, maar dat is niet altijd zo. Oké, we kunnen zo meteen ook de temperatuur wel meten. Zou u kunnen aangeven of u medicijnen of pijnstiller gebruikt? Medicijnen niet, maar ik neem wel af en toe een pijnstiller. Soms helpt dat iets tegen de buikpijn. En heeft u verder nog aandoeningen in de voorgeschiedenis? Nee, eigenlijk niet. Heeft u misschien toevallig in de familie ooit gehoord dat iemand dit soort klachten heeft? Volgens mij had mijn tante hier ook wel eens last van. Ik zou het eens kunnen aanvragen. En weet u misschien voorverder erfelijke ziektes in de familie zitten? Hm, ik weet dat mijn oma een vorm van reuma had, maar ze is al een tijdje terug overleden. Verder denk ik het eigenlijk niet. Oké, als u het goed vindt, wil ik u graag lichamelijk onderzoeken. Is dat goed voor u? Natuurlijk. Zou u dan voor mij de buik willen ontbloten? Dat kunt u daar achter het gordijn doen. En uw BH mag u aanhouden. Oké, dat is goed."
neurologie.mp3,Dokter Patient,Qwen3 ASR 1.7B,14.100977565336468,"Goedemorgen. Wat kan ik voor u betekenen vandaag? Ik heb last van heel ernstige hoofdpijn. Heel ernstig? Wat is ernstig? Ik heb gewoon hele hevige hoofdpijnsaanvallen. Hoe lang heeft u hier al last van? Ik denk al enkele maanden, maar de laatste weken wel steeds vaker. Oh, dat is al best wel lang. Wat maakt dat u vandaag naar mij bent gekomen? Ik ben er klaar mee. Ik wil nu vanaf, want het heeft echt invloed op mijn dagelijkse leven. Hoe bedoelt u? Ik wil echt iets tegen de pijn. Dat begrijp ik. Heeft u al iets geprobeerd om de pijn te verlichten? Ik ligt dan het liefst gewoon op mijn kamer in het donker, maar soms word ik ook echt misluk als ik moet opstaan. Heeft u zelf een idee waar het vandaan kan komen? Ik ben eigenlijk wel bang dat het iets ernstigs is. Waar denkt u dan aan? Iemand in de familie is na dezelfde klachten gestorven aan een hersentumor. Ik ben er eigenlijk wel bang voor dat ik dat ook heb. Ik kan me voorstellen dat u zich dan zorgen maakt. Wie was dat in de familie? Dat was een neef van mijn moeder. Dus als ik het goed begrijp, is dat ook de reden dat je vandaag bent gekomen? Ja, eigenlijk wel. En natuurlijk ook iets tegen de pijn. Als ik kijk naar de hoofdpijn, waar in het hoofd voelt u de hoofdpijn? Meestal een beetje voor in het hoofd, meer aan de linkerzijde. En hoe zou je de soort pijn omschrijven? Het is vooral een bonzende pijn. En hoe lang is de pijnaanval dan meestal? Soms is het na één dag al minder, maar het kan soms ook drie dagen duren. Wat doe je dan als je zo'n aanval hebt? Ik ga dan in bed liggen, meestal de deuren en de gordijnen dicht. Begrijp ik goed dat je ook last hebt van licht en geluid overgevoeligheid? Ja, inderdaad. Heeft u verder nog bijkomende klachten? Ja, soms ben ik misselijk. En als u misselijk bent, moet u dan soms ook braken? Heel soms, maar gelukkig niet zo vaak. Heeft u tijdens de aanvallen ook last van slechter zicht? Tijdens de aanvallen merk ik wel dat ik het soms niet goed kan zien, maar ik wil het liefst ook mijn ogen dicht houden vanwege het felle licht. Gebruikt u verder medicatie? Soms een pijnstiller voor de hoofdpijn. En helpt dat tegen de pijn? Ja, meestal wel. Dus nog even kort om samen te vatten: het is dus een bonzende hoofdpijn die in aanvallen komt, vrij ernstig van karakter, vooral aan één zijde van het hoofd. Soms bent u ook misselijk met braken en meestal helpt rustig aandoen in een donkere kamer en soms een pijnstiller. U bent ook best bang dat het iets ernstigers is en wilt graag iets tegen de pijn. Heeft u zo nog aanvullingen? Nee, dat is eigenlijk wel compleet. Uw hoofdpijn doet me sterk denken aan migraine. Bent u bekend met deze term? Ik heb er wel iets van gehoord. Maar u denkt dus niet aan een tumor? Nee, eigenlijk niet. Het komt bijna precies overeen met het schoolvoorbeeld van migraine. Oh, ik wist niet dat die pijn zo hevig kon zijn. Dat kan helaas wel heel verhinderend zijn. De aanvallen zullen helaas blijven terugkomen, maar er zijn wel wat dingen die je kunt doen om de hoofdpijn te verzachten. Op het moment dat de pijn opkomt, is het aan te raden rust te nemen. De pijn kan versterkt worden door stress, onrust en weinig slaap. Dit zijn dus elementen waar je op kan letten om de hoofdpijn te verminderen. Eerwaardt u veel stress? Soms wel, dokter. Maar het wordt wel rustiger op mijn werk binnenkort. We krijgen een extra collega. Dat is fijn om te horen. Hopelijk neemt de stress dan ook af. Verder kunt u zodra de pijn opkomt beginnen met twee paracetamol. U kunt dit dan consequent de dag door op maximaal vier momenten nemen, tot dat u merkt dat de pijn minder wordt. Een parasitene mol gaat dat wel helpen tegen deze heftige pijn? Een parasitene mol is een medicijn dat verder niet heel schadelijk is, maar het kan wel heel effectief zijn, zeker als het zo op vaste tijdstippen wordt genomen. Mocht het niet helpen, kunnen we altijd overgaan naar een andere pijnstiller. Vindt u dat een goed idee? Dat klinkt wel redelijk. Ik ga het in ieder geval eens proberen. Zullen we dan afspreken dat we over ongeveer vier weken een nieuwe consult plannen en kijken hoe het gaat? Mocht het dan niet voldoende helpen, kunnen we dan overgaan op een andere behandeling? Dat is goed. Bedankt dokter. Heeft u verder nog vragen? Nee, het is wel duidelijk zo. Dan zie ik u graag over vier weken."
misbruik.mp3,Psychologische gespreksvoering,Qwen3 ASR 1.7B,17.842332017463505,"Nou, goeiemiddag Sara. Mijn naam is Stara en ik heb je even apart genomen omdat ik bij binnenkomst zag dat je behoorlijk overstuur was. Ik stel voor om even gewoon een kwartiertje samen te gaan praten, gewoon even kijken wat er aan de hand is, dat jij even je verhaal kan doen en dat we samen kunnen kijken wat we eventueel voor jou kunnen betekenen. Is dat goed plan? Ja. Oké. Allereerst, wat, waarom ben je gekomen vandaag? Omdat ik niet naar huis kan gaan. Je kan niet naar huis. En waarom kan je niet naar huis? Ja. Ik durf gewoon niet meer naar huis nu te gaan. Daarom ben ik ook weggegaan. Oké. Ja. Dus je bent weggegaan van huis omdat je niet meer naar huis durft. Daar komt het op niet. En waarom durf je niet meer naar huis? Dat vind ik niet overmatig. Kan je kan je eerst iets vertellen over gewoon over je thuissituatie dan? Mmm. Ja. Mijn ouders zijn twee jaar geleden gescheiden en daardoor zie ik mijn vader niet zo veel meer. Mijn moeder heeft nu een nieuwe vriend maar kan het eigenlijk niet meer vinden. Dat is een beetje een beetje viezemannetje. Oké. Mijn ouders zijn gescheiden twee jaar geleden. Ja. En hoe is de scheiding gegaan? ja best wel rot eigenlijk want daardoor ziet mijn vader eigenlijk helemaal niet meer maar een keer in de twee weken, het weekend en dan ja hij heeft helemaal geen tijd voor mij als ik er dan ben en ja wat voor gevoel werd dat bij je op dan dat je dat je vader je zo weinig ziet ja verwaarloos of zo omdat hij geen zin heeft om me om me dan te zien ja dus bij je vader voel je je een beetje verwaarloosd en bij je moeder wil je eigenlijk niet meer zijn nee en is dat omdat je moeder er is of nee door die vriend ja mijn moeder gaat helemaal met hem mee en dan zijn wij er dus alleen maar hij ja alles wat hij zegt is zijn waarheid toch zo ja dat snap ik snap dat dat erg vervelend is inderdaad maar hoe lang zijn je moeder en vriend nu samen? ik weet niet halfjaar of zo pas oké en jij hebt een beetje het gevoel dat hij eigenlijk alles al bepaalt in huis ja dat zij gaat gewoon een beetje met hem mee ja en nou je zegt je vindt het een beetje een vies mannetje kan je daar daar een voorbeeld van geven ja ik heb gewoon het idee dat hij weet dat naar me zit te kijken en dan was ik uitgeacht zo zegt hij oh je ziet er echt sexy uit en dat is dan van echt heel vervelend dus je kan eigenlijk wel zeggen dat je hem erg ongepast vindt en ja ja en ook als ik langsloop of zo gaat hij net even zijn hand op mijn schouder leggen of net op mijn heup of zo dan moet ik mat blijven maar is dat vandaag ook gebeurd ja en ik had ja nou niet per se vandaag maar ik had even moeder gezegd en te zeggen dat ik me gewoon niet zo aan moest stellen en dat ik gewoon mijn handen moet doen oké ja dus je weet eigenlijk niet zo goed wat je nu moet nee een beetje ja ik ga er echt niet meer naar terug als zij me niet geloven of zo en als hij dan dat gewoon kan doen dan moet mijn moeder er gewoon zeggen dat ik het zit te verzinnen of zo ja en heb je er al met iemand anders over gepraat nee ik vind hem bijzonder moeilijk over de braten. Dan zoekt iemand anders ook dat ik het verzie. Dus een lastig onderwerp inderdaad. Ja, daar heb je helemaal gelijk in. Naja, dan moet ik zeggen dat ik erg blij ben dat je naar ons toe bent gekomen. En om het even voor mezelf op een rijtje te krijgen: jouw ouders zijn gescheiden. Je vader zie je vrij weinig en je vader hebt je eigenlijk het gevoel dat hij geen omkeer naar je heeft. Je moeder heeft sinds een half jaar een nieuw vriend en die vriend is nogal ongepast. Ja. Tegenover jou. Daar heb je je moeder mee geconfronteerd. Ja. Oké. En kan je voorbeelden noemen van ja, je hebt al gezegd dat die dan dat die dat die zegt dat je dat je sexy bent of ja maar seksie uitzien telt toch niet nee ja ja dat is ja dat is een lastig onderwerp moet zeggen dat ik het zelf ook dat ik zelf even moet nadenken hoe we hier verder midden wat ik in ieder geval uit jouw verhaal begrijp is dat je je gewoon niet veilig voelt ja daar komt het uiteindelijk op neer om het even concreet te maken voor mezelf heb je zelf een idee wat er aan gedaan kan worden ja hij moet gewoon weg gaan eigenlijk want anders dan kan ik niet meer eens oké Hij moet weg, gewoon. Ja, het moet gewoon opgelost worden. Ik wil gewoon thuis kunnen zijn, maar het kan niet dat hij er is. Ja. En dat heb je dat ook met je moeder besproken? Nee, nog niet, want ze geloofde me meteen al niet. Dus dan heeft hij niet echt ze hem laten zeggen. Maar hoe ben je hoe ben je tegen je moeder daarover begonnen? Ja, ik was wel naar toe gaan. Ik zeg: ja, een momentje horen. Die lief voor jou. Dat kan gewoon echt niet. Al dat hij doet, dat hij zegt dat ik sexy ben en dat hoort hij niet echt met zeggen. Ik zie dat je tussendoor een beetje begint te geneken op een of andere manier. Een beetje van tegeneken denk ik. Ja. Van een beetje, ja, ongemakkelijke situatie. Ja. Oké, dus maar even we zijn hier natuurlijk om jou, want ik merk dat sowieso in het begin al dat je dat je dat je een beetje ongemakkelijk voelde en niet helemaal uit jezelf dingen durft te vertellen. Heb je wel het gevoel dat je hier een beetje veilig bent? Ja, vind ik ook. Ja, denk ik ook. Oké. En nou ja, ik wil graag met jou gaan kijken naar een oplossing voor dit probleem in ieder geval. Ja, zegt zelf. Ik wil dat die weggaat. Nou, denk ik. Als ik even zo bij mezelf denk, dat is een beetje een een lastig lastig oplossing. Zijn er andere dingen waarvan je zegt dat zou ik willen proberen? ja, zou er wel gewoon een keer goed met mijn moeder willen praten, zonder dat ze meteen gaat roepen dat het niet waar is en dat het me aanstelt en zo. Dat is gewoon even naar buiten. Ja. Oké. Dus met je moeder praten, maar zou je dat willen doen thuis of zeg je doen maar een andere situatie? Nou, dan liever niet thuis, maar gewoon er zo gewoon rustig kunnen praten. Dat hij er ook niet in zijn binnencallo op of zo. En zou je er iemand bij willen hebben? Ja, denk dat dat fijn is. En ja, ik ik kan me voorstellen. dat ik erbij ben, dus dat we met je moeder een afspraak maken en dat we met ze alle even gaan zitten, want je bent hier natuurlijk niet voor niets gekomen. Dat is één ding dat we vast kunnen stellen. Dan lijkt het me verstandig als we dat doen. Als jij daar veilig bij voelt als ik erbij ben. Ja. Want zij zelf zegt. Nou. Nee, ik vind het allemaal wel veilig als jij erbij bent. Oké. Wat wat wil je tijdens het gesprek van mij dan? Misschien gewoon een beetje mij de kans ook geven om uit te praten, zeg maar, niet aan moeder, tegen mijn moeder. Ja, dus. dat je je verwacht of mij je verwacht, mij je wil dat ik daarbij ben om een beetje de orde eigenlijk te houden en jou de kans te geven dat je je ding kan zeggen en dat je moeder je niet onderbreekt. Ja. Oké. Nou, dat vind ik. Ik vind het fijn dat je zelf ook bedacht hebt van dit wil ik. En daar kunnen wij je hartstikke goed bij helpen en daar zal ik je ook zeker bij helpen. Als jij zo meteen het nummer van je moeder even achterlaat bij mij, dan ga ik haar een belletje geven en dan ga ik even uitleggen wat wij hebben besproken hebben, namelijk gezondheid. Namelijk dat je je niet veilig voelt thuis door het feit dat je je vader of je vader zie je eigenlijk niet en dat je moeder de nieuwe vriend gewoon naar jouw gevoel gewoon geen normale dingen doet bij jou, zoals dat hoort als vriend van je moeder en niet als vriend van jou. Dan zal ik je moeder daar even een belletje over geven. Ik zal ook niet te veel daarvan zeggen. Ik zal aangeven dat je hier behoorlijk overstuur bent gekomen en dat ik graag een mogelijkheid wil om met met haar te praten en met jou. En dan stel ik voor dat we dat ik met je moeder een afspraak maak en met jou dat we de volgende week onszelfde tijd nog een keertje afspreken. En dan bespreken we alles nog een keertje met je. Ja, is goed. Ja? Kan je haar vinden? Morgen hoor ik. Mooi zo. Dan zie ik je volgende week. Oké, doet wel. Ik spreek."
Intake_2.mp3,Psychologische gespreksvoering,Qwen3 ASR 1.7B,15.29877115871561,"Frank, fijn dat je bent gekomen. Ben je wel als eerder bij een psycholoog geweest? Nee, dit is de eerste keer. Oké. Nou, dan is het misschien goed als ik even iets vertel over de manier waarop ik graag werk. Ik wil dit eerste gesprek graag gebruiken voor kennismaking en kijken met welke vragen je rondloopt en wat er daarbij voor jou meespeelt. Dan kunnen we even zo daarna vervolgens spreken inplannen, waarin we wat beter en dieper in kunnen gaan op de belangrijke aspecten en ook misschien concreet kunnen kijken naar wat we kunnen doen om je verder te helpen. Hoe lijkt je dat? Ja, dat is goed. Als je nog vragen hebt, dan kun je die nu gerust stellen. Nee. Oké. Zullen we dan maar gewoon beginnen? Dat is goed. Oké. Kun je me vertellen wat je hier heeft gebracht? Nou, ik ben hier eigenlijk op aanraden van een vriend van mij. daar heb ik eens mee gesproken en die die zei tegen me zoals je nu in hetzelfde kringetje ronddraait dat dat kan gewoon niet meer en hij vond dat ik maar eens moest gaan praten kringetje ronddraait nou ik loop al een tijdje met het idee rond om een eigen bedrijf te beginnen in automatisering ik doe automatiseringsprojecten ja en dan ga je wel eens denken hoe je dat wilt en toen nou ik heb nu ook best een leuke baan maar op een gegeven moment ga je wel denken ik moet maar eens wat anders dus je hebt het wel een beetje gezien in jouw oude baan ja ja dan ga je op zoek naar een nieuwe uitdaging en een eigen bedrijf leek me eigenlijk een hartstikke goed idee dus dan toen heb ik er met mijn vriendin over gesproken en met mijn ouders en met vrienden en eigenlijk Was iedereen ontzettend enthousiast. Dus je kreeg veel steun uit je omgeving. Ja, ja. Dan zet je een volgende stap. Dan ga je naar de Kamer van Koophandel. En daar heb ik een starterspakket aangevraagd, een cursus gevolgd, een compleet ondernemingsplan geschreven en met banken gepraat. Dus de plannen zijn eigenlijk best al vergevorderd. Ja, ik ben zo al een tijdje bezig, een jaar of wat bezig met het opzetten van een eigen bedrijf, misschien nog wel iets langer. Oké. En sinds een paar maanden zijn er wat dingen veranderd en daardoor vraag ik me nu af of die dingen, die die plannen die ik had of die nog wel kunnen of niet. En je zegt dingen veranderd? Nou, sinds een maand of wat is bekend dat mijn vriendin zwanger is. En dan verandert er wel veel ja. Daar schok je van die verandering? Nou ja. dus trokken we allebei nogal van, dat hadden we niet op gerekend. En dan veranderde er gewoon heel erg veel. Jullie hadden het allebei niet verwacht. Kun je daar iets meer over vertellen? Hoe ging dat? Ja, Caroline had keurig de pil geslikt, had hem niet vergeten of te laten ingenomen of zo. En toen werden ze niet ongesteld. Dus toen hebben we een zwangerschaps-test gedaan. En toen zaten we naar die uitslag van die test te kijken. Je kon eigenlijk je ogen niet geloven. Nee, dat was te gek voor woorden. Oké. Om even kort samengevat: je hebt eigenlijk hele serieuze plannen om een eigen bedrijf te beginnen. Daar was je ook kreeg veel steun uit je omgeving en daar was je ook echt al een eind mee. En nu is je vriendin plotseling zwanger en nu komt het even op losse schroeven te staan. Klopt dat? Ja. Misschien is het goed om nog even terug te pakken over je plannen voor een eigen bedrijf om daar iets dieper op in te gaan. Je zei net dat je je ouders die waren er enthousiast over en je vriendin ook. Ja, mijn ouders hebben een eigen bedrijf. Mijn vader geeft autorijlessen en heeft zelf een hele rijschool opgezet. Dus ik ben als het ware groot geworden met dat idee van een eigen bedrijf. Dus toen ik bij mijn vader met dat idee aankwam, had hij zoiets van ja natuurlijk, dat is een hartstikke goed idee. En je vriendin? Ja, die was eigenlijk ook heel enthousiast. Ze werkt fulltime. Ze is unithoofd van een verpleegafdeling. En zij vindt een goede baan en een uitdaging ook heel belangrijk. Dus toen ik met haar bij haar met die plannen aankwam, had zij zoiets van ja, dat dat is echt iets voor jou. Dus vanuit je omgeving kreeg je steun voor die plannen. Je gaf net aan dat de zwangerschap was onverwacht, was echt een verrassing. Kun je me vertellen wat dat verder teweeg heeft gebracht? Nou ja, het was voor Caroline ook al even schrikken. Ze werkt fulltime. Ja, als ik dat dan zo mag zeggen, dan komt die zwangerschap ook niet echt goed uit. En dan nu met die plannen, dan is het eerst wel even schrikken. Oké, even schrikken. Maar hoe is dat nu? Nou ja, het zette dingen wel een beetje op zijn kop. En Caroline die is nu langzaam er aan het wel zo ver dat ze net iets zitten, die heeft zoiets van dan gaan we allebei vier dagen werken en dan dan vangen we het samen wel op. Oké, dus Caroline die ziet het nu wel wel zitten. Ja. En heeft ook al wat concrete ideeën over hoe jullie het zouden kunnen aanpakken. Ja, die begint er onder andere al waarom voor te draaien. En jij? Ja, kijk, het feit dat die zwangerschap er is, dat eigen bedrijf kan ik nu wel vergeten. Ik moet nu helemaal het nieuwe beginnen. Dat klinkt een beetje bitter, zoals je dat nu zegt. Ja. En ik hoor je ook zeggen, ja als het kind komt, dan kan eigenzaak gewoon niet doorgaan. Nee, ik vind dat als je iets doet, dan moet je het wel goed doen en anders niet. Dat doe ik binnen mijn werk nu ook. En een eigen zaak moet je helemaal zelf doen. En een kind moet je juist goed doen. Nou, dat dat botst. Ja, dat kan voor jou niet niet samen gaan een eigen zaak en een kindje. Nee, dan rafel je net af. En dat kan met een eigen zaak niet en met een kind al helemaal niet. En je voelt je verantwoordelijk. Ja, een kind is niet iets wat je er naast neemt. Nou, je zegt van dan moet ik helemaal opnieuw beginnen. Wat bedoel je dan? Ja, wat bedoel ik eigenlijk? Dat weet ik eigenlijk niet. Die baan die ik nu heb, die heb ik in zekere zin al, daar heb ik in zekere zin al afscheid van genomen. Dus daar blijven, dat heeft geen zin meer. En een nieuwe baan, dan werk ik weer onder een baas en dat wil ik juist niet meer. Ik wil eigen baas zijn, eigen bedrijf beginnen, iets van de grond af aan opbouwen. Iets waar je trots op kunt zijn. Ja, precies Oké, om het even op een rijtje te zetten. Je wilde een eigen bedrijf starten. Kreeg daarbij ook veel steun van onder andere je ouders en ook van Caroline. Sinds de zwangerschap een feit is, loop je eigenlijk rond met het idee dat het dat het eigenlijk niet meer kan, want je zegt een een kindje en een eigen bedrijf dat kan niet samen. Want dan heb je het gevoel dat je een van de twee niet goed zou doen en dat zou je heel erg vinden. Dat betekent dus eigenlijk dat dat je het eigen bedrijf niet door kunt zetten en dat is voor jou heel onbevredigend, want je had echt behoefte aan een nieuwe uitdaging, aan die voldoening. Klopt dat? Ik zit te denken, hebben je het onlangs nog met Caroline over die plannen gehad? Je zei van nou, ze was eerst heel en dus jij ook. En hoe is dat nu? Ja, ze steunen me nog wel steeds, maar ze is steeds meer bezig met dat kind. Oké, je zegt ze steunen me nog steeds. Hoe bijvoorbeeld? Nou, zij vinden dat idee van een eigen bedrijf nog steeds een heel goed idee. Ze verklaren me niet voor gek of zo. Dat dat noem ik wel steun. Oké, en maar de manier waarop je het zegt, dan dan heb ik het gevoel dat je het er misschien niet echt onlangs meer over gehand heb. Klopt dat? Nee, de laatste tijd niet meer zo. Hoe komt dat, denk je? Nou, dat heeft niet zoveel zin meer. We hebben er heel veel over gesproken en zij is heel erg met die zwangerschap bezig. We hadden gewoon heel erg zin in dat bedrijf samen en we zijn er heel lang mee bezig geweest. En ik had het gevoel dat we dat we er echt aan toe waren, samen. Caroline ook. En dat vind ik eigenlijk nog steeds dat wij dat bedrijf moeten. Nou, dat maakt het nu erg lastig. Misschien is het goed om even in te gaan op ja de de gevoelens die deze situatie eigenlijk te wege hebben gebracht. Kun je me vertellen hoe je je nu voelt, nu je in deze situatie zit? Ja, ik vind het gewoon erg vervelend het hele idee dat dat bedrijf niet door zou kunnen gaan. En ik begrijp ook niet waarom zij niet zo enthousiast meer is. Want ik vind wel als je zoiets doet dan moet je het samen doen en anders niet. En ik had het gevoel dat dat zo was, maar maar blijkbaar niet. Je voelt je in de kou staan? Ja, ik heb nu het gevoel dat ik alles alleen moet doen. Als het al zou kunnen zo'n eigen bedrijf en dat had ik niet verwacht. Je bent teleurgesteld? Ja. Ik vind als je iets doet, dan moet je het gewoon goed doen en anders niet. En ja, dat eigen bedrijf dat kan ik nu wel vergeten. Je bent ben je ook boos op Caroline dat zij doet er eigenlijk makkelijk over en jij wil eigenlijk nog heel graag door? Ja, natuurlijk ben ik boos. Ze zet me voor het blok. Hoe bedoel je? Nou, toen we het net wisten, toen heb ik het over een abortus gehad. En helemaal niet zo van dat ze het weg moest laten halen, maar toen werd zij ontzettend kwaad en ze maakte me uit voor idioot en egoïst. En het was helemaal niet zo dat ik die abortus gewild had. Caroline en ik hebben het wel eens over kinderen gehad. Ik hou gewoon heel veel van haar. Alleen we wonen net samen en we hebben plannen om een eigen huis te gaan kopen en dan. Ja, we hadden wel allebei het gevoel dat dat dat het een stukje completer zou zijn als we daar ook een kleintje bij zouden hebben. Alleen niet nu. En door hoe zij nu reageert, heb ik het gevoel dat ik daar geen inspraak in heb. Je voelt je machteloos. Ja, en daar baal ik van. Ik denk dat dat ook het kringetje is, hè, waar we het aan het begin over hadden. Nou, je wil een eigen zaak. Daar was je ook al ver mee, ook samen met Caroline. Je kreeg steun van je omgeving. Dat was erg prettig. Nou, nu is Caroline plotseling zwanger en is er voor jou geen ruimte meer voor die eigen zaak. En dat maakt je ja teleurgesteld en boos, ook op Caroline. En ja, tegelijkertijd hou je ook heel veel van haar en hebben jullie echt plannen om samen een toekomst op te bouwen. waardoor jij het gevoel hebt dat ja dat je geen kant op kan en dat ja dat je klem zit. Hoe zie ik dat goed? Hoe zie je dat zelf? Ja, ik heb nu gewoon niet het gevoel dat. Ik weet nu gewoon niet hoe dat nu verder moet. Enig idee hoe je uit het kringetje zou kunnen komen? Heb je daar zelf ideeën over? Nou, nee. Ik had geloofd dat jij misschien wat ideeën aan de hand zou kunnen doen. Oké, nou je vraagt nu eigenlijk aan mij een pasklare oplossing. Denk dat dat goed is dat ik daar iets over zeg. Ik kan geen pasklare oplossing of suggesties aanbieden omdat ik Ik weet niet wat voor jou en Carolina het best of het belangrijkste is. Wat ik wel kan doen is met jou kijken, dingen die me opvallen in het gesprek, een aantal punten, en dat we het daar ook over hebben en kijken of daar misschien iets in zit waarmee je verder kunt komen. Ja, wat vind je daarvan? Ja, dat klinkt goed. Oké. Gezien de tijd lijkt het me goed als we gaan afronden. Ik heb net al even iets kort samengevat. Een aantal dingen die me zijn opgevallen is dat je heel stellig zegt van ja, een eigen zaak en een baby, een kind, dat gaat niet samen. Voor de volgende keer zou ik graag willen dat je dat je nadenkt over eventueel een manier is waarop een een kind en een eigen zaak toch gecombineerd zouden kunnen worden. Misschien dat daar een ja iets in zit waar we mee verder kunnen komen. Is dat goed? Ja. En verder, nou ja, we hebben het ook even gehad over Carolien en dat je de laatste tijd het niet meer zo gehad hebt over die eigen zaak. Misschien kun je eens nadenken over ja wat je zou willen zeggen nog tegen Carolien in zo'n gesprek en hoe je ook denkt dat zij daar op zou zou reageren. Ja. Ja, dat is goed. Oké. Nou, het doel van ons eerste gesprek was eigenlijk om kennis te maken en wat zicht te krijgen op wat er wat er speelt. In hoeverre denk je dat dat is gelukt? Ja. Dat weet ik niet. Ik heb wel het idee dat het goed is geweest om erover te praten en hier te komen en er niet zelf mee aan te zitten modderen. Er is inderdaad nog geen pasklare oplossing bovenkomen drijven, maar misschien staat ook wat te veel gevraagd voor nu. Dan denk ik ook. Het lijkt me goed om voor volgende week misschien een afspraak in te plannen en dat we er dan een uur voor uittrekken. Zou een donderdag bijvoorbeeld om vier uur goed zijn? Ja. Oké."
baan.mp3,Psychologische gespreksvoering,Qwen3 ASR 1.7B,15.165951876288974,"Hallo, welkom. Goedemiddag. Hallo. Goedemiddag. Je bent vandaag gekomen omdat je mogelijk moet kiezen tussen twee banen. Heb je in ieder geval een nieuwe baan aangeboden gekregen? Ja, klopt. En wat zijn die twee banen precies? Nou goed, ik werk nu bij het distributiecentrum van de Albert Heijn, die bevindt zich op in de Schiedam en in Zwolle. En ik heb een baan aangeboden gekregen als luchtverkeersleider op Schiphol in Amsterdam. Aangeboden gekregen omdat ik contact heb op Schiphol. Ik heb daar al eerder een keer gewerkt, maar dan een andere tak. En nou goed, via via heb ik contact gehouden en toen is me dit eigenlijk naar boven gekomen. Super tof. We kijken het gesprek van vandaag gaat ongeveer tien à vijftien minuten duren. Doel van het gesprek is niet persé dat je een keuze moet gaan maken of zo in je baan, want dat zou het het zal vooral zijn dat je iets meer voor jezelf te weten krijgt wat jij voor jou belangrijk is en dan de handhaving van de keuze kunt gaan maken mogelijk. Oké. Dat is wel aan het eind van het gesprek kan zijn als je nog iets gaat willen spreken, zal ik even aangeven dat we een paar minuten hebben. Ja fijn. Zou je zo de eerste vrouw vandaag hoe stijf vandaag erin? Op je schaal van nul tot tien gelukkig of verbijt vandaag? Ben je heel gelukkig of heel ongelukkig? Ja eigenlijk een vier denk ik. Ik heb net een drukke werkweek gehad, dus in Zwolle bij de Albert Heijn en daar is eigenlijk best wel stressvol. Nu vanwege corona staat er natuurlijk heel veel druk op het distributiecentrum, maar ik heb ook van de weken niet zo'n een leuk gesprek gehad met één van mijn collega's, dus ja, ik heb een drukke werkweek gehad die niet zo leuk is geëindigd en daar ben ik eigen voel me niet echt lekker over in hem. Ja, oké. Kun je uitleggen hoe je dit met voelde, met toen net gedaan? Als je nu keuzes moet maken op je gevoel, waar zou je, wat zou je dan doen? Voor welke baan zou je dan gaan en waarom zou je dan die keuze maken? Nou, daar zit ik dus heel erg mee en dat vind ik best wel moeilijk, want het liefst, ik ben een type die het fijn vindt om verder te kijken dan waar ze nu zit, zeg maar. Ik vind leuk om nieuwe uitdagingen opzoeken, etc. Maar met het nog over ben ik ook best wel een beetje onzeker, dus ik zit bijvoorbeeld dan nu gewoon goed. Waarom zou ik dat voor mijn gevoel me erg ruitering gooien, zeg maar? Nou, dat is dus een beetje waar ik tussen schommel. Mogelijk dat ik net zo'n drukke werkweek heb gehad en geen leuke gesprekken heb gehad en opzoetje heb gehad daar. dan is eigenlijk de keuze voor mij wel vrij duidelijk om voor die andere baan te kiezen. ja. maar goed, dat is zoveel meer verantwoordelijkheden, zo'n grotere uitdaging dan. ga ik daar dus ook weer over twijfelen. dat heeft dus ook te maken met mijn vier. het is het daar gewoon. je zit gewoon heel erg mee in dilemma bij jezelf. ja. oké. dat is wel duidelijk. heb je voor jezelf een lijstje gemaakt ervan met de voors en tegen's of zo? wat dan? ja. wat meest kunnen werken. nee, ik krijg dat wel vaak als tip. ik heb ook al met mijn thuisgevochten, gewoon gepraat, maar ik vind dat dat een beetje lastig. ik doe dat vaak in mijn hoofd. wat er resulteert, dat ik dus helemaal vol in mijn hoofd zit en dat het. leuke dag niet echt over is, echt lelijk zegt. maar dus nee, op papier heb ik eigenlijk nog niks gezet. nee. als je zo zou kunnen zou nu bij Albertijn of in het algemeen? Gewoon het algemeen. Wat bijvoorbeeld vroeger heb je bijbaantjes gehad? Ja. Ja. Wat vond je vroeger nou leukste bijbaantje en zou je dat kunnen uitleggen? Waarom was dat dan het leukste bijbaantje? Ik denk mijn leukste bijbaantje degene was tijdens mijn studie Misomplas. Dat was namelijk een bedrijf die heel erg in de krachten van de mens geloofde. Zeg maar als in van als dat je ergens voor wil gaan, want als je iets leuk vindt, dan wil je er ook voor gaan. Dus wij geloven jou, zeg maar. Ja. Dus we geven je die kans en dat vond ik eigenlijk het leukst. Dus ik vind het leukst om mezelf te kunnen bewijzen ergens, want daar haal ik mijn eigen energie en motivatie vandaan. Altijd een beetje te willen presteren. En dat is dus eigenlijk ook waar ik wel op zoek naar ben. Maar wanneer een uitdaging dus toch groot wordt ook wel eens heb gehad dat ik toen toch iets te veel hoorde me voor ik nam krijgen we toch ook wel snel in privé situaties te voelen eigenlijk te verduren. Ja, dus je wilt graag heel, je wilt veel presteren, maar je wilt eindelijk ook niet over je max heen gaan en daar wel goed controle in kunnen houden voor jezelf. Juist, ja. Ah tof. En hoe zit het nu dan bij je huidige baan? Heb je het gevoel dat dat allemaal kan? Nou, nee, eigenlijk niet echt, want het is daar goed georganiseerd nu en alles loopt, maar het is best wel een beetje ouderwets geworden en ze werken nog niet echt met de nieuwe systemen die nu bijvoorbeeld bedacht zijn. Hoe bedoel je ouderwets qua hiërarchie? Qua? Ook, ja, ze hebben best wel veel, ja, inderdaad gewoon echt een piramide qua hiërarchie. maar ook best wel voor ouderen. Het systeem al, er is al genoeg nieuw ontwikkeld in de logistieke wereld, maar daar maken ze nog geen gebruik van. Terwijl ik denk, van als je dat wel gebruikt, dan kun je veel sneller en veel beter. Maar mijn mening wordt daarin in die zin niet echt gehoord. Dus we blijven een beetje achter of zo. En dat, ja, dan kan ik mezelf ook niet meer verder ontwikkelen en dan kan ik niet meer mezelf verwijzen, want ik word niet serieus genomen in die zin. Ja, vind ik vervelend. Ja, eigenlijk wel. Dan denk ik ook een beetje van, nou ja, weet je, als jullie het niet belangrijk vinden, dan vind ik het ook niet belangrijk. En dan ben ik een type die dan de stammet spat en aangaf gooien. En dat is niet hoe ik wil zijn. Nee. Nee, oké, dat is wel duidelijk. Dus je weet van jezelf eigenlijk wel hetgeen wat je graag Is het vooral de zekerheid die je op dit moment nog hebt binnen, ben je in een eigen bedrijf, wat je niet zomaar wil weggooien? Beetje van beide. Ik weet natuurlijk nu dat ik hier eigenlijk in principe goed zit. En als ik naar een ander bedrijf ga waarvan de uitdaging veel te groot is, of dat het toch te veel op een pad komt, dan kan ik me daar niet gelukkig voelen, nog ongelukkiger dan ik het misschien op dit moment nog ga voelen daar waar ik nu zit. Ja. Maar goed, dat is juist ook hetgeen dat ik vervelend vind, wat er dus nu om die reden staat, dus albertijn ook stil. Ja. Ja. Wat is de reden dat je überhaupt aan het werk bent? Is daar een speciale reden voor dat je werkt? Ik vind het fijn om bezig te zijn, om mijn kennis kunnen ergst te laten zien. Ik vind het ook fijn om van toevoeging te zijn. Ja. schoon het geaccepteerd worden binnen een bepaald iets en ook dat werkelijk het idee hebben dat je nuttig bent in de maatschappij. Daarnaast is geld natuurlijk ook belangrijk. Ja, snap ik. Oké, maar is ook wel een deel van het geld. Hoe ver zit dat de extra psychische motivatie zit daar dan bij, denk je? Dat je van buitenaf middelen krijgt, toegrijp, maar in dat geld, hoe ver vind je dat belangrijk? Of vind je belangrijk dat je dat werkelijk leuk hebt op je werk? Of is het echt het loon wat je dan krijgt? Nee, interne motivatie vind ik echt veel belangrijker. Want als het qua loon lager zit, op hoger zit, ja, dat is natuurlijk lekker, maar daar haal ik mijn energie niet uit. Ja, dus dat zit verder geen geen keuze zijn voor jezelf. Nee. Nee. Er zijn bepaalde dingen die je moet ondernemen om dat werk aan de slag te kunnen bij bij schiphol. Ik woon natuurlijk en Schiphol is in Amsterdam en er staat elke dag ontzettend veel file en de treinen zitten bomvol dus eigenlijk is de enige manier waar wanneer ik daar met gemakkelijk wil werken dat ik daar op dat werkje ga wonen. Ja. Bij op Schiphol verdien ik wel meer, zit dan verschil in. Maar goed, ik ga dan natuurlijk naar Amsterdam toe, dus daar is dan de huizenprijs en het leven is daar stuk duurder. Dus in die zin ga ik eigenlijk een stapje omhoog. Maar. Ja. Oké. En hoe ver veel lastig om mogelijk een leven hier achter te laten en daar een nieuw leven op te moeten starten? Nou ja, dat vind ik dus ook best wel ingewikkeld. Puur omdat ik weet dat ik dus hier nu gelukkig ben en ik moet daar totaal nieuwe mensen gaan leren kennen. Ja. Een hele andere omgeving met andere dynamiek tussen mensen en andere. Naja. zeggen allemaal andere types daar, dan dat denk ik. Heb je dat eerder moeten doen? Een nieuw leven ergens op de openbare voetvolg? Naja, toen ik op kamer ging. Maar goed, ook ga je dus dan ga je een studie beginnen, dus dan kom je automatisch in een hele grote groep met mensen die daar allemaal nieuw zijn. Dat is dan toch anders dan wanneer jij voor gevoel als laatste ergens bij een bedrijf binnenkomt of ergens in een straat binnenkomt met alle mensen die je niet kent terwijl zij daar al dertig jaar zitten bij spreken. Ja, ja, dat is op zich wel logisch. Als je zo veel praat, heb je dan enige idee of je al een volker is voor een bedrijf of moet je daar echt nog wel over nadenken? Nee, als ik eigenlijk als ik het uitspreek en als ik daar ook over nadenk, dan over eerst toch wel de gedachte om naar Amsterdam te gaan. Maar ik heb als een engeltje en een duivel op mijn schouder zitten en die praten die schillen allebei tegelijk in mijn oor dus wanneer ik dan blij ben met het idee over dat het dus dan opzijval wanneer ik dan eindelijk mijn keuze heb gemaakt om dan toch naar amsterdam te willen gaan verschuilt die duivel dan in mijn oor met nee moet je doen dat je bent niet goed genoeg voor ja dus vooral de prestatiedruk is ook watgene wat je misschien tegenhoudt omdat je daar meer verantwoordelijkheid zou krijgen juist ja dat is op zich wel lastig voor jezelf ja ja en die prestatiedruk is dat nu hetgene ook wat je bij de albert heijn dan niet niet hebt voor je gevoel dus dat je daar aan het top van je kunnen zit of heb je daar juist het idee van ik kan nog wel meer als ik de kans er nog maar voor krijg beetje van beide ja beetje van beide want ik kan daar ik kan daar veel meer ik kan mezelf veel meer laten zien maar zij houden mij tegen zij staan niet voor open ze willen me die kansen bieden. Dus dan zit ik nu aan de top van me kunnen. Na misschien, zeg maar. Ja. Maar als zij wel openstaan voor nieuwe ideeën, dan kan ik daar ook mee aan de slag. Maar goed, ik werk daar nu al tien jaar en ik heb al vijf jaar over gespaard met mensen en die ideeën ingebracht. En dan wordt gewoon nog vijf jaar niets meer gedaan. Op een gegeven moment dacht ik wel mezelf van, nou ja, joh. Ja. En hoe ver heb je zelf vol tegen aangelopen dat je dat er dingen gebeuren die voor jezelf misschien boven je pet gaan en denkt ik kan op dit moment even niet aan? Hoe ga je daarmee om, normaal gesproken? En heb je het idee dat binnen een bedrijf wel zou kunnen binnen een schiphol? Nou ja, ik denk op binnen schiphol. Daar werken natuurlijk ontzettend veel mensen uit allemaal verschillende disciplines. Dus daar staan denk ik veel meer mensen open voor nieuwe ideeën, andere gedachten, andere structuren en zo. Dus ik denk dat ik daar wel daarmee aan de slag kan. Andere vraag heb ik even vergeten. Ja? Ja, mijn fout. Ik moet niet twee vragen tegelijk stellen. Nee, of jij denkt dat mensen in Schiphol het kunnen opvangen en hoe zullen ze daarmee omgaan op het moment dat jij wel iets te veel gooit voor je neemt? Nou ja, daar is natuurlijk wel de werkdruk echt al erg hoog. Ik ben vast niet de enige die op Schiphol wil werken en daar is prestatie terug misschien nog stuk hoger. Dus ik denk in die zin dat ik daar wel moet presteren en misschien mezelf ook keertje op een tweede plek moet zetten om mijn werk op eerste plek te zetten om mezelf nieuw te bewijzen. ja en hoe sta je daar in al vind je dat lastig vind je het moeilijk nee ik vind het eigenlijk erg wel leuk als ik maar weet dat er een bepaalde dat het een keertje ook voorbij is of zo of dat ik voor me gevoel dat we een keertje kan inhalen niet dat ik altijd achter de feiten aan loop oké en zijn er dingen waar je mee al gespannen hebt te vallen met je met het bedrijfsgeheel of je daar al over gehad hebt ja ik ben al een keer bekendesmaakingsgesprek geweest en ik denk dat het wel pittig wordt en ook wel aanpoten wordt maar wel op een leuke manier dat het wel iets is waar ik voor wil gaan ja maar goed dat ik daardoor wel het eerste jaar dat ik daar ben wel iets is harder moet werken dan de mensen om me heen ja en zou je zo'n investering willen en kunnen maken ja maar dan is het dan tegen wel lastig om dan ook nog in een nieuwe omgeving te zitten met alle mensen die je niet kent want dan is je werk privébalans daarmee ineens heel anders dus dan moet dan moet ik voor mezelf dan een goede structuur gaan aanbrengen in mijn agenda denk ik om daar ook ruimte te maken voor mijn privétijd dus eigenlijk de discipline vereist is vereist ja heb je het voor jezelf discipline of niet ik denk het wel eigenlijk heb je voor jezelf een beetje duidelijk gekregen wat voor jou de belangen zijn en wat jij belangrijk vindt binnen een baan nu tijdens het gesprek ja denk het wel ja wat zou dat zijn voor jezelf nou ja dat ik gehoord wordt en dat ik in ieder geval mezelf kan laten zien tijdens mijn werk ja ja als ik zo een beetje mag samenvatten aan het einde dan merk ik vooral dat dat je belangrijk vindt om verder te kunnen voor jezelf voor je eigen ontwikkeling dat je niet meer wordt tegengehouden in bepaalde ideeën en gedachten die je hebt dat in ieder geval dan geluisterd wordt en of het werkelijke keuze wordt gemaakt ja dat is dan weer aan bedrijf zelf natuurlijk maar dat je het ook wel spannend vindt om ergens weer wat nieuwte te stappen maar dat het eindelijk veel voor kan gaan zorgen dat je eindelijk gelukkig wordt omdat je daarvoor wel veel moet investeren als ik zou denken zou dat de overwegend moet zijn voor jezelf die moet maken ja en dan goed bij jezelf blijven en nadenken wat jij zelf zou willen en zorgen dat je in ieder geval bij jezelf blijft en daar een keuze van gaat maken oké zijn mijn tips en ik ben heel benieuwd wat je daarin gaat kiezen. Ja, je begon net het gesprek met of ik al zo'n lijstje gemaakt op papier. Denk je dat dat nog iets is om nog's kunnen doen? Dat zou altijd kunnen werken voor jezelf, maar zoals ik jou nu ook praat zijn vooral de gevoelens die je zelf hebt het belangrijkste. Dus of we dan daadwerkelijk de feiten die in zo'n lijstje gezet te daar tegenover gezette, of dat heel relevant is, dat weet ik niet. Weet je vooral voor jezelf. Als je zoiets zou doen, moet je niet gaan nadenken of de feiten een directe voor of tegen is, maar meer het gevoel dat jij bij dat feit hebt een daadwerbare waarde aangeven. Want voor de één kan een loodsvol van duizend euro heel veel toegevoegde waarde hebben, en voor jou is blijkbaar het heel veel toegevoegde waarde om jezelf te kunnen uiten en jouw ideeën door te kunnen laten stromen. Dus als show is doet, ga dan niet het een voor tegen een tegen afstrepen, maar geef dat leven waarde aan je voor of tegen die jij hebt neergezet. Oké. Ja. Ja. Bedankt voor vandaag en ik hoop dat we dat volgende keer. Ik zie het factuur overbijkomen. Vondt helemaal goed."
client_gesprek.mp3,Psychologische gespreksvoering,Qwen3 ASR 1.7B,21.02117531522986,"Kom binnen. Dank je wel. Martine, hoe was het voor jou om hulp te zoeken? Eigenlijk het hulp zoeken was voor mij niet zo'n probleem, maar de juiste hulp vinden, dat was echt mijn probleem. Ja. En waar liep je tegen aan? Ja, ik liep tegen aan dat ik dus bij heel veel therapeuten ben geweest, mindfulness van alles geprobeerd, maar eigenlijk werd het niet beter en ging steeds meer achteruit en ging steeds meer dingen vermijden en ja uiteindelijk durfde ik bijna niets meer. En toen kwam je uiteindelijk bij ons, bij een intensieve behandeling, een drie daagse dagbehandeling. En hoe was dat voor jou? Heel spannend. Ja. Vooral het begin. want daar ik had nog nooit in groep eigenlijk therapie gehad, dus dat vond ik heel spannend. En maar dat beviel eigenlijk heel erg goed. En het einde vond ik ja spannend, omdat ik dan dacht, oh, nu moet ik het alleen doen. En dan dat je vangnet eigenlijk een beetje wegvalt. Zo voelde dat een beetje. Ja. Maar dat is allemaal goed gekomen. En tijdens die behandeling, wat vond jij toen het meest spannende stukje, of wat vond je het meest spannende moment of het moeilijkste moment? Nou, de exposure sessies, individueel en met groep vond ik heel spannend. Je zoekt dan echt, ja, je angst en je paniek zoekje op. Ja. Maar daarin word je heel goed begeleid dat je je wordt heel goed begeleid om met die angst om te gaan en daarom merk je eigenlijk al ik ik kan dit gewoon aan ik kan dit gewoon wat voor soort dingen heb jij dan bijvoorbeeld gedaan de lift ja ja de lift was voor mij echt een ding ja dat vond ik verschrikkelijk de eerste dag dat ik hier was zei kan ik niet met de trap naar boven ik ga de lift in ja met het openbaar vervoer zijn geweest ja ik heb zo veel dingen gedaan die ik normaal gesproken niet durfde medicijnen slikken dat klinkt raar paracetamol slikken ja ja ja dus dat was heel spannend hey en wat heeft jou nou het meest geholpen tijdens die behandeling toch wel ook die exposure, maar eigenlijk alle therapieën wel. Je krijgt van andere therapieën heel goed inzicht waar mijn valkuilen liggen en hoe ik in elkaar zat, waarvan ik eigenlijk dacht dat heeft niet met mijn angststoornis te maken, maar dat heeft het dus duidelijk wel. Dus dat heeft me heel geholpen om inzicht te krijgen. Waar moet ik aan werken? Ja. En hoe gaat het nu met je? Het gaat heel goed met mij. Er blijven altijd uitdagingen. Ja. Maar die ga ik gewoon aan. En mijn leven is nu gewoon weer leuk en ik heb mijn vrijheid weer terug. Ik doe leuke dingen. Ik ondernem van alles. Ik stap in liften. dus het gaat eigenlijk heel erg goed met me nu wat fijn ja zeker super"
antidepressiva.mp3,Psychologische gespreksvoering,Qwen3 ASR 1.7B,21.72967357866161,"Hé Loon. Hekim, ik wil even iets met je bespreken, want ik denk ergens al een tijdje over na en ik weet niet zo goed wat moet doen. Oké, nou ja, natuurlijk kan je dat met me bespreken. Je klinkt wel serieus, wat is er aan de hand? Nou, het gaat over mijn antidepressiva, want eigenlijk wil ik er mee gaan stoppen. Oké, nou ja, je overdonderde me wel een beetje er mee. Ja, je antidepressiva, ik weet dat je dat wel heel lang slikt. Ja, hoe komt het dat je ineens wil stoppen? Ja, ik slikt ze wel bijna drie jaar. En toen ik ze begon te nemen, was ik echt in een hele depressieve periode in mijn leven. En alles voelde zwaar en hopeloos. Ik had gewoon echt het gevoel dat ik niet verder kon. De pillen hebben me toen wel echt doorheen geholpen, maar ik weet nu niet. Ik voel me anders. Oké, ja, ik snap dat je daar wel over na hebt gedacht. Kan je mij wel vertellen wat je bedoelt met anders? Ik voel me gewoon niet meer echt zoals ik me toen voelde. Toen ik ze begon te nemen. Het is moeilijk om uit te leggen, maar het is alsof ik achterklap ben. Begrijp me niet verkeerd. Ik ben niet meer zo somber als toen, maar het is ook niet. alsof ik echt blij of enthousiast kan voelen overdingen. Alles is gewoon neutraal en dat kan best wel frusterend zijn. Soms voelt alsof ik een deel van mezelf ga knippen. Ja, dat klinkt best wel mooi leuk, hond. Maar denk je niet dat het soms juist goed is om stabiel te zijn? Want ja, die neutraliteit misschien helpt je ook wel weer om niet weer in zo'n zware depressie te komen. Dat dacht ik eerst ook, maar naarmate de tijd verstrijkt begin ik me af te vragen of ik niet gewoon gewend ben geraakt aan het gevoel van stabiel zijn. zonder echt te ervaren wat ik wil ervaren. Het voelt een beetje alsof ik niet meer volledig mezelf ben. Weet je, ik kan me de laatste tijd, laatst keer dat ik echt oprecht geluk gewas, gewoon niet meer herinneren. En daar maak ik me een beetje zorgen. Ja, loon, dat klinkt inderdaad best wel moeilijk. Heb je dit ook al met je arts besproken? Want het lijkt me niet echt iets wat je zomaar zelf even kan of zou moeten beslissen. Ja, ik heb voor binnenkort een afspraak staan, maar tegelijkertijd wil ik wel met iemand praten die me beter kent, zoals jij. die begrijpt wat ik doormaak. Mijn dokter die ziet me echt maar een paar keer een jaar en hij ziet alleen maar medici's. Maar jij ziet me elke dag. Ja, dat klopt wel. Ja en ik zie ook wel hoe je hoe je er mee bezig bent, hoe je een beetje worstelt ermee. Maar ja, ik heb ook wel gezien van hoe ver je gekomen bent. Ja, dat is echt al een paar jaar geleden. Ja, maar dat ik ik kan het me nog heel goed herinneren, want het was best wel moeilijk om je zo te zien dat je zo veel pijn had. En ja, het idee dat je daar misschien wel weer terug zou kunnen vallen. Ja, in zo'n depressie. Ja, als ik daarover nadenk, vind ik dat toch wel heel erg moeilijk. Ja, dat begrijp ik ook. En ik wil als niet terug naar het voelen, maar ik vraag me af, als ik niet eens meer echt kan voelen, wat voor leven is dat dan? Wat is het verschil tussen pijn niet voelen en helemaal niets voelen? Ik wil het risico nemen om weer te voelen, zelfs als dat betekent dat ik ook verdriet kan voelen. Jeetje, ja nogmaals, ja, het klinkt gewoon allemaal best wel heftig. Ja, zeg je nou dat je het gevoel hebt dat je denkt dat je bepaalde emoties niet kan voelen? Nou, precies dat eigenlijk. Ik zie mensen om me heen genieten van de kleine dingen, zelfs hun verdriet lijkt echt. En ik voel me gewoon afgeplakt. Ik weet dat dat een deel is van hoe de medicijnen werken, maar soms heb ik het gevoel dat ze me meer weg nemen dan dat ze me helpen. Lou, het klinkt alsof je worstelt met de vraag of het mogelijk is om jezelf terug te vinden en dan dan zonder de medicijnen. Maar heb je wel een beetje nagedacht wat er kan gebeuren als je wel stopt? Ja, het is niet zo maar iets. Ja. kunnen veel dingen bij komen zoals ontwenningsverchijnselen. Ja, en dan is er ook het risico dat je je toch wel slechter kan gaan voelen. Ja, ik heb wel gelezen over de ontwenningsverchijnselen en daar ben ik ook best wel bang voor eigenlijk. Ik wil niet van de ene op de andere dag gelijk stoppen, maar er is ook een deel van mij dat zegt dat op een gegeven moment moet leren onzonder de medicijnen te kunnen leven. Gewoon het leven zelf aangaan zonder dat chemische vangnet. Anders hoe weet ik dan ooit wie ik echt ben? Ja, zoals je het nu zegt, ik begrijp wel wat je bedoelt. Ja, volgens mij wil je gewoon weten wie je wie jezelf bent, wie je eigen ik is, zonder al die medicijnen in je lichaam. Maar ja, dan blijft er toch de vraag is dat nu wel het juiste moment om dat uit te zoeken. Ja, kijk, je bent net met een opleiding gestart en ja, je hebt een nieuwe relatie net. Het zijn wel heel veel dingen die heel veel aandacht van je vragen. Ja, ik weet niet of het ooit echt een goed moment is, want er zullen altijd dingen zijn die druk op je uit oefenen, toch? Misschien moet ik gewoon de sprong wagen. En kijk hoe het gaat. Ik kan altijd weer beginnen als het echt goed lukt. Ja, maar zo, ja, dat is ook wel. Nee, laat ik het anders zeggen. Zo eenvoudig is dat niet. Ja, antidepressiva die, ja, hebben toch wel de tijd nodig om weer volledig te werken. Als je gestopt bent en weer opnieuw wil gaan beginnen. Ja, het is niet echt zoals een paar centen mol die meteen werkt. Ja, het kan echt wel weken gaan duren voordat je weer effect voelt als je weer start met de antidepressiva. Ja, en die die tijd kan je toch echt wel heel erg kwetsbaar voelen. Ja, nogmaals, ja, dat wil ik je niet ze meemaken. Ja, dat is wel waar. En dat is ook precies waarom ik me zo vastgelopen voel. Want aan de ene kant wil ik stoppen om te zien of ik zonder kan. Maar aan de andere kant ben ik bang voor wat er gaat gebeuren als het niet lukt. Het voelt een beetje als een soort van vastzitten en is het vangnis. Hoe langer ik wacht, hoe meer ik me afvraag of ik ooit zonder dat kan. Ja, ik begrijp je zorg ook wel. Ja, dat is één ding wat zeker is. Maar ja, misschien moet je niet zo denken in termen als ja vooral tijd. Dat dat is echt niet zo, denk ik. Wat als je nou denkt aan wat het beste voor jou is nu, dit moment? Ik weet hoe sterk je bent en wat je allemaal hebt doorstaan. Dus ja, misschien is het nu inderdaad wel tijd om even stil te staan bij jezelf en ja inderdaad ook te overleggen met je arts wat nu het beste is. Je staat er echt niet alleen voor. Bedankt Kim, dat helpt me al. ik voel me zo in twee strijd soms en ik weet dat jij het beste met me voor heb misschien moet ik inderdaad niet zo ver veruit denken en gewoon stap voor stap kijken wat er nodig is ja dat is zeker zo weet je wat je ook besluit Luna weet je ik ik sta wel achter je en ja dat betekent dat kijk als je als je wilt stoppen prima dan gaan we dat samen doen we komen er echt wel doorheen en ja ga je door is dat ook goed ik vind gewoon belangrijkste is ja weet je Ik wil dat jij je goed voelt. Dat dat is belangrijkste. Ook al pijn te horen. Ik denk dat ik deze week eerst met de dokter ga praten en een plan ga maken, want ik wil niet overhaast een beslissing nemen. Misschien kunnen we eerst de doses langzaam afbouwen en kijken hoe dat verder gaat. Ja, maar ja, weet je, dat klinkt gewoon ja als een goed idee. Ja, doe het wel vooral op jouw tempo, niet overhaast. En we gaan het samen doen. Ja, ik vind fijn dat dat je op vraagt en dat is altijd oké. ja daar sta ik altijd open voor dat weet ik dank je wel dat je me geeft ja loon ik ik doe mijn best daarin om je te begrijpen met alles en dat zal ik blijven doen dank je wel voor je tijd en dat je zo open was namelijk oké dank je wel"
ge.mp3,Psychologische gespreksvoering,Qwen3 ASR 1.7B,18.455748238005768,"Hallo, je bent Jelinka? Ja, klopt. Skijpema, ben jij Jelinka? Meest. Hebben jullie iets kunnen vinden? Ja, ja, informatie aan. Skijpemse. Ja, ik zal misschien even beginnen met mezelf kort voor te stellen. Ik ben Emma en ik ben de psychologische consulent hier binnen de studie en de leerlingbegeleiding. Ja, is het de eerste keer dat jij naar rolverlening komt? Ja. Dat klopt. Ja, ja. Oké, ja, voor mij wat belangrijk komt te weten, dan beginnen we een allereerst gesprek. Geven altijd zo'n beetje informatie mee. Ja, wat kan je van verwachten van mij? En wat gaan we allemaal doen, zodat je dat zeker goed weet? Ja. Dus zoals ik al wel net zei, gaan we een gesprek hebben. Dat gaat ongeveer 50 minuten duren. En tijdens dat gesprek ga ik vooral luisteren. Dat is omdat ik jou en jouw verhaal beter wil leren kennen. En ja, je gaat me ook wel wat dingen zien noteren. Dat is vooral voor mezelf van wat heb jij al verteld? Waar wil ik nog wat meer over weten? En als het gesprek klaar is, lijkt die notities ook een beetje niemand kan eraan, niemand weet waar die zijn. Is dat oké voor jou? Nee, ja, natuurlijk. Ja, ook super. Misschien ook heel belangrijk om te weten dat alles wat jij tegen mij vertelt, dat is heel vertrouwelijk. Dat een discreetieplicht. Ik ga dat tegen niemand zeggen. En als er iets zou zijn waarvan ik denk van is misschien wel belangrijk of handig dat anderen dat weten. Zal ik dat ook altijd eerst aan jou vragen? Dus ik vraag het altijd aan jou eerst. Er is alleen één uitzondering wanneer ik die discreetse plicht ga moeten verbreken en dat is wanneer ik denk dat jij in gevaar bent. Alleen ja, wanneer ik om jou in veiligheid moet te brengen, ga ik dat moeten verbreken. Maar zolang ik dat niet denk, gebeurt dat niet. En vragen ik ook altijd eerst aan jou. Heb je daar om te beginnen nog vragen over? Nee, nee, alles is het. Kijk, ik ben zelf goed. En ja, ik gaf ook aan, ik ben nog nooit naar geldverlening geweest. Dit is al de eerste keer gesprek. Ja, heb je bepaalde verwachtingen? Verwachtingen? Nee, nee, gewoon de keer in mijn hart luchten voor alle. bij iemand dat mij niet kent. Ah ja, oké. Dat is goed voor mij mee te nemen en ik hoop dat ik daar aan kan voldoen. Dan zal ik hier al eens kijken, want we hebben via mail al, al je bij mij mailtjes stuurt, ze wel kort contact gehad. En er heb je zo al korte gezet van dat je op last van falings tijd. Je doet nu logopedie. Ja, klopt. Eerste jaar. Ah ja, oké. En ja, dat beetje dat examen is ook nog niet zo goed. Ja, dat is al waar ik een beetje bij. Dan kan je daar misschien al wat meer over. Ja, dus ik zit in mijn eerste jaar logopedie, klopt. En met mijn eerste examens had ik vier buizen van de zes examens. Dus ja, dat is echt slecht. En nu met dat examens naderen, ben het twee maanden examens en heb ik opeens super veel paniek en ik probeer te studeren, maar ik ik heb geen concentratie, ik zit, ik hang over mijn boeken en ik weet niet wat ik, allee ik krijg daar paniek van en dan doe ik maar andere dingen nutteloze dingen, dus het het geeft mij vooral veel angst dat nog iets gaat gebeuren, dat ik nog iets zoveel buizen heb, daar wil ik echt ja het lijkt me niet zo fijn als je heel veel moeite in examen steekt en dat je dan vier puus terugkrijgt dat kan ik heel erg begrijpen ook dat je daar paniek voor hebt ja dat kan ik ook wel begrijpen ja ja je gaf daar net ook aan dan ja ik kan niet zo goed concentreren je gaat dan andere dingen doen kan je misschien vertellen wat die andere dingen zijn dat zijn echt nutteloze taakjes man allee nutteloos ons mama zal het niet nutteloos vinden maar stofzuigen of mijn kleren op vindtets zetten of allee een totaal niks wat dan met mijn studie te maken heeft en heb je als ooit eerder zo een studiebegeleiding of iets gehad nee nee zo het middelbaar nee ook niet in het middelbaar ik zat in humane wetenschappen en ging daar super goed mijn punten waren ik was de beste dus mijn familie en mijn vader vooral had had zijn lat hoog gelegd dus nu is die druk ook heig hoog bij hem hij verwacht dat allemaal vlot schaadt maar dat absoluut niet vlot schaadt maar ik weet nu dat komt ik hoor dat je zegt dat je vader lat hoog voor je legt zijn er nog andere personen waar je veel druk aan je afkomt ja mijn mama sowieso ook maar van mijn van mijn papa voel ik wel echt de meeste druk en je pittig als met hem overgaat? Nee, nee. Mijn papa nog, alleen mijn mama ook nog niet. Gewoon ik doe als of. Als hij vraagt hoe was het, of hoe gaat het studeren, dan zeg ik goed, terwijl dat totaal niet zo is. En zijn er andere vriendinnen waar je daarover kan praten? Nee, want bij hem gaat allemaal goed. Met dat of zo advies vragen, dat doe ik misschien ook wel minder bij hem. Ja, ik wil dat van niet vragen omdat ik niet wil weten, omdat ik niet wil tonen dat bij mij niet gaat. En zijn er nu bepaalde dingen die je ondernemt om je beter door te kunnen concentreren? Nee, ja, ik ga op tijd slapen en ik probeer wel. Ik zit wel voor mijn boeken, maar het komt niet. En en dan krijg ik paniek en dan dan denk ik ja, het het gaat toch niet, het komt toch niet goed. Dus waarom zou ik nog studeren? Of waarom zou ik nog mijn best doen? Ja, ik merk dat je heel erg in zit als je ja, enorm. Ja, je gaat dan aandelen studeren en heb je wel bij, kreeg je paniek omdat niet direct leert. Heb je dat ook ervaren ook bij andere dingen? Nee, eigenlijk enkel bij mijn bij mijn studeren. Want ik voetbal bijvoorbeeld ook en daar hebben we die druk dan niet omdat dat is wel een competitie sport het is echt enkel die falings en en die paniek voor het studeren voor iets zwaars tegen aanloopt en had je dit voor de eerste examenperiode ook al of is het nee nee ik had het totaal niet onmiddellijk ik zeg het daar liep het zo vlot dat ik daar totaal geen problemen mee had het is echt juist na dat ik te horen had gekregen dat ik vier buizen had van de van de zes ja in het begin zei je ook al dat je ook graag je verhalen al kwijt wil bij mij en ik hoor nu ook graag van dat is de tranfalence en de randaren dingen die ik voor jou kan betekenen gooi ik wil vooral die tranfalence zo verkennen samen en en weten hoe dat ik daarmee kan omgaan hoe dat ik daar ja hoe dat ik daar zelf onrecht controle kan houden en kan doen verminderen en zijn daar dan dingen in allee heb je daar als eerder dingen over opgezocht of dat is zelf nee nee dan nog niet maar ik dacht ja ik ga ik kom dan bij u en u weet daar het beste allemaal het beste over op Google vind je ook veel fake nieuws dus ja wacht ik wacht tot als ik bij je ben nee dat begrijp ik ook al soms lees je dingen op Google en dan denk je oei ja dat snap ik ook allemaal veel ja ja en tijdens hij dan zo aan studeren en en het ook niet zo goed ja wat denk je dan op dat moment ik voel mij dan zo een aan slechte student nutteloos ik ik denk dan waarom studeer ik nog hoeft het wel? waarom zit ik wel in de juiste juiste richting? ik zal mijn ouders teleur, ik zal mezelf teleur, ja vooral negatieve gedachten. ja, ik merk en ik zie ook dat heel veel negatieve dingen, want je je je moet dan op gaan. ik voel me slechte student, ik voel me nutteloos, ik zal teleur. ja, ja tijdens het studeren ervar je dat dan. maar ervar je dat dan ook op andere vlakken dan niet dat je? nee, niet op andere vlakken nee. nee ook. ja. dus dan zou ik graag nog wel ook een paar dingetjes zelf willen weten want je zegt dan hé over twee maanden zijn nu wel de examens hoeveel examens heb je zeven direct en heb je bij elk examen iets van het gaat moeilijk of het gaat niet zo goed lopen of zijn er tegelijk op alles achter ik moet nog zo veel dingen inhalen want veel lessen zijn alleen online waardoor ik me direct ook eenzaam voel maar ik ik moet kiezel inhalen en ik ja daar schiet ik dan ook van in paniek want als ik die klusjes aan het doen ben denk ik ook maar ik heb nog zoveel te doen maar moet ik dit maar toch zet ik mij daar niet aan omdat er dan zo een ventje zegt van ja het maakt toch niet uit dus ja voor alle vakken erg maar het is zo nee nee het is goed dat je aan heeft hè dat je weet dat jij vaak ervaren is goed voor mij te weten jij zei ook net ik heb dat ventje dan in mijn hoofd en ja wat hoef je dan dat moment als je dat dan hoort dat dat stemmert in je hoofd wordt ja verdrietig boos want ik weet dat dat een stemmertje is dat ik dat niet ben dat ik beter weet en ja paniekerig is echt mijn mijn grootste grootste gevoel ik word paniek inderdaad veel terugkomen bij jou en zijn er dan dingen waarbij je denkt van dat kan mij op dat moment helpen met er alleen te ontspannen maar meer gooi ik lees veel en ik doe zo zo ademhalingen en dat helpt wel dan ga ik eens gaan wandelen of zo met mijn hond en dat helpt wel maar ja dat kan niet constant ja ik zie je net op mijn klokt dat de tijd 50 minuten bijna al zijn. Op het einde van een gesprek geven we ook altijd een korte samenvatting waarover we het allemaal hebben gehad. Dus ja, je moet kijken. Dus ja, ja, je hebt zoals bij de aanmelding vermeld van ja, ik heb helemaal geen samenvatting, het lukt niet zo goed met studeren, mijn concentratie tijd leren lukt niet, lukt niet goed, ik ben aan mijn andere dingen bezig die ja op dat moment niet zo nuttig vindt. Er zijn wel een aantal dingen die je tijdens als paniek voelt, die dan toch wel helpen, want paniek hoor je eerst al heel erg, heb ik het indruk. En dan lees je veel of wandel je veel, maar je blijft dan nog steeds met die paniek zitten. En ja, je hebt ook je mama, je papa waar heel veel druk bij vaart, want in de middelbare leek elk alles beter en bijna vanzelf. En nu is het toch wel lastiger. En ja, dan wil je toch wel verder met mij verkennen van ja de valings, hoe oud ik dan al ben, hoe kan ik daarmee omgaan en hoe kan ik het zelf controleren. Ja, dat zijn zo wat de voornaamste. En ja, en dan wil je soms ook nog ja dus zoiets van ja op dat moment van dan denk je altijd van ik voel me slechte student, ik voel me neutraal, ik stel iemand de leer. Dat je ook heel veel aan die gedachten hebt. ja dat zijn zo veel de dingen die we nu besproken hebben ja omdat het nu de eerste keer is dat je hier bent geweest hoe heb jij dit gesprek zo ervaren ja wel goed ik heb mijn hart kunnen luchten en ik hoop zoals ik zei dat we dat met volgende sessies wat uitgebreider kunnen hebben over hoe dat kan dus je zou nog wel eens keer zo ja graag ja oké super dan zie ik je een volgende keer ja top bedankt jij ook"
intake_3.mp3,Psychologische gespreksvoering,Qwen3 ASR 1.7B,18.02878048884866,"Rolbij hem. Ga zitten Rol. Bedankt wel. Hoe gaat het? Ja, gaat wel goed. Bedankt. Oké. Mooi. Ik ben Martine Nieststra. Ik ben een assessor op de hogeschool Leiden. Ik heb begrepen dat jij wat vragen hebt met betrekking tot je studiekeuze. Ja. En daarom ben je vandaag hier. Vandaag wil ik er eigenlijk het doel van het gesprek is om wat meer informatie te verzamelen over wat er precies bij jou speelt en hoe ik jou verder kan helpen. Wat de gewenste stappen zijn om je verder te helpen bij je studiekeuze. Wat wij hier bespreken is vertrouwen. We blijven tussen ons. Mocht het nodig zijn om gegevens te delen, dan zal ik dat eerst met jou bespreken. Ja. Dit gesprek duurt ongeveer een uur. Ongeveer een uur de tijd voor. Ik houd de tijd in de gaten. Mogelijk maak ik wat aantekeningetjes voor mezelf, maar die zijn ook gewoon alleen voor mijn eigen gebruik. Mmm. Nou, vandaag zal ik je wat vragen over de opleiding, hoe dat gaat, eventuele activiteiten die je naast de opleiding hebt, zoals werk of hobby, sport, je thuissituatie. Dus dat komt allemaal aan bod vandaag en dan aan het eind zal ik kijken wat. wat dit gesprek heeft opgeleverd en wat er voor je verder kan doen. Oké. Is dat duidelijk voor jou? Jij wel. Jij wel. Maar ik had ook begrepen dat dat er iets met testen zou zijn. Oké. Ja. Nou, het het zou kunnen dat we inderdaad dat het nodig is om te testen af te nemen, maar dat hangt eigenlijk helemaal af van van dit gesprek. Wat er eigenlijk naar voren komt, wat het eigenlijk precies jouw vraag is. Oké. En mogelijk volgen er dan testen. Dat zal ik dan aan het eind van het gesprek laten weten. Maar het kan ook zijn dat ik je beter kan doorverwijzen. Misschien naar iemand anders, of dat we tijdens het gesprek al al tot een bepaalde duidelijkheid kunnen komen. En dan is het misschien helemaal niet nodig. Oké. Dus vandaag gaan we niet testen, maar dat zou een eventuele vervolgstap zijn. Oké, prima. Goed. Nou, dan gaan we beginnen. Kun je iets vertellen over over de opleiding hoe het gaat? Ja, het gaat op zich wel goed. Ik ik haal mijn vakken wel, maar meestal met een zesje. Het houdt niet helemaal over, maar ik haal ze wel. Oké, dus je zegt dat het gaat wel, maar ik ik haal voldoenders, maar het zijn niet hele ruime voldoenders. Hoe hoe komt dat? Ik ik merk toch dat het een moeite kost om heel erg gericht met die studie bezig te zijn, om om te leren, om die boeken te pakken. ja dan besteed je gewoon minder aandacht aan zo'n tentamen dan al die lage cijfers dus ik merk dat ik het wel kan maar ik kan me er zelf niet niet helemaal toe zetten je kan er niet zo goed toe zetten om echt te gaan leren nee en heb je een idee waar dat mee te maken heeft hoe dat komt dat je het moeilijk vindt om jezelf daarvoor te motiveren nou het lastig is ik ik dacht altijd van toe gepast psychologie van kijk dan daarbij kan ik dan dan mensen helpen alleen je merkt dat dat er niet zo niet zo heel erg in zit we moeten dan moeten we een voorlichting maken ik snap ook wel dat dat dan ook wel bij hoort maar ik zou liever mensen echt ook gewoon willen helpen denk dat dat ook een beetje bezorgt dat ik ik het niet altijd even allemaal even leuk vind. Dus als ik het goed begrijp, dan voldoet de studie niet helemaal aan de verwachtingen die je vooraf van de studie had. Nee, dat klopt. Ik vind het wel leuk, maar ik vind allemaal heel interessant alle onderwerpen. Maar met die projecten dan, iets ja. Daar doe ik het niet voor, om zo te zeggen. Ja, oké. En wat zou je, wat mis je, wat je, waar je eigenlijk wel van tevoren verwacht had tegen te komen? Waar kan je naar op zoek? Dat je mensen kunt helpen. Dat zoals dit gewoon dat je in gesprek gaat met iemand om te kijken, wat dat is nou het probleem, waar kan ik nou mee helpen? ja dat dat vind ik leuk om te doen. De vrienden van mij die die zeggen dat ook altijd, dat ik dat zo goed kan. Ik kom altijd naar me toe. Maar ja dat dat dat zit er nu nog niet zo veel in. Nee, dus je zou eigenlijk liever met mensen een op een in gesprek gaan en kijken hoe je mensen zou kunnen helpen. Ja. Ja. Heb je dit ook? Heb je besproken met je SVP-dozen? Ja, heb ik wel over gehad en die ze die zeggen van dat komt nog wel in andere stukken van de studie dat dat aan bod komt. Maar ik merk dat ik het dan nu zo tegen van aanloop dat dat dat ik daar nu niks van merk. Ja. Ja. En hoe lang ben je nu precies bezig met de opleiding? Ik zit nu in het bijna een derde blok. In derde. Ja, ja. Dus we gaan een half jaar. Ja, gaan een half jaar. Goed. Wat wat is zelf jouw idee over? Want je twijfelt. Wat zijn je gedachten op dit moment over over je studie en en hier dan even heren weer? Of of ik of ik dit wel moet doen of dat er niet iets anders is wat dan wat dan beter past bij wat ik wil. Ja. Want dat zeg ik zeg dat dat niveau dat kan ik wel aan. Maar ik moet het toch ook wel voor willen inzetten. Ik merk dat dat taak niet schort en misschien dat daar dan. geopleidingen beter bijpas, maar misschien is dit ook wel juist wel de beste. Dat dat vind ik heel lastig, zonder om dit weg te gooien als dit misschien toch wel goed zou zijn. Ja, dus je wil eigenlijk nog eens even goed kijken of er een andere opleiding is die beter bij je past, waarin je dit element of dat dit het is, of dat dit het is. Goed, dat is me duidelijk. Oké. Dan gaan we verder. Dan wil ik je nog iets vragen over wat je eigenlijke activiteiten naast. Nou, Roel, we zijn aan het uitgekomen eigenlijk van het gesprek. Ik heb genoeg informatie verzameld. Oorspronkelijk is je vraag geweest: past deze studie goed bij mij? je mist het individuele eigenlijk het individuele contact bij de opleiding individuele gesprekken mensen echt concrete kunnen helpen dus je wil weten is er misschien een opleiding beter bij me past dat is eigenlijk jouw jouw vraag klopt dat of een opleiding beter bij me past of of deze opleiding of dat deze opleiding toch de beste keuze is geweest ja of dat er misschien een opleiding is die nog beter past bij jouw interesses precies goed nou ik ga mijn gegevens verwerken en dan ga ik kijken welke testen ik het beste bij jou af kan nemen om een antwoord te krijgen op deze vraag van is er een studie die misschien beter bij mijn interesses past. Ik ga je daarvoor apart nog een uitnodiging sturen. Oké. En dan kan je de testen maken. Op basis daarvan maak ik dan een rapport ervan, een verslag met een advies richting jou. En daarvoor zal ik je dan nog een keertje uitnodigen om dat rapport te laten zien en om je een advies te geven. Oké. En die afspraak die komt dan nog. Ja. Eerst gaan we maken een afspraak voor de testafname en daarna maken we nog een afspraak om de de uitslagen te bespreken. Oké. Is dat is het duidelijk? Ja, prima. De volgende stappen zijn. Ja. Oké. Goed. Dan dan ontvang je van ons een uitnodiging. En dan voor dit gesprek. Bedankt."
Probleemverhelderend gesprek.mp3,Psychologische gespreksvoering,Qwen3 ASR 1.7B,22.776517360883723,"Goedemiddag Lisa. Hi, ik ben Lisa. Ik ben even kreegzendige vandaag en ik heb gehoord dat jij een gesprek hebt aangevraagd om te rechten vrijheden. Nou, laten we daar eventjes over hebben samen. Laten we het lekker kort en bondig houden, zodat we hier niet te lang mee bezig hoeven zijn. We komen er wel uit, hoe lang we er mee bezig willen zijn. Laten we het op een kwartier ongeveer doelen en dan kunnen we het ook lekker op een opstap. Ja. Ja. Ja. Laat ik begin met vragen. Waarom jij dit gesprek op aangevraagd? Ja, ik wilde graag over mijn vrijheden hebben, want die, ja, die zijn ingetrokken vorige week. En nu kan ik, moet ik telkens met iemand, met iemand van de begeleiding boodschappen doen. En dat komt heel vaak niet uit. Dus ja, ik zou graag weer mijn vrijheden weer terug willen. En waarom zijn jouw vrijheden ingetrokken in de toernooi tijd? Ja, ik, ik heb mezelf gesneden. En waar heb je dat toen gedaan? Was er een aanleiding voor? herbelevingen. Het stemmetje zei dat ik dat moest doen. Welk stemmetje? Het stemmetje waar ik altijd last van heb, als ik te weinig heb geslapen. En was die je dan een tijd weg geweest, dat je daarom weer vrijen weer terug had gekregen? Ja, het ging een tijdje weer goed. Alleen nu, ja, vorige week werd het weer slechter en ben ik me meer gaan snijden. Toen heeft de behandelaar mijn vrijen weer ingetrokken. Ja. En wat is er wat is er gebeurd tussen dat het wel goed ging en dat het beter of minder goed ging? Is er een omslag geweest? Is er iets in persoonlijk leven gebeurd? Ben je misschien milder alcohol gaan drinken gaan gebruiken? Nee. Heb je slecht contact met een van onze medebewoners? Nee, dat gaat eigenlijk allemaal wel goed. Nee, dat is goed. Je kan niet bedenken wat er aanleiding is geweest voor de inslag. Nee. Ik slaap wel wat slechter en dan heb ik meer last van herbelevingen. Herbelevingen waarvan? Ja, daar heb ik het liever niet heel erg over, maar meer ja wat er vroeger is gebeurd na de herbelevingen ja dus wat er in je verleden in je jeugd is gebeurd eigenlijk ja oké we moeten liever niet over hebben nee helemaal nee heb je daar met andere mensen wel over ja met mijn psychologen bedankt voor het praten met vriendinnetjes maar ik heb het ook als je met de psychologen over hebt dan kan je daar niet ze begrijpt me in ieder geval wel en we proberen er samen wel uit te komen oké wat je zegt is je wil weer graag boodschappen gaan doen alleen ja en meer naar buiten. En ik wil eigenlijk jullie vragen of je dat weer een beetje kan doen. Ja. Als we niet weten wat er precies gebeurt in jouw hoofd, dan vinden we het moeilijk om jou zo naar buiten te laten gaan. Dus ik denk dat we pas jou weer echt vrij kunnen laten, als we dat weer vertrouwen dat er niks misgaat. En als je het er niet over wilt hebben, dan begrijp ik dat heel goed. Dan zou je het misschien toch wel weer echt goed met je psycholoog moeten gaan bespreken. En dan zouden wij samen met de psycholoog misschien kunnen gaan bedenken wanneer je weer klaar bent om zelf naar buiten te gaan. want ben je bereid om er aan te gaan werken? Ja, ja. Maar wat het is, ik doe, ik snijd bijvoorbeeld niet. Ik doe niet als ik buiten ben. Ik doe het altijd op mijn kamer. Dus ik snap niet zo goed waarom ik dan niet boodschappen mag doen. Hier is altijd al risico als je dus suïcidaal bent dat op een gegeven moment op een andere manier gaat gebeuren. En dat is wat wij willen voorkomen. Want je doet alleen op je kamer. Waarom alleen op je kamer? Ja, dat is het meest veilige plekje voor mij hier. dan zodat niemand het ziet is het omdat je eigenlijk niets wil doen nee het komt gewoon helemaal op en ik doe dat dan moet ik dat doen dan is de drang zo groot dat meestal probeer ik het ook wat tegen te houden maar de drang wordt zo groot dat ik het toch moet gaan doen ja de drang kan ook een keertje buiten komen kan het ook buiten gebeuren ja en dan ga ik eigenlijk altijd nog wel naar binnen zoals ik het goed begrijp is je denkt dat je gewoon zelfstandig er buiten kan ja dat het gewoon lukt alleen voor ons mag het nog niet wat denk je zelf hoe jullie vrijheid terugkonden krijgen want hoe heb je dat voorheen gedaan? Ja door te laten zien dat het dat ik mezelf niet sneept dan krijg ik het wel weer terug. Hoe lang hoe lang sneept je dan niet? Ja dat verschilde wel eens dat ja de behandelaar was daar is daar niet zijn niet echt de regels voor. Ja ja en als ik eigenlijk liet zien dat het goed ging met me maar dat hoefde nog niet te betekenen dat het goed toen het goed ging met me. en dan krijg ik ze wel terug, maar ik vind het moeilijk om daar afspraken over te maken, over te snijden, omdat dat zo in mij opkomt. en ik zou wel graag, gewoon alleen even boodschappen willen doen. en ik denk dat we, dat we wel misschien wat kleine afspraakjes kunnen maken om het op te bouwen. ik snap ook wel dat jullie misschien wat meer vertrouwen in mij moeten krijgen. ja. vind je het goed dat ik het ook met de psycholoog bespreek? voel je dat absoluut niet? want dan heb ik in ieder geval iemand die weet wat er precies aan de hand is. knop je daar niet met mij over te hebben. Misschien vertelt hij mij niet alles, maar in ieder geval weet ik een beetje de achtergrond. Ja, dat zijn er goed. Dan kan ik met hem gaan kijken hoe we dit verder gaan aanpakken. Bedoel, het liefst in mij, natuurlijk ook zelfstandig naar buiten gaan. Dus dat ik eerst met hem ga praten. Hij kent je wat beter. En dan ga ik met hem bespreken hoe we misschien hier naartoe stappen, plan kunnen opbouwen om jou er zelfstandig naar buiten te laten gaan. Maar dat we dat gewoon langzaam opbouwen. Met kleine stapjes. Dat je eerst eventjes een hoentje gaat lopen om het gebouw heen. Vervolgens dan maak je er twee en vervolgens uiteindelijk ja hopen natuurlijk weer dat jij gewoon je eigen boodschapjes kan ja dus is het een idee dat dat ik volgende week met jou weer terugkom want ik deze week evenjes de psycholoog spreek of vind je dat te lang duren je kan het ook nog breder ik zou het fijner vinden als het eerder komt oké moet ook nieuwe shampoo of zo oké na het weekend kom ik bij jou weer op terug want hoe is hij er niet dan spreek ik maandag met hem en dan maandagavond maandagmiddag maandagavond kom ik naar je toe en dan ja dan het psychologische prorke en kunnen we even kijken hoe we het gaan aanpakken en dan bespreken we het verder goed ja dat is goed oké we laten het voor nu hierbij fijn weekend dankjewel stiekje op maan fijne dag"
interview-113.mp3,interviews,Qwen3 ASR 1.7B,17.93632754556129,"Hallo viewers, ik zit nu bij 113 met Maikel tegenover mij. Maikel is psycholoog bij 113 en jullie houden zich bezig met de hulpvragen die binnenkomen. Ja, dat klopt. Hoe komen de bellers of de mensen met jullie in contact? Daar Fianns telefoonnummer, dat is 05113. Die vinden ze soms op de website, dus ook voordehandelijk een tweede week op 113.nl. Of soms hebben ze ons voorbij gehoren komen op de radio, Fianns commercial, en dan hebben ze ons nummer gehoord of de website gehoord en zo kunnen ze ons vinden. En kunnen ze alleen bellen? Nee, ze kunnen ook chatten. ook via de website, dus staat dan ergens boven in wil je nu hulp met een bolletje met chatten, dan kan je daar klikken en dan kom je meteen in een chatroom. Ja. Op dat moment is er iemand die dan een beetje. Ja. Dat is het idee. Ja. Dan zijn er vrijwilligers beschikbaar die dan de chats aannemen en ook de telefoontjes. Kommen er veel hulpvragen binnen? Ja, daar komen best wel wat mensen binnen. Ja. Op sommige momenten van de dag is het er drukker dan op andere momenten van de dag. Dan hebben we bijvoorbeeld vooral vooravond, s avonds en s nachts. Overdag is het soms wat rustiger, maar soms kan het daar vooravond ook heel druk zijn. Maar we hebben in ieder geval op elk dagdeel wel ongeveer zeven of acht mensen die echt in de lijnen zitten. Nou ja, zo druk is het dus wel. En zijn het langere gesprekken? De chatgesprekken duren ongeveer een uur. Dat is het streven, maar het kan ook korter. Dat hangt er een beetje vanaf wat de vraag is. De telefoontjes een half uur, maar ook dat kan korter. Stel dat iemand nu in nood verkeert of zichzelf voor iets is aangedaan, is het zaken met kort te houden, zodat iemand één en twee kan bellen. Ja. Kun je een beetje, kun je iets vertellen van met wat voor vragen mensen komen? Ja, dat kan. Dat is echt heel erg uiteenlopend. Dat varieert van meisjes die in slachtoffer zijn geworden van sexting en zich ontzettend schamen omdat die foto de hele school rond is gegaan, tot ouderen mensen die ongelofelijk eenzaam zijn, tot mensen die opgenomen moeten worden of in een opname zitten, of mensen die in een instelling zitten. Kan het ook worden opgenomen worden? Ja kan, kan. Of die wordt aangeraadpleegd om opgenomen te worden omdat het echt niet goed gaat en die daarvan van ellende niet meer weten wat ze wat ze moeten doen en daardoor suicidaal gedacht hebben. Dus dat is echt alle alle leeftijden en alle soorten problemen komen bij ons voorbij. Ja, ja, ja, dat lijkt me ja aangrijpend. En en krijgen jullie ook cultuurspecifieke vragen? Ja. Wat ik daarover kan zeggen, wat ik zelf daarin meemaak, is eerder dat je merkt dat in sommige culturen er anders wordt omgegaan met, bijvoorbeeld praten over emoties, dat dat dat daar een beetje een taboe op ligt, dat mensen dat moeilijk vinden, en dat je daarom ook moeilijk kan praten over jezelf, moordgedachten, als jongerop bijvoorbeeld met je ouders, of als het in bepaalde culturen niet oké is om homoseksueel te zijn, dat je daar niet over kan praten, en dat je daar zo door in knoop zit met jezelf, dat je suïcidaal wordt, en dat je daar dus ook weer niet over kan praten. En wat voor adviezen geven jullie andere mensen? Bijvoorbeeld je noemde net hè, van meisje die op school dan met een seksschandaal te maken, je kan alles gaan gebeuren. Wat vinden jullie de betekenis voor zo iemand? Ja, het hangt er sowieso een beetje van af hoe oud zo iemand ook is. Dus als het gaat om iemand die minderjarig is, dan proberen wij zo snel mogelijk ervoor te zorgen dat iemand er een volwassene bij betrekt. Dat kan een ouder zijn, maar dat kan ook een docent zijn, of een mentor, of een lievelingsstand. Maar ze een beetje vertrouwen. Precies, want als je het hebt over die meisjes die het slachtoffer van seksing, die zijn vaak wat jonger. En dan proberen wij zo snel mogelijk daar iemand anders bij te betrekken. Want wij kunnen het hebben over die zelfmoordgedachten op hem, want we zitten natuurlijk op een afstand, want we zien die mensen niet. Dus we proberen altijd wel zo snel mogelijk aan te sturen op nog wat meer op van buiten af. ja, maar die moeten ze ook zelf benaderen. ja, nou ja, als het om een minderjarig is, probeer je er een volwassen erbij te betrekken die er bijstaat, zodat die samen met dat meisje in dit geval. maar dan hebben jullie contact met de volwassenen. nee, we hebben daar geen contact mee. nee, dat proberen die gewoon door die persoon zelf. ja, ja, dat is de bedoeling. ja, het is belangrijk dat mensen dat zelf doen. en dat is ook omdat wij wij garanderen anonimiteit en vertrouwelijkheid. dus wij weten niet wie jij zijn en we gaan ook niet ondernemen met mensen om de mensen heen. en dat zorgt er juist voor dat mensen wat mij als doe durven te komen met die problemen, omdat het zo anonimie blijft. ja, ja. En zijn er bepaalde leefgebieden die eruitzien waar men het meest kwetsbaar is? Situaties waarin mensen verkeren, bedoel je dan? Ja. Ik denk dat het belangrijkst is toch wel eenzaamheid. Dus als iemand heel erg alleen is, dus zich niet verbonden voelt met anderen. Dat is. Dan zijn mensen heel erg kwetsbaar. Ja. En zijn dat meer ouderen mensen? Want noemde je dat van? Dat kunnen ouderen zijn, maar dat kunnen ook jongeren zijn die gepest worden of die zich die weinige vrienden hebben bijvoorbeeld. Of iedereen kan natuurlijk eenzaam zijn. En zijn het ook dan per seizoen nog? bijvoorbeeld met eenzaamheidsproblemen. Nu gaan we naar de winter toe, hè? Donkere maanden, veel mensen die toch vaker thuis blijven. Is het in die periode meer de eenzaamheid? Ja, daar durf ik niet zo heel veel over te zeggen. Eigenlijk, wat je zelf verwachten, hè, rond periodes zoals Kerstmis bijvoorbeeld, dat het dan ongelofelijk druk is. Maar daar kan je niet zo veel over zeggen. Dat is blijft het hele jaar een beetje hetzelfde. Het is in de lente bijvoorbeeld net zo druk als in de winter. Oké. Geen genoeg. Nee. Je zou denken, het wordt donker, het regent, het weer is somber. Misschien is dat dan. Dat maakt mensen ook somberer. Precies. Ja. Maar in de lijnen zie je daar niet zo veel verschil in. Dus niet zo erg gebonden of zo. En hoe kunnen jullie hun ondersteunen, mensen die met de hulpvragen komen? Nou, in eerste instantie heb je dus de crisislijnen, waar mensen in eerste instantie naartoe bellen of waar ze met vrijwilligers kunnen chatten. Die gesprekken heb je, maar die gesprekken zijn in principe eenmalig. Mocht iemand dan daarna nog meer hulp nodig hebben, dan kan iemand zich aanmelden voor therapie, ook via onze website, en dan kom je met één van de psychologen in contact. Maar dan ook online? Ook online, ja, via de chat, via de telefoon of via de mail. Dat mag iemand zelf kiezen, wat die persoon zelf het fijnst vindt. En dan heb je maximaal acht gesprekken met een vaste psycholoog. waar je dus ook al meer tijd hebt om uit te zoeken wat er nou precies aan de hand is en hoe je kan leren omgaan met jezelf, moordgedachten en alles wat daar onder zit. Lukt het in die acht sessies die jullie hebben met de mensen om iemand weer op een andere gedachte te brengen? Ja, soms wel. Soms heb je er maar vijf nodig. Soms is het zo dat je acht sessies doet en dat je denkt: nou, dat lijkt me verstandig als je ook de gevechtsjes naar de huisarts gaat en je aanmeldt bij een therapeut zodat je wat face-to-face contact hebt. Wel dat verschilt heel erg. Ja, oké. Wat zou jij zeggen tegen degene die moeilijk hebben, maar niet durft te bellen of contact op te nemen met een individueel? Ja, als je het zo moeilijk hebt dat je echt toch aan zelfmoord denkt, zou ik je toch willen vertellen. Ik weet dat het heel erg moeilijk is, maar wij zijn er bij één in drie. Wij weten dat praten over zelfmoord helpt. En je bent anoniem, het is een veilige omgeving, dus we treden niet naar buiten met wat jij vertelt aan ons. Dus ik zou toch zeggen: neem de stap, maar je hoeft het niet alleen te doen. Dank je wel, Maaike. Gedaan. Nou, kijkers, jullie hebben gehoord. Wat je vragen ook is, er is altijd wel iemand die hier staat om een antwoord op te geven. Dus zit je met iets, kun je altijd contact opnemen met één in drie.nl."
verzorgings-staat.mp3,interviews,Qwen3 ASR 1.7B,15.830853055400333,"De verhoging van de AOW-leeftijd is onder druk van politiek protest en vakbonden van de ba. Maar het kabinet heeft de ruim zes miljard aan bezuinigingen op onze sociale zekerheid nog niet opgegeven. Heb het over de WW en de arbeidsongeschiktheidsverzekering Via. Onacceptabel zeggen vakbonden en dus zal de polde weer om de tafel moeten. En de vraag is dan wat voor een samenleving willen we nou? Wetende dat Nederland is gebouwd op een sterke verzorgingsstaat en wie betaalt uiteindelijk de prijs? Daarover praat ik deze week met vijf kopstukken in Beners Big Five van de verzorgingsstaat onder druk. En vandaag is dat niemand minder dan Kunt van Oostrom, sinds 1 mei de nieuwe voorzitter van de werkgeversvereniging VNO-NCW. Van hartelijk welkom. Goedemorgen. En heel leuk dat je weer terug bent bij het Big Five. Het is een paar jaar geleden dat ik hier was bij jou. Ja, zeker. En dat ging toen over de self-made man en woman, want je bent iemand die self-made is, met ja eigenlijk weinig welvarend opgegroeid en uiteindelijk ben je helemaal binnen als vastgoedman en projectontwikkelaar. En daar we toen uitgebreid over gesproken is nog terug te luisteren. Ik heb het ook even teruggeluisterd. Was echt hartstikke leuk. Mooi. Ja. We gaan het nu over hele andere zaken hebben natuurlijk. Ook leuk. Ja, overigens ben je ook nog invloedrijk VVD'er, maar nu snurkend lid, hè? ja dat dat dat werkt niet mijn achterban er zitten duizenden bedrijven en die hebben hele verschillende politieke kleuren en dus laat ik de kleur van de VVD even liggen want ja daar daar daar sta ik nu niet voor ik sta nu voor de bedrijven Nederland ja Maar is dat moeilijk? Want het lijkt me heel moeilijk om een mens snurkend te zijn. Nee hoor, dat vind ik niet. En ik vind eigenlijk ook heel erg leuk om nu de andere partijen beter te leren kennen. En ik heb wel een periode gehad dat ik daar een beetje soms naar keek en dacht van, goh, wat gebeurt daar nu allemaal in die partijen? Maar als je dan beter kennis maakt zelf met mensen zoals Jesse Klaver en CDAA D zesenzestig, ja, dan krijg je toch ook iets meer gevoel bij hun standpunten en hun achterban en hun gedachtes. Dat is eigenlijk hartstikke leuk. Ja, leuk om daar meer over te horen. Ook over bijvoorbeeld Hans Spekman die we ook later deze week de gast hebben overigens. En we gaan natuurlijk over die verzorgingsstraat praten die onder druk staat. Maar eerst toch even het laatste nieuws waar de telegraaf gister over heeft bericht. En dat is dat alle supermarkten, het lidmaatschap van ja dat dat klopt dat is dat is vorig jaar gebeurd zoals je weet is we nou een enorme vereniging er zitten duizend en duizend leden en er komen elk jaar heel veel leden bij en dan gaan helaas ook elk jaar wel weer een paar paar leden af dat had in dit geval te maken met een nieuw contributiestelsel nou dat zijn dingen die die gebeuren en we zijn met ze in gesprek het is een beetje van vormij tijd maar je wist dit al bij de overdracht toen de overdracht wist ik dit en ik ben ermee aan het werk gegaan en ik heb toevallig vorig week ook met met vertegenwoordigers van de supermarkten gesproken eigenlijk een heel positief gesprek en ja wat ik ontzettend leuk vind dat zijn natuurlijk kruidentiers enorme ondernemers en ja die die die vechten om elke euro en dat dat gebeurt ook en nou het is te vroeg om te zeggen of of of er bewegingen zitten maar ik vind het in ieder geval prettig deze dit deel kwijt raakt, dan ben je echt wel ook kleiner in omvang. Dan dat dat is aan de ene kant waar, aan de andere kant zien we een enorme toestroom van technologiebedrijven binnen ons huis en daar is ook heel veel dynamiek. Daar werken ook heel erg veel mensen. Dus per saldo is het niet zo dat dat dat het een ramp is. Het is in het verleden overal vaak gebeurd dat supermarkten wel of niet lid waren bij ons. Dus daar daar het is ook niet zo dat dat nou de pijler is waar waar Feno op draagt. Maar wat ik wel wil zeggen is dat volgens mij is het ontzettend belangrijk in deze periode dat er een beetje eenheid is, eenheid dan de werkgeverskant en ook eenheid dan de vakbondenkant. We hebben gezien dat dat in het verleden gedoe was. Als we rust is in de polder is makkelijker om met elkaar te praten. Daarom had ik het liever niet gehad, hè? Want dan dan je hebt liever dat dit ook ook even onder de raad blijft of we zijn nog met elkaar in gesprek. Nou, dat is niet ge Ik denk dat dat hoe verleden gewij zijn namens Nederlandse bedrijfsleven hoe beter het is. Dus we zijn ook niet onze keuze om ze eruit te zetten. Ze zijn er zelf uitgegaan. En ja, ik ik denk dat het in de val niet verstandig is om het via de media te spelen. Ik denk dat het goed is om het gewoon in kijkerijen. Was het ja was het zat het ze zo hoog dat ze dachten nu moeten dit wel doen want ze luisteren niet. Ja, kloppelijk is dat dan dan vorig jaar gebeurd en ik was toen nog niet de voorzitter, dus ik weet nu niet precies wat de dynamiek was en of spraken was van teleurstelling of of zelfs boosheid op dat net. Dat weet ik niet. Wat ik wel weet is dat we nu eigenlijk best op productieve gesprekken met elkaar voeren. En ja, je hebt wellicht gehoord dat dat een van de zaken die ook in het telegraaf artikel werd genoemd ging over het wettelijk minimumloon. En ja, daar hebben En bij hem was het zo dat hij dat hij gezegd heeft. Ik heb daar een social business van gemaakt, dus de opbrengsten daarvan die gingen terug naar allerlei goeie doelen. En dat tipeert de ondernemer Hans Spekman. En ik ben de ondernemer Coen van Oostrom die andere keuzes heeft gemaakt. En die zijn niet goed of fout. Die zijn gewoon anders. En ik vind het wel heel erg leuk dat er nou eigenlijk twee ondernemers in de polde zitten. Ja, ontzettend leuk. En hij zat dus niet naar je te kijken, want ik weet dat je een hekel hebt aan het worden vastgoed miljonair. He? Dat ben je. Heb je toch gezegd? Heb ik het toch gezegd? Ja, dat is echt gemeen. Maar zo zat hij. Hij dus niet naar je te kijken. Nee, ik denk dat hij ook wel natuurlijk met belangstelling kijkt van hey wie zit daar nou? En en dit is tuurlijk geen bestuurder aan de kant van VNO. Dus een on Maar wat voor type ondernemer? En ik denk dat ja, dat altijd wel een beetje dan een vraag is: is een ondernemer die alleen maar bezig is met zo groot mogelijk vermogen, of is het iemand die maatschappelijk betrokken is? Ik denk, nou, ik wil geen jury over mezelf zijn, maar ik heb wel altijd geprobeerd, ook met de duurzaamheidszaken die ik gedaan heb, waar wij ook aantal jaar geleden over hebben gesproken, om juist ook een breder ondernemer te zijn, die onderdeel is van de oplossing en niet van het probleem. Nou, jij vertelde toen dat je echt een switch hebt gemaakt, dus dat je eerst wel was hè voor winnen, winnen, winnen en zoveel mogelijk omzetten, en uiteindelijk toch ook hebt geleerd dat je er anders naar moet kijken. Het leuke als ondernemer. is als je succesvol bent dat je in een in een in een soort nieuwe wereld terecht komt. Bij mij was dat dat ik mensen leerde kennen zoals Peter Bakker, Feijen Siebesma, Paul Polman, die op dat moment Nederlandse bedrijfsleven leiden en dat niet deden, alleen maar met de agenda shareholder value, maar ook met de agenda hoe kunnen we zorgen dat we een land sterker maken, dat we sociale cohesie hebben en dat we grote maatschappelijke problemen oplossen. En dat is altijd onderdeel geweest, sorry, dan moet ik goed zeggen, en dat dat ik hen heb leren kennen, is dat onderdeel geworden van mijn portefeuille. En daarvoor was dat minder zo. Ik vind dat ook niet per se slecht. Ik kan me voorstellen dat een startende ondernemer Even is een vaak ze heet dat die eendimensionaal is. Hij moet namelijk een product bedenken wat beter is dan de product om hem heen. En om met dat dat je er een stap verder in bent, dan heb je iets meer ruimte om ja om ook na te denken over hoe kan ik daar dan ook een positieve impact mee maken. En is dat misschien ook de reden dat je deze baan als voorman van VNO-NCW jij zo mooi vindt, omdat je dus daarmee ook meer kan creëren voor Nederland. Ja, in die zin is het een beetje een bekroening op op dat werk wat ik heb gedaan. En ik was een beetje op zoek ook naar nou zo iets. Ik was eigenlijk aan het zoeken in Europa, omdat in het geweld in de wereld vandaag weer het nieuws in de oostersin, wat is gebeurd in China, in Rusland, maar zelfs ook bij onze partner Amerika. Die waren toch een andere koers dan dan aantal jaar geleden. Moet Europa sterker en ik dacht wat leuk om daar een rol in te spelen De Big Five, Diana Matroos. Mijn gast vandaag is Kon van Oosterom. Hij is de voorzitter van VNO-NCW en we gaan het natuurlijk hebben over de verzorgingstaat onder druk en in relatie daartoe ook de sociale zekerheid, want dat is enorm actueel. Eerst even de vraag: wat wat heb jij überhaupt met de verzorgingstaat, wat natuurlijk drie pijlers heeft, hè? De sociale zekerheid, gezondheidszorg, onderwijs, wat soort zaken? Ja, ik ik ik vind dat wij in Nederland oprecht het allermooiste land in de hele wereld zijn. Ik vind dat dit zo'n bijzonder land is waar dat zo wazig goed gaat met heel veel met heel veel zaken en daar is die sociale zekerheid is daar gewoon een een van de pijlers die daar onder staat en voor de goede orde ondernemerschap is ook een pijler en daar maak ik me op dit moment echt zorgen over maar die die pijler sociale zekerheid die pijler het vatsoen wat we hebben in Nederland dat als je om allerlei redenen uitvalt en dat kan definitief zijn en dat kan tijdelijk zijn dat er dan een systeem is wat probeert om je te begeleiden om om ja je weer op je voeten te zetten en weer zo mogelijk ook weer aan het werk te krijgen dat vind ik dat vind ik briljant dat we dat hebben de vraag is wel een beetje of het systeem wat we vandaag hebben met met bijna miljoen mensen in de via Of dat nou het systeem is wat we nog steeds ons kunnen voorlopen, en of dat dat systeem is waar ik net van droomde, dat dat onderdeel is van dat hele mooie Nederland. Daar ben ik ook wel een beetje kritisch over. Ja, toch als het gaat over een aantal punten van de sociale zekerheid, hebben jullie natuurlijk met de AOW-leeftijd verhoogen, zijn jullie echt achter de bonden gaan staan? Ja, ja. Nou, ik weet niet of het achter de achter de bonden is. We staan vooral achter onszelf. En maar VNO heeft zijn handtekening gezet onder een groot akkoord die ging over de verhoging van die pensioenleeftijd. Dat heeft mijn voorganger Ingertijse gedaan. Daar sta ik 100 procent achter. En ik vind ook dat als je zo'n lange termijn afspraak maakt waarbij het voor een aantal partijen ook echt wel pijn heeft gedaan. Dat was voor de bonden ook niet makkelijk om dat te slikken destijds. Ja, dan vind ik ook dat je dat dat je dan ook in zekere loyaliteit dan zo'n zo'n transactie moet doen. Nou, een beetje als ondernemer is ook gewoon afspraak is afspraak. Dat is gewoon een helder beginsel in in Nederland. En dat vind ik ook eigenlijk in dit geval dat Weet je, is het dan noordbespreken? Natuurlijk, als de wereld helemaal zal veranderen, dan op bekeer komt alles te bespreken. Beginnen alternatief fiscalisering vanuit de verwachtingen die we destijds hadden. Toen deze duel gedaan hebben, die zijn ongeveer uitgekomen, hè? Dus dus al eigenlijk nog de leeftijdsgroei is iets minder geworden dan we hadden gedacht. De cover daarheen gegaan. Het heeft en dan vind ik dat niet het onderwerp waar we nu over moeten praten. Dus daarvan heb je ook gezegd, het moet gewoon in de wat was het in de vriezer of zoiets? Niet over hebben. Intussen is dat ook van tafel. Dan kun je natuurlijk gelijk, ja, de alle alternatieven daarvan op tafel leggen, dus die fiscalisering, et cetera. En ik hoop echt dat dat niet nodig is. Ik zie dat het twee andere dingen spelen die veel belangrijker zijn. Onze economische groei is veel te la ongelukkig als het om onderpsychie gaat. Ja, ik vind dat precies de vraag die wij ons moeten stellen. En ik heb nog niet alle antwoorden. Wij werken keihard op dit moment binnen VNO, maar ik weet ook dat binnen de CER, Susanne Zaken als ministerie is hier mee bezig. Kim Putters ook later deze week te gast kan met een vraag. Ook een formidabele denker die heel goed en heel scherp kan formuleren waar dan echt het probleem zit. Maar jij noemde bijvoorbeeld de jonge mensen. Het is natuurlijk doodzonde dat iemand die dertig is en dat die in een burnout terecht komt en dat het niet lukt om die dan naar ander werk te begeleiden, want het kan zijn dat er sprake is van toch ook een beetje een arbeidsconflict of te veel druk, misschien in de ja de samenhang tussen privéleven en het werkende leven dat daar dingen misgaan. Maar dat mensen dan in een situatie komen, dat de kans bestaat dat ze nooit meer gaan werken, dat dat vind ik, dat vind ik verschrikkelijk. Dat vind ik voor die mensen verschrikkelijk. Maar het bedrijfsleven heeft ook heel hard deze mensen nodig, omdat er nog steeds een tekort is aan arbeidskracht. Ja, zeker. Als we het voor elkaar krijgen dat deze deze groep en niet allemaal, want er zitten mensen bij die die andere dingen hebben waardoor ze echt niet meer inzetbaar zijn, maar andere mensen zijn wel inzetbaar en die moeten benadert worden en die. Oké. Maar is er dan een goeie weg om te zeggen wat het kabinet wil om daar dan 20 procent van af te halen? Wat ik wat ik wat ik heb geleerd in mijn zes weken dat ik al voorzitter ben, het is nog kort. Wat ik in die zes weken heb geleerd is dat op het moment dat je wordt bezuiniging handeert, dan gaan overal de loopgraven dicht en dan gaan mensen met de hak in het zand en dan stopt een beetje de discussie en verhardt de discussie. Snap je daarin ook de bonden? Want die hebben natuurlijk wel, ja, zijn heel blij met dat cadeau natuurlijk van die AOW-leeftijd, maar zeggen toch, ja, nee, we gaan toch weer staken, want dit moet ook van tafel en straks hebben het nog wel over. De WW ook. Nou over dat staken wil ik het zo nog even hebben, want wat mij betreft was dat niet nodig geweest. Maar wat ik ik wil geen uitspraken doen over ja wat wat wat de de bonden dan denken dat dat dat ze misschien de vraag aan vrijdag nog. Nee, niet wat zij denken, maar dat je denkt. Nou ja, ik begrijp het wel. Ik had het liever, ik had het toch liever het gesprek wat meer open houden. Dan maar als ik denk dat die stakingen niet nodig waren geweest, waar dit echt over gaat en waar ik denk dat ook Hans Spekman een partner gaat worden. Een miljoen mensen in de WIA is niet goed, niet niet laten we zeggen voor zijn achterban, voor de de werken in Nederland, niet voor de bedrijven en helemaal niet voor de overheid die daar helemaal geen geld voor heeft. Dan moeten we met elkaar kijken wat is nou de reden? Precies de vraag die jij stelde. Waarom gaan er zo veel mensen Die wie jij in. Wat is daar, wat is daar nou aan de hand? Is dat Covid geweest? Maar waarom zijn de getallen dan zo veel groter dan in andere landen waar ook Covid was? Heeft dat te maken met zijn veel vrouwen die net bevallen zijn, die die in een burn-out terecht komen? Wat is daar dan de probleem met die? En kunnen werkgevers daar ook beter helpen? En ik neem de verantwoordelijkheid op mij om echt van die werkgeverskant te kijken. Doen wij nu voor de provincie? Hebben we goede regelingen? Nou, wat is daar de discussie die wij aan kunnen? En het is helemaal niet zo dat wij alleen maar zeggen het probleem ligt bij het UWV. Ik denk overigens wel dat we goed naar de rol van het UWV moeten kijken. Er zijn te weinig keuringsartsen en ja, daardoor gaan mensen weer langer moeten wachten uit eigenlijk en dat proces gaan diegen niet zo efficiënt als ze zouden zouden moeten. Nou, ik wil ook met respect maar praten van wat kan hij nou aan te kunnen zetten en we kunnen zorgen dat we weer naar twee procent economische groei gaan en ik ben een beetje ondeugen het heel ambitieus ik denk zelfs dat we naar drie procent economische groei zouden kunnen dat voor elkaar krijgen dan hebben we die die verhoging van de AOW heel eventueel helemaal niet meer nodig dus je zegt bezuinigingen dat is nu het verkeerde woord maar sluit je bezuinigingen uit want de bol staat helemaal niets uit en ik vind ook dat ja dat je dat je realistisch moet zijn maar ik ik hoop in ieder geval dat we fundamentele veranderingen in de sociale zekerheid voor elkaar kunnen krijgen veel meer mensen aan het werk kunnen helpen en als we dat kunnen doen hebben we misschien dat daar ben ik daar ben ik open in ja dat misschien is er dan op korte termijn in de daad nog wel een vraagstuk over de over de financie maar die discussie wordt heel veel makkelijker als we weten dat er op termijn veel minder mensen in wie zitten en ook andere regelingen en als we zien dat op termijn de economische groei hoger is wat dan heb je misschien voor 2008 en 2009 en dan nog eens een jaar waar dat dan bijvoorbeeld een miljard te kort komt ik noem maar even wil ik weer een getal ja en dan dan ja dan zal toch even het gesprek met met Elke Heine moeten plaatsvinden en ik begrijp heel goed hoe hij er wedstrijd zit en hij is ja ik had ook bij mij in mijn bedrijf altijd een heel strenge ziek ja wellicht zijn er dan ook mogelijkheden maar ik ga niet op de stoel van de minister van financiën zitten die die is buiten gewoon niet intelligent weet heel goed hoe het spel werkt dus hij is gewoon er moet rust komen in de polder en daarom is dit zo belangrijk dat is echt belangrijk en ja dan weet je wat ik ook vind is dat is dat als er dan toch nog een beslissing over zou blijven nogmaals ik denk dat dat veel en veel kleiner zou kunnen worden dan is het ook een beetje aan het kabinet want er komen er allerlei woorden rond van veranderschapsbelasting tot naar allerlei andere termen ook het ideetje van spekman winstbelasting omhoog dat dat soort dingen maar dan zou ik ook zeggen nou dan is het ook even als er dan toch nog ergens een gaartje zit dat gaat dat gaat dus dan velemaal kleiner als er dan nog iets over is dan zou ik zeggen nou dan is het kabinet dan zet en dan is dat dan wordt het politiek en ik vind dat dat de polder niet op de rol van de politiek moet om dat in te vullen."
hulpverleners.mp3,interviews,Qwen3 ASR 1.7B,19.633649870014338,"Meenal, zou je iets verder willen introduceren? Ja, mijn naam is Meenal Ahmad. Ik werk als onderzoeker aan de Vrije Universiteit Amsterdam. Ik heb zelf een achtergrond in culturele antropologie en in de afgelopen jaren heb ik dus een promotieonderzoek gedaan aan de Universiteit voor Humanistiek. Dank je wel. En kun je iets vertellen over de focus van het onderzoek en een noodzaak hiervan? Ja, in de afgelopen jaren, zoals ik al zei, heb ik onderzocht hoe mantelzorgers met een migratieachtergrond de zorg ervaren voor een familielid met dementie. En ik heb daarbij met name gekeken naar hoe de zorg gedeeld wordt binnen families en hoe de zorg gedeeld wordt tussen families en formele zorg. Daar was nog niet zo veel over bekend. Mantelzorgers met migratieachtergrond worden heel weinig, te weinig meegenomen in dit soort onderzoek. En ja, de vergijzing en toenemende diversiteit in Westelijke samenlevingen maakte de urgentie van dit onderzoek dus groot. Ik heb daar mijn kwalitatief onderzoek uitgevoerd, vooral onder mantelzorgers en voor een kleinere deel onder zorg- en hulpverleners. En wat was er al wel bekend over de zorg bij mensen met migratieachtergrond? En wat voegt jouw onderzoek daaraan toe? Wat al wel bekend was uit voorgaande onderzoeken is dat mantelzorgers met een migratieachtergrond minder gebruik maken van formele zorg. Dat kan te maken hebben met taalbarrières, discriminatie of bijvoorbeeld gebrek aan kennis over dementie. In die voorgaande onderzoeken suggereren dan ook dat deze mantelzorgers vaak intensiever, intensievere zorg geven en daardoor vaker overbelast zijn. Maar wij nog niet zo veel onderzoek na gedaan was is hoe mantelzorgers met een migratieachtergrond het delen van de zorg ervaren en hoe die ervaringen gevormd worden door hun sociale omgeving. En door hun contacten met formele zorg, zoals Sabitri en Evelien in de video al vertelden, het geven van zorg is een complexe ervaring, vaak een emotionele en morrale ervaring die beïnvloed wordt door verschillende factoren. En binnen dit onderzoek heb ik dus geprobeerd om daar inzicht in te geven. Ja. En in je onderzoek ga je dus ook in op die emotionele ervaring van het geven van zorg. En wat zegt je onderzoek over het ervaren gevoelswereld van deze mensenzorgers? De bevindingen laten zien dat het geven van zorg gedaan wordt vanuit twee sociale opvattingen of morrale kaders kun je zeggen. We stellen dat je voor een ouder familielid hoort te zorgen. Het ene morrale kader stelt dat je zorg geeft aan een ouder familielid uit liefde voor je ouders bijvoorbeeld omdat ze bijvoorbeeld ook voor jou hebben gezorgd als kind. In het andere morrale kader stelt dat je zorg geeft vanuit een verantwoordelijkheidsgevoel, dus ook als je geen fijne relatie hebt gehad met je ouders. Deze deze opvattingen of morrale kaders zijn al aanwezig in een samenleving. maar vaak geeft slechts één vrouw in een gezin of in een familie je gehoor aan. Dat is vaak een dochter of een schoondochter. En met die morele kaders in gedachten neemt zij dus de meeste of alle zorg op zich. En door dat aan die morele kaders kan voldoen, geeft dat een gevoel van trots en kracht ook dat ze de zorg kan geven. En ja, dat zorgt er ook voor dat dat ze de zorg kan blijven geven. Ja, dus het gehoor kunnen geven aan het morele kader van liefde voor je ouders en het morele kader van verantwoordelijkheidsgevoel geeft dus een gevoel van trots en kracht. En wat betekent dit voor delen van de zorg? Het betekent dat ja met die morrale kaders in gedachten de zorg of de mantelzorgrol langzaam maar een belangrijk deel van de identiteit van de mantelzorger wordt. Dat dat is zeker het geval wanneer wanneer wanneer de zorg niet gedeeld wordt binnen de familie en de de mantel om daarmee om te gaan dus met een gebrek aan dat ja dat het dat de zorg niet gedeeld wordt in de familie wordt de mantelzorgrol afgezet tegen familieleden die geen zorg geven. De mantelzorger kan dan denken van ja ik ben in die geval wel een betere dochter of een betere gelovige. dan familieleden die geen zorg geven en dat is eigenlijk een manier van omgaan met gevoelens van overbelasting en maar vooral ook met gevoelens van teleurstelling in familieleden die geen zorg geven. Het onderzoek laat daarmee dus ook zien dat dat het geven van zorgen een hele emotionele en morele ervaring is. En om de ervaringen en behoeften van mantelzorgers te begrijpen, heb je ook gebruik gemaakt van interseksionaliteit. Wat zijn hierbij de belangrijkste bevindingen? Wat vooral naar voren komt is dat iemands migratiegeschiedenis, dus hoe iemand gemigreerd is, En de sociale klassen waarin iemand is opgegroeid, van groot invloed zijn op het verkrijgen van vaardigheden die van belang zijn bij het organiseren en het delen van de zorg. Maar wat dit in de praktijk betekent, verschilt per mantelzorger, omdat andere sociale factoren of andere aspecten van iemands identiteit en iemands levensgeschiedenis ook beïnvloeden hoe de zorg ervaren wordt, hoe de zorg gedeeld wordt. Denk bijvoorbeeld aan bijvoorbeeld iemands posities, iemands positie in in de familie, of er een sociaal netwerk is of niet, en bijvoorbeeld wat voor rol religie speelt in iemands leven. Ja. dus je zegt dus eigenlijk dat iedere mantelzorger andere levenservaringen heeft en daardoor dus ook andere behoeften heeft bij delen van zorg klopt dat ja ja dat klopt het onderzoek laat daarmee dus ook zien dat we ons niet moeten blindstaren op cultuur op de cultuur en etniciteit van mantelzorgers mijn plaats daarvan iedere mantelzorger te zien als een uniek individu met die verschillende ervaringen heeft en ja waarvan de achtergrond eigenlijk heel complex is en die beïnvloeden de manier waarop ja waarop Iemand de zorg ervaart en de behoefte die iemand nodig heeft. Dus het is heel belangrijk om te kijken naar de persoon die tegen je over zit als professional, in plaats van labels te plakken op mantelzorgers mantelzorgers door ze te zien als onderdeel van een culturele groep. Ja, en je hebt ook met zorg en hulpverleners gesproken. Wat kwam hieruit naar voren? Wat vooral naar voren kwam is dat zorg en hulpverleners in het contact met mantelzorgers en families het vooral belangrijk vinden dat er een gevoel van nabijheid is, want dat is nodig om de zorg te kunnen delen. En daarvoor is het heel belangrijk dat er ook een gevoel van begrip en vertrouwen is tussen mantelzorger en professional. Maar bij mantelzorgers met een migratieachtergrond in hun contacten daarmee wordt dit gevoel van nabijheid vaak verhinderd. Ook mantelzorgers ervaren vaak een gevoel van afstand, waardoor ja nabijheid en vertrouwen eigenlijk niet mogelijk is. En dat leidt er dus vaak toe dat professionals deze mantelzorgers niet verder kunnen helpen en dat ze dus vast raken in hun werk. Daarnaast kwam naar voren dat professionals in hun werk heel graag uitgaan van een vraaggestuurde benadering. Evelyn vertelde het ook al eventjes. En in deze benadering wordt de regie heel erg bij de mantelzorger gelegd. Dus het is aan de mantelzorger om de hulpvraag te formuleren. Maar ja, dat is vaak vaak werkt dat gewoon niet zo. En ik weet nog dat een paar professionals me ook vertelden dat wanneer een mantelzorger de hulpvraag niet formuleert of aangeeft geen hulp nodig te hebben, dat ze dat dan ook dat de professional dan ook moeilijker vindt om een mailtje te sturen of om even te bellen om te zien hoe het gaat. Want ja, dat dat zou je misschien als professional op dringend overkomen, want past niet binnen een vraagsturen aanpak. Maar deze aanpak werkt vaak niet wanneer geen vertrouwen is, want iemand zou de hulpvraag gewoon minder snel formuleren wanneer er geen gevoel van vertrouwen is en nabijheid. Daarnaast werkt deze aanpak ook niet wanneer wanneer mantelzorgen bijvoorbeeld geen kennis heeft van dementie, dus gewoon niet weet wat dementie is, en ook niet op de hoogte is van wat de mogelijkheden voor ondersteuning zijn. In de breakout sessies zal ik daar wat verder op ingaan. Maar wat vooral naar voren komt uit het onderzoek is dat deze aanpak er echt vaak toelaat dat professionals vast komen te zitten in hun werk, waardoor vervolgens mantelzorgers ook niet ondersteund worden in het delen van de zorg. Ja, dus je gaat in op dat die nabijheid en vragengerichte aanpak. En als dat niet wordt bereikt, wat gebeurt er dan? Ja, wanneer dat gebeurt, zag ik dat het vaak gerelateerd wordt aan culturele verschillen. Dus het contact lukt niet. En het eerste waar professionals vaak aan denken, niet altijd, maar vaak wel, dat dat het te maken heeft met culturele verschillen. Dat dat gebeurt doordat professionals het contact met mantelzorgers met een migratieachtergrond vaak vergelijken met mantelzorgers uit de meerderheidspopulatie, waarbij het contact vaak wat wat makkelijker gaat. Maar op die manier worden deze mantelzorgers als de ander gezien, waarmee het heel moeilijk is om contact mee te maken, omdat ze de cultuur niet zouden kennen. Dat wordt dan zo is die gedachtegang dan. Daarnaast wordt ook vaak aangenomen dat, ja, ook wat Evelien al eigenlijk vertelde en Sabitri, is dat wanneer mantelzorgers niet om formele hulp vragen, ook al snel wordt aangenomen dat dat dat niet gebeurt, omdat mantelzorgers met een migratieachtergrond nou nou eenmaal liever zelf zorg geven, of of nou eenmaal liever binnen het eigen sociale netwerk hun probleem oplossen, of op zoek gaan naar ondersteuning. Behalve dat dat niet overeenkomt met de ervaringen van de mantelzorgers die ik sprak, leiden deze manieren van denken er vaak toe dat professionals vastlopen in hun manier van werken en is ervaren daardoor ook vaak een soort handelingsverlegenheid, waardoor ze ook met je terughoudend zijn in het doorvragen bijvoorbeeld. En ja, daardoor komen veel vraagstukken niet op tafel en wordt het delen van de zorg dus verder belemmerd. En een paar professionals die ik sprak hadden wel andere manieren gevonden om toch verbinding te maken met mantelzorgers en op stapels te overkomen, maar de meeste professionals die ik had het toch vaak over dit soort obstakels die ze tegenkwamen in hun contact met mantelzorgers met een migratieachtergrond. Ja. En komen al bij de laatste vraag. Hoe kunnen zorg en hulpverleners die nu ook meekijken mantelzorgers met een migratieachtergrond ondersteunen? Vaak ja, vaak wordt gedacht dat vaak wordt gezocht eigenlijk naar concrete formules of concrete handvatten bij delen van de zorg met families en mantelzorgers met een migratieachtergrond. Maar die zijn er niet en die kunnen er volgens mij ook niet zijn, want het gaat altijd om maatwerk. Van een aantal professionals word ik bijvoorbeeld dat ze fijn zouden vinden als er als er een boek was met een overzicht van verschillende culturele gebruiken per per culturele groep, zodat ze hun contacten met mantelzorgers met een migratieachtergrond daar daar vervolgens op kunnen afstemmen. Maar zoiets werkt niet. Dat dat zou gewoonweg niet werken, omdat mensen veel meer zijn dan de culturele groep waar ze toe behoren. Wat wel kan helpen is om geen culturele labels op mantelzorgers te plakken, maar om open en nieuwsgierig het gesprek aan te gaan. en zoals ik al zei, is altijd heel belangrijk om te kijken naar de mensen die tegenover je zit en je af te vragen hoe hoe is iemand opgegroeid, hoe lang woont iemand in Nederland, zijn er sociale netwerken of niet, et cetera. Er zijn heel veel vragen die belangrijk zijn om de achtergrond en de geschiedenis, de levensgeschiedenis van van de mantelzorger helder te kunnen krijgen. Die zijn die spelen dit soort aspecten spelen allemaal mee in hoe de behoeften zijn. En daarmee bedoel ik ook dus dat het belangrijk is om contact, verbinding te maken met de leefwereld van mantelzorgers, want zij zijn een enorme bron aan kennis. en zij weten als geen ander hoe de ouder met dementie geleefd heeft en wat wat de behoeften zijn in in de zorg. Dus vooral het gesprek aangaan met mantelzorgers. Wat daarna heel belangrijk is, is dat professionals zich ook bewust zijn van hun eigen referentiekader. Wanneer we het hebben over mantelzorgers met een migratieachtergrond, gaat het vaak over over de cultuur van de ander. Maar professionals hebben ook een cultuur natuurlijk. Ze hebben ook een professionele bagage en ze nemen ook zichzelf mee in het werk dat ze doen. Dus ja, het is heel belangrijk dat ze daar bewust van zijn. Want objectieve hulpverlening is er niet. We komen allemaal ergens vandaan. We zijn allemaal met bepaalde normen en ervaringen opgegroeid en die kleuren de manier waarop je, waarop je situaties, zorgsituaties in dit geval, ziet en benadert. Dus in het contact met mantelzorgers denk ik dat het heel belangrijk is dat professionals zich constant afvragen: met welke bril kijk ik naar deze zorgsituatie of naar deze mantelzorger? Het is natuurlijk ook belangrijk dat professionals gesteund worden hierin door de organisaties waar ze werken. En dat zou kunnen door diversiteit en inclusie als aandachtspunten nemen. Ja, dank je wel, meen aan voor dit gesprek. En we kijken heel erg uit naar je promotie half november. En mocht je daarbij willen zijn, stuur dan ook een berichtje even naar Faros en dan linken we je door voor de online sessie."
ouderenzorg.mp3,interviews,Qwen3 ASR 1.7B,17.793002379648,"Welkom, Sherin, bij de podcast van Nekzorg. Leuk dat je bent. Dat ten eerste. Kan je uitleggen wat jij doet in de ouderenzorg en hoe je destijds bent begonnen? Ja. Ja, gewoon even een korts voorstel rondje eigenlijk. Ja. Nou, mijn naam is Sherin. Ik ben 31 jaar en ik werk al 13 jaar in de ouderenzorg. Toen de tijd begonnen als receptioniste, als voedingsmedewerker en ook in de keuken. Ik was toen best wel jong. Ik was uit mijn hoofd 17 dat ik daar kwam te werken, want ik heb mijn middelbare schooldiploma niet gehaald. En ik merkte al heel graag aan mezelf dat ik de ouderenzorg heel erg leuk vond en toen ben ik opleidingen gaan doen. Dat ik op de middelbare school zat deed ik zorg en welzijn en daar moet je natuurlijk stages gaan lopen en ik vond het bijvoorbeeld met kinderen werken ook heel erg leuk. Maar toen heb ik stage gelopen in de ouderenzorg voor een soort stufelstage voor twee weken en toen merkte ik al heel graag aan mezelf dat ik het heel erg interessant vond en gewoon leuk om met mensen te mogen te werken, zeker op die leeftijd, want ze hebben vaak een heel mooi verhaal met zich mee. En ja, toen was ik inderdaad 17 dat ik al kwam te werken in de ouderenzorg. Alleen vond ik het heel spannend en er werd al heel snel gezegd van ja. ga je nog echt billenwassen? want dat is dan waar het werkheid bestaat volgens heel veel mensen. dus dat hebben we toen de tijd wel heel erg ja tegengehouden eigenlijk. tot ik inderdaad een jaar of twintig was en dat ik toen eigenlijk wel gewoon een stap heb gemaakt dat ik dacht ik wil gewoon wel echt meer kunnen betekenen voor voor deze doelgroep. ja, ja, begrijpelijk. wat zeg maar toen jij zo jong in de oudere zorg begon, vond je dat de begeleiding toen best wel eens goed was of viel dat wel echt vies tegen? nee, dat viel toen de tijd wel een beetje tegen inderdaad. ja, want ik wist dat er bij mij veel meer in me mars zat en zo iedereen om me heen eigenlijk die dat wel inzag. alleen het werd best wel tegengehouden omdat het heel erg werd gezegd van ja, maar je gaat billenwassen en Het werd daar zo erg de focus op gelegd en het is zoveel meer dan dat. Natuurlijk wordt er bij, absoluut, maar het is zoveel meer dan dat. Dus ik ben wel blij dat ik uiteindelijk gewoon mijn eigen plan heb getrokken en dat ik stapsgewijs, ja, hogerop ben gekomen. Stel bij nu werkende als IG'er en EVV'er. En wat houdt dat dan zeg maar precies in? De functie verzorgen IG bestaat voor individuele gezondheidszorg. Dat houdt in dat je de cliënt benadert naar zijn of haar wens en behoefte. Diegene echt als een individu ziet. Verzorgen IG houdt in dat je verplicht echt bepaalde handelingen mag uitvoeren, dat je daarvoor bevoegd en bekwaam bent. ook medische behandelingen, persoonlijke verzorging (ADL) zoals wij dat noemen. Dat betekent algemene dagelijkse levensverrichtingen. Dus het houdt in van het wassen en aankleden tot iemand douchen en alles wat er tussenin valt. Ik mag medicijnen uitzetten en ook uiteraard toedienen aan de bewoners, wat je gezagbewoners. Je signaleert en observeert ook je bewoner en bij bijzonderheden rapporteert je dat in het dossier. Elke bewoner heeft een eigen dossier met een eigen plan met doelen daarin. En wat het verschil dan is met E.V.V.'er wat ik dan ook ben, is dat betekent eerste verzorgende verantwoordelijke. dat je dat ik verantwoordelijk ben voor een x aantal bewoners en daarvan dan ook de dossiers bijhoud en dat ik het aanspreekpunt ben voor de bewoner maar ook voor de familie en daarnaast ik zorg ervoor dat de plannen ook in orde blijven dat ik daarvoor ook gesprekken inpland zorgleefplan gesprekken zoals dat heet voorafgaand heb je dan vaak een MDO een multidisciplinair overleg en daar betrek je dan ook de arts bij en zorg eens specialist ouderengeneeskunde maar ook bijvoorbeeld een fysiotherapeut een ergotherapeut een logopedist die hebben we ook allemaal rondlopen bij mij in het huis die daarvoor kan meenaden aan en dan zorg ik er ook voor dat als er bijzonderheden zijn dat het wordt vernoemd in in de zorgplan. Ja, wat ik hoorde jou zeg maar net over wat jij ook zelf zegt maar de dossiers bijhoud zeg maar. Ja. En ik hoorde jou net ook praten over doelen. Ja. Bedenk jij ook de doelen voor de cliënten zeg maar, dus wat ze willen bereiken en ja, waar ze aan moeten werken en wat voor doelen zijn dat dan? Onze organisatie is er zo op ingericht dat je je hebt de vier levensdominanten. Eentje daarvan is bijvoorbeeld wonen en leefomstandigheden, ook participatie. Kan wel een voorbeeld geven. Stel iemand die komt binnen met een CVA in in in de volks volgens worden broer te kan een doel zijn dat iemand weer tien meter wil lopen met rolator. Stel iemand kan helemaal niet meer lopen of moeilijk lopen, dan heb je natuurlijk gelukkig je erg gewoon je fysio die daarin meekijken. Maar dan is bijvoorbeeld een doel dat iemand tien meter kan lopen met een rolator. Ja, dat zijn hele mooie dingen. Ja. En zeg maar in wat voor omstandigheden zijn dat al? Want ik denk, ik neem aan als iemand meer kan lopen, dat het in een instelling is of in een organisatie is. Maar doe jij ook buiten de organisatie dingen bijvoorbeeld in huis? Of wat zijn wat zijn jouw werk? Wat is eigenlijk jouw werkomgeving? Mijn werkomgeving is een woonzorgcentrum, verpleeghuis, verzorghuis. en onze bewoners die wonen ook echt bij ons en krijgen ook 24 uur per dag zorg. En als je bijvoorbeeld die cliënt hebt die dan bijvoorbeeld wat je aangaf niet meer kan lopen en hij kan wel in één keer door goed doorzettingsvermogen wel weer tien meter lopen, wat voor voldoening haal jij dan zeg maar uit? Ja trots wel. Ja wordt maakt het je echt trots? Ja, ja zeker, zeker. De bewoners die wij binnenkrijgen, die komen niet voor niks bij ons binnen en soms komen ze uit hele schrijnende situaties, vaak vanuit thuis, ook wel vanuit de revalidatie dat ze doorstromen naar ons. je ziet iemand helemaal opbloeien, je ziet dat het goed doet voor diegene, dat dat ze onder de mensen zijn en dat ze dat ze maakjes kunnen vinden op de afdeling, zowel met personeel maar ook met medebewoners. En ik heb wel vaak al heel veel gevallen gezien, gevallen dat klinkt zo negatief. Ik heb wel heel vaak gezien dat iemand dan binnenkomt en gewoon met de maanden heel erg opbloeit en inderdaad weer hele stukken kan lopen. Of stel iemand die is binnengekomen met ondervoeding, dat iemand gewoon bij ons flink aan het eten is en goed aan het aankomen is. In overleg met die het is natuurlijk. Ja. Dat is mooi. Wat je zegt, ze zoeken onderling ook wel contact met elkaar met de cliënten. Dus je ziet ook wel dat er echt banden worden gelegd tussen de cliënten zelf met andere cliënten. Is dat belangrijk in de organisatie zelf dat dat veel gebeurt, zeg maar dat het echt ook samenhang is? Zeker, zeker. Iedereen is natuurlijk wel een individu en we proberen wel de bewoners daarin vrij te laten, wat diegene zelf wil. Maar als je inderdaad insieet of het is ook benoemd bij bij het eerste gesprek of tussendoor dat iemand behoefte heeft aan een praatje of spelletjes te doen of ja contacten te leggen met met medebewoners, dan willen wij daar wel in in sturen inderdaad en ook kijken van nou, hè, waar willen we dan diegene in de huiskamer neerzetten, hè, dat ze aanspraak hebben. We hebben ook heel veel activiteiten bij bij mij in huis, dus dat is ook wel heel erg fijn dat ze dan ook contacten kunnen leggen ook met andere etages in het huis. Wat voor activiteiten moet je dan bedenken? Oeh, heel erg verschillend. We hebben wekelijks een wandelgroep waar waarvoor je kan opgeven, maar we hebben ook soort van miniconcertjes als het ware dat er inderdaad artiesten komen optreden. Naja, gewoon een gezellige activiteit. Denk ik samen ook contact te leggen, geloof ik of niet. Want zodra het een activiteit is, zijn dan sommige activiteiten zodra het een activiteit is, bijvoorbeeld wandelen, zijn die activiteiten ook echt goed om met bijvoorbeeld een cliënt goed in gesprek te gaan? Ja, niet niet per se. Ook natuurlijk gewoon beweging en lekker buiten zijn. Maar je kan ook gelukkig zeker mee in de rolstoel. Maar je gaat natuurlijk wel een leuk praatje maken. Ja, zeker. Want dan zal je ook wel vast wel meemaken dat cliënten heftige verhalen vertellen aan jou. hoe kijk jij daartegen aan en hoe neem je dat mee in je werk? Als een bewoner aan mij een persoonlijk verhaal vertelt, bied ik altijd een luisterend oor. Ik oordeel niet en ik hoop altijd dat ik de zekerheid geef aan een bewoner dat ze dat is veilig is bij mij, dat ze de delen. En dat vind ik ook wat mooi van van mijn werk. Ja. Kan dat soms zwaar zijn denk je, zeg maar de werk, ook zeg maar de werk. Ja, niet de werk druk, maar meer de druk die opstaat omdat het best een heftig beroep is en je niet mee naar huis gaat nemen, zeg maar. Ik zei heb je dat niet ervaren zo? Ja, nee, je wel, je wel, zeker. We zijn natuurlijk allemaal mensen. Je kan het wel eens meenemen naar huis, zeker, ja, absoluut. Maar ik probeer wel altijd voor mezelf, zodra ik dan de deur uit stap, dat ik denk: oké, de werkdag is voorbij. Probeer het af te sluiten inderdaad. Ja, ik heb gelukkig een heel fijn team waarin ik werk, waarin het. Ja, je kan het ook onderling bespreken. Stel, is echt heel erg heftig. Wordt dat ook genoeg gedaan? Zeg maar onderling nog gepraat na dat het bijvoorbeeld een heftige casus is geweest, of wordt dat goed besproken? Ja, ja, zeker, zeker. We weten elkaar altijd wel goed te vinden daarin. Ja, en elk gevoel mag er dan ook wel zijn, zeg maar. Ja. Want ja, kan je ons meenemen in zeg maar? Hoe jouw typische werkdag eruit ziet. De zorg is natuurlijk altijd anders en werkt is nooit hetzelfde, maar kan je ongeveer een beetje omschrijven hoe een typische werkdag voor jou eruit ziet. Ja, zeker. Ja, geen enkele werkdag is inderdaad hetzelfde. Ik draai voornamelijk avonddiensten. Dan begin ik om half vier drie in de middag en dan begin ik vaak gewoon met een kopje koffie achter de computer en dan ga ik me inlezen, inlezen zees, de rapportages. Ik zet natuurlijk mijn werktelefoon aan dat ik de belletjes in de gaten kan houden die binnen kunnen komen. Dan hebben we de mondelingen overdracht met de dagdienst en zodra hun vertrokken zijn, dan doe ik mijn ronde. Soms moet je bewoners uit bed halen of heb je een toiletronde. dan tegen vijf uur om en erbij begin je met de medicijnen uitzetten en die deel je dan ook gelijk uit op dat moment dan gaan de bewoners eten en wij helpen dan ook de voedingsassistent met het uitdelen van het eten dan hebben wij pauze van de zorg en dan heb je de eerste ronde zoals wij dat altijd zeggen met bewoners naar bed helpen en begeleiden op mijn etage heb je best wel een hele complexe zorgsituatie met heel veel bewoners die wij het liefst met ze tweeën helpen want dat is voor ons als opbrengst maar ook voor de bewoner om daar met ze tweeën aan het bed te staan dus dan maken we ook een verdeling wie de tweetjes doet zoals wij dat zeggen en wie dan de de lopersjes doet om het Ja, zo noemen wij dat, en ik denk dat heel veel mensen dat ook werken en hoe ik het nu benoem. Dan heb je de eerste ronde, je evalueert tussendoor van, nou, hoe gaan we? Gaan we goed? Hebben ze een bijzonderheden? Dan hebben we koffie pauze. En na de koffie pauze heb je dan de laatste ronde. Dan ga ik vaak ook weer medicijnen delen, om een uurtje of nega. Gaan mijn collega's dan de zorg in? En soms dan de zorg, en soms ga ik de zorg in en doet mijn collega de medicijnen. En dan uiteindelijk rapporteer je al je bevindingen in het dossier en sluit je alles af en haalt je alles netjes achter. Ja, en dit klinkt zeg maar wel als gewoon een beroep die nog wel te doen is en dat jij niet veel stress ervaart zoals je nu vertelt. Zijn er factoren waardoor dit voor jou echt een stressstressvolle baan is eigenlijk? Ja, zeker het personeeltekort en dat is natuurlijk landelijk. Hebben we niet alleen wij als organisatie mee te maken? En dat is lastig, want mijn afdeling is officieel een somatische afdeling, zoals dat heet. Dat houdt in dat bewoners daar komen te wonen met lichamelijke aandoeningen. Maar inmiddels is dat een mengelmoesje met vaak toch wel PG psychogeriatrie. dementie. Elke afdeling in de ouderenzorg is erop ingericht dat je een x aantal medewerkers nodig hebt voor de zorgswaarde die op dat moment is op de afdeling. Roosters zijn soms heel lastig rond te boksen en wat het dan inderdaad niet makkelijker maakt is dat mijn afdeling inderdaad wel heel complex is momenteel, dat je niet met vast personeel werkt, dus wel vaak uitzendkrachten of zzp'ers. En zeg maar als je zegt je werkt met uitzendkrachten en zzp'ers, merk je dan ook dat die zzp'ers die dan in de instellingen komen minder goed zijn opgeleid en minder goed in hun functie passen? Zeg maar dan iemand die daar bijvoorbeeld wel is opgeleid en daar je dienst is bij zo'n organisatie. Nee, dat niet, want in principe heeft elke 66p'er de zelfde opleiding genoten, mits je bijvoorbeeld helpende bent of verpleegkundige stuk stapje hoger. Maar je merkt wel dat je wil het liefst iemand hebben die bekend is op de afdeling, dus ook bekend is met de bewoners, dat je ook echt goed op de zorgvraag kan inspelen. Mijn verantwoordelijkheidsgevoel is best wel hoog tegenover de bewoners, dus ik probeer vaak alle ballen hoog te houden, uiteraard wel te delegeren, maar soms moet je loslaten en dat is moeilijk inderdaad, want dan hoop je maar gewoon inderdaad dat alle zorg goed verloopt, ondanks dat je bijvoorbeeld een een looproute meegeeft of het een ander vertelt over de bewoner. Wat zijn eigenschappen die je eigenlijk moet hebben om echt wel jouw boodschap goed uit te voeren. Empathisch vermogen, inlevingsvermogen ook, een zorghart dat je ook echt zorg draagt voor je bewoner. Je moet goed met mensen kunnen werken, uiteraard goed samen kunnen werken. Maar ik denk toch wel, vind ik toch wel meest empathisch. Ja. Hoe ga je om met zeg maar situaties of agressief gedrag van een cliënt? Rustig te blijven en professioneel te handelen. Vaak komt agressiviteit voort uit onbegrepen gedrag. Stel iemand is dementerend, maar ook vaak uit frustratie vanuit die bewoner. Ik probeer het niet te bagatelliseren. Ik probeer luisterend oor te bieden. Uiteraard wel mijn grenzen aan te geven. Mijn organisatie die geeft ook training hiervoor, weerbares trainingen. En je hebt ook e-learning die hiervoor kan kan volgen om het wel meer onder de aandacht te brengen. En wij werken ook met micmeldingen, melding incident, cliënt. Die melding maakt je online in het dossier van de bewoner wanneer het ver gaat. Mocht een melding vaak voorkomen, dan gaat de leidinggevende hiermee aan de slag of de verpleegkundige of allebei. Waar dan het eeuwvol precies ligt en wat we hiermee kunnen. Maar het voornaamste is uiteindelijk toch wel gewoon rustig blijven en professioneel. Ja. gebeurt dat veel zeg maar dat er agressie op de werkvloer voorkomt en gebeurt dat dan ook wekelijks, maandelijkse, maandelijkse, maandelijkse. Waar moeten we zeg maar een beetje aan denken? Ja, in mijn organisatie waar ik werk gelukkig niet heel vaak. Het is wel voorgekomen. Ik heb zelf ook wel wat in het verleden meegemaakt. Een voorbeeld doen? Ja, praat ik wel over een aantal jaar geleden dat er een bewoner bij ons kwam te overlijden en familie was het niet eens met mijn handelen terwijl ik het wel een overleg had gedaan met familie in eerste instantie en uiteraard met de arts. Arts is altijd leidend. Ik doe nooit zomaar iets zonder dat een arts daar zich overheen heeft gebogen. En achteraf was familie dus niet blij hiermee en ja dat is toen wel een beetje uit de hand gelopen en dat ik ook wel flink ben uitgeschold op dat moment. Ja. dat is wel heftig ja maar je hebt heel heftig te maken natuurlijk ook met de familie wat je aangeeft zeker ja hoe ga je daarmee om zeg maar want ja soms heb jij misschien het beste voor met een cliënt en denk de familie dan dus over het hoofd al aangeeft ja probeer altijd de situatie te begrijpen waar iemand vandaan komt ik kan het me ook voorstellen dat het lastig is als je moeder of vader je oom je tante noemt bij ons komt te wonen en dat je samen moet werken ik probeer altijd een luisterend oor te bieden ja horen wat de wensen zijn maar ook wel wat haalbaar is ja en het gesprek aangaan want je wil het samen doen ja dat zijn natuurlijk hele heftige situaties waar je zeg maar in balans Toen jij zegt maar begon met je zorgopleiding, had jij verwacht dat ze maar dit ook bij de zorg komt kijken, of was je er totaal niet van bewust? Ik ben toen de tijd begonnen met mijn helpenopleiding in de thuiszorg en daar heb ik gelukkig geen achterzijva cliënten gehad. Dat kwam inderdaad pas een beetje dat ik intramuraal ging werken, dus echt in een verzorgingstehuis. Je hoort het wel, want er wordt echt wel over gesproken, maar ik had het zelf nog nooit meegemaakt. En tot je het zelf niet hebt meegemaakt, dan is het ook wel een beetje een grijs gebied. Maar ik merk wel dat er steeds meer aandacht voor is. Ja. Stel iemand luistert dit en die denkt, ah, dat vind ik een tochberoep en Die wil de route gaan volgen om IGR te gaan worden. Hoe kunnen ze die route gaan volgen? En ja, kunnen we wat dingen over uitleggen? Je kan de route belopen die ik heb gedaan toen de tijd. Ik was natuurlijk 17 dat ik kwam te werken in ouderenzorg, maar ik had geen middelbare schooldiploma. Dus ik had eerst mijn niveau één afgerond en dan schoonzorg en welzijn. Tegenwoordig heet dat zorgassistent. Toen vervolgens niveau twee, dat is dan de helpende. En dan heb je ook de helpende plus. Dat houdt in dat je medicijnen mag verstrekken, bekrachtigde medicatie. Dat is dan al voorverpakt vanuit de apotheek. Dan heb je inderdaad de verzorgende opleiding, dat is dan niveau drie, wat ik dan inderdaad heb gedaan. En ik heb er gewoon inderdaad stapsgewijs heb ik me zo omhoog gewerkt. Ik neem aan dat er genoeg hele grote organisaties zijn die vaak wel heel veel reclame maken en het zorgpersoneel, ja, die heeft dan tekort. En ik merk wel dat organisaties toegankelijker zijn en ook kijken naar de persoon zelf dan naar het papiertje die ze wellicht niet hebben. Trek gewoon de stoute schoen aan en loop het huis binnen, stuur een mailtje, vind het telefoonnummer. Deels door het grote personeelstekort dat gewoon mankracht tekort komen, waardoor ze ook wellicht binnen de hoog opgeleide mensen ook aannemen. Ja, ja, maar ook de vergrijzing die is natuurlijk enorm in Nederland. En ik merk bijvoorbeeld wel heel erg in mijn organisatie dat een zorgassistent of een volmachtmedewerker zich aan het opwerken is tot helpende of verzorgende en soms zelfverpleegkundige gaan. Ja, wat zou je zeggen tegen mensen die twijfelen om in de zorg te gaan werken? Ja, kom een dagje meelopen. Ja, de ouderenzorg is echt heel erg leuk, is enorm voldoendend werk om te doen. Trek gewoon een stoute schoenen aan en ja, ga naar de eerste, beste grote organisatie die in de buurt heb. Ja, kom vooral een dagje meekijken, want dan zie je denk ik echt wel het beste wat ons werk inhoudt en wat je zo doet op een dag, wat je kan betekenen voor een bewoner. Ja, en gewoon doen. Wat kunnen organisaties Voeg je zelf beter doen om zeg maar nieuwe mensen aan te trekken dan? Hoe kunnen organisaties zeg maar zichzelf nog aantrekkelijker maken om nieuw personeel of studenten te werven? Ik merk dat mijn organisatie tegenwoordig op social media toch wel zit, dat je ze voorbij ziet komen op Instagram met ook echt wel een hele leuke quote die ze dan gebruiken om echt jongeren aan te trekken, zo ook op Facebook natuurlijk. En dat doen ze goed, want ik denk dat de jongeren inderdaad, laten we zeggen 16 plus, totaal geen wet heeft. En ik wil natuurlijk niet iedereen over een kamp scheren wat de zorg nou precies inhoudt. En dan in mijn geval ouderenzorg. Dus ik denk dat het op die manier wel aantrekkelijk wordt gemaakt van hey kom kom werken bij ons. Om even terug te komen naar het stukje zeg maar social media wat voor content plaatsen plaatsen jouw organisatie dan om wel zeg maar te zijn en waar moeten we dan aan denken? Stories tenminste als je dan stories aanklikt dan heb je natuurlijk reclame tussendoor dan zag ik mijn organisatie voorbij komen. Ook in je feeds als je aan scrollen bent heb je natuurlijk ook reclame dan zag ik ze ook voorbij komen. Hoe belangrijk denk jij zeg maar dat bijvoorbeeld een foto ten opzichte van een video is voor jouw organisatie? Ik denk dat een video wel iets meer kan laten zien wat het inhoudt. Ja, foto is natuurlijk maar een foto. Stel je hebt een kort filmpje van misschien tien tot vijftien seconden, denk ik wel dat je iemand wat sneller over de streep kan halen. Waar loop jij in de praktijk het meest tegen aan als het gaat om goede zorggeven? Ja, het meest tegen aanlopen, ja, om eerst van de positieve kanten te bekijken. Ken je bewoner? Leer je bewoner ook echt kennen? Dus je praat met de bewoner, leer de familie kennen, spit de dossier door. doe je dat niet of heb je inderdaad minder kennis of nou nee niet minder kennis maar ben je inderdaad een zzp'er bijvoorbeeld ja dan kan je daar wat tegen aanlopen dat je minder goede zorg kan bieden ja lastig ja en dat is een probleem wat niet op te lossen is maar gewoon het personeel tekort toch ja maar dat dat kan je niet veranderen nee ja want jij denkt zeg maar als personeel tekort opgelost zou zijn dat jouw werk er ook een stuk minder dat denk ik wel inderdaad ja ja kijk een organisatie is er op ingericht dat je een x aantal verzorgende rondloopt op de afdeling op een dagdienst een x aantal helpende of assistenten zorgassistenten dus ik kan wel zeggen van hè ga je opleiden ga je opleiden maar helpen hebben we ook net zo hard nodig als een verzorgende en de zorginstanter hebben we ook net zo hard nodig als een verzorgende wat doen organisaties volgens jou te weinig om medewerkers goed te ondersteunen op zich doet mijn organisatie dat eigenlijk al best wel goed maar wat het lastig kan maken ja is toch het urenslagers als ik eerlijk ben op zich kan ik dat hier ook wel eerlijk bekennen is dat ik natuurlijk avonddiensten draai dus dan verdien je ook meer want krijg je overt, onregelmatigheidsdoelslag doe je dat niet dan krijg je gewoon je standaard uurloon wanneer merk je dat zeg maar iemand op het punt staat om af te haken en wat speelt er dan meestal Ik denk dat dat komt omdat de zorg ja gewoon een vaarberoep is, zowel lichamelijk als geestelijk. Ik denk dat je dan op dat moment misschien toch te weinig kan verdienen voor hetgeen wat je wel niet doet. Werken in de zorg is best pittig, zowel lichamelijk maar ook mentaal. En voor hetgeen wat wij doen, want we zijn met de abbrede wel echt een mannetje van alles. Je bent niet alleen zorgverlener, maar je bent soms ook gewoon politieagent en je bent psycholoog en je bent voedingsmedewerker en je bent van alles en nog wat tegelijkertijd. Inderdaad in je functie is ook wat je werkt heel erg mooi, maakt er ook boeiend. Maar ik kan heel goed begrijpen dat het dan Dus waar valt voor hoeveel je dan verdient op dat moment? Want wat vind jij dat een organisatie dan op zo'n moment kan doen? Nou, de organisatie aan zich niet zoveel, maar meer vanuit de overheid inderdaad. Er komen bijvoorbeeld wel weer langere verhogingen aan en ze proberen het ook echt wel goed recht te trekken. Maar als je mij vraagt, vind ik het nog steeds wel dat het onderbetaald inderdaad. Ja, en hoe mooi ik mijn werk ook vind, hè, ik zal nooit de zorg uitstappen. Maar voor hetgeen wat je wel niet doet, verdien je eigenlijk wel te weinig. Ja. Hoe vind jij dat het capaciteit van personeel op jouw werk beter of slimmer geregeld kan worden? Onze afdeling en zo elke afdeling is ingericht op de zorgswaarde van alle bewoners en daar wordt dan een potje van gemaakt en dan gaan ze kijken hoe je ingezet kan worden. Dus dan gaan ze ook kijken naar de niveaus die ze nodig hebben. Ik ben wel van mening dat je meer gediplomeerd personeel mag hebben rondlopen en met gediplomeerd bedoel ik echt verzorgend of hoger. Want doe je dat niet, dan kan je ook niet de zorgkwaliteit bieden die je wel graag zou willen bieden. En ik weet dat mijn organisatie echt wel zijn best daarvoor doet, maar het is niet altijd haalbaar. En dan praat ik bijvoorbeeld ook over werken met onbekende uitzendkrachten of zzp'ers. Ja, en die mogen dan wel soms gediplomeerd zijn, maar dan nog ben jij wel de enige bekende die dan alle touwtjes in hand heeft. Waar gaat voor jou nog veel tijd verloren in het dagelijkse zorg? Ik denk dan toch wel de administratie. Om een voorbeeld te geven is: ik werk acht uur op een dag en ik ben natuurlijk evenveer, dus dat houdt in dat ik mijn mail moet bijhouden, kijken of inderdaad familie mij benaderd heeft. Ik moet dan ook de zorgplannen daarop aanpassen als het nodig is. Ik wil de arts spreken. Dat is allemaal werk wat ik moet verrichten in mijn acht uren dienst. Geaard. wat dan mijn collega met wie ik dan die naast bestaat dan op dat moment die bijvoorbeeld geen even veer is die moet dan bijvoorbeeld veer dan stap je harder lopen in de zorg op dat moment ja dus hoe het efficiënter zou kunnen durf ik niet normaal dan te zeggen maar ik merk wel dat administratie wel een groot aspect ja daarin is wat je geeft aan je werkt veel met collega's wat maakt voor jou een fijt team om in te werken zeg maar humor humor ja zeker hele dag lachen teven ja ja continu ja nee ik vind humor wel echt heel erg belangrijk onderling vertrouwen dat je naar mekaar toe durft te komen dat je open bent naar mekaar en eerlijk bent naar mekaar ja en durf ook te zeggen waar je het echt aanloopt maar ook bijvoorbeeld inderdaad hele heftige casussen die je dan mee kan maken en zeker wanneer je inderdaad toch al wat jongeren hebt die nog niet de ervaring hebben bijvoorbeeld dat je daar wel voor open staat om dat bespreekbaar te maken ja hoe wordt de volgende jouw leiding gegeven in de zorg in de ouderenzorg in mijn organisatie goed ja wij hebben een teambegeleider en een teamleider die weet ik uiteraard wel te vinden wanneer het nodig is maar we zijn ook echt wel een heel erg zelfsturend team en dat vind ik zelfpersoonlijk wel fijn dat ik inderdaad daarin wel wordt vrijgelaten en dat er voor mij gevoel niet op mijn vingers wordt gekeken en dat ik ook echt wel het idee heb dat ik serieuus wordt genomen in mijn handelen, in hoe bekwaam ik ben en hoe professioneel ik ben. Ja. Want hoe zorg je ervoor dat je jezelf blijft in de zorg, ook al heb je met zo'n heftige casus te maken? Ook mezelf blijf. Ja. Ik denk dat dat misschien ook wel komt met de jaren, want met de jaren ben ik natuurlijk ook wel gewoon meegegroeid. Ik durf wel het gesprek aan te gaan met mijn collega's, maar ook met de bewoners. Ik doe me niet anders voor op mijn werk dan hoe ik privé ben, en dat is ook gewoon meer omdat je dan het beste zorg kan leveren. Want als ik inderdaad mezelf ga lopen wegzijven in bijvoorbeeld een heftige casus, of ik zie dat iets ja beter kan, dan Dan laat ik wel van me horen, ja. Wat zie je bij andere organisaties die het wel goed doen met personeel, als het gaat om behoud van personeel en de mensen die blijven? Ja, vind ik een lastige, want ik werk al zeven en half jaar voor dezelfde organisatie, dus ik weet ook niet zo heel goed hoe andere organisaties dat precies doen. Ik heb wel vriendinnen die inderdaad werken voor andere organisaties, maar ik merk wel dat hun ook een beetje tegen hetzelfde aanlopen. En dan ga je toch weer terug naar het landelijke probleem, denk ik. Wat zou de volgende zou dan beter geregeld moeten worden om mensen duurzamer inzetbaar te maken? ja toch het vaste personeel aantrekken inderdaad dus niet je zzpers en je uitzendkrachten ik bedoel fijn dat ze er zijn maar inderdaad ze zijn duur en ik denk dat je op daar manier efficiënter kan maken dat je ook meer poppetjes op de werkvloer kan zetten met die juiste diploma's ja en op het gebied van trainingen waar denk jij zeg maar dat nog veel winst te behalen valt ik denk dat er landelijk wel meer trainingen gegeven kan en mag worden inderdaad je hebt natuurlijk je e-learning's maar dat is online ik denk dat daar wel verbetering in zit ja om je scholing inderdaad up to date te houden je vindt training krijgen versie fijner dan een training online krijgt. Ja. En waarom waar zit dat bij voor jou zeg maar dat grote verschil dan? Als ik een e-learning maak merk ik aan mezelf dat ik wel snel afgeleid raak. Sommige zijn interessant en ook echt wel leerzaam. Maar als je het fysiek meemaakt of dat je fysiek aanwezig bent en het is ook nog eens een interactieve training, ja dan heb je mij helemaal. Want dan vind ik het ook interessant en dan doe je het samen met degene die naast je staan op dat moment. Ja. Ja, hoe belangrijk is ruimte voor ontwikkeling? Uitgenodigd niet voor jou. Belangrijk. Ik moet elke drie tot vijf jaar mijn handelingen, vlechttechnische handelingen, opnieuw laten aftoetsen. Mag ik ook uiteraard zelf aangeven als ik merk dat ik niet meer bevoegd of me bekwam voel? Een autonomie, ja, ik merk dat mijn werkgever dat al zich al doet. Bijvoorbeeld als je kinderen hebt, dat je later mag beginnen om je kinderen naar school te brengen, of dat je kortere diensten mag werken, om welke reden dan ook. Dat doet mijn werkgever wel al gelukkig. Ja, om inderdaad samen tot een goed rooster te komen. Wat wordt er volgens jou onderschat in de zorg als je kijkt buur naar instroominboed? Ik merk bij mijn werkgever dat er al meer wordt gemoderniseerd. Om een heel goed voorbeeld te geven, wij hebben passieve tilliften, zoals dat heet, zodat wij bewoners passief uit bed kunnen halen. Dat houdt in dat de zorgvanger geen looffunctie meer heeft. en wij hebben misschien een scoort plafond liften, dus dat zit dan vastgemaakt aan het plafond en dat is ideaal. Want je hoeft niet meer de gang op te rennen om je passieve teel lift te vinden. Hij werkt hartstikke licht, dus dat is ook fijn voor je rug. En ik denk dat daar andere organisaties en nogmaals, ik werk niet bij andere organisaties, maar dat we daar misschien wel nog wat in kunnen leren om inderdaad dat behaald te hebben, om ons werk makkelijker te maken en efficiënter en ook ergonomischer uiteraard. En wat mijn organisatie ook heel goed doet is uitjes organiseren. Net zoals aankomende week hebben we een kroegentocht door Haarlem heen voor het personeel. ja hoe leuk is dat dat je ja precies ja en je leert elkaar kennen dan buiten werk om en je je bouwt een band ja dat dat doen mijn werkgever wel echt enorm goed ja waar ben je het meest trots op als je kijkt binnen je werk het meest trots ja het kan echt van alles zijn tot een cliëntenmoment tot aan ja nou ik heb dan wel een heel mooi voorbeeld van gisteren tijdens mijn avonddienst dat een bewoner van oord tot oerg luntert omdat die meest die binnenkomen en dat die blij is dat ik dan een avonddienst heb en dat hij dan ook vraagt aan mij van ben jij degene die mij naar bed naar bed komt helpen en wat ben ik blij dat je er bent en dus die is ook kleins maar dat maakt mij wel enorm trots dat ik het verschil kan maken voor een bewoner wat hoop je dat anderen ervaren door jouw werk dat ik wel heel erg betrokken ben en dat ik de bewoner ook echt zie voor wie hij of zij is. Het is gewoon een persoon met vaak een grote levensachtergrond dat je verder kijkt naar dan alleen de aandoening die degene heeft en dat je daardoor het verschil kan maken. Ja. Ja, ongetwijfeld. Er zijn waarschijnlijk andere zorgorganisaties die luisteren. Wat zouden ze willen meegeven om het behoud van bekwame personeel? Luisteren naar je personeel. Ja, luisteren waar de behoeftes liggen en natuurlijk wel binnen alle beperkingen uiteraard. Op die manier behoud je toch wel je goede personeel, denk ik. Ja. En wat hoop je dat de kijkers, zeg maar, die nu luisteren, mee kunnen nemen uit jouw verhaal? Ik hoop dat ik duidelijk heb kunnen vertellen wat ouderenzorg inhoudt, wat een werkdag is voor mij, hoe dat er uitziet. Ik hoop dat ik mensen hetzelfde gevoel geef als wat ik heb, dat je heel veel voldoening kan halen uit je werk en dat elke dag anders is, maar je biedt hartstikke mooi werk en je kan echt een verschil maken voor de bewoner. Dankjewel, Shireen, voor het delen van jouw verhaal en voor je openheid en het eerlijk vertellen van jouw verhaal in de zorg. Ik wil je hierbij bedanken en Dank je wel voor het luisteren deze podcast. Tot de volgende aflevering. Tot volgende."
ouderenzorg-2.mp3,interviews,Qwen3 ASR 1.7B,12.95472770345313,"Goed dag en hartelijk welkom bij weer een nieuwe aflevering van het programma Ouder worden 2040. Vandaag bij mij in de studio te gast is Jan Smeulijck. Welkom Jan. Goed dat je hier bent. Jij hebt heel veel functies. Je bent lid van de kwaliteitsraad. Je bent algemeen coördinator van Nederland zorgt voor elkaar en ook nog voorzitter van Oostelijk Zorg. Dat heeft ook allemaal met elkaar te maken, toch? Ja, dat klopt. Begon met mijn vrijwilligersbaantje eigenlijk bij mijn eigen zorgcoöperatie in het dorp Oostelijk waar ik woon. En dat bestaat een jaar of tien. Ik ben sinds jaar of drie voorzitter daarvan. En ja, vanuit oudsteet zijn we de beweging, de het netwerk Nederlands Oorsprongkaart begonnen als landelijk netwerk voor al dit soort initiatieven. En ja, zo ben ik in die functie van algemeen coördinator gerold en van daaruit ook weer in de kwaliteitsraad terechtgekomen. Nou, heel veel verschillende functies en nou heb je ook nog besloten om je te gaan verbinden aan de programma Ouder worden 2040. Wat spreekt jij daar zo in aan? Nou, ik moest in eerste instantie wel even nadenken toen ze me vroegen van goh, wil je meepraten over dat programma? want ze zijn natuurlijk al behoorlijk wat ja ik noem het maar even praatclubjes, denktanks in in de zorg en daaromheen. Maar ik vond dit wel een interessante initiatief omdat het echt heel breed gaat. Dus het kijkt niet alleen maar naar het zorgaspect, maar alle aspecten van het leven, van ja de vergrijzende samenleving komen daarin aan de orde. dus dat, dus thematiek sprak me in die zin aan, omdat ik denk dat alles met ook echt ook met elkaar verbonden is. Je kan niet alleen maar het zorgaspect eruit halen, want dan, ja, dan dan vind je niet de oplossing die je nodig hebt. En het tweede aspect wat ik aantrekkelijk vond is dat ook in de ja, ze met de deelnemers, degenen die erover gaan meedenken of nu op dit moment dus in die verschillende gremia zitten, is gekozen voor een hele brede, een heel breed palet aan aan mensen vanuit allerlei hoeken van de samenleving. En ik denk dat dat ook sterker maakt. Dus niet alleen zorgbobos die met elkaar praten, maar ook echt mensen uit de samenleving, bedrijfsleven, actieve burgers zijn allemaal bij betrokken. Ja, nou ja, actieve burgers. Dat hebben meteen ook het onderwerp waar jij in gespecialiseerd bent, zullen we maar zeggen, want We staan voor nog al een opgave, hè, met het ouder worden 2040. Wat is het belang van burgerparticipatie in de komende twintig jaar bij die ouderwordende samenleving? Ja, ik denk dat we niet zonder kunnen. Ik denk dat als we de zorg blijven organiseren, zoals we dat nu eigenlijk de laatste vijftig jaar gedaan hebben, waarbij we dus de ja alle aspecten van het zorgen en het ondersteunen van mensen eigenlijk uitbesteed hebben aan aan professionals, aan organisaties, welzijnsoorganisaties, zorgorganisaties, woningbouwverenigingen, alle partijen zeg maar zijn bestaan uit professionals die allemaal heel nuttige dingen doen natuurlijk, maar nou ja, er is natuurlijk al door allerlei mensen de verstand van hebben bereikt dat dat allemaal niet op de mij niet meer houdt, omdat de druk op de op dit zorgorganisaties steeds groter gaat worden door de vergrijzing, door de toenemende hulpvraag. En dus we zullen echt moeten nadenken over alternatieven. Hoe kunnen we de samenleving zelf betrekken bij het ja het zorgen voor en het ondersteunen van de toenemende groep ouder in onze samenleving. Ja, en en je zegt dat daar moeten we over nadenken. Daar heb je vast ook al ideeën over. En hoe zouden wij die die een deel van die formele zorg en hulp over kunnen ja nou feitelijk gebeurt dat denk ik al wel op behorelijke schaal we hebben zien nu dat het aantal initiatieven wat ze op lokaal niveau binnen hun eigen dorp of wijk dit soort dingen organiseert dat neemt enorm toe we zitten nu al op 1500 ongeveer die we kennen een paar jaar geleden waren er nog maar 500 dus dat gaat echt heel hard dus zeg maar de basis is er om om dat te gaan doen maar nu moeten we alleen nog de structuren vinden om dat op een goeie manier in te bedden want nu is het eigenlijk zijn het twee parallelle trajecten je hebt het formele zorgtraject en je hebt wat ik dan even noem de nulde lijn zorg hè dus dat dat is de de georganiseerde zorg door burgers dat dat sommige plekken gaat het goed samen maar op heel veel plekken loopt het eigenlijk nog parallel aan elkaar en we moeten dat eigenlijk met elkaar zien te verbinden en dat is best wel een opgave want ja er zijn natuurlijk allerlei elementen in hoe we de zorg en ondersteuning nu georganiseerd hebben die dat best wel bemoeilijken de verschotting die we hebben met alle verschillende en dat daar hebben niet alleen professionals last van onderling maar ook in de samenwerking met burgers maakt dat dat best wel ingewikkeld dus daar moeten we echt nieuwe aan modellen voor gaan ontwikkelen en daar wordt ook wel echt aan gewerkt op dit moment van onder andere vanuit Nederlandse zorg voor Maar ja, daar zijn we nog volop in ontwikkeling eigenlijk. Maar die nieuwe modellen zijn wel nodig, want als we nu kijken, merk je toch heel vaak berichten over overbelaste mantelzorgers bijvoorbeeld. De manier waarop we nu georganiseerd hebben, ook voor die informele zorg, is ook niet houdbaar denk ik. Nee, dat klopt. Ongeveer een half miljoen en inmiddels misschien zelfs wat meer structureel overbelaste mantelzorgers in Nederland. ik denk dat dat echt een probleem van de toekomst gaat worden als we daar niet veel meer op gaan inspelen dat dat is iets wat je heel goed lokaal kunt organiseren zonder dat je het systeem daarbij nodig hebt om even zo te zeggen dus bij ons in huis iets hebben wij meer dan 100 vrijwilligers op een bevolking van ongeveer 1700 en we hebben een dorpsondersteuner een professional die wij aansturen die die en die houdt echt die mantelzorg in de gaten bij ons in dorp die worden dus gemonitord om even zo te zeggen en zij kan heel makkelijk vrijwilligers inschakelen om restpij te bieden of om te ondersteunen en dus met op adem te komen om even op adem te komen maar ook gewoon structurale ondersteuning een schaakmaatje voor iemand die die daar behoeft aan heeft zodat de degene die de mantelzorg moet verrichten even tijd heeft om wat anders te gaan doen dat is eigenlijk heel makkelijk lokaal te organiser Maar ik denk dat we ook moeten kijken naar meer verbindingen tussen informeel en formeel. Dat ook in het hele zorgtraject, als het wat meer professionele kenmerken gaat bevatten, dat we daar ook een betere samenwerking gaan krijgen. Dat is nog wel een aardige opgave waar we voor staan. Ja, en en want dan is het ook wel van belang om om te kijken naar hoe wordt die formele zorg georganiseerd. En dat zal zal ook moeten veranderen. Ja, ja. Ik denk dat we nu eigenlijk wat we gezien hebben in de afgelopen periode is dat we steeds meer schaalvergroting hebben gekregen, dus dat we veel meer op een regionaal niveau of op gemeentelijk niveau zagen organiseren. De hele WMO is bijvoorbeeld op gemeentelijk niveau georganiseerd. Die hebben dan wel zwaar weer wijkteams, maar ook die wijken zijn vaak niet ingedeeld op de manier waarop bewoners zelf naar hun wijk kijken. Australië is ingedeeld samen met een wijk in in in Zeist, waar we eigenlijk helemaal niks mee te maken hebben. Nou, in Australië hebben we het zo geregeld dat wij een eigen dorpsteam hebben. Dus de WMO is daar afgesplitst van de reguliere WMO, omdat we eigenlijk zeggen hebben wij willen dat ook die ondersteuning via dezelfde patronen loopt als de informele zorg. Dus die diezelfde dorpsondersteuner regelt ook de WMO. Dus die regelt het vrijwilligerswerk, maar die regelt ook de formele ondersteuning. En eigenlijk kun je dat ook dorvertalen en de wijkverpleging die kun je ook veel beter op datzelfde niveau organiseren. Dus we hebben ook een wijkverpleegkundige die heel nauw samenwerkt met die dorpsondersteuner. En eigenlijk als je dat op die kleine schaal van een paar duizend mensen organiseert, dan is het heel simpel. en dan zolang je maar vanuit het belang van die gemeenschap gaat redeneren en gebruik maakt van de kracht die in die gemeenschap zit bij bij de bij vrijwilligers zijn ook heel vaak bestuurders die in zo'n dorp wonen of in zo'n wijk wonen die daar best ervaring mee hebben om dat te organiseren maak daar gebruik van en maak ook gebruik van de zilveren generatie waar de RVS te over heeft de de enorme potentieel aan jonge pensionado's die nog heel actief kunnen zijn en dat ook graag wel willen En ja, die ik denk dat we daar nog veel te weinig gebruik van maken om die ook in te schakelen bij de zorg en ondersteuning voor de mensen die nog ouder zijn en die echt zorg en ondersteuning nodig hebben. Er zijn nog genoeg ja zaken om aan te pakken. Maar als dat allemaal op die manier ook aangepakt wordt, hoe ziet jouw jouw ideale zorgsamenleving bijvoorbeeld over tien jaar eruit? Ja, nou, ik hoop dat over tien jaar overal zorgsamen gemeenschappen zijn in Nederland. En zorgsamen gemeenschap bedoel ik een dorp of een wijk waar ze als bewoners ook eigendomschap hebben genomen voor het zorgen voor elkaar. Dus en dat zal in de ene wijk of dorp zal het heel anders uitziën dan in de andere. Dat dat mag ook. Dat moet je vooral zo inrichten dat het past binnen de gemeenschap. En dan hoop ik dat zeg maar de formele zorgpartijen en ondersteuningsorganisaties dat die zich daarop gaan aansluiten. Dus dat die niet meer leidend worden, maar dat de zeg maar de lokale processen leidend worden en dat dat daar ondersteuning wordt geboden vanuit de gemeente, vanuit woningbouwverenigingen. En als laatste punt wat ik denk heel belangrijk vind is dat we ook qua ouderenhuisvesting op een manier moeten gaan werken dat we dat ook helemaal lokaal gaan organiseren. Dus ieder dorp of wijk. mij betreft zou een kleinschalige woonvoorziening voor ouderen moeten hebben. Dat heeft twee grote voordelen. Eén is dat ouderen dan niet ontworteld worden uit hun eigen netwerk. We hebben in Oud-Sluis gemerkt toen we nog geen zorgwoningen hadden dat mensen op laatste fase van hun leven vaak nog moesten verhuizen naar een verpleeghuis in de buurt in Zeist of in Driebergen of zo en dat dat had meestal vrij dramatische gevolgen dat mensen ja is maar een paar kilometer verderop ja maar je wordt toch echt ontworteld en je raakt je netwerk kwijt en er zijn mensen ook echt uit heimwee overleden die kennen wij ook gewoon die die dat gewoon heel kort volgehouden hebben dus als één het tweede voordeel is dat als mensen hun sociale netwerk kunnen blijven houden is dat die mantelzorgers ook intact blijven en dat die nog steeds kunnen blijven zorgen dus je krijgt veel meer informele steun op moment dat je mensen in hun eigen woonomgeving kunt opvangen ook als ze wat zwaardere zorg nodig hebben zeker zijn nog is nog grote opgaven moet veel gebeuren daar ga jij ongetwijfeld ook hard voor inzetten samen met een aantal andere mensen hartelijk dank Jan voor je komst naar de studio en u weer hartelijk dank voor het kijken naar deze aflevering van het programma ouder worden 2040. Tot ziens."
seksuele-voorlichting.mp3,interviews,Qwen3 ASR 1.7B,16.12735765005328,"Uit nieuwe cijfers blijkt dat het aantal infecties zoals gonoreu en chilus in tien jaar tijd fors zijn gestegen. Ook in Nederland maken deskundigen zich zorgen. Volgens onderzoekers spelen meerdere factoren een rol. Het condoomgebruik daalt, mensen laten zich steeds minder snel testen en betrouwbare informatie over SOAs wordt steeds minder gevonden. Maar hoe staat het er eigenlijk voor in studentenstad Groningen? Welke SOAs komen het meest voor? En wanneer is het verstandig om je te laten testen? Daarover ga ik vandaag in gesprek met Marijette van de GGD Groningen. Ik ga er even opbellen. Met Marijette, afdeling Seksuele Zondheid GGD Groningen. Hi Marijette, je spreekt met Madelief van Spotlight Groningen. Hi, hoi. Hoi, hoi. Ten eerste heel erg bedankt dat je even tijd voor ons hebt vandaag. Zou je jezelf kort kunnen voorstellen en vertellen wat jouw rol is binnen de GGD? Zeker. Nou, ik ben dus Marijette en ik ben werkzaam als verpleegkundige op de afdeling seksuele gezondheid hier van de GGD, waar we ons bezighouden met alles wat met seksuele gezondheid te maken heeft voor de hele provincie. Dus dat kan gaan om het doen van zoa's testen, seksualiteitsproblematiek, seksuele gezondheid, noem maar op. En we zien de laatste tijd berichten over een stijging van het aantal zoa's. Is dat iets wat jullie ook opvalt? Ja, nou, er is inderdaad heel wat aandacht momenteel voor het feit dat er meer zoa's zijn. Het is wel iets wat wij zien, maar wij zien het al wel een wat langere tijd. En wat daar misschien wel goed is om te noemen, is we zien nog steeds dezelfde soas en het is ook nog steeds zo dat de meeste, de grootste zwaar die gevonden wordt, dat is chlamydia, dus die vinden we nog steeds het meest. Maar er zijn een bepaald aantal soas waar we nu wat meer besmettingen van zien dan voorheen. Dus daar is wel een lichte stijging te zien. Kun je daar eens wat meer over kunnen vertellen? Ja, tuurlijk. Nou, we zien voornamelijk dat hondereu en syphilis nu wat aan te stijgen zijn. Dus voorheen, we zijn, we zien eigenlijk altijd al wel veel chlamydia besmettingen, maar we zien dus nu ook al wat meer hondereu en syphilis. En dat is eigenlijk sowieso landelijk wel te zien, maar ook al in heel Europa. Maar dat is ook al wel van het afgelopen jaar dat dat wat aan het spelen is. Dus het is niet dat er nu op eens een enorme uitbraak is of zo. Het speelt al wat langer en het is een gewoon een geleidelijke stijging. Dus het is ook niet dat er nu in Groningen een enorme uitbraak van zoiets is. Maar ja, het is wel iets wat mij opmerkte. Ja. En waarom denk je dat dat nu dan pas zo onder de aandacht komt in het nieuws als je zegt van het is eigenlijk al een jaar gaande? Ja, ja, dat is wel een hele goeie vraag. Dat is ook wel interessant. Ik denk omdat er een Europees onderzoek is uitgekomen waarin dit wordt benoemd en dat dat dan toch iets is waar nou mensen op aanstaan. We lichten ook wel wat angst voor hebben en dat er daardoor ook dan gewoon media aandacht voor komt. Ja. dus eigenlijk al iets is wat wij al wel wat langer zien. Oké, en hoe staat het er op dit moment voor in Groningen? Want je zei al even die stijging is hier ook te zien. Nee, we hebben natuurlijk een studentenstad met een studentencultuur. Ja, hoe staat het er voor hier bij ons? Ja, nou, we zien dus ook in Groningen wel dat grondeeuw wat meer stijgt onder jongeren, maar überhaupt onder mensen en de cievelers ook al wat. Nu is cievelers nog steeds iets wat we voornamelijk vinden bij mannen die seksen met mannen en grondeeuw wel onder alle doelgroepen die wij zien. Ja, maar ik denk dat Kijk, het is altijd vervelend dat zowas stijgen. We willen het liefst dat er zo min mogelijk zowas zijn, want zowas, nou, die brengen zorgen met zich mee, die kunnen gezondheidsrisico's met zich meebrengen, dus dat is natuurlijk nooit wenselijk. Maar het is niet dat het nu zo de spuugaten uitloopt dat dat wij hier in Groningen denk ik heel slecht doen. Maar ja, wat je zegt, er zijn wel een studentenstad. Het kan zijn dat er natuurlijk hier veel onveilige seks plaatsvindt, maar het is nou niet zo dat wij als Groningers zo veel slechter doen of dat het hier heel opmerkelijk is dat het hier extra is dan in de rest van Nederland of van Europa. Dat is een geruststellende gedachte, denk ik. Ja, niet zo de hele spijker. Dat men alleen maar naar Groningen kijkt. Nee, nee, nee, hoor, dat is namelijk niet nodig. Want zijn er bepaalde leeftijdsgroepen waarin de stijging het hoogst is of het meest te merken is? Ja, kunnen wij eigenlijk niet heel veel over zeggen. En kijk, we zien eigenlijk alle leeftijden wel, vanaf dat mensen een beetje seksueel actief worden, dus nou dat kan beginnen vanaf 14, en dat gaat echt door tot in 90. En al die leeftijdsgroepen zien wij ook. Dus wij kunnen niet per se en heel veel wordt natuurlijk ook nog steeds bij de huisarts gezien of mensen doen thuis online testen. Dus wij kunnen niet echt per se iets zeggen over in welke leeftijdsgroep dat namelijk meer voorkomt. We zien overal wel dat zowas wat meer stijgen. Dus dat is bij studenten, maar dat is ook bij mensen die ouder zijn en bij volwassenen. Ja. Oké. Want merk je dat jongeren dan anders omgaan met seks en bescherming dan bijvoorbeeld een aantal jaar geleden? Nou, we zien wel vanuit cijfers dat condoomgebruik echt wel wat aardig afnemen is. Dus er wordt ondertussen al jaar een onderzoek uitgevoerd dat heet Seks 2025. Bij is een beetje hoe het ervoor staat met de seksuele rondheid van jongeren. En daarin zien we wel dat er een daling te zien is in het gebruik van condooms. En dat kan natuurlijk ook weer met zich meebrengen dat we nu meer zo zien. Dat zou wel een logisch gevolg zijn natuurlijk. Dus voorheen was het toch wel wat gebruikelijker om een condoom te gebruiken. Ik denk dat dat voorheen en al helemaal jaren geleden sowieso al wat normaler was. Maar dat wordt dus toch steeds wat minder sexy. Stel, eigenlijk kunnen heel veel van deze dingen voorkomen kunnen worden als Mensen wat meer condooms zouden gebruiken, maar ook dat zeg maar het niet gebruiken van condooms, dat zien we eigenlijk ook weer bij bijna alle leeftijden wel terug. Dus het is niet zo dat studenten daar echt het grote probleem in zijn. Wist je nu überhaupt dat condoomgebruik wat aan het afnemen is, of minder sexy wordt gezien? Want wat denk je dat de verklaring is dat condoomgebruik zo afneemt? Ja, dat vind ik best wel moeilijk om te zeggen. Ik denk dat het voornamelijk wellicht te maken heeft met het feit dat er minder campagne wordt gevoerd. Dus vroeger had je echt grote condoomcampagnes, werd er heel veel aandacht aan besteed aan de seksuele voorlichting. Was het dus veel meer een besproken onderwerp, echt wel met je een hot topic. En dat ging eigenlijk zo goed dat we toen gedacht hebben, denk ik, van nou dat is niet meer nodig. En nu zien we dus ook dat er al best wel een tijd niet echt condoomcampagnes hebben plaatsgevonden, dat het wellicht ook de seksuele voorlichting wat aan het veranderen is, en dat dat dus wellicht nu tot gevolgen heeft dat mensen minder condooms gebruiken. Ja. Op wat voor manier verandert de seksuele voorlichting dan? Nou, ik weet niet. Ik denk dat we er voorheen gewoon wat meer aandacht aan besteden. Dus misschien dat scholen kiezen er steeds meer voor om de seksuele voorlichting zelf te geven. Wij hebben überhaupt ook in Groningen minder capaciteit om langs alle scholen te gaan natuurlijk, maar er is ook wel een beetje verschuiving te zien dat het wellicht allemaal wat breder wordt en Ja, eigenlijk is er eigenlijk dat we zelf van alle tijden dat er tijdens seksuele voorlichtingscolleges heel veel aandacht voor de praktische zaken. Dus wel zoals bestaan, je kan zwanger worden, seks is eigenlijk hartstikke eng beginnen, maar niet aan en veel minder. Nou, hoe bereid je jezelf goed voor en hoe zorg je ervoor dat seks leuk is? En nou ja, wij zeggen ook wel leuke seks is seks zonder zorgen, maar daar is eigenlijk weinig aandacht voor. Dat eigenlijk heel jammer is van wellicht als jongeren toch beter voorbereid, nou hun seksuele carrière ingaan en daarmee ook meer oog hebben voor. Nou, ik vind belangrijk om mezelf te beschermen. Ik vind het ook leuk om zorgloze seks te hebben, dus ik pak er vaak een condoom bij. Is er dan wel voldoende kennis over zoals of zie jullie ook nog vaak misverstanden? Nou, ik heb wel het idee dat er op zich best wel wat kennis is, maar ja, helaas zien we ook nog steeds wel wat misverstanden. Dat heeft dan voornamelijk te maken met hoe kan je een zwaar oplopen? We worden soms echt nogal verhalen van, nou, kan ik dan een zwaar krijgen van de wc-beugel of ongevone? Dat is gewoon dat zijn hele goeie vragen om te stellen. En we zien toch ook wel nu met de verschuiving van het test op glamydia dat heel veel jongeren dan nu weens denken, nou, glamydia is helemaal niet meer gevaarlijk, dus dan hoef ik me helemaal niet meer voor te testen. Wel, ja, dat is eigenlijk niet waar. Het is wel nog steeds belangrijk om je te testen als je klachten hebt of als je wat de partner bijvoorbeeld glamydia heeft. Want een glimlach met klachten kan nog steeds wel gevolgen hebben voor je gezondheid. Wanneer is het verstandig om je te laten testen? Nou, dat is voornamelijk verstandig als je klachten hebt. Dus merk iets op, denk je dit voelt niet helemaal pluis, ga dan zeker testen. Maar ook als je bijvoorbeeld een waarschuwing hebt gekregen. En ik denk dat het überhaupt verstandig is om je bijvoorbeeld elk halfjaar, elk jaar, wel te testen als je onveilige seks hebt. Dus heb je regelmatig onveilige seks? Nou, dan is het misschien toch verstandig om je elk halfjaar tot jaar te testen op SOA om te zeker van te zijn dat je niks hebt, maar het is voornamelijk belangrijk om te komen testen als je ook echt dat werkelijk klachten hebt of een maagzuurpijn hebt gevoeld. Ja. Ja. Wat gebeurt er als een SOA niet op tijd wordt ontdekt of behandeld? Ja, dat is een hele goede vraag. Nou, en dat dat verschilt een beetje per SOA. Dus een Chlamydia zonder klachten, dus dat is een hele belangrijke. Een Chlamydia zonder klachten, dat kan niet heel veel kwaad en dat ruimt je lichaam ook gewoon vanzelf op, heeft ook niet meer die hele schadelijke gezondheidsrisico's die voorheen wel verteld werden. Dat is wel wat anders met een gonoreu. Een gonoreu is natuurlijk ook een SOA, kan nog steeds bestaan, ook zonder klachten, maar een gonoreubesmetting wordt eigenlijk niet zo goed door het lichaam zelf opgeruimd, dus daarvoor is het wel belangrijk om te testen en loop je heel lang rond met gonoreu of heb je chlamydia met klachten, ja dat is voornamelijk gewoon vervelend voor de cliënt zelf. We zien eigenlijk pas dat zoals echt invloed kunnen gaan hebben op je gezondheid als je meermalen een zwaar hebt gehad met klachten en dan kan het zijn dat dat voornamelijk bij vrouwen wat effect kan hebben op de vruchtbaarheid. Ook dus dat is wel. Daarom is het ook al zo belangrijk om je te beschermen tegen zoals door middel van condooms, dat er toch heel veel mensen zijn die toch wel echt een kinderwens hebben, maar het is dus wel niet zo. We willen wel een beetje weghalen van oh wees maar super bang, want het is echt niet dat je in één klap onverzichtbaar wordt. Dat denk ik ook al in commenten. Maar het is zeker wel belangrijk om je te beschermen. Dat is vaker en zo hebben, wel dat werkelijk daar echt echt op kan hebben. Ja, nee, ik denk dat het goed is dat je dat ook zo benoemt, omdat ik inderdaad ook. . . Nee, in mijn omgeving dan hoor van oh met chlamydia dan hoef je nu hoef je nu niet meer te behandelen, hoef je niet meer geen kuurtje meer. Dus het kan allemaal niet zo veel kwaad als je een keer chlamydia krijgt. Nee, maar dat is dus niet waar. Nee, dat is dat is toch wel wat genuanceerder dan die uitspraak van oh ik heb chlamydia, dat boeit allemaal niet meer. Want ook al heb jij zelf geen klachten, dan kan je nog steeds aan iemand anders geven en die kan wel klachten krijgen. Ja, en heb je dus laagmedia met klachten, ja, dan kan het nog steeds zeker wel gezondheidsdienstje terug met zich meebrengen. Ja, nee, ja, ik denk heel goed om te weten. Dan zou ik graag willen afsluiten met de vraag: wat is volgens jou de belangrijkste boodschap over veilig seks hebben, je laten testen op soas voor de mensen die hier misschien naar kijken? Ja, ik denk eigenlijk dat het heel goed is dat we condooms weer een beetje gaan promoten. En ik weet dat heel veel jongeren, maar überhaupt mensen denken van: oh, maar condooms zijn toch helemaal niks aan. Maar daar is echt nog heel veel in te experimenteren en ook heel veel in te doen. Als we bijvoorbeeld zitten niet lekker, kijk een keer naar een andere breedte maat. Ben je bang voor de kosten? Je hoeft echt niet altijd de duurste condooms te doen. Kruidvat eigenmerk is net zo goed. En dan meen je voor drie euro vijftig heb je al een pakje condooms. En voornamelijk ook leuke seks is seks zonder zorgen. En heb je seks gehad en heb je toch die zorgen van, oh, heb ik misschien een SOA? Nou, dan dat heeft toch invloed op die hele ervaring. Doe je het veilig, heb je het vaak ook leuker, hoef je die zorgen niet mee te dragen. En heb je toch een keer dat je denkt dit is niet helemaal goed gegaan of ik wil me toch even laten checken? Nou, dan kan je altijd bijvoorbeeld onze website kijken voor meer informatie. En dan kunnen we altijd met mensen meekijken of ze bij ons kunnen komen SOA testen natuurlijk. Ja. Want waar kunnen mensen terecht voor betrouwbare informatie of een test? Nou, betrouwbare informatie sowieso altijd op onze website. Dus als je gewoon naar gegeven Groningen gaat en dan klikt op seksualiteit, dan kom je bij onze pagina. Daar staat heel veel informatie. Je kan altijd bij huisarts terecht voor goede zona testen. Je kan ook bij sommige online aanbieders, dus bijvoorbeeld zona polynoortjes een hele goede die wij veel aanraden. En dus vooral je bij ons in onze doelgroep dan kan je ook bij ons komen testen alleen. Ja, bij ons is er gewoon maximale capaciteit. Wij kunnen helaas niet heel Groningen zien. Dus maak je echt heel veel zorgen, wil je zo snel mogelijk terecht, dan kan je altijd naar de huisarts maar wij kunnen ook altijd met je meedenen. Nou super, ik denk dat dat heel goed is om te weten voor een hele hoop mensen. Mooi. Ik wil je heel erg bedanken voor je tijd en je wijs woorden. Niet, geen probleem. Super. Wil jij nou niet met een duiper lopen deze zomer? Gebruik dan toch gewoon weer een condoom. Want fijne seks is zorgeloze seks. Mocht je nou toch denken dat je iets hebt opgelopen, laat je dan testen bij de lokale GGD, via de huisarts of via een kit die je zelf kan bestellen op het internet. Bedankt voor het kijken en tot de volgende keer."
ggz-behandel-traject.mp3,interviews,Qwen3 ASR 1.7B,15.626054828236315,"In deze aflevering heb ik Maika te gast en zij is psycholoog en ze gaat ons alles vertellen over ja wat een psycholoog voor jou kan betekenen als je last hebt van hyperventilatie, paniekklachten, andere stressgerelateerde klachten. Dus welkom Maika, kan je even kort voorstellen? Ja, dankjewel, ik hoor. Goedemiddag, goedemiddag luisteraars ook. En mijn naam is Maika Groen. Ik ben 38 jaar en ik ben de oprichter van Vrij zijn met eten. Ik begeleid vrouwen met een eetstoornis en ik heb hiervoor heel lang gewerkt als psycholoog. Nee, 16 jaar gewerkt als psycholoog en onder andere ook bij angststoornissen, waaronder dus ook paniekaanvallen, paniekstoornissen zeg maar voorkwam. ja dus dat is even kort over mij ja fijn dat je tijd tijd kan maken om ons te gaan vertellen ja wat een psycholoog voor jou zou kunnen doen als luisteraar en want vaak als je naar een huisarts gaat met deze klachten met ik heb last van paniekaanvallen angstoornezen of vage onverklarbare klachten zoals hyperventilatie dan krijg je vaak een doorverwijzing naar een psycholoog en wat ik heel graag van jou wil weten is wat gebeurt er nou eigenlijk je krijgt zo'n verwijzing en dan bel je op om een afspraak te maken en hoe gaat dat hele proces dan eigenlijk in in zijn gang Ja, nou allereerst zou je waarschijnlijk met de secretariaat antwoord lichteroverig aan of het hebben over een GGZ-instelling of een vrijgestelde psycholoog. Dat kan natuurlijk ook nog altijd. Daar kan je ook nog met een verwijsbrief aan. Maar als het een GGZ-instelling betreft, dan zal in eerste instantie met de secretariaat een afspraak in kunnen plannen en vervolgens wordt er dus een intake ingepland, een intakegesprek, waarin, nou ja, eigenlijk zo volledig mogelijk een beeld van van jou wordt verkregen. Dus hoe ziet dan jouw paniekaanvallen daaruit? Hoe vaak komt het voor? Frequentie. Is dat altijd al zo geweest of is dat pas geleden gestart? Zijn er andere problemen, bijvoorbeeld alcoholproblematiek, bijvoorbeeld? Dat is een contraindicatie. Noemen we dat. Dus dat betekent dat we dat er eerst aan de alcoholproblematiek gewerkt moet worden voordat we dus aan de panieksto En zo wordt dus eigenlijk een volledig beeld verkregen van de persoon om te weten van ja wat gaan we nou precies doen en is dat nu ook het moment om de behandeling in te zetten voor een paniekstoornis. Ja, dus ze gaan eerst gaan jullie eigenlijk dan kijken van hey maar waar komt het een beetje globaal vandaan, oftewel wat heb je andere klachten, bijvoorbeeld ook misschien zitten er een depressie bij of zitten er een trauma achter. Dat wordt eigenlijk even breed gekeken. Misschien zijn natuurlijk ook veel mensen met met PTSD of of autisme of en dan wordt eigenlijk even van hey maar wie is deze persoon eigenlijk en dan wordt er dus pas een een traject in gang gezet. Dus dat wordt dan een beetje op de ja de persoon afgesteld denk ik. Ja, niet een zeker niet beklare oplossing. Nee, dat klopt inderdaad. Er wordt per persoon gekeken en ook welke problematiek staat op de voorgrond. Dus als inderdaad andere problematiek op de voorgrond staat, dan dient dat eerst behandeld te worden. Bijvoorbeeld trauma is een goed, een goed voorbeeld wat je neemt. Als dat echt meer op de voorgrond staat, dan moet dat eerst behandeld worden voordat dus dan bijvoorbeeld de paniekstoornis behandeld zou kunnen worden. Dus daar wordt eigenlijk een overwogen keuze ingemaakt. Ja. Maar ik kan me ook voorstellen dat als jij dan een afspraak maakt, dat je zelf helemaal niet zo duidelijk hebt waar het dan vandaan komt en dat in een gesprek zal dat dan ook niet altijd allemaal duidelijk zijn, toch? ja nou wat er op dit moment is aan klachten is meestal wel duidelijk hè dat zijn dat daar kan de psycholoog ook vragen met nou dat zijn bijna een soort van ja nee vragen bijna van hè is er sprake van dit heb je nog andere klachten hè of loop je hier nog tegenaan nou dat is op zich kan je dat of bevestigen of ontkrachten dus dat is op zich helder waar precies vandaan komt dat is inderdaad niet altijd helemaal helder hè wat bijvoorbeeld uit onderzoek blijkt is dat vaak nou ja de enige samenhang is bijvoorbeeld met verlating of verlies in de jeugd hè dat dat daar komt vaak paniekstoornis dat heeft daar vaak wel koppeling mee dat zien we dan vaak En met agorafobie, dus dat betekent dat niet naar buiten durven gaan of voor bepaalde plekken, dus ook voor mij, dat er ook combinatie bij is. Straatvreest. Zien we dat dan ook, bijvoorbeeld? Precies, ja, de straatvreest zien we dat dat vaak dan bijvoorbeeld weer juist gerelateerd is aan problemen met zelfstandig gaan wonen, dus rond de twintig, dertig jaar, zo'n beetje ontstaat vaak ook. Maar het is ook soms niet helemaal helder te krijgen waar komt het precies vandaan en op zich is dat voor behandeling ook niet niet zo zeer relevant. Dus daar gaan we eigenlijk niet heel erg naar graven of wat dan ook. We gaan echt meer in het praktische aan de slag daarmee. ja, maar dat is wel belangrijk, hè, want ik kan me voorstellen dat er ook mensen zijn die denk, nou, ik heb helemaal geen zin om over mijn jeugd te praten, of ik had best een prima jeugd, dus ik, dus helemaal niet relevant, of ik, ik begin zin om mijn ouders de schuld te geven, of die worden ik ook nog wel eens, dus echt niet altijd het geval dat daar ingaan gegraven wordt. Nee, tenminste bij bij ons was dat dan met name gewoon heel licht vragen. Zijn er nog bijzonderheden in de jeugd? He, zijn er nog dingen wat we moeten weten, wat we, want kijk, zouden nou hele ernstige trauma's zijn in de jeugd, dan is natuurlijk wel belangrijk om te weten, want dan moet daar misschien op ingegeven worden in plaats van de paniekstoornis mee te starten bijvoorbeeld. Maar nee ja, anders is dat inderdaad, ja. Vooral wordt er gevraagd naar bijzonderheden en wordt er vooral eigenlijk daarmee dus afgewogen van is is de paniekstoornisbehandeling dus nu ook het beste om nu in te zetten. Ook om eerlijk te zijn, want stel dat er een hele heftige trauma is geweest in de jeugd, ja dan kunnen we misschien wel werken op die paniekstoornis, maar we als we verwachten dat we trauma behandelen, dat dan de paniekstoornis vanzelf overgaat, dan heeft het misschien niet zo veel nut om dus aan die paniekstoornis te werken. Te misden, dan verwachten we dus dat er meer effect zal zijn door aan het trauma te werken. Maar dat kan nog altijd overwogen worden van, nou weet je, dan gaan we toch aan met de paniekstoornis aan de slag als je niet met het trauma aan de slag wil gaan. En gaan we kijken, maar we zijn wel eerlijk, we gaan kijken hoe ver we daarmee gaan komen. ja dus dat gaat wel in overleg natuurlijk ja zeker ja er wordt niks geforceerd sowieso is hè het is geen verplichte behandeling of wat dan ook dus het is allemaal vrijblijvend en de cliënt is daar zelf ook bij dus die mag zelf inderdaad ook aangeven van nou dit is precies wat ik zoek of dit is totaal niet waar ik naar op zoek ben nee ja logisch natuurlijk hè want het gaat natuurlijk om jouw herstel natuurlijk ook belangrijk dat je daar ja iets over te zeggen hebt natuurlijk ja precies soms moet je natuurlijk ook wel het advies aannemen van degene die daar vroeger leert heeft en die natuurlijk ja ingespecialiseerd is ja zeker ja ja en tegelijkertijd weten we ook niet alles hè dus soms Denken we dat dat in dat dan beter is om aan de trauma te werken. Maar uiteindelijk is de wil zo groot bij de cliënt en de motivatie dat het dan wel lukt om aan de paniekstoornis te werken, gewoon met het paniekstoornisprotocol. En soms zie je dat dat dan weer juist, maar voor korte termijn heeft gewerkt. Dus dan zie je dan toch een cliënt weer terugkomen, dat hij na een aantal jaren dan weer zegt van, nou, het is toch weer terug, het was toch onvoldoende. En dan toch als nog wel de trauma behandeling doen of wat dan ook. Ja. En en wat je benoemde, we hebben het paniekstoornisprotocol. Want stel, we gaan er gewoon van uit dat jij, we hebben natuurlijk ook paniekstoornis, maar dat valt hyperventilatie natuurlijk ook onder, hebben jullie als psycholoog? Nou, het is gaar dat we het zo noemen nu. Nou, het is mooi dat je dat zo noemt, want we maken echt wel onderscheid tussen paniekaanval en paniekstoornis. Paniekaanvallen is echt hè, die kortademigheid, het gevoel hebben te stikken, transpireren, duizelig, beven, trillen op je benen, misselen. Nou, al die symptomen hoort bij paniekaanval. Maar een paniekaanval, ongeveer bij 23 procent van de bevolking komt wel eens een paniekaanval voor. Dus een paniekaanval op zichzelf is eigenlijk niet zozeer het probleem. Het probleem zit de meestal in dat de persoon bang wordt, hè, heel erg. Overmatig bezorgd wordt dat het weer eens voorkomt die paniekaanval. Dat wordt een paniekstorenis. Want dan wordt het hele leven zeg maar, hoe zeg je dat, opgebouwd rondom het vermijden van dat het nog eens gebeurt, met behoorlijke angsten enzovoorts. Dus daar maken we wel een verschil in tussen hebben het over een paniekaanval, we hebben het over een paniekstorenis. Ja, en dus is het vooral de angst voor de angst. En daar komt dan bijvoorbeeld die straatvrees vij. Of het vermijden van de supermarkt, of dat je niet meer naar verjaardag durft. Of uitdorrijen is natuurlijk ook zoiets wat heel veel voorkomt. Precies. Dus vermijding komt bijna daad heel erg bij voor, ook veiligheidsgedrag. Dus alleen maar nog met je partner durven gaan bijvoorbeeld. of dat soort dingen, dus of altijd het toch een medicatie nemen van tevoren om wat rustiger te zijn, of nou dat soort dingen, dat bevestigt ook weer van, het is inderdaad een angst, het is tenminste het is inderdaad een angstige situatie. Ik kan het alleen maar aan als ik met mijn partner daar ben. Dus dat zijn dingen die uiteindelijk dan ook in de behandeling uiteindelijk doorbroken moeten worden, om om te zien van, hey, maar die paniekaanval komt niet altijd voor. Het is inderdaad angst voor de angst. Het is angst om daar dus weer in te geraken. Vaak is dat een soort van controleverlies geweest wanneer dat is gebeurd of wat dan ook, en is vooral een grote angst dat dat weereens voorkomt. Ja. En dan hebben we de intake gehad en dan is er dus eigenlijk een wordt er een plan opgesteld. En wat voor therapie is dan eigenlijk de meest gangbare? Wat voor behandelingen krijg je dan? Ja, dat is best een hele reeks eigenlijk. Allereerst wordt altijd gestart met het registreren. Dus we gaan even bijhouden hoe verloopt dat nou precies zo'n paniekaanval. Wat gaat er aan vooraf? Is dat in bepaalde situaties? Is dat altijd op een bepaalde tijdstip? Of is dat altijd? Kunnen we daar iets in terugvinden in het registreren? En vervolgens wordt gestart met interoceptieve exposure heet dat. En dat betekent dat je dus gaat nabootsen van een paniekaanval. En daar hebben we dan bijvoorbeeld meerdere oefeningen voor. Dus dat gaat dan bijvoorbeeld over dertig seconden je hoofd, dus je benen zetten en dan weer heel snel omhoog komen, of zo veel keer draaien op een stoel, of heel hard rennen op de plek. Of nee, je gaat dus al die sensaties die wel eens voorkomen bij een paniekaanval, ga je nabootsen om dus te kijken van, he kan een cliënt daar dus inderdaad van leren? Van dit betekent niet dat ik doodgaan of dit betekent niet dat dat ik gek wordt of nou ja noem maar op wat voor nou ja ernstige iets er aan gekoppeld is vaak dus eigenlijk van dat dat iets ernstigs betekent dus daar wordt er dus aan gewerkt tenminste eigenlijk mee geoefend dus in eerste instantie om te leren dat die lichaamsignalen op zichzelf niet zo zeer gevaarlijk zijn dus daar eigenlijk een soort van gewenning aan te krijgen als het dan heel heel angstig is wordt dat dan altijd gedaan of kan je dan ook zeggen van nou dit slaan we nu eventjes over want hij zit zo hoog in de angst dat hij dit echt niet wil ja en dan angstig is voor deze bijvoorbeeld een hart een hart dat sneller klopt of het warm krijgen of het trillen op de benen dat bedoel je dus dan angstig ja inderdaad als je dit al hoort idee ik ga niet naar psychologen want dan moet ik dat gevoel opwekken ja spanning al ziet dat je denkt nou dat begin ik niet aan ja ja snap ik wat eigenlijk dan gebeurt is we gaan het niet vermijden want juist die vermijding zorgt ervoor dat je juist bevestigt van ja een snel hart een harder kloppend hart dat betekent dat ik doodga dus eigenlijk als we dat meegaan in die vermijding die vermijding bevestigt eigenlijk jou Nou ja, gedachtes, jouw gedachtes daarover. Dus het doorbreken gaat echt met het doen. Maar we kunnen zeker kijken of we dus misschien wat korter kunnen maken. Dus dan hebben we niet over dertig seconden hoofd tussen de benen bijvoorbeeld, maar dan doet het maar twee seconden. Zeg maar wat dan begin je gewoon heel licht en op die manier dat heel langzaam dan verhogen. Dus dat is dan wel een mogelijkheid. En altijd kan er ook gestart worden met, nou ja, wat dan wel gedurfd wordt. En dan kunnen we dan kijken later naar degene wat echt wel spannend is. Overigens is wel dat degene wat dus juist spannend is belangrijk om dan wel te gaan herhalen. Het is niet van het één keer dus twee seconden je hoofd tussen je benen te hebben gedaan en dan dus die sensatie van bijvoorbeeld misselijk in het hoofd. door dat dus vervolgens nooit meer te doen in je leven, dat je dus gaat leren van: er gebeurt inderdaad helemaal niks als ik een beetje misselijk voel in mijn hoofd. En we kijken dan ook heel erg van tevoren van: wat verwacht je dat er gaat gebeuren? Ga je flauwvallen? Wat dan ook? Oké, hoe ziet dat er precies uit? Want het is dan hebben we niet alleen over een gevoel van flauwvallen, want ja, misselijk voelen in het hoofd kan heel erg verwart worden van: ja, dit is ook wel een gevoel van flauwvallen bijvoorbeeld. Nee, wat is flauwvallen precies? Nou, op de grond liggen eigenlijk. Dus echt gevallen zijn. Dan pas kunnen we zeggen: nou, dit was echt inderdaad. Nu ben je echt flauwgevallen. En dan gaan we dus continu naar zo'n oefening kijken van: is er gebeurd waar je nou eigenlijk voor vreest? Nou, want eigenlijk nooit gebeurd vooral flauwvallen. Flauwvallen gebeurt pas wanneer jouw bloeddruk verlaagt, juist en niet verhoogd. Dus dat eigenlijk gebeurt nooit wat wat gefreesd wordt. Dus daarmee kan je eigenlijk de verwachtingen te niet doen. Dus door zo vaak oefenen hebben merk van ja eigenlijk gebeurt het niet, waardoor dus ook in jouw hoofd dus hersteld wordt die verwachting die jij hebt opgeslagen. En daarmee dus uiteindelijk dus ook dat kan gaan doorbreken. Overigens is dan ook de volgende stap dus het gaan doen. Dus door middel van gedragsexperiment of exposure in vivo, dus het ook in realiteit. Dus nu hebben we het over gehad over oefeningen die dus zorgen dat je dus, nou, die symptomen oproept, maar uiteindelijk ga je dus ook in het werkelijke leven, dus bijvoorbeeld ook oefenen. Dus bijvoorbeeld als je bang bent, hè, dus bijvoorbeeld dat het in de tram gebeurt, dat je dus dat dat dat je dan misselijk wordt en dat je dan flauwvalt en een paniekaanval krijgt of wat dan ook, dan gaan we dus oefenen met dus ook in de tram stappen en kijken of dat dan weer gebeurt en of je dan ook werkelijk in dat de paniekaanval hebt gekregen. Ja, maar dat gaat geleidelijk aan natuurlijk, hè. Dus niet bij de eerste behandeling meteen dat jullie op op in die tram of in die drukke supermarkt of in die auto op de snelweg zetten. Dat gaat natuurlijk heel geleidelijk stapje voor stapje. En dat gaat dan echt omdat je vertrouwen leert krijgen weer in je lichaam. Ja, dat er niks gebeurt, dat dat er echt niet iets heel ernstigs is. En waardoor je dan stapje, ja, voor stapje dat vertrouwen krijgt. En het dus ook dan steeds die exposuretherapie, want verder gaat het uitbreiden. Ja, zeker. Ja, en dat is inderdaad ook het gevoel moet dan ook langzaam meegaan. Het gevoel is altijd wel lastig, want soms weet je het met je hoofd. Ja, ik weet dat het inderdaad niet echt gaat gebeuren. Maar het duurt altijd wat langer voordat gevoel ook meegaat. Het is helaas altijd het geval dat je hoofd gaat sneller dan je gevoel. Dus de angst kan nog steeds wel opkomen, ondanks dat je met je hoofd weet van ja, maar dit kan eigenlijk niet meer. En daarvan geldt dat echt het doen, het blijven oefenen, hè? Dus het is niet door thuis achter een geranium te gaan zitten dat het dan opgelost wordt, maar het is echt door het gaan doen dat je dus gaat merken van inderdaad er gebeurt helemaal niks. En dan gaat jouw gevoel dus dat ook mee. Dus die angst gaat daardoor dus ook verminderd worden. Je zou het eigenlijk ook een beetje kunnen vergelijken met een kind dat valt van een fiets. En na het vallen van de fiets gaat hij nooit meer op een fiets zitten. Nou, zijn angst voor een fiets wordt dan enorm groot, want het laatste wat hij opgeslagen heeft is die val voor die fiets. En die verwacht alleen maar als ik weer op een fiets ga zitten, dan val ik weer. Maar terwijl als je hem dan direct na zo'n val weer op de fiets zet en de dag erna weer op de fiets, dan wordt het een van de vele herinneringen. En het is één keerje gebeurd, maar het is ook vele keren niet gebeurd. En daardoor krijgt het kind wel vertrouwen, zeg maar, van ja, meestal gebeurt het niet. En zo gebeurt, zo werkt dat dus met angst. Ja, want soms is er maar één keer iets gebeurd en dan slaat dat heel erg vast in ons systeem. Terwijl het al honderden keren dat het wel goed is gegaan. En toch blijf je dan angstig voor die ene situatie. Dat is heel bijzonder hoe dat werkt eigenlijk in ons systeem. Daar gaan we het niet over hebben, want daar zitten we nog te huren. Ik lette daar. En we gaan nu even over de praktische kanten hebben. En dan heb je dus over exposuretherapie. Zijn er ook nog andere? Krijg je dan nog meer meer oefeningen en in dingen om te doen? Dus zij een dagboek bijhoudt. Meestal noem ik dat het een dagboek bijhouden dat je opschrijft. Ja. Wanneer treedt het op? Wanneer je gaat kijken of je patronen kunt herkennen? Ja, ja, ja. Dus het registreren van je van je panicaanvallen. Dat daar start je eigenlijk mee. Dus dat is aan het begin daar meer inzicht in krijgen. En verder is dat ook nog wat stukje dus wat meer cognitief uitgaan. Dus echt meer kijken van, nou, wat voor gedachten heb je daar nou bij? Wat en nou ja, helpt het je echt om zo te denken? Klopt het ook deze gedachtes? En dat ga je dan vervolgens in het doen, dus inderdaad. Dus dit is vanuit de CBT, de cognitieve gedragstherapie, hoe deze dus aangepakt wordt. Ja. Nou, ik vind zelf cognitief wat het best wel een lastig woord is. Ik kan me voorstellen dat je luisteren, je denkt: nou, wat betekent dat nou eigenlijk? Wat is het? Wat betekent nou in gewoon Jip-Janneke taal? Gewoon. Ja, ja, ja. Nou, het is cognitieve gedragstherapie, dus dat zijn ook echt wel twee verschillende woorden. En cognitief betekent dus inderdaad in het hoofd. Wat speelt zich in gedachtes af? En dat dus aanpakken. En het gedrag is dus ook echt in het doen. en juist die combinatie van die twee, dus zowel dus de gedachtes uitdagen als het ook echt in het doen gaan veranderen, blijkt dus super effectief te zijn. Dus de de cognitieve gedachtstherapie zijn vaak dus ook de therapie de meest effectieve therapieën voor de meeste stoornissen. Ja, dus het is echt niet zo, want vaak vroegen vooral dachten we je gaat naar psycholoog en dan moet je alleen maar praten over wat je dwars zit en wat er allemaal speelt. Maar eigenlijk noem je het is eigenlijk een hele actieve therapie. Je bent bezig, dus al natuurlijk ook veel gepraat worden. Ja, het ligt er wel aan wat voor psycholoog je hebt, want je hebt diverse therapeuten. Dus de de psycholoog die werkt voor een voor een de cognitieve gedragstherapie (CGT) die werkt dus in dat op die manier. Maar je hebt bijvoorbeeld ook therapeuten die meer op de psychotherapie zitten, bijvoorbeeld, hè? Die zullen dan wat meer op het praten zitten en het graven naar het verleden en dat soort dingen. Dus het ligt echt wel aan wat voor therapeut je hebt en wat voor therapie dat is. Maar de cognitieve gedragstherapie staat echt voor inderdaad zowel uitdagen van de gedachtes, hè? Hoe denk je erover en helpt dat je nou vaak dus niet? En dus hoe kan je anders leren denken en kloppen je gedachtes überhaupt wel en het ook gedragsmatig dus anders gaan handelen. En en hoe Dus natuurlijk ook misschien heb je daar is er helemaal geen antwoord op, maar hoe lang doet dan gemiddeld zo'n behandeltraject? Nou, vaak staat daar zo'n beetje elf sessies voor volgens het protocol. De GGZ houdt zich daar ook vaak wel echt wel aan, hè? Dus die die hebben ook een soort van maximum aantal sessies wat ze kunnen besteden. En dus dat dat is een beetje wel beleidgraat. En is dat dan gemiddeld meestal één keer per week, of is dat om de week, of ga je juist vaker, ga je bijvoorbeeld twee keer in de week, of is dat echt afhankelijk van de persoon? Dat zal meestal één keer per week zijn. Dat kan misschien per instelling nog wel verschillen, maar meestal zal het één keer per week zijn. Ja. Je zei ook, oké, dan gaan we bijvoorbeeld naar de tram, want is dat jouw situatie is waar je die heel erg spannend vindt. Ik kan me voorstellen dat ik als zij supermarkt autorijdt. Maar gaat jij dan echt als psycholoog, gaat de psycholoog dan echt met je mee in die situatie? Dat kan zeker. Dus er zijn psychologen die dat doen. Dat is niet allemaal, maar dat er zijn psychologen die dat doen, dus die met jou meegaan. En dat is oogends dan wel voor het begin. Dus bijvoorbeeld, het kan ook zijn als je angst hebt voor lift. In de lift dat zoiets gebeurt. En er is een lift dus ook in de in het gebouw waar de psycholoog zit. Nou, dan waarschijnlijk gaat die psycholoog jou dan voorstellen van, joh, we zullen het ook even gaan oefenen. En ik ben bij je. Ik ga je bij begeleiden. en dan eerste in eerste instantie zal dat dan met de psycholoog zijn, maar uiteindelijk Hij, zoals met de ik durft alleen maar met mijn partner. Ik moet niet alleen maar zijn dat je dan alleen maar durft met de psycholoog. Het moet uiteindelijk ook dat je straks zelfstandig op eigen benen kan staan en dat ook durft zonder de psycholoog. Dus het is als een opstapje als het ware om dat te leren. Het kan overigens ook zijn, sommige psychologen werken daar dus ook mee, dat ze dan via beeld dat dan bijvoorbeeld aanwezig zijn. Dan bel je ze even in op een moment dat je normaal bijvoorbeeld de sessie hebt. Jij bent dan op dat moment bij de meetgroep en nou je gaat daar dan je oefening doen terwijl de psycholoog erbij is. Meetgroes overigens wel een lastig, want vaak heb je daar niet goed verbinding. Dus dan, nou, vooral het gesprek niet helemaal vloeiend, maar ja, noem maar op. Dus waar je dan ook maar bent dat je dus dan met de psycholoog kan oefenen dat hij even bij je is op dat Nou, het is vooral dus inderdaad. Ik denk dat het belangrijkste besproken dus echt de angst voor de angst. Dat is echt vooral van de paniekstoornis is. Want nogmaals, panikaanvallen komt dus bij 23% van de bevolking voor. Dus vrij normaal is dat eigenlijk wel. Alleen andere mensen die merken misschien dat dat er, nou ja, dat er iets gebeurt, maar die hechten er niet zo veel waarde of niet zo veel, niet zo angst. Het wordt niet zo'n angstcomponent als het ware. Dus het wordt vooral belangrijk om dat als wat meer normaal te bekijken. En ja, en en dus echt inderdaad door het doen, dus het vermijden is ook echt een voeding voor angst. Een voorbeeld kan ik ook geven voor degenen die angstig is voor spinnen bijvoorbeeld. Als die telkens de kamer uitren, zodra die een spin ziet, die bevestigt ook ontzettend dat die spin een ontzettende monster is. Terwijl het moment dat die beslist, oké, ik ga niet de kamer uitren, ik blijf gewoon zitten in de kamer bijvoorbeeld, en dan merkt hij die spin die beweegt helemaal niet, er gebeurt eigenlijk helemaal niks engs. Dat eigenlijk is misschien wel zelfs op een gegeven moment een beetje saai, want ja, die beweegt maar niet en jij zit er maar naar te staren. Dus dan ga je dus beseffen door doen van, er zit geen werkelijke angst. Het is allemaal in mijn hoofd, maar in werkelijkheid is dat niet zo angstig. dus dat is vooral dus ook belangrijk om wat vaak weet verstandelijk best dat die spin je niet op eet dat je als er wat is dat je best die supermarkt uit kan rennen dus het is best wel veel je weet het vaak wel dat daar die dat stemmetje in je hoofd zegt ja maar wat als wat dat heel erg opblaast en in dat geval als je dat dus herkent van jezelf dat je dingen moet gaan vermijden dat je dingen niet meer durft of dat je het wel doet maar met heel veel spanning in je lichaam ik dan is het natuurlijk gewoon echt heel goed om toch eens een doorverwijzing te halen voor voor een psycholoog ja ja ja zeker ja ja die kan je daar echt heel goed doorheen begeleiden dus dat maakt het een stuk makkelijker dan dat je het alleen gaat doen ja ja nou bedankt ik denk dat het heel duidelijk is ja voor iedereen van wat ik al een psycholoog met vooral met cognitieve gedragstherapie nou betekenen voor als je last hebt van van hyperventilatie maar ook van paniekstoornissen ja wat ik net al zei is er nog iets wat je wat je toe wil voegen of is het voor mij hebben we alles wel erg besproken zo hè ja ik vind het nood tot hebben we inderdaad wel besproken wat hoe dat een beetje gaat binnen de cognitieve gedragstherapie de behandeling ja mooi nou dan wil ik je heel erg bedanken voor je tijd en je ja en je moed en vooral het delen van ja van deze uitleg en Maaike kun je volgen onder de naam dat gaat ze zelf allemaal even opnoemen Vrij zijn met eten, dus dat is inderdaad rondom dus de begeleiding die ik bied voor vrouwen met een eetstoornis. En je kunt mij momenteel op Facebook en op Instagram vinden op Vrij zijn met eten. De link zal nog toegevoegd worden onder de podcast. Ja, zeker. Ja. Dus als je hier vragen over hebt, dan mogen ze zeker natuurlijk ook contact met jou opnemen. He? Nemen. Zeker. Ja, zeker weten. Ja. Mooi. Nou, heel erg bedankt voor voor je tijd en en jij bedankt als luisteraar om weer te luisteren naar ons."
