name,category,model,cpu_max,cpu_avg,gpu_max,gpu_avg,mem_max,mem_avg,rtfx,transcript
bewegingsapparaat.mp3,Dokter Patient,NVIDIA Canary 1B v2,27.9,25.099224806201562,69,29.170542635658915,10592.3125,10589.041182170542,18.921140548174048,"Goedemiddag, komt u verder? Ik heb voor u de uitspraak van het röntgenonderzoek. Zoals vorige keer besproken was er een sterk vermoeden op een breuk, een ingezakte wervel. Hoe gaat het nu met uw rug? Dankzij de pijnstelling is het wel te doen. De röntgefoto laat zien dat u inderdaad een ingezakte wervel heeft. Verder is het een stabiele breuk waarvoor een operatie niet nodig is. Gelukkig. Het minder goede nieuws is wel dat de breuk veroorzaakt is door osteoporose. Dit houdt in dat de dichtheid van uw botten minder wordt. Weet u wat ik daarmee bedoel? Betekent dit dan dat ik veel vaker botbreuken zal oplopen? Het is vervelend voor u om te horen. Helaas kan dat wel voorkomen.Maar kan ik dan helemaal niet meer gaan wandelen? Want zo is het natuurlijk de vorige keer gebeurd. Het is juist goed om te blijven bewegen. Hierdoor bouwen de botten meer kracht op. Maar ik ben dan bang dat ik ga vallen, waardoor ik weer iets kan breken. Ik kan me heel goed voorstellen dat u hier bang voor bent. Maar er zijn wel manieren om dit te voorkomen. Deze kunnen we later wel bespreken. Oké. U lijkt nog niet echt gerustgesteld. Ja, het voelt gewoon alsof mijn lichaam me in de steek laat. Het is natuurlijk ook vervelend om dit te horen. Maar we kunnen de maatregelen bespreken die de kans op breuken zo klein mogelijk maken. Goed?Ik weet niet of ik daar het nut zo van in zie. En waarom niet? Ja, dan moet ik zeker oefeningen gaan doen of zo. Ik kan me voorstellen dat het wat weerstand oproept, maar de maatregelen kunnen het risico wel degelijk verlagen. Vindt u het goed als we rustig het een en ander doornemen en dan kunnen we daarna kijken wat voor u goed voelt? Oké. Oké, fijn. We kunnen u allereerst aanraden vitamine D-supplementen en calciumtabletten te nemen. Beide stoffen bouwen de botten opnieuw op. Of in plaats van calciumtabletten kunt u minimaal vier zuivelconsumptie's nemen op een dag. Wat denkt u? Ik eet best veel yoghurt en drink eigenlijk ook altijd wel twee glazen melk.Oké, dan kunnen we die calciumtabletten al achterwege laten. U zou dan baat hebben bij de vitamine D-supplementen. Verder is het juist goed om te blijven bewegen en actief te blijven. Wat zou u kunnen doen qua beweging? Het gaat gelukkig wel redelijk om elke dag even te blijven wandelen. Blijf dat vooral doen. Zo blijven de botten gewend aan de belasting. U rookt niet, maar drinkt u wel regelmatig alcohol? Nee, alleen in het weekend. Goed, met uw bloeddrukverlager vormt dat in principe verder geen risico. Verder raad ik u aan fysiotherapie aan te leren en een goede balans en evenwicht te behouden. Zodat u minder kans heeft om te vallen.Wat denkt u daarvan? Ja, dat wil ik wel proberen. Wat denkt u van deze adviezen? Het valt me eigenlijk wel mee. Ik had het erger verwacht om eerlijk te zijn. Gelukkig maar. Dus kort samengevat, u kunt vanaf nu starten met vitamine D supplementen en er vooral voor blijven zorgen dat u genoeg calcium binnenkrijgt. Verder is blijven bewegen belangrijk en maakt u een afspraak met de fysiotherapeut. En qua rugpijn kunt u doorgaan met de pijnstilling zoals we die de vorige keer hebben besproken. Is het zo duidelijk of heeft u nog vragen? Nee, het is wel duidelijk zo en ik ben er ook wel content mee. Zullen we dan over een week of drie een nieuwe afspraak inplannen? Dan kunnen we bespreken hoe het gaat.Dat zou ik fijn vinden. Bedankt voor het prettige gesprek, dokter."
ademhaling.mp3,Dokter Patient,NVIDIA Canary 1B v2,35.0,25.736956521739128,70,27.108695652173914,10594.3125,10593.35597826087,24.003952159162647,"Ik denk dat ik inmiddels voldoende informatie heb over uw klachten. Dan zou ik nu nog even naar uw longen willen luisteren. Dat is prima hoor. Oké, u kunt zich achter het gordijn omkleden en de kleding daaraan een haakje hangen. U hoeft alleen uw bovenlichaam te ontkleden. Oké, dus de broek mag ik aanhouden? Klopt, die mag u aanhouden. U mag plaatsnemen op de onderzoeksbank met uw benen naar deze kant.Ik ga nu even luisteren naar de longen en ik zal op verschillende plekken gaan luisteren. De stethoscoop kan wat koud aanvoelen. Ik zal het even op uw hand laten voelen. Gaat dat zo? Ja hoor, het valt me mee. Fijn. U mag de armen gekruist op uw borst leggen. Zou u eens diep kunnen zuchten met mond open? Het mag u een aantal keren halen in een rustig tempo, terwijl ik naar de longen blijf luisteren.Prima, ik heb het goed kunnen horen. Dank u wel. Mag ik me dan nu weer aantrekken, dokter? Ja, natuurlijk. U kunt zich weer aantrekken achter het gordijn. Doe maar rustig aan, dan bespreken we dadelijk wat ik heb gehoord."
diabetes.mp3,Dokter Patient,NVIDIA Canary 1B v2,36.6,25.47477477477479,76,29.882882882882882,10598.3125,10594.871058558558,16.781289188906932,"Goedemiddag meneer Visser. Goedemiddag. Vertel, waarvoor bent u vandaag gekomen? Nou, ik ben al een tijdje erg moe. Ik heb nergens zin in. Totaal futloos. Echt heel vervelend. Ja, dat kan ik me voorstellen. Moe en futloos zei u. Wat verstaat u hieronder? Ja, ik heb gewoon overdag geen energie om iets te doen. Wat vervelend. En hoe lang heeft u daar al last van? Ja, al een weekje of zes. Zes weken dus. En wat maakt het dat u nu toch na zes weken komt? Ja, ik maak me zorgen. Ik vind het nu echt te lang duren.Ik wil graag weten wat de oorzaak is. Dat kan ik me voorstellen. Dus als ik het goed begrijp, wil u vooral weten wat de oorzaak van uw klachten is. Hoe slaapt u? Heel goed, ja. Snachts ben ik wel een paar keer wakker om eruit om te plassen. Maar daarna slaap ik vrijwel direct weer in. Hoe vaak is een paar keer? Ik denk gemiddeld wel vier keer per nacht. En hoe was het hiervoor qua plassen in de nacht? Oh, dat was minder. En ervaart u dan ook pijn bij het plassen? Nee, dat niet. Drinkt u veel voordat u gaat slapen? Ja, ik drink de hele dag veel. Ik heb vreselijk veel dorst de hele dag. Maar s'avonds probeer ik een beetje minder te drinken, zodat ik niet zo vaak naar het toilet hoef. Duidelijk.Als ik het goed begrijp, heeft u dus sinds ongeveer zes weken veel last van vermoeidheidsklachten. Heeft u veel dorst en moet u vaak plassen, vooral s'nachts. Heeft u verder nog andere klachten? Nee, eigenlijk niet. Alhoewel ik ook een paar wondjes op mijn rug die maar niet willen overgaan. Daar zal ik ook even naar kijken. Ik wil u ook nog wat algemene vragen stellen. Ja, prima. Hoeveel weegt u? Zo'n dikke 100 kilo schattig. Ik weet het niet precies. Dan gaan we u straks even wegen. Hoe is uw eetpatroon? Ik eet het liefst aardappelen met een lekker stukje vlees. Maar mijn vrouw maakt ook wel eens spaghetti en op vrijdag eten we altijd friet. Eet u verder ook nog fruit en groenten? Nou, daar hou ik niet zo erg van.En snoept u ook? Zoete of hartige tussendoortjes? Ach, een koekje bij de koffie en bij de thee. En s'avonds wat chips bij het biertje, maar meer niet hoor. En hoeveel drinkt u gemiddeld? Eigenlijk altijd maar een paar biertjes. Verder geen wijn of sterke drank. Een paar biertjes, zegt u? Hoeveel biertjes per dag ongeveer? Eh, drie of vier, denk ik zo. En rookt u? Ja, een pakje per dag ongeveer. En beweegt u ook dagelijks? Dat probeer ik wel. Af en toe een blokje om, maar veel meer is het echt niet. Oké, en komt er diabetes voor in uw familie? Diabetes? Oh, suikerziekte? Nee, niet dat ik weet. Maar hoe zo? Denkt u dat ik suikerziekte heb?Ik sluit het niet uit, maar we hebben daar een aantal onderzoeken voor nodig. Vindt u het goed als ik u eerst lichamelijk ga onderzoeken? Natuurlijk, geen probleem. U kunt alvast op de onderzoekstafel gaan liggen. Zou u ervoor kunnen zorgen dat het gele bovenlichaam ontbloot is? Dan kunnen we deze goed onderzoeken. Ja, dat is prima."
hartziekten.mp3,Dokter Patient,NVIDIA Canary 1B v2,34.1,25.546086956521748,83,31.843478260869563,10598.3125,10598.3125,19.767674728944737,"Goedemiddag, wat heeft u hier gebracht vandaag? Ik heb de laatste tijd wat last van mijn hart. Uw hart, en wat bedoelt u daarmee? Ik merk dat ik steeds vaker hartkloppingen heb. Oké, en hoe lang heeft u daar al last van? Ik denk een paar weken, maar sommige dagen heb ik er ook helemaal geen last van. Dus eigenlijk heeft u bijna iedere dag er last van, en wat voelt u dan precies? Mijn hart klopt dus sneller, en ik voel het echt in mijn borstkas kloppen. Oké, dat is vast een onprettig gevoel. U zegt dat u er al een paar weken heeft.Daarvoor had u het niet. Wat maakt nou dat u vandaag bent gekomen? Ja, het is gewoon een heel naar gevoel. En ik denk dat ik een hartaanval krijg of zo, dus ik wil het een en ander laten checken. Ja, dat begrijp ik helemaal. En op zo'n moment van de aanval, wat doet u dan? Ja, niks speciaals eigenlijk. Voelt u verder nog andere dingen op die momenten in de borstkast of in de rest van je lichaam? Nee, dat niet. Ik denk eigenlijk alleen in de borstkast en niets anders dan dit hoor. En merk je bijvoorbeeld dat het hart ook van tempo wisselt, soms sneller en soms langzamer? Oh ja, dat heb ik wel enkele keren gemerkt, maar dat was niet zo heel erg hoor. Oké.Heeft u verder ook geen klachten van misselijkheid, benauwdheid of zweten? Nee, dat eigenlijk niet, alhoewel ik merk dat ik door de hartkloppingen ook wel een snellere ademhaling krijg. Oké, en heeft u daarbij ook een gevoel van kortademigheid? Nee, dat niet. Oké, dus als ik het goed begrijp, heeft u sinds enkele weken last van hartkloppingen, maar verder niet veel bijkomende klachten? Ja, dat klopt inderdaad. Mag ik iets anders vragen? Heeft u op dit moment ook last van stress? Dat valt wel mee, het is wat drukker, maar ik ga binnenkort op vakantie. Nou, dat is een fijn vooruitzicht. En heeft u zelf al iets aan de klachten gedaan? Ik probeer gewoon even rustig te doen, dan zakken de klachten vaak wel.Lukt dat wel goed om even rustig aan te doen? En wat doet u dan? Nou, ik maak me soms wel druk en dan houden de klachten wat langer aan. En waarover maakt u zich dan druk? Ja, dokter, ik heb in mijn omgeving toch wel mensen gehoord die dezelfde klachten hadden als ik en dan ineens onderuit gingen of waar het dan ineens mee slechter ging. Maar dat wil ik natuurlijk niet. Nee, dat is natuurlijk heel begrijpelijk. U hoeft zich daar geen zorgen over te maken. Dit soort hartkloppingen zijn heel veel voorkomend en zijn vaak onschuldig. Maar ik zal voor de zekerheid zo natuurlijk ook even naar uw hart luisteren. Oh, dat vind ik wel fijn om te horen. Het onderzoeken van het hart vind ik ook wel fijn eigenlijk.Ik krijg de indruk dat nog niet al uw zorgen zijn weggenomen. Kan dat kloppen? Ja, dat klopt misschien wel, dokter, want ik maak me vooral ook zorgen om mijn reis. Uw reis, wat voor reis gaat u maken? Ik ga bij mijn dochter op bezoek in Australië, maar daar moet ik ook veel rijden. En ik ben bang dat ik met deze klachten niet veilig achter het stuur kan zitten en kan deelnemen aan het verkeer. Ja, ik kan me dat goed voorstellen. Maar ik kan u hierin wel geruststellen. Zeker als we dadelijk bij het luisteren naar het hart niets schiks horen. Deze klachten zullen uw rijvaardigheid niet beïnvloeden. Naar mijn mening kunt u dus gewoon veilig op reizen om uw dochter te bezoeken. Dat is goed om te horen, dokter. Dank u wel. Ik zal eerst even naar uw hart luisteren en dan kunnen we de andere dingen ook makkelijk uitsluiten."
oncologie.mp3,Dokter Patient,NVIDIA Canary 1B v2,37.5,25.438888888888908,86,29.703703703703702,10742.3125,10740.979166666666,19.921796740649807,"Fijn dat u vandaag bent gekomen voor het bespreken van de uitslag van de onderzoeken. Zoals u weet hebben we de afgelopen donderdag het aanvullende onderzoek gedaan. En nu heb ik de uitslag. Goedemiddag, dokter. Ik ben wel een beetje bang voor de uitslag. Dat kan ik me goed voorstellen. Ik heb helaas geen goed nieuws voor u. Ik moet u mededelen dat u kanker heeft in de dikke darm. Er is een tumor gezien op de scopie. Wat denkt en voelt u nu? Er gaat wel veel in mij om op dit moment. Ik was er al een beetje op voorbereid, maar ik merk dat het toch wel erg confronterend is wat u mij vertelt.Het is ook heel heftig nieuws om te horen. Betekent dat nou dat ik dood ga, dokter? Bent u daar bang voor? Ja, eigenlijk wel. Ik begrijp dat u zich hierover zorgen maakt, maar zijn er genoeg behandelopties die in dit stadium van de ziekte toegepast kunnen worden? Ik weet even niet zo goed hoe ik hierop moet reageren. Ik vind het wel heel beangstigend allemaal. Hoe gaat het nu verder? Kan ik nog blijven werken? Moet ik het nou aan iedereen vertellen? En hoe ga ik het thuis aan mijn partner en mijn kinderen vertellen? Ik begrijp dat dit veel vragen bij u oproept op dit moment. Heeft u iemand in uw naaste omgeving die u kan steunen? Jazeker, mijn partner.Dat is goed om te horen. Uiteraard hoeft u dit niet alleen te doen. We zullen vanuit hier u en uw familie zoveel mogelijk begeleiden. Oh, dat is wel fijn om te horen. U vraagt zich af hoe u dit aan de familie moet zeggen. Wilt u hier hulp bij? Oh nee, ik denk dat dat wel zal lukken. Goed om te horen. Wilt u nu al de verschillende behandelopties horen of wilt u dat liever op een later moment bespreken? Ja graag. Ik weet alleen niet zeker of ik alles nu kan onthouden. Ik kan u de informatie ook op papier meegeven. En de volgende keer herhalen we alles gewoon nogmaals en kunt u uw verdere vragen stellen. Oh bedankt dokter, dat zou ik heel fijn vinden. Een operatie is sowieso nodig.Hierbij wordt een deel van de dikke darm weggehaald en de rest wordt weer aan elkaar gemaakt. Soms is het tijdelijk nodig om een stoma te gebruiken. Wat vindt u ervan? Ja, het klinkt wel begrijpelijk. Na de operatie moeten we het hebben over chemotherapie. Met de combinatie van een operatie en chemotherapie heeft u in dit stadium 90% kans om de kanker volledig uit uw lichaam te krijgen. Oké, dus ik krijg een operatie en u raadt chemotherapie aan. Dat klopt inderdaad. Wat vindt u ervan? Ja, het is duidelijk en tja, het zal wel moeten. Wilt u een folder met de informatie? Ja, heel graag.Dan zal ik u een folder meegeven met informatie over de behandeling van darmkanker. Kan ik u verder nog ergens mee helpen? Nou, ik ben al heel erg blij met deze informatie, dus dank u wel daarvoor. Fijn om te horen. Als u vragen heeft, kunt u deze opschrijven. Bij de volgende afspraak kunnen we alles nog eens rustig doorlopen. Het zou goed zijn als u dan iemand mee zou nemen. Ja, dat is zeker goed. Ik neem mijn partner mee. Ja, goed zo. Veel sterkte de komende week en we houden contact. Ja, dank u wel."
abdomen.mp3,Dokter Patient,NVIDIA Canary 1B v2,33.3,25.48596491228072,67,30.535087719298247,10744.3125,10744.277412280702,18.610039128231474,"Goedemiddag, neemt u plaats. Dan zullen we de uitspraak van het onderzoek gaan bespreken. Goedemiddag, dokter. Ik ben erg benieuwd. Ja, zoals u weet hebben we net een echo gemaakt. En we konden daarop duidelijk zien dat u een blindedarmontsteking heeft. En dit veroorzaakt ook de buikpijn die u heeft. Oh, dat klinkt niet goed. Wat houdt dat precies in? Ja, er is een ontsteking van een aanhangsel van de blindedarmontsteking, de appendix. Hoe het ontstaat is niet helemaal duidelijk, maar het ontstaat vaak plotseling. Oké, ik snap wel wat u bedoelt, denk ik. U klinkt nog niet overtuigd. Maakt u zich zorgen? Wel een beetje om eerlijk te zijn. Is het wel goed te genezen?Ja, het is eigenlijk zonder ernstige complicaties goed op te lossen. Maar we moeten het wel gaan behandelen. Oké, dat stelt me gelukkig gerust. Wat kan er dan gedaan worden? Nou, eigenlijk zijn er twee opties. Optie 1 is een operatie waarbij het ontstoken deel verwijderd wordt. Dit is de optie waar het meest voor gekozen wordt. De andere optie is behandelen met antibiotica. Die worden dan direct via een infuus in de adels toegediend. En we kunnen samen kijken wat voor u de beste optie is. Dat lijkt me wel fijn, ja. Ja, na de operatie kan de ontsteking nooit terugkomen omdat het ontstoken deel in zijn geheel verwijderd wordt. Het terugkomen van de ontsteking noemen we ook al een recidief.En de kans op recidief na behandeling met antibiotica ligt tussen de 20 en 30 procent in de twee jaar na de behandeling. Maar zitten er niet ook nadelen aan een operatie? Ja, een operatie kan gepaard gaan met complicaties, ook al zijn deze veelal klein. De operatie wordt onder narcose gedaan met een kijkoperatie. Oké, maar is het dan niet zo dat de darm misschien minder goed functioneert omdat je het weghaalt? Nee, gelukkig niet. Dit stukje van de darm heeft geen functie, dus het weghalen heeft verder geen nadelen. Ik ben ook nog wel benieuwd naar wat details over de behandeling met antibiotica. Ja, voor de behandeling met antibiotica moet u een paar dagen opgenomen worden om de antibiotica toe te dienen.De opname duurt korter dan de keuze als je kiest voor een operatie. Na een behandeling met antibiotica herstelt u wel sneller dan na de operatie. Maar een onderliggende oorzaak van de ontsteking kan niet achterhaald worden. Bij een operatie kan dat wel. Wat kunnen die oorzaken dan zijn? De meest ernstige oorzaak is een vorm van kanker. Die komt niet vaak voor, maar bij 1 tot 2 procent van de mensen. Dat is niet veel, maar het lijkt me geen fijn idee om met die onzekerheid te leven. Ja, dat is begrijpelijk dat u dat zegt. Was het verder betreffende behandelopties wel duidelijk wat de voor- en nadelen zijn, of heeft u nog vragen? Nee, dat is eigenlijk al duidelijk. Heeft u op dit moment een voorkeur voor een van beide behandelingen?Ja, voor een operatie. Ondanks dat het herstel misschien langer duurt. Ik vind het wel fijn om zeker te weten dat het niet terugkomt of misschien wel veroorzaakt wordt door een vorm van kanker. Vindt u dat een logische keuze? Ja hoor, ik zou de meeste mensen een operatie adviseren. Oké, kan ik even mijn partner op de hoogte stellen voor we verder gaan? Hij maakt zich namelijk nog wel wat zorgen. Ja, natuurlijk mag dat. En dan bespreken we zo verder de vervolgstappen."
auto-immuunziekten.mp3,Dokter Patient,NVIDIA Canary 1B v2,33.3,25.432835820895534,72,30.223880597014926,10746.3125,10746.282649253732,20.146890083134437,"We hebben het zojuist gehad over uw klachten. U gaf aan sinds een langere periode klachten te hebben van buikpijn en diarree en u bent flink wat kilo's afgevallen. Ook voelt u zich vermoeid en futteloos, waardoor u overdag weinig energie heeft. En u maakt zich daar zorgen over. Klopt dat? Ja, dat klopt inderdaad. Dan zou ik u nu graag wat specifiekere vragen willen stellen over de klachten. Prima. Zou u kunnen omschrijven waar u de buikpijn voelt? Vooral wat lager in de buik. Het is echt een krampende pijn. En is er iets wat u kunt doen om die pijn te verzachten? Het liefst houd ik me rustig.Maar ik moet dan vaak naar het toilet. Op de wc heb ik dan nog wel veel buikpijn, maar na de hand is de buikpijn vaak iets gezakt. Dus nadat u naar het toilet bent geweest, is de pijn minder. En is de pijn verder de hele dag door aanwezig? Nee, dat niet. Het gaat vaak een beetje op en af. Ik merk dat het een paar uur na het eten vaak het pijnlijkste is, hoewel ik er s'nachts ook wel veel last van heb. Ik moet dan ook een aantal keer naar het toilet. En dan na de toiletgang is het weer minder? Ietsjes. Slaapt u verder wel goed? Redelijk, behalve dat ik er dus wel vaak uit moet s'nachts. Het inslapen duurt dan soms ook wel weer even.Ja, dat snap ik. U zei dat u diarree heeft. En kunt u aangeven of de ontlasting altijd zo dun is? Eigenlijk wel. Soms is het wat harder, maar meestal is het gewoon heel dun, tot zelfs waterdun. En hoe vaak gaat u gemiddeld per dag naar het toilet voor de ontlasting? Ik denk gemiddeld wel een keer of 5-6 de afgelopen periode. Dat is inderdaad wel veel. Weet u misschien of er ook bloed of slijm bij de ontlasting zit? Nee, dat gelukkig niet. En heeft u verder nog last van oprispingen of zuurbranden? Ik heb het altijd wel een beetje gehad, maar dat is niet veel erger geworden in de afgelopen periode.En voelt u zich dan ook wel eens misselijk of moet u misschien overgeven? Nee, dat gelukkig niet. Dat is fijn om te horen. En hebt u nog wel een normale eetlust? Nou, ik heb niet vaak zin om te eten, moet ik zeggen. Dus toch wel een afgenomen eetlust, als u het zo zegt? Ja, dat wel. En hoe is uw eetpatroon? Zou u voor mij eens kunnen omschrijven wat u op een dag zoal eet? Ik probeer wel genoeg groente en fruit te eten. Daarnaast eet ik elke dag een stukje vlees of vis. Soms snoep ik wat tussendoor, maar meestal houd ik wel een beetje rekening met wat ik eet. Oké, ik denk dat ik zowel een goed beeld heb. Bent u.Toevallig recentelijk ook nog in het buitenland geweest, voordat de klachten begonnen? Ik ben wel op vakantie geweest naar de camping op Frankrijk, maar verder niet. Duidelijk. Heeft u ooit koorts ervaren bij de klachten? Hmm, dat weet ik eigenlijk niet zo goed. Ik heb soms wel heel koud en dan weer warm, maar dat is niet altijd zo. Oké, we kunnen zometeen ook de temperatuur wel meten. Zou u kunnen aangeven of u medicijnen of pijnstellers gebruikt? Medicijnen niet, maar ik neem wel af en toe een pijnsteller. Soms helpt dat iets tegen de buikpijn. En heeft u verder nog aandoeningen in de voorgeschiedenis? Nee, eigenlijk niet.Heeft u misschien toevallig in de familie ooit gehoord dat iemand dit soort klachten heeft? Volgens mij had mijn tante hier ook wel eens last van. Ik zou het eens kunnen navragen. En weet u misschien over verder erfelijke ziektes in de familie zetten? Hmm, ik weet dat mijn oma een vorm van reuma had, maar ze is al een tijdje terug overleden. Verder denk ik het eigenlijk niet. Oké, als u het goed vindt, wil ik u graag lichamelijk onderzoeken. Is dat goed voor u? Natuurlijk. Zou u dan voor mij de buik willen ontbloten? Dat kunt u daar, achter het gordijn doen. En uw BH mag u aanhouden. Oké, dat is goed."
neurologie.mp3,Dokter Patient,NVIDIA Canary 1B v2,30.0,25.437692307692327,89,34.676923076923075,10746.3125,10746.3125,21.351970820510687,"Goedemorgen, wat kan ik voor u betekenen vandaag? Ik heb last van heel ernstige hoofdpijn. Heel ernstig? Wat is ernstig? Ik heb gewoon hele hevige hoofdpijnsaanvallen. Hoe lang heeft u hier al last van? Ik denk al enkele maanden, maar de laatste weken wel steeds vaker. Oh, dat is al best wel lang. Wat maakt dat u vandaag naar mij bent gekomen? Ik ben er klaar mee, ik wil er nu vanaf, want het heeft echt invloed op mijn dagelijkse leven. Hoe bedoelt u? Ik wil echt iets tegen de pijn. Dat begrijp ik. Heeft u al iets geprobeerd om de pijn te verlichten? Ik ligt dan het liefst gewoon op mijn kamer in het donker, maar soms word ik ook echt misselijk als ik moet opstaan. Heeft u zelf een idee waar het vandaan kan komen?Ik ben eigenlijk wel bang dat het iets ernstigs is. Waar denkt u dan aan? Iemand in de familie is na dezelfde klachten gestorven aan een hersentumor. Ik ben er eigenlijk wel bang voor dat ik dat ook heb. Ik kan me voorstellen dat u zich dan zorgen maakt. Wie was dat in de familie? Dat was een neef van mijn moeder. Dus als ik het goed begrijp, is dat ook de reden dat u vandaag bent gekomen? Ja, eigenlijk wel. En natuurlijk ook iets tegen de pijn. Als ik kijk naar de hoofdpijn, waar in het hoofd voelt u de hoofdpijn? Meestal een beetje voor in het hoofd, meer aan de linkerzijde. En hoe zou je de soort pijn omschrijven? Het is vooral een bonzende pijn. En hoe lang is de pijnaanval dan meestal?Soms is het na één dag al minder, maar het kan soms ook drie dagen duren. Wat doe je dan als je zo'n aanval hebt? Ik ga dan in bed liggen, meestal de deuren en de gordijnen dicht. Begrijp ik goed dat je ook last hebt van licht- en geluidovergevoeligheid? Ja, inderdaad. Heeft u verder nog bijkomende klachten? Ja, soms ben ik misselijk. En als u misselijk bent, moet u dan soms ook braken? Heel soms, maar gelukkig niet zo vaak. Heeft u tijdens de aanvallen ook last van slechter zicht? Tijdens de aanvallen merk ik wel dat ik het soms niet goed kan zien, maar ik wil het liefst ook mijn ogen dicht houden vanwege het verre licht. Gebruikt u verder medicatie?Soms een pijnstiller voor de hoofdpijn. En helpt dat tegen de pijn? Ja, meestal wel. Dus nog even kort om samen te vatten: het is dus een bonzende hoofdpijn die in aanvallen komt, vrij ernstig van karakter, vooral aan één zijde van het hoofd. Soms bent u ook misselijk met braken en meestal helpt rustig aandoen in een donkere kamer en soms een pijnstiller. U bent ook best bang dat het iets ernstigs is en wil graag iets tegen de pijn. Heeft u zo nog aanvullingen? Nee, dat is eigenlijk wel compleet. Uw hoofdpijn doet me sterk denken aan migraine. Bent u bekend met deze term? Ik heb er wel eens van gehoord. Maar u denkt dus niet aan een tumor? Nee, eigenlijk niet. Het komt bijna precies overeen met het schoolvoorbeeld van migraine.Oh, ik wist niet dat die pijn zo hevig kon zijn. Dat kan helaas wel heel verhinderend zijn. De aanvallen zullen helaas blijven terugkomen, maar er zijn wel wat dingen die je kunt doen om de hoofdpijn te verzachten. Op het moment dat de pijn opkomt, is het aan te raden rust te nemen. De pijn kan versterkt worden door stress, onrust en weinig slaap. Dit zijn dus elementen waar je op kan letten om de hoofdpijn te verminderen. Ervaart u veel stress? Soms wel, dokter, maar het wordt wel rustiger op mijn werk binnenkort. We krijgen een extra collega. Dat is fijn om te horen. Hopelijk neemt de stress dan ook af. Verder kunt u zodra de pijn opkomt, beginnen met twee paracetamol.Je kunt dit dan consequent de dag door op maximaal vier momenten nemen, totdat je merkt dat de pijn minder wordt. Een paracetamol, gaat dat wel helpen tegen deze heftige pijn? Een paracetamol is een medicijn dat verder niet heel schadelijk is, maar het kan wel heel effectief zijn, zeker als het zo op vaste tijdstip wordt genomen. Mocht het niet helpen, kunnen we altijd overgaan naar een andere pijnstiller. Vindt u dat een goed idee? Dat klinkt wel redelijk. Ik ga het in ieder geval eens proberen. Zullen we dan afspreken dat we over ongeveer vier weken een uur consult plannen en kijken hoe het gaat? Mocht het dan niet voldoende helpen, kunnen we dan overgaan op een andere behandeling. Dat is goed. Bedankt, dokter. Heeft u verder nog vragen? Nee, het is wel duidelijk zo. Dan zie ik u graag over vier weken."
misbruik.mp3,Psychologische gespreksvoering,NVIDIA Canary 1B v2,36.6,25.49920634920635,76,32.55952380952381,10746.3125,10746.3125,23.501756875090447,"Nou, goedemiddag Sarah. Mijn naam is Sarah. En ik heb je even apart genomen omdat ik bij binnenkomst zak dat je woordelijk overstuur was. Ik stel voor om even gewoon een kwartiertje samen te gaan praten. Gewoon even kijken wat er aan de hand is. Dat jij even je verhaal kan doen en dat we samen kunnen kijken wat we eventueel voor jou kunnen tekenen hier. In dat goed plan? Ja. Oké. Allereerst, waarom ben je gekomen vandaag? Omdat ik niet naar huis kan gaan. Ik kan niet naar huis. Oké. En waarom kan je niet naar huis? Ja, ik durf gewoon liever naar huis niet te gaan eigenlijk. Daarom ben ik ook weggegaan. Oké, mag ik niet gaan. Ja.Dus je bent weggegaan van huis omdat je niet meer naar huis durft. Daar komt het op neer. En waarom durf je niet meer naar huis? Ja, dat vind ik een beetje moeilijk om over te praten. Dat vind ik niet mogelijk. Kan je eerst iets vertellen over je thuissituatie dan? Ja, mijn ouders zijn twee jaar geleden gescheiden. En daar zit mijn vader eigenlijk niet zoveel meer. Ik ben een beetje een nieuw vriendin, maar ik kan het eigenlijk niet meer vinden. Een beetje een vies mannetje. Oké. Je ouders zijn gescheiden twee jaar geleden. Ja. En hoe is de scheiding gegaan?Ja, best wel rot eigenlijk. Want daardoor zie ik mijn vader eigenlijk helemaal niet meer. Maar één keer in de twee weken en het weekend. En dan, ja, hij heeft helemaal geen tijd voor mij als ik er dan ben. Ik vind het wel leuk. Ja. En ja, wat voor gevoel werkt dat bij je op dan? Dat je je vader zo weinig ziet? Ja, dat hij verwaarloosd of zo. Dat hij geen zin heeft om me dan te zien. Ja. Dus bij je vader voel je je een beetje verwaarloosd. En bij je moeder wil je eigenlijk niet meer zijn. Nee. En is dat omdat je moeder er is? Nee, door die vriend. Ja, en mijn moeder gaat helemaal met hem mee en dan rijdt hij weer nooit naar mij. Ja. Anders wat hij zegt is er waarheid of zo.Ja, ik snap dat dat erg vervelend is, inderdaad. Maar hoe lang zijn je moeder en haar vriend nu samen? Ik weet niet, een half jaar of zo. Oké. En jij hebt een beetje het gevoel dat hij eigenlijk alles al bepaalt in huis. Ja. Dat zij gaat gewoon een beetje met haar mee. Oké. Ja. En, nou, je zegt, je vindt het een beetje een vies mannetje. Kan je daar een voorbeeld van geven? Ja, ik heb gewoon het idee dat hij altijd naar me zit te kijken. En dan als ik uitga of zo, zegt hij, oh, je ziet er echt sexy uit. En dat is gewoon echt heel vervelend. Dus ik kan eigenlijk wel zeggen dat je hem erg ongepast vindt. Ja.Ja, en ook als ik langsloop of zo, gaat hij net even zijn hand op mijn schouder leggen of net op mijn hup of zo. Dan mag ik blijven. Maar is dat vandaag ook gebeurd? Ja, en ik had, nou, niet per se vandaag, maar ik had het tegen mijn moeder gezegd. En toen zei ze dat ik me gewoon niet zo aan moest stellen en dat ik gewoon normaal moest doen. Oké. Ja. Dus je weet eigenlijk niet zo goed wat je nu moet doen? Nee, een beetje ja. Ik ga daar echt niet meer naar terug als zij me niet geloven of zo. En dat hij dan dat gewoon kan doen door mijn moeder echt gewoon te zeggen dat ik het zit te verzinnen of zo. Ja. En heb je er al met iemand anders over gepraat? Nee, ik vind hem best wel.Moeilijk om over te praten. Bovendien vindt iemand anders ook dat ik advies moet. Het is een lastig onderwerp, inderdaad. Daar heb je helemaal gelijk in. Nou ja, dan moet ik zeggen dat ik erg blij ben dat je naar ons toe bent gekomen. En om het even voor mezelf op een rijtje te krijgen. Je ouders zijn gescheiden. Je vader zie je vrij weinig. En je vader hebt eigenlijk het gevoel dat hij geen omkijk naar je heeft. Je moeder heeft sinds een half jaar een nieuw vriend. En die vriend is nu gewoon ongepast tegenover jou. Daar heb je je moeder mee geconfronteerd. Ja. Oké. En ik kan je voorbeelden noemen. Je hebt al gezegd dat hij zegt dat je sexy bent.Ja, maar seksuïtie. Teg toch niet? Nee. Ja, dat is een lastig onderwerp. Ik moet zeggen dat ik zelf even moet nadenken hoe we hier verder mee moeten. Wat ik in ieder geval uit jouw verhaal begrijp, is dat je je gewoon niet veilig voelt thuis. Daar komt het uiteindelijk op neer. Ik moet het even concreet maken voor mezelf. Heb je zelf een idee wat er aan gedaan kan worden? Ja, hij moet gewoon weggaan eigenlijk. Want anders kan ik niet naar huis. Oké.Hij moet weg, gewoon. Ja, het moet gewoon opgelost worden. Ik wil gewoon thuis kunnen zijn, maar het kan niet dat hij er is. Ja. En heb je dat ook met je moeder besproken? Nee, nog niet, want ze gelooft hem meteen nog niet. Dus dan heeft het niet echt zin om dat te zeggen. Ja. Maar hoe ben je tegen je moeder daarover begonnen? Ja, als ik daar naartoe ga, zeg ik: Momentjes hoor, die vriend van jou. Ik kan gewoon echt niet hoor wat hij doet. Dat hij zegt dat ik sexy ben en dat hoort hij niet echt met je te zeggen. Ik zie dat je tussendoor een beetje begint te grinnen op een andere manier. Een beetje van zingen, denk ik. Ja. Zo'n beetje een gemakkelijke situatie. Ja.Oké, maar we zijn hier natuurlijk om jou, want ik merkte sowieso in het begin al dat je je een beetje ongemakkelijk voelde en niet helemaal uit jezelf dingen durfde te vertellen. Heb je wel het gevoel dat je hier een beetje veilig bent? Ja, dat vind ik graag. Ja, dat ik hier ook ben. Oké. En nou ja, ik wil graag met jou gaan kijken naar een oplossing voor dit probleem in ieder geval. Jij zegt zelf, ik wil dat hij weggaat. Nou, denk ik, als ik even zo bij mezelf denk, dat is een beetje een lastige oplossing. Zijn er andere dingen waarvan je zegt, dat zou ik willen proberen?Ik zou er wel gewoon goed met mijn moeder over willen praten, zonder dat ze meteen gaat roepen dat het niet waar is en dat ik me aanstel en zo. Dus gewoon even naar luisteren. Ja. Oké. Dus met je moeder praten, maar zou je dat willen doen thuis of zeg je doe maar een andere situatie? Nou, dan liever niet thuis, maar gewoon. Ergens zou je gewoon rustig kunnen praten. Dat hij er ook niet ineens binnen kan lopen of zo. En zou je er iemand bij willen hebben? Ja, dat denk ik dat toch. Ja, ik kan me voorstellen.Dat ik erbij ben. Dus dat we met je moeder een afspraak maken. En dat we met z'n allen even gaan zitten. Want je bent hier natuurlijk niet voor niks gekomen. Dat is één ding dat we vast kunnen stellen. Dan lijkt het me verstandig als we dat doen. Als jij je daar veilig bij voelt als ik erbij ben. Tenzij je zelf zegt. Nou, ik vind het wel fijn als je erbij bent. Oké. Wat wil je tijdens het gesprek van mij dan? Misschien gewoon een beetje mij de kans geven om uit te laten praten. Niet dat moeder tegenover je gaat. Ja, dus.Dat je verwacht, of nou ja, je verwacht van mij, je wil dat ik erbij ben om een beetje de orde eigenlijk te houden en jou de kans te geven dat je je ding kan zeggen en dat je moeder je niet onderbrengt. Ja. Oké, nou dat vind ik. Ik vind het fijn dat je zelf ook bedacht hebt van dit wil ik. En daar kunnen wij je hartstikke goed bij helpen en daar zal ik je ook zeker bij helpen. Als jij zometeen het nummer van je moeder even achterlaat bij mij, dan ga ik haar een belletje geven en dan ga ik even uitleggen wat wij net besproken hebben, namelijk gezondheid. Namelijk dat je je niet veilig voelt thuis door het feit dat je vader of je vader zie je eigenlijk niet en dat je moeder de nieuwe vriend gewoon.naar jouw gevoel gewoon geen normale dingen doet bij jou. Zoals dat hoort als vriend van je moeder en niet als vriend van jou. Dan zal ik je moeder daar even een belletje over geven. Ik zal nog niet te veel daarvan zeggen. Ik zal aangeven dat je hier behoorlijk overstuur bent gekomen.en dat ik graag een mogelijkheid wil om met haar te praten en met jou. En dan stel ik voor dat ik met je moeder een afspraak maak.en met jou dat we hier volgende week rond dezelfde tijd nog een keertje afspreken. En dan bespreken we alles nog een keertje met je moeder. Ja, dat is goed. Ja? Kan je daar aan vinden? Mooi zo. Dan zie ik je volgende week. Oké, dankjewel. Hij spreekt."
vrijheden.mp3,Psychologische gespreksvoering,NVIDIA Canary 1B v2,39.0,26.234134615384637,80,31.548076923076923,10746.3125,10746.3125,25.90496183863363,"Goedemiddag Lisa. Hoi, ik ben Lisa. Ik ben de verkeerszindige vandaag. En ik heb gehoord dat jij een gesprek hebt aangevraagd om te rekenen op je vrijheden. Nou, laten we het daar eventjes over hebben samen. Laten we het lekker kort en bondig houden, zodat we hier niet te lang mee bezig hoeven te zijn. We komen er wel uit van waar we mee bezig willen zijn. Laten we het op een kwartier ongeveer doelen en dan kunnen we het ook lekker verklapt houden. Ja, dat is goed. Ja.Laat ik beginnen met vragen waarom je dit gesprek hebt aangevraagd. Ja, ik wilde graag over mijn vrijheden hebben, want die zijn ingetrokken vorige week. En nu moet ik telkens met iemand van de begeleiding boodschappen doen. En dat komt heel vaak niet uit. Dus ja, ik zou graag weer mijn vrijheden terug willen. En waarom zijn jouw vrijheden ingetrokken toen de tijd? Ja, ik. Ik had mezelf gesneden. En waarom heb je dat toen gedaan? Was er een aanleiding voor?Herbeleving en ik stemmetje zei dat ik dat moest doen. En welk stemmetje? Het stemmetje waar ik altijd last van heb als ik te weinig heb geslapen. En is er dan een tijd weg geweest dat je daarmee je vrijheden weer terug had gekregen? Ja, het ging een tijdje weer goed. Alleen nu, vorige week werd het weer slechter en ben ik me meer gaan snijden. En toen heeft de wandelaar mijn vrijheden weer ingetrokken.En wat is er gebeurd tussen dat het wel goed ging en dat het opeens weer minder goed ging? Is er een omslag geweest? Is er iets in je persoonlijke leven gebeurd? Ben je misschien middelen, alcohol gaan drinken, gaan gebruiken? Nee. Heb je slecht contact met een van onze medeboders? Nee, dat gaat eigenlijk allemaal wel goed. Nee, daar heb ik geen na. Je kan niet bedenken wat er aanleiding is geweest voor de inslag. Nee. Ik slaap wel wat slechter en dan heb ik meer last van herbelevingen. Herbelevingen waarvan? Ja. Daar heb ik het liever niet heel erg over, maar meer.Ja, wat er vroeger is gebeurd na de herbeelden. Ja, dus wat er in het verleden, in je jeugd is gebeurd eigenlijk. Ja. Oké, daar wil ik het liever niet over hebben. Nee. Weem aan. Nee. Heb je daar met andere mensen wel over? Ja, met mijn psycholoog heb ik het ergens over. Met Finiza heb ik het erover. Als je met de psycholoog erover hebt, dan kan je daar niet... Zij begrijpt me in ieder geval wel. En we proberen er samen wel uit te komen. Oké. Wat je zegt is heel erg graag boodschappelijk en doen alleen. Ja.En ik wil eigenlijk aan jullie vragen hoe dat weer een beetje kan doen. Ja. Als wij niet weten wat er precies gebeurt in jouw hoofd, dan vinden we het moeilijk om jou zo weer naar buiten te laten gaan. Dus ik denk dat we pas jou weer echt vrij kunnen laten als we er weer vertrouwen dat er niks misgaat. En als je het er niet over wil hebben, dan begrijp ik dat heel goed. Dan zou je het misschien toch wel weer echt goed met je psycholoog moeten gaan bespreken. En zouden wij samen met de psycholoog misschien kunnen gaan bedenken wanneer je weer klaar bent om zelf naar buiten te gaan.Want ben je bereid om eraan te gaan werken? Ja. Ja. Maar wat het is, ik snij bijvoorbeeld niet. Ik doe het niet. Als ik buiten ben, doe ik het altijd op mijn kamer. Dus ik snap niet zo goed waarom ik dan niet boodschappen mag doen. Ja, er is altijd een risico. Als je dus suïcidaal bent. Dat het op een gegeven moment op een andere manier gaat gebeuren. En dat is wat wij willen voorkomen. Want je doet het alleen op je kamer. Waarom alleen op je kamer? Ja, dat is het meest veilige plekje voor mij hier.Dan zodat niemand het ziet. Of is het omdat je het eigenlijk niet wil doen? Nee. Het komt gewoon eenmaal op en ik doe dat. Dan moet ik dat doen. Dan is de drang zo groot. Meestal probeer ik het ook wat tegen te houden. Maar de drang wordt zo groot dat ik het toch moet gaan doen. Ja, de drang kan ook een keertje buiten komen. Dan kan het ook buiten gebeuren. Ja, en dan ga ik eigenlijk altijd nog lang naar binnen. Oké. Zoals ik het goed begrijp is, je denkt dat je voor jezelfstandig naar buiten komt. Ja. Dat het gewoon lukt. Alleen voor ons mag het nog niet.Wat denk je zelf, hoe je die vrijheid terugkomt te krijgen? Hoe heb je dat voorheen gedaan? Ja, door te laten zien dat ik mezelf niet sneed, dan kreeg ik het wel weer terug. Maar hoe lang sneed je dan niet? Ja, dat verschilde wel eens. De bandenluiden zijn niet echt regels voor. Ja, en als ik eigenlijk liet zien dat het goed ging met me, maar dat hoefde nog niet te betekenen dat het goed ging, toen het echt goed ging met me.En dan kreeg ik ze wel terug. Maar ik vind het moeilijk om daar afspraken over te maken, over het snijden, omdat dat zo in mij opkomt. En ik zou wel graag gewoon alleen even boodschappen willen doen. En ik denk dat we wel misschien wat kleine afspraakjes kunnen maken om het op te bouwen. Ik snap ook wel dat jullie misschien wat meer vertrouwen in mij moeten krijgen. Vind je het goed als ik dit ook met een psycholoog bespreek? Wil je dat absoluut niet? Want dan heb ik in ieder geval iemand die weet wat er precies aan de hand is.Ik heb het gevoel dat je daar niet met mij over te hebben. Misschien vertelt hij mij niet alles, maar in ieder geval weet ik een beetje de achtergrond. Ja, dat vind ik wel goed. Dan kan ik met hem gaan kijken hoe we dit verder gaan aanpakken. Ik wil het liefst met jou natuurlijk ook zelfstandig naar buiten gaan. Dus dat ik eerst met hem ga praten. Hij kent je ook wat beter. En dan ga ik met hem bespreken hoe we misschien weer een stappenplan kunnen opbouwen om jou weer zelfstandig naar buiten te laten gaan. Maar dat we dat gewoon langzaam opbouwen. Met kleine stapjes. Dat je allereerst eventjes een hoedje gaat lopen om het gebouw heen.Dan maak ik er twee en vervolgens uiteindelijk, ja, hoop ik natuurlijk, wil ik dat jij gewoon je eigen boodschapjes kan doen. Dus het is een idee dat ik volgende week met jou weer op terugkom, dat ik deze week eventjes de psycholoog spreek. Of vind je dat te lang duurt? Ik kan het ook nog proberen. Ik zou het wel fijner vinden als het eerder komt. Ik moet ook een nieuwe sjamp komen en zo. Na het weekend kom ik bij jou erop terug, want nu is hij er niet. Dan spreek ik maandag met hem en dan maandagmiddag, maandagavond kom ik naar hem toe. En dan weer naar hem toe. En dan heb ik het psycholoog besproken en dan kunnen we even kijken hoe we het gaan aanpakken. En dan bespreken we het verder.Dat is goed? Ja, dat is goed. Oké, maar laten we het voor nu hierbij. Fijn weekend. Dankjewel. Of zie ik je op maandag. Oké, fijn weekend."
angststoornis.mp3,Psychologische gespreksvoering,NVIDIA Canary 1B v2,31.7,25.41702127659576,87,30.106382978723403,10746.3125,10746.3125,19.776508676179525,"Goed dat je er bent. Kom binnen. Dankjewel. Martine, hoe was het voor jou om hulp te zoeken? Eigenlijk was het hulpzoeken voor mij niet zo'n probleem. Maar de juiste hulp vinden, dat was echt mijn probleem. Ja. En waar liep je tegen aan? Ja, ik liep tegen aan dat ik bij heel veel therapeuten ben geweest. Mindfulness, van alles geprobeerd. Maar eigenlijk werd het niet beter. En ging steeds meer achteruit. En ging steeds meer dingen vermijden. En uiteindelijk durfde ik bijna niets meer. En toen kwam je uiteindelijk bij ons bij een intensieve behandeling. Een driedaagse dagbehandeling. En hoe was dat voor jou? Heel spannend. Ja. Vooral het begin.Want ik had nog nooit in een groep eigenlijk therapie gehad. Dus dat vond ik heel spannend. Maar dat beviel eigenlijk heel erg goed. En het einde vond ik juist spannend, omdat ik dan dacht: oh, nou moet ik het alleen doen. En dat je vangnet eigenlijk een beetje wegvalt. Zo voelde dat een beetje. Maar dat is allemaal goed gekomen. En tijdens die behandeling, wat vond jij toen het meest spannende stukje? Of wat vond je het meest spannende moment of het moeilijkste moment? Nou, de exposure sessies, individueel en met groep, vond ik heel spannend. Je zoekt dan echt je angst en je paniek op. Maar daarin word je heel goed begeleid.Je wordt heel goed begeleid om met die angst om te gaan en daardoor merk je eigenlijk, oh ik kan dit gewoon aan, ik kan dit gewoon. Ja. Wat voor soort dingen heb jij dan bijvoorbeeld gedaan? De lift. Ja. Ja, de lift was voor mij echt een ding. Ja. En dat vond ik verschrikkelijk. De eerste dag dat ik hier was, zei ik, kan ik niet met de trap naar boven? Nee, we gaan de lift in. Ja. Met het openbaar vervoer zijn we geweest. Ja, ik heb zoveel dingen gedaan die ik normaal gesproken niet durfde. Medicijnen slikken, dat klinkt raar, paracetamol slikken. Ja, dus dat was heel spannend. Hé, en wat heeft jou nou het meest geholpen tijdens die behandeling?Toch wel ook die exposure, maar eigenlijk alle therapieën wel. Je krijgt van andere therapieën, krijg ik heel goed inzicht waar mijn valkuilen liggen en hoe ik in elkaar zat. Waarvan ik eigenlijk dacht, dat heeft gewoon iets met mijn angststoornis te maken. Maar dat heeft het dus duidelijk wel. Dus dat heeft me heel goed om inzicht te krijgen. Waar moet ik aan werken? Ja. En hoe gaat het nu met je? Het gaat heel goed met mij. Er blijven altijd uitdagingen, maar die ga ik gewoon aan. En mijn leven is nu gewoon weer leuk. En ik heb mijn vrijheid weer terug. Ik doe leuke dingen. Ik onderneem van alles. Ik stap in liften.En dus het gaat eigenlijk heel erg goed met me nu. Ja, wat fijn. Ja, zeker. Super."
intake-bedrijf.mp3,Psychologische gespreksvoering,NVIDIA Canary 1B v2,36.6,25.44072022160664,76,33.46814404432133,10748.3125,10746.716932132964,19.65827386391511,"Frank, fijn dat je bent gekomen. Ben je wel eens eerder bij een psycholoog geweest? Nee, dit is de eerste keer. Oké, dan is het misschien goed als ik even iets vertel over de manier waarop ik graag werk. Ik wil dit eerstgesprek graag gebruiken voor kennismaking en kijken met welke vragen je rondloopt en wat er daarbij voor jou meespelt. Dan kunnen we eventueel daarna vervolggesprekken inplannen waarin we wat beter en dieper in kunnen gaan op de belangrijke aspecten. En ook misschien concreet kunnen kijken naar wat we kunnen doen om je verder te helpen. Hoe lijkt je dat? Ja, dat is goed. Als je nog vragen hebt, dan kun je die nu geruststellen. Nee. Oké, zullen we dan maar gewoon beginnen? Dat is goed. Oké, kun je me vertellen wat je hier heeft gebracht? Nou, ik ben hier eigenlijk op aanraden van een vriend van mij.Daar heb ik eens mee gesproken en die zei tegen me, zoals je nu net zelf, de kringetje ronddraait, dat kan gewoon niet meer. En hij vond dat ik maar eens moest gaan praten. Een kringetje ronddraait? Nou, ik loop al een tijdje met het idee rond om een eigen bedrijf te beginnen in automatisering. Ik doe automatiseringsprojecten. Ja, en dan ga je wel eens denken hoe je dat wilt. En toen. Nou, ik heb nu ook best een leuke baan, maar op een gegeven moment ga je wel denken, ik moet maar eens wat anders. Dus je hebt het wel een beetje gezien in je huidige baan? Ja, en dan ga je op zoek naar een nieuwe uitdaging. En een eigen bedrijf leek me eigenlijk een hartstikke goed idee. Dus toen heb ik er met mijn vriendinnen over gesproken en met mijn ouders en met vrienden.Was iedereen ontzettend enthousiast. Dus je kreeg veel steun uit je omgeving. Ja, en dan zet je een volgende stap, dan ga je naar de Kamer van Koophandel. En daar heb ik een startpacket aangevraagd, een cursus gevolgd, een compleet ondernemingsplan geschreven en met banken gepraat. Dus de plannen zijn eigenlijk best al vergevorderd. Ja, ik ben zo al een tijdje bezig. Een jaar of wat bezig met het opzetten van een eigen bedrijf, misschien nog wel iets langer. Oké. En sinds een paar maanden zijn er wat dingen veranderd. En daardoor vraag ik me nu af of die plannen die ik had, of die nog wel kunnen of niet. Je zegt dingen veranderd? Nou, sinds een maand of wat is bekend dat mijn vriendin zwanger is. En dan verandert er wel veel, ja. Daar schrok je van, die verandering. Nou ja.Daar schrokken we allebei nogal van. Daar hadden we niet op gerekend. En dan verandert er gewoon heel erg veel. Jullie hadden het allebei niet verwacht. Kun je daar iets meer over vertellen? Hoe ging dat? Tja, Caroline had keurig de pil geslikt. Had hem niet vergeten of te laat ingenomen of zo. En toen werd ze niet ongesteld. Dus toen hebben we een zwangerschapstest gedaan. En toen zaten we naar die uitslag van die test te kijken. Je kon eigenlijk je ogen niet geloven. Nee, dat was te gek voor woorden. Oké. Om even kort samen te vatten. Je hebt eigenlijk hele serieuze plannen om een eigen bedrijf te beginnen.Daar kreeg je veel steun uit je omgeving en daar was je ook echt al een eind mee. En nu is je vriendin plotseling zwanger en nu komt het even op losse schroeven te staan. Klopt dat? Misschien is het goed om nog even terug te pakken over je plannen voor een eigen bedrijf, om daar iets dieper op in te gaan. Je zei net dat je ouders er enthousiast over waren en je vriendin ook. Ja, mijn ouders hebben een eigen bedrijf. Mijn vader geeft autorijles en heeft zelf een hele rijschool opgezet. Dus ik ben als het ware groot geworden met dat idee van een eigen bedrijf. Dus toen ik bij mijn vader met dat idee aankwam, had hij zoiets van ja, natuurlijk, dat is een hartstikke goed idee. En je vriendin? Ja, die was eigenlijk ook heel enthousiast.Ze werkt fulltime. Ze is unithoofd van de verpleegafdeling. En zij vindt een goede baan en een uitdaging ook heel belangrijk. Dus toen ik bij haar met die plannen aankwam, had zij zoiets van, ja, dat is echt iets voor jou. Dus vanuit je omgeving kreeg je steun voor die plannen. Je gaf net aan dat de zwangerschap onverwacht was, was echt een verrassing. Kun je me vertellen wat dat verder teweeg heeft gebracht? Nou ja, het was voor Caroline ook wel even schrikken. Ze werkt fulltime. En ja, als ik dat dan zo mag zeggen, dan komt die zwangerschap ook niet echt goed uit. En dan nu met die plannen, dan is het eerst wel even schrikken. Oké, even schrikken. Maar hoe is dat nu? Nou ja, het zet de dingen wel een beetje op zijn kop.En Caroline is nu langzamerhand wel zover dat ze het ziet zitten. Die heeft zoiets van: dan gaan we allebei vier dagen werken en dan vangen we het samen wel op. Oké, dus Caroline ziet het nu wel zitten. Ja. En heeft ook al wat concrete ideeën over hoe jullie het zouden kunnen aanpakken? Ja, die begint er onderhand wel warm voor te draaien. En jij? Nou ja, kijk, het feit dat die zwangerschap er is, dat eigen bedrijf kan ik nu wel vergeten. Ik moet nu helemaal het nieuw beginnen. Dat klinkt een beetje bitter, zoals je dat nu zegt. Ja. En ik hoorde je ook zeggen: als het kind komt, dan kan je eigen zaken gewoon niet doorgaan. Nee, ik vind dat als je iets doet, dan moet je het wel goed doen en anders niet. Dat doe ik binnen mijn werk nu ook.En een eigen zaak moet je helemaal zelf doen. En een kind moet je juist goed doen. Nou, dat botst. Ja, dat kan voor jou niet samen gaan, een eigen zaak en een kindje. Nee, dan raffel je het af. En dat kan met een eigen zaak niet en met een kind al helemaal niet. Je voelt je verantwoordelijk. Ja, een kind is niet iets wat je ernaast neemt. Nou, je zegt van dan moet ik helemaal opnieuw beginnen. Wat bedoel je dan? Ja, wat bedoel ik eigenlijk? Dat weet ik eigenlijk niet. Die baan die ik nu heb, daar heb ik in zekere zin al afscheid van genomen. Dus daar blijven, dat heeft geen zin meer. En een nieuwe baan, dan werk ik weer onder een baas en dat wil ik juist niet meer. Ik wil eigen baas zijn, eigen bedrijf beginnen en iets van de grond af aan opbouwen. Iets waar je trots op kunt zijn. Ja, precies.Oké, om het even op een rijtje te zetten. Je wilde een eigen bedrijf starten, kreeg daarbij ook veel steun van onder andere je ouders en ook van Caroline. Sinds de zwangerschap een feit is, loop je eigenlijk rond met het idee dat het eigenlijk niet meer kan, want je zegt een kindje en een eigen bedrijf, dat kan niet samen. Want dan heb je het gevoel dat je een van de twee niet goed zou doen en dat zou je heel erg vinden. Dat betekent dus eigenlijk dat je het eigen bedrijf niet door kunt zetten en dat is voor jou heel onbevredigend, want je had echt behoefte aan een nieuwe uitdaging, aan die voldoening. Klopt dat? Ik zit te denken, heb je het onlangs nog met Caroline over die plannen gehad? Je zei van nou, ze was eerst heel enthousiast ook. En hoe is dat nu?Ja, ze steunen me nog wel steeds. Maar ze is steeds meer bezig met dat kind. Oké, je zegt ze steunen me nog steeds. Hoe bijvoorbeeld? Nou, zij vindt dat idee van een eigen bedrijf nog steeds een heel goed idee. Ze verklaar me niet voor gek of zo. Dat noem ik wel steun. Oké, maar de manier waarop je het zegt, dan heb ik het gevoel dat je het er misschien niet echt onlangs meer over gehad hebt. Klopt dat? Nee, de laatste tijd niet meer zo. Hoe komt dat, denk je? Nou, dat heeft niet zoveel zin meer. We hebben er heel veel over gesproken. En zij is heel erg met die zwangerschap bezig. We hadden gewoon heel erg zin in dat bedrijf samen. En we zijn er heel lang mee bezig geweest. En ik had het gevoel dat we.Dat we er echt aan toe waren. Samen, Caroline ook. En dat vind ik eigenlijk nog steeds, dat wij dat bedrijf moeten. Nou, dat maakt het nu erg lastig. Misschien is het goed om even in te gaan op de gevoelens die deze situatie eigenlijk teweeg hebben gebracht. Kun je me vertellen hoe je je nu voelt, nu je in deze situatie zit? Ja, ik vind het gewoon erg vervelend, het hele idee dat dat bedrijf niet door zou kunnen gaan. En ik begrijp ook niet waarom zij niet zo enthousiast meer is. Want ik vind wel, als je zoiets doet, dan moet je het samen doen en anders niet. En ik had het gevoel dat dat zo was, maar blijkbaar niet. En je voelt je in de kou staan? Ja, ik heb nu het gevoel dat ik alles alleen moet doen. Als het al zou kunnen, zo'n eigen bedrijf. En dat had ik niet verwacht. Je bent teleurgesteld? Ja.Ik vind dat als je iets doet, dan moet je het gewoon goed doen en anders niet. En ja, het eigen bedrijf, dat kan ik nu wel vergeten. Ben je ook boos op Caroline? Dat zij het er makkelijk over doet en jij wil eigenlijk nog wel heel graag door? Ja, natuurlijk ben ik boos. Ze zetten me voor het blok. Hoe bedoel je? Nou, toen we het net wisten, toen heb ik het over een abortus gehad. En helemaal niet zo van dat ze het weg moest laten halen, maar toen werd zij ontzettend kwaad. En ze maakte me uit voor idioot en egoïst. En het was helemaal niet zo dat ik die abortus gewild had. Caroline en ik hebben het wel eens over kinderen gehad. Ik hou gewoon heel veel van haar. Alleen, we wonen net samen. En we hebben plannen om een eigen huis te gaan kopen.We hadden wel allebei het gevoel dat het een stukje compleet zou zijn als we daar ook een kleintje bij zouden hebben. Alleen niet nu. En door hoe zij nu reageert heb ik het gevoel dat ik daar geen inspraak in heb. Je voelt je machteloos. Ja, en daar baal ik van. Ik denk dat dat ook het kringetje is waar we het aan het begin over hadden. Je wil een eigen zaak, daar was je ook al ver mee, ook samen met Caroline. Je kreeg steun van je omgeving, dat was erg prettig. Nu is Caroline plotseling zwanger en is er voor jou geen ruimte meer voor die eigen zaak. Dat maakt je teleurgesteld en boos, ook op Caroline. En tegelijkertijd hou je ook heel veel van haar en hebben jullie echt plannen om samen een toekomst op te bouwen?Waardoor jij het gevoel hebt dat je geen kant op kan, dat je klem zit. Zie ik dat goed? Hoe zie je dat zelf? Ja. Ik heb nu gewoon niet het gevoel dat. Ik weet nu gewoon niet hoe dat nu verder moet. Enig idee hoe je uit het krintje zou kunnen komen? Heb je daar zelf ideeën over? Nou, nee. Ik had geloof ik dat jij misschien wat ideeën aan de hand zou kunnen doen. Oké, nou je vraagt nu eigenlijk aan mij een pasklare oplossing. Ik denk dat het goed is dat ik daar iets over zeg. Ik kan geen pasklare oplossingen of suggesties aanbieden omdat ik.Ik weet niet wat voor jou, Caroline, het beste of het belangrijkste is. Wat ik wel kan doen is met jou kijken naar dingen die me opvallen in het gesprek, een aantal punten. En dat we het daarover hebben en kijken of daar misschien iets in zit waarmee je verder kunt komen. Wat vind je daarvan? Ja, dat klinkt goed. Oké. Gezien de tijd lijkt het me goed als we gaan afronden. Ik heb net al even kort samengevat. Een aantal dingen die me zijn opgevallen is dat je heel stellig zegt: van ja, een eigen zaak en een baby, een kind, dat gaat niet samen.Voor de volgende keer zou ik graag willen dat je nadenkt over eventueel een manier is waarop een kind en een eigen zaak toch gecombineerd zouden kunnen worden. Misschien dat daar iets in zit waar we mee verder kunnen komen. Is dat goed? Ja. En verder, we hebben het ook even gehad over Caroline en dat je de laatste tijd het niet meer zo gehad hebt over die eigen zaak. Misschien kun je eens nadenken over wat je zou willen zeggen nog tegen Caroline in zo'n gesprek en hoe je ook denkt dat zij daarop zou reageren. Ja? Ja, dat is goed. Oké. Het doel van ons eerste gesprek was eigenlijk om kennis te maken en wat zicht te krijgen op wat er speelt. In hoeverre denk je dat dat is gelukt? Ja.Dat weet ik niet. Ik heb wel het idee dat het goed is geweest om erover te praten en hier te komen en er niet zelf mee aan te zitten modderen. Er is inderdaad nog geen pasklare oplossing boven komen drijven, maar misschien is dat ook al te veel gevraagd voor nu. Dat denk ik ook. Het lijkt me goed om voor volgende week misschien een afspraak in te plannen en dat we er dan een uur voor uittrekken. Zou een donderdag bijvoorbeeld om vier uur goed zijn? Ja. Oké."
baan.mp3,Psychologische gespreksvoering,NVIDIA Canary 1B v2,35.9,25.432951945080035,89,34.74370709382151,10750.3125,10748.4772597254,18.225840402839953,"Hallo, welkom. Goedemiddag. Hoi. Goedemiddag. Je bent vandaag gekomen omdat je mogelijk moet kiezen tussen twee banen. Je hebt in ieder geval een nieuwe baan aangeboden gekregen. Ja, klopt. En wat zijn je twee banen precies? Nou goed, ik werk nu bij het distributicentrum van de Albert Heijn. Die bevindt zich op het industrieterrein in Zwolle. En ik heb een baan aangeboden gekregen als luchtverkeersleider op Schiphol in Amsterdam. Aangeboden gekregen omdat ik contact heb op Schiphol. Ik heb daar al eerder een keer gewerkt, maar dan een andere tak. En nou goed, via via heb ik contact gehouden en toen is me dit eigenlijk boven gekomen. Super tof. Kijk, het gesprek van vandaag gaat ongeveer 10 à 15 minuten duren. Het doel van het gesprek is niet best dat je een keuze moet gaan maken of zo in je baan, want dat zul je uiteindelijk toch wel zelf moeten doen.Het zal vooral zijn dat je iets meer voor jezelf een idee krijgt wat jij voor jou belangrijk is. En aan de hand daarvan een keuze kunt gaan maken, mogelijk. Oké. Dat weet ik leuk. Dus aan het eind van het gesprek kan zijn, als je nog iets gaat willen bespreken, zal ik even aangeven dat we een paar minuten hebben. Ja, fijn. Sowieso de eerste vraag vandaag. Hoe sta je vandaag erin op die schaal van 0 tot 10? Hoe gelukkig je erover bent vandaag? Ben je heel gelukkig, heel ongelukkig? Ja, eigenlijk een vier, denk ik. Ik heb net een drukke werkweek gehad in Zolle bij de Albertijn. En daar is het eigenlijk best wel stressvol. Nu vanwege corona staat er natuurlijk heel veel druk op het distributiecentrum. Maar ik heb echt van de weken niet zo'n leuk gesprek gehad met een van mijn collega's. Dus ja, ik heb een drukke werkweek gehad die niet zo leuk is geëindigd. En daar ben ik eigenlijk.Ik voel me niet echt lekker over in mijn hum. Nou, oké. Kun je uitleggen hoe je dit met voelde toen net gedaan? Als je nu een keuze moet maken op je gevoel, wat zou je dan doen? Voor welke baan zou je dan gaan? En waarom zou je dan die keuze maken? Nou, daar zit ik dus heel erg mee. En dat vind ik best wel moeilijk. Want het liefst, ik ben een type die het fijn vindt om verder te kijken dan waar ze nu zitten. Maar ik vind het leuk om nieuwe uitdagingen op te zoeken, et cetera. Maar daar tegenover ben ik ook best wel een beetje onzeker. Dus ik zit bijvoorbeeld dan nu gewoon goed. Waarom zou ik dat voor mijn gevoel mijn eigen ruiten ingooien? Dat is dus een beetje waar ik tussen schommel. Bijvoorbeeld dat ik net zo'n drukke werkweek heb gehad en geen leuke gesprekken heb gehad en opzootje heb gehad daar.Dan is eigenlijk de keuze voor mij wel vrij duidelijk om voor die andere baan te kiezen. Maar goed, dat is zoveel meer verantwoordelijkheden, zo'n grotere uitdaging. Dan ga ik daar dus ook weer over twijfelen. Dat heeft dus ook te maken met mijn vier. Ik zit daar gewoon heel erg mee in een dilemma bij jezelf. Ja. Oké, dat is wel duidelijk. Heb je voor jezelf een lijstje gemaakt, toevallig, met de voor- en tegens of zo? Wat dan mee zou kunnen werken? Nee, ik krijg dat wel vaak als tip. Ik heb ook al met mijn thuisgefront erover gepraat. Maar ik vind het altijd een beetje lastig. Ik doe dat vaak in mijn hoofd. Wat resulteert dat ik dus helemaal vol in mijn hoofd zit. En dat het. We houden het echt niet echt overzichtelijk, zeg maar. Dus nee, op papier heb ik eigenlijk nog niks gezet. Als je sowieso nu zou kunnen benoemen, wat zou je dan het belangrijkste vinden aan je werk?Nu bij de Albertijn of in het algemeen? In het algemeen. Wat bijvoorbeeld nou vroeger heb je misschien wel bijbaantjes gehad? Ja. Wat vond je vroeger nou leukste bijbaantje en zou je dat kunnen uitleggen waarom je dat dan leukste bijbaantje vond? Ik denk dat mijn leukste bijbaantje degene was tijdens mijn studie, MISMPLAS. Dat was namelijk een bedrijf die heel erg in de krachten van de mens geloofde, zeg maar. Als in van als je ergens voor wil gaan, want als je iets leuk vindt, dan wil je er ook voor gaan. Dus wij geloven jou, zeg maar. Dus we geven je die kans en dat vond ik eigenlijk het leukste. Dus ik vind het leukste om mezelf te kunnen bewijzen ergens, want daar haal ik mijn eigen energie en motivatie vandaan. Altijd een beetje te willen presteren. En dat is dus eigenlijk ook waar ik wel op zoek naar ben. Maar wanneer een uitdaging dus te groot wordt, dat ik me MISMPLAS.Ook wel eens heb ik gehad dat ik toen toch iets te veel hoop me voor ik nam. Krijg je dat toch ook wel snel in een privé situatie te voelen eigenlijk te verduren. Ja, dus je wil graag heel veel presteren, maar je wil het eigenlijk ook niet over je max heen gaan en daar wel goed controle in kunnen houden voor jezelf. Juist. Ja, tof. En hoe zit het nu dan bij je huidige baan? Heb je het gevoel dat dat allemaal kan? Nou, eigenlijk niet echt, want het is daar goed georganiseerd nu en alles loopt, maar het is best wel een beetje ouderwets geworden. En ze werken nog niet echt met de nieuwe systemen die nu bijvoorbeeld bedacht zijn. Hoe bedoel je ouderwets qua hiërarchie? Ook, ja, ze hebben best wel veel, ja, inderdaad gewoon echt een piramide qua hiërarchie.Maar ook best wel verouderde systemen al. Er is al genoeg nieuw ontwikkeld in de logistieke wereld, maar daar maken ze nog geen gebruik van. Terwijl ik denk van als je dat wel gebruikt, dan kun je het veel sneller en veel beter. Maar mijn mening wordt daarin niet echt gehoord. Dus ze blijven een beetje achter of zo. En dan kan ik mezelf ook niet meer verder ontwikkelen. En dan kan ik mezelf niet meer bewijzen. Want ik word niet serieus genomen in die zin. Vind ik vervelend? Ja, eigenlijk wel. Dan denk ik ook een beetje van, nou ja, weet je, als jullie het niet belangrijk vinden, dan vind ik het ook niet belangrijk. En dan ben ik een type die dan snel met petten aan gaat gooien. En dat is niet hoe ik wil zijn. Nee, oké, dat is wel duidelijk. Dus je weet van jezelf eigenlijk wel hetgene wat je graag zou willen. Ja. Maar je weet niet zo goed of je dat uiteindelijk gaat krijgen bij een ander bedrijf.Is het vooral de zekerheid die je op dit moment nog hebt binnen een eigen bedrijf, wat je niet zomaar wil weggooien? Een beetje van beide. Ik weet natuurlijk nu dat ik hier eigenlijk in principe goed zit. En als ik naar een ander bedrijf ga waarvan de uitdaging veel te groot is, of dat het toch te veel op mijn pad komt, dan kan ik me daar niet gelukkig voelen. Nog ongelukkiger dan ik me misschien op dit moment nog ga voelen daar waar ik nu zit. Maar goed, dat is juist ook hetgene wat ik vervelend vind, wat er dus nu om die reden staat, dus altijd heen ook stil. Wat is de reden dat je überhaupt aan het werk bent? Is daar een speciale reden voor dat je werkt? Ik vind het fijn om bezig te zijn, om mijn kennen kunnen ergens laten zien. Ik vind het ook fijn om van toevoeging te zijn.Dus gewoon dat je geaccepteerd wordt binnen een bepaald iets en ook dat je daadwerkelijk het idee hebt dat je nuttig bent in de maatschappij. Daarnaast is geld natuurlijk ook belangrijk, maar ja. Ja, snap ik. Oké. Maar het is ook wel een deel van het geld. Hoe ver zit de extrasieke motivatie daar dan bij, denk je? Zodat je van buitenaf middelen krijgt, toegang hebt tot dat geld. Hoe ver vind je dat belangrijk? Of vind je het belangrijk dat je dat werk leuk hebt op je werk? Of is het echt het loon wat je dan krijgt? Nee, extrasieke motivatie vind ik echt veel belangrijker. Want als het qua loon lager zit of hoger zit, ja, dat is natuurlijk lekker, maar daar haal ik mijn energie niet uit. Dus dat zit verder geen keuze in voor jezelf. Nee. Oké. Zijn er bepaalde dingen die je moet ondernemen om dat werk aan de slag te kunnen bij Schiphol? Ik woon nu natuurlijk in Hardenberg.En Schiphol is in Amsterdam. En er staan elke dag ontzettend veel file en de treinen zitten bomvol. Dus eigenlijk is de enige manier wanneer ik daar met gemak wil werken, dat ik daar ook daadwerkelijk ga wonen. Op Schiphol verdien ik wel meer. Er zit wel een verschil in. Maar goed, ik ga dan natuurlijk naar Amsterdam toe. Dus daar is dan de huizenprijs en het leven is daar een stuk duurder. Dus in die zin ga ik eigenlijk een stapje omhoog. Ja, oké. En hoeveel vind je dat lastig om mogelijk een leven hier achter te laten en daar een nieuw leven op te moeten starten? Nou ja, dat vind ik dus ook best wel ingewikkeld. Omdat ik weet dat ik dus hier nu gelukkig ben en ik moet daar totaal nieuwe mensen gaan leren kennen. Een hele andere omgeving, met andere dynamiek tussen mensen en andere.Het zijn allemaal andere types daar, althans, dat denk ik. Heb je al eens eerder wat te doen? Een nieuw leven ergens op te bouwen of zo? Nou ja, toen ik op kamers ging. Maar goed, dan ga je een studie beginnen. Dus dan kom je automatisch in een hele grote groep met mensen die daar allemaal nieuw zijn. Dat is dan toch anders dan wanneer jij voor het gevoel als laatste ergens bij een bedrijf binnenkomt. Of ergens in een straat binnenkomt met allemaal mensen die je niet kent. terwijl zij daar al 30 jaar zitten bij spreken. Ja, dat is ook psychologisch. Als je zo gezond praat, heb je dan enig idee of je al een voorkeur hebt voor een bedrijf? Of moet je daar echt nog wel over nadenken? Nee, als ik het uitspreek en als ik er ook over nadenk, dan overheerst toch wel de gedachte om naar Amsterdam te gaan. Maar.Ik heb altijd een engeltje en een duiveltje op mijn schouder zitten en die schreeuwen allebei tegelijk op mijn oor. Dus wanneer ik dan blij ben met het idee over dat ik dus dan, wanneer ik dan een ene of zes keer een keuze heb gemaakt om gewoon toch naar afstand te willen gaan, schreeuwt die duivel altijd in mijn oor met nee, dat moet ik niet doen, dat je er niet goed genoeg voor bent. Ja, dus vooral de prestatiedruk is ook wel hetgene wat je misschien tegenhoudt, dat je daar meer verantwoordelijkheid zou krijgen. Juist. Dat is op zich wel lastig voor jezelf. Ja. En die prestatiedruk is dat nu ook hetgene wat je bij de Albert Heijnen niet hebt voor je gevoel. Dus dat je daar aan het top van je kunnen zitten of heb je daar juist de idee van, ik kan nog wel meer als ik die kansen er maar voor krijg? Een beetje van beide. Ja, een beetje van beide, want ik kan daar veel meer en ik kan mezelf veel meer laten zien, maar zij houden mij tegen. Zij staan er niet voor open, ze willen me niet.Die kansen bieden. Dus dan zit ik nu aan de top van mijn kunnen. Namens hen, zeg maar. Maar als zij wel openstaan voor nieuwe ideeën, dan kan ik daar ook mee aan de slag. Maar goed, ik werk daar nu inmiddels al tien jaar. En ik heb er al vijf jaar over gespaard met mensen en die ideeën ingebracht. En er wordt gewoon al vijf jaar niks mee gedaan. Op een gegeven moment dachten wij mezelf van, nou ja, joh. In hoeverre heb je er zelf wel tegen aangelopen dat er dingen gebeuren die voor jezelf misschien boven je pet gaan. En denkt, ik kan het op dit moment even niet aan. Hoe ga je daarmee om, normaal gesproken? En heb je het idee dat het binnen een bedrijf wel zou kunnen? Binnen Schiphol? Nou ja, ik denk ook binnen Schiphol, daar werken natuurlijk zo ontzettend veel mensen. Met allemaal verschillende disciplines.Staan denk ik veel meer mensen open voor nieuwe ideeën, andere gedachten, andere structuren en zo. Dus ik denk dat ik daar wel mee aan de slag kan. Andere vragen die ik heb vergeten? Ja, in mijn geval, dan moet ik niet twee vragen tegelijk stellen. Nee, of jij denkt dat mensen in Schiphol jou kunnen opvangen en hoe zullen ze daarmee omgaan op het moment dat jij wel iets te veel gooipje voor neemt? Nou ja, daar is natuurlijk wel de werkdruk erg hoog. Ik ben vast niet de enige die op Schiphol wil werken. En daar is de prestatiedruk misschien nog een stuk hoger. Dus ik denk in die zin dat ik daar wel moet presteren en misschien mezelf ook een keertje op een tweede plek moet zetten om mijn werk op een eerste plek te zetten, om mezelf in ieder geval te bewijzen.Ja, en hoe sta je daarin dan? Vind je dat lastig? Vind je dat moeilijk? Nee, ik vind het eigenlijk best wel leuk als ik maar weet dat er een bepaalde. dat het een keertje ook voorbij is of zo. Dat ik voor mijn gevoel dat wel een keertje kan inhalen. Niet dat ik altijd achter de feiten aanloop. Oké, en zijn er dingen waar je al gespannen hebt toevallig met het bedrijfsgroep? Of je daar al over gehad hebt? Ja, ik ben al een keer op een kennismakingsgesprek geweest. En ik denk dat het wel pittig wordt en ook wel aan poten wordt. Maar wel op een leuke manier. Dat het wel iets is waar ik ook voor zou willen gaan. Maar goed, dat ik daardoor wel het eerste jaar dat ik daar ben, wel iets harder moet werken dan de mensen om me heen. Ja, en zou je zo'n investering willen en kunnen maken?Ja, maar dan is het daarentegen wel lastig om dan ook nog in een nieuwe omgeving te zitten met al die mensen die je niet kent. Want dan is je werk, privébalans daarmee ineens heel anders. Dus daarin moet ik dan voor mezelf een goede structuur gaan aanbrengen in mijn agenda. Ja. Denk ik, om daar ook ruimte te maken voor mijn privétijd. Dus eigenlijk discipline vereist is vereist. Ja, heb je het voor jezelf discipline of niet? Ik denk het wel, eigenlijk. Heb je voor jezelf een beetje duidelijk gekregen wat voor jou de belangen zijn en wat jij belangrijk vindt binnen een baan? Tijdens het gesprek? Ja, denk het wel. Ja. Wat zou dat zijn voor jezelf? Nou ja, dat ik gehoord word en dat ik in ieder geval mezelf kan laten zien tijdens mijn werk. Ja.Als ik het zo een beetje mag samenvatten aan het einde, dan merk ik vooral dat je het belangrijk vindt om verder te kunnen voor jezelf, voor je eigen ontwikkeling. Dat je niet wil worden tegengehouden in bepaalde ideeën en gedachten die je hebt. Dat er in ieder geval naar geluisterd wordt. En of het werkelijk een keuze wordt gemaakt, dat is dan weer aan het bedrijf zelf natuurlijk. Maar dat je het ook wel spannend vindt om ergens weer wat nieuws in te stappen. Maar dat het uiteindelijk veel voor kan gaan zorgen dat je uiteindelijk gelukkiger wordt en dat je daarvoor wel flink moet investeren. Als ik zou denken, zou dat de overweging moeten zijn voor jezelf die je moet maken. En dan goed bij jezelf blijven en nadenken wat jij zelf zou willen. En zorgen dat je in ieder geval bij jezelf blijft en daar een keuze van gaat maken. Oké.Zijn mijn tips en ik ben heel benieuwd wat je daarin gaat kiezen? Je begon net het gesprek met of ik al zo'n lijstje heb gemaakt op papier. Denk je dat het nog iets is om nog eens te kunnen doen? Dat zou altijd kunnen werken voor jezelf. Maar zoals ik jou nu al praat, zijn vooral de gevoelens die je zelf hebt het belangrijkste. Dus of we daadwerkelijk de feiten die je in zo'n lijstje gaat zetten, daar tegenover zetten, of dat heel relevant is, dat weet ik niet. Dat weet je vooral voor jezelf. Als je zoiets zou doen, moet je niet gaan nadenken of de feiten een directe voor of tegen is. Maar meer het gevoel dat jij bij dat feit hebt en daar de waarde aan geven. Want voor de een kan een loodsvolg voor duizend euro heel veel toegevoegde waarde hebben. En voor jou is blijkbaar het heel veel toegevoegde waarde om.Jezelf te kunnen uiten en jouw ideeën door te kunnen laten komen. Dus als je zoiets doet, ga dan niet een voor- tegen-een-tegen afstrepen, maar geef het lege waarde aan je voor- of tegen- die jij hebt neergezet. Oké. Ja? Ja. Nou, bedankt voor vandaag en tot de volgende keer. Ik zie het wat tuurlijk al voorbij komen. Ik vond het helemaal goed."
antidepressiva.mp3,Psychologische gespreksvoering,NVIDIA Canary 1B v2,37.5,25.486382978723405,62,33.136170212765954,10750.3125,10750.3125,27.193671326630067,"Hé Loon. Hé Kim. Ik wil even iets met je bespreken. Want ik denk ergens nog een tijdje over na. En ik weet niet zo heel goed wat ik moet doen. Oké. Nou ja, tuurlijk kan je dat met me bespreken. Dat klinkt wel serieus. Wat is er aan de hand? Nou het gaat over mijn antidepressiva. Want eigenlijk wil ik ermee gaan stoppen. Oké. Nou ja, je overdonderde me wel een beetje ermee. Ja, je antidepressiva. Ik weet dat je dat wel heel lang slikt. Ja, hoe komt het dat je ineens zou stoppen? Ja, ik slik ze nu al bijna drie jaar.En toen ik ze begon te nemen, was ik echt in een hele depressieve periode in mijn leven. En alles voelde zwaar en hopeloos. Ik had gewoon echt het gevoel dat ik niet verder kon. De pillen hebben me toen wel echt doorheen geholpen, maar ik weet nu niet. Ik voel me anders. Oké, ja. Ik snap dat je daar wel over na hebt gedacht. Kan je mij wel vertellen wat je bedoelt met anders? Ik voel me gewoon niet meer echt zoals ik me toen voelde. Toen ik ze begon te nemen. Het is moeilijk om uit te leggen, maar het is alsof ik afgevlakd ben. Begrijp me niet verkeerd. Ik ben niet meer zo somber als toen, maar het is ook niet.Alsof ik echt blij of enthousiast kan voelen over dingen. Alles is gewoon neutraal en dat kan best wel frustrerend zijn. Soms voel ik alsof ik een deel van mezelf kan crepen. Ja, dat klinkt best wel moeilijk loon. Maar denk je niet dat het soms juist goed is om stabiel te zijn? Want ja, die neutraliteit misschien helpt je ook wel weer om niet weer in zo'n zware depressie te komen. Dat dacht ik eerst ook. Maar naarmate de tijd verstreek, begin ik me af te vragen of ik niet gewoon gewend ben geraakt aan het gevoel van stabiel zijn.Zonder echt te ervaren wat ik wil ervaren. Het voelt een beetje alsof ik niet meer volledig mezelf ben. Weet je, ik kan me de laatste tijd, de laatste keer dat ik echt oprecht gelukkig was, gewoon niet meer herinneren. En daar maak ik me een beetje zorgen om. Ja, Loon, dat klinkt inderdaad best wel moeilijk. Heb je dit ook al met je arts besproken? Want het lijkt me niet echt iets wat je zomaar zelf even kan of zou moeten beslissen. Ja, ik heb binnenkort een afspraak staan. Maar tegelijkertijd wil ik wel met iemand praten die me beter kent, zoals jij.Die begrijpt wat ik doormaak. Mijn dokter ziet me echt maar een paar keer in het jaar en hij ziet het alleen maar medisch. Maar jij ziet me ook wel. Ja, dat klopt wel. Ja, en ik zie ook wel hoe je ermee bezig bent, hoe je een beetje worstelt ermee. Maar ja, ik heb ook wel gezien van hoe ver je gekomen bent. Ja, dat is echt al een paar jaar geleden. Maar ik kan het me nog heel goed herinneren. Want het was best wel moeilijk om je zo te zien dat je zoveel pijn had. En het idee dat je daar misschien wel weer naar terug zou kunnen vallen, in zo'n depressie.Ja, als ik daarover nadenk, vind ik dat toch wel heel erg mooi dat ik. Ja, dat begrijp ik ook. En ik wil echt niet terug naar het gevoel, maar ik vraag me af, als ik niet eens meer echt kan voelen, wat voor leven is dat dan? Wat is het verschil tussen pijn niet voelen en helemaal niets voelen? Ik wil het risico nemen om weer het voelen, zelfs als dat betekent dat ik ook verdriet kan doen. Jeetje. Ja, nogmaals, het klinkt gewoon allemaal best wel heftig. Zeg je nou dat je het gevoel hebt dat je denkt dat je bepaalde emoties niet kan voelen?Nou, precies dat eigenlijk. Ik zie mensen om me heen genieten van de kleine dingen. Zelfs hun verdriet lijkt echt. En ik voel me gewoon afgeplakt. Ik weet dat dat een deel is van hoe de medicijnen werken. Maar soms heb ik het gevoel dat ze me meer wegnemen dan dat ze me helpen. Lone, het klinkt alsof je worstelt met de vraag of het mogelijk is om jezelf terug te vinden. En dan zonder de medicijnen. Maar heb je wel een beetje nagedacht wat er kan gebeuren als je wel stopt? Want het is niet zomaar iets.Er kunnen veel dingen bijkomen, zoals ontwenningsverschijnselen. Ja, en dan is er ook het risico dat je je toch wel slechter kan gaan voelen. Ja, ik heb wel gelezen over de ontwenningsverschijnselen. En daar ben ik ook best wel bang voor eigenlijk. Ik wil niet van de een op de andere dag gelijk stoppen. Maar er is ook een deel van mij dat zegt dat ik op een gegeven moment moet leren om zonder de medicijnen te kunnen leven. Gewoon het leven zelf aangaan zonder dat chemische gangnet. Anders hoe weet ik dan ooit wie ik echt ben.Ja, zoals je het nu zegt, ik begrijp wel wat je bedoelt. Ja, volgens mij wil je gewoon weten wie jezelf bent, wie je eigen ik is, zonder al die medicijnen in je lichaam. Maar ja, dan blijft het toch de vraag, is dat nu wel het juiste moment om dat uit te zoeken? Ja, kijk, je bent net met een opleiding gestart. En ja, je hebt een nieuwe relatie net. Er zijn wel heel veel dingen die heel veel aandacht van je vragen. Ja, ik weet niet of het ooit echt een goed moment is. Want er zullen altijd dingen zijn die druk op je uitoefenen, toch? Misschien moet ik gewoon de sprong wagen.En kijk hoe het gaat. Ik kan altijd weer beginnen als het echt niet lukt. Ja, maar soms. Ja, dat is ook wel. Nee, laat ik het anders zeggen. Zo eenvoudig is dat niet. Kijk, antidepressiva hebben toch wel de tijd nodig om weer volledig te werken. Als je gestopt bent en weer opnieuw wil gaan beginnen. Het is niet echt zoals een paracetamol die meteen werkt. Het kan echt wel weken gaan duren voordat je weer effect voelt als je weer start met de antidepressiva. Ja, en in die tijd kan je toch echt wel heel erg kwetsbaar voelen. Ja, nogmaals, dat wil ik je niet.Zie meemaken. Ja, dat is wel waar. En dat is ook precies waarom ik me zo vastgelopen voel. Want aan de ene kant wil ik stoppen om te zien of ik zonder kan. Maar aan de andere kant ben ik bang voor wat er gaat gebeuren als het niet lukt. Het voelt een beetje alsof ik een soort van vastzit in een gevangenis. Hoe langer ik wacht, hoe meer ik me afvraag of ik ooit zonder zal kunnen. Ja, ik begrijp je zorg ook wel. Dat is één ding wat zeker is.Misschien moet je niet zo denken in termen als voor altijd. Dat is echt niet zo, denk ik. Als je nou denkt aan wat het beste voor jou is nu, op dit moment. Ik weet hoe sterk je bent en wat je allemaal al hebt doorstaan. Dus misschien is het nu inderdaad wel tijd om even stil te staan bij jezelf. En inderdaad ook te overleggen met je arts wat nu het beste is. Je staat er echt niet alleen voor. Bedankt, Kim. Dat helpt me al.Ik voel me zo in twee strijdzones. En ik weet dat jij het beste met me voor hebt. Misschien moet ik inderdaad niet zo ver vooruit denken en gewoon stap voor stap kijken wat er nodig is. Ja, dat is zeker zo. Weet je, wat je ook besluit, Luna, ik sta wel achter je. Ja, dat betekent dat, kijk, als je wilt stoppen, prima, dan gaan we dat samen doen. We komen er echt wat doorheen. En ja, ga je door, is dat ook goed. Ik vind gewoon het belangrijkste is, ja, weet je, ik.Ik wil dat jij je goed voelt. Dat is het belangrijkste. Ik heb wel pijn om te horen. Ik denk dat ik deze week eerst met de dokter ga praten en een plan ga maken. Want ik wil niet overhaast een beslissing nemen. Misschien kunnen we eerst de doses langzaam afbouwen en kijken hoe dat verder gaat. Ja, nou ja, weet je, dat klinkt gewoon als een goed idee. Ja, doe het wel vooral op jouw tempo. Maar niet overhaast. En we gaan het samen doen. En ja, ik vind het fijn dat je hulp vraagt. En dat is altijd oké.Ja, daar sta ik altijd open voor. Dat weet ik. Dankjewel dat je me begrijpt. Ja, Loen, ik doe mijn best daarin om je te begrijpen met alles. En dat zou ik blijven doen. Dankjewel voor je tijd en dat je zo open warm naar me was. Dankjewel. Oké, dankjewel."
studie.mp3,Psychologische gespreksvoering,NVIDIA Canary 1B v2,32.5,25.451832460733005,63,34.45026178010471,10750.3125,10750.3125,24.855028616912577,"Ik ben Martina Eftin-Hijstra, ik ben een assessor op de Hogeschool Leiden. Ik heb begrepen dat jij wat vragen hebt met betrekking tot je studiekeuze en daarom ben je vandaag hier. Vandaag wil ik eigenlijk het doel van het gesprek is om wat meer informatie te verzamelen over wat er precies bij jou speelt en hoe ik jou verder kan helpen, wat de gewenste stappen zijn om je verder te helpen bij je studiekeuze.Oké. Wat wij hier bespreken is vertrouwen, dat blijft tussen ons. Mocht het nodig zijn om gegevens te delen, dan zal ik dat eerst met jou bespreken. Dit gesprek duurt ongeveer een uur, we hebben ongeveer een uur de tijd voor, ik hou de tijd in de gaten. Mogelijk maak ik wat aantekeningetjes voor mezelf, maar die zijn ook gewoon alleen voor mijn eigen gebruik. Nou, vandaag zal ik je wat vragen over de opleiding, hoe dat gaat, eventuele activiteiten die je naast de opleiding hebt, zoals werk of hobby's, sport, je thuissituatie. Dus dat komt allemaal aan bod vandaag en dan aan het eind zal ik kijken wat.Wat dit gesprek heeft opgeleverd en wat we voor je verder kunnen doen. Oké. Is dat duidelijk voor jou? Ja, ja. Maar ik had ook begrepen dat er iets met testen zou zijn. Oké, ja. Nou, het zou kunnen dat we inderdaad dat het nodig is om testen af te nemen, maar dat hangt eigenlijk helemaal af van dit gesprek. Wat er uit naar voren komt, wat het eigenlijk precies jouw vraag is. En mogelijk volger dan testen, dat zal ik dan aan het einde van het gesprek laten weten. Maar het kan ook zijn dat ik je beter kan doorverwijzen, misschien naar iemand anders, of dat we tijdens het gesprek al tot een bepaalde duidelijkheid kunnen komen en dan is het misschien helemaal niet nodig. Oké. Dus vandaag gaan we niet testen, maar dat zou een eventuele vervolgstap zijn.Oké, prima. Goed, dan gaan we beginnen. Kun je iets vertellen over de opleiding, hoe het gaat? Ja, het gaat op zich wel goed. Ik haal mijn vakken wel, maar meestal met een zesje, dat haal ik niet heel erg over, maar ik haal ze wel. Oké, dus je zegt het gaat wel, maar ik haal voldoendes. Maar het zijn niet hele ruime voldoendes. Hoe komt dat? Ik merk toch dat het moeite kost om heel erg gericht met die studie bezig te zijn, om te leren, om die boeken te pakken.Dan besteed je gewoon minder aandacht aan zo'n tentaal en dan hou je lagere cijfers. Dus ik merk dat ik het wel kan, maar ik kan mezelf niet helemaal toezetten. Je kan er niet zo goed toe zetten om echt te gaan leren. En heb je een idee waar dat mee te maken heeft? Hoe dat komt dat je het moeilijk vindt om jezelf daarvoor te motiveren? Het lastige is, ik dacht altijd van toegepaste psychologie, van oké, daarmee kan ik dan mensen helpen. Alleen merk ik dat dat er niet zo heel erg in zit. We moeten een voorlichting maken. Ik snap ook wel dat dat er ook wel bij hoort. Maar ik zou liever mensen echt ook gewoon willen helpen. Ik denk dat dat ook een beetje bezorgd is dat ik het.Dat ik het niet altijd even leuk vind. Dus als ik het goed begrijp, dan voldoet de studie niet helemaal aan de verwachtingen die je vooraf van de studie had. Nee, dat klopt. Ik vind het wel leuk, want ik vind het allemaal heel interessant, alle onderwerpen. Maar met die projecten, dan heb ik zoiets, ja, daar doe ik het niet voor, moet je zo moeten zeggen. Ja, oké. En wat mis je waar je eigenlijk wel van tevoren verwacht had tegen te komen? Waar ben je naar op zoek? Dat je echt mensen kunt helpen. Zoals dit, gewoon dat je in gesprek gaat met iemand om te kijken, wat is dat probleem, waar kan je mee helpen?Dat vind ik het leukst om te doen. Vrienden van mij zeggen dat ik dat zo goed kan. Ik kom altijd naar me toe. Maar dat zit er nu nog niet zoveel in. Dus je zou eigenlijk liever met mensen één op één in gesprek gaan en kijken hoe je mensen zou kunnen helpen. Heb je het ook besproken met je Escobedo-scene? Ja, daar heb ik wel over gehad. Die zegt dat komt nog wel in andere stukken van de studie dat dat aan bod komt. Maar ik merk dat ik het nu zo tegenaan loop dat ik daar nu niks van merk.En hoe lang ben je nu precies bezig met de opleiding? Ik zit nu bij een derde blok. In derde, ja, ja. Dus we gaan een half jaar. Ja, we gaan een half jaar. Goed. Wat is zelf jouw idee over, wat je twijfelt, wat zijn je gedachten op dit moment over je studie en hieraan en verder weer? Of ik dit wel moet doen of dat er niet iets anders is wat dan beter past bij wat ik wil. Want ik zeg altijd het niveau, dat kan ik wel aan, maar ik moet er toch ook wel voor willen inzetten. En ik merk dat het daarin is kort.andere opleidingen beter bij passen, maar misschien is dit ook wel juist wel de beste. Dat vind ik heel lastig. Zonder dit weg te gooien, als dit misschien toch wel goed zou zijn. Ja, dus je wilt eigenlijk nog eens even goed kijken of er een andere opleiding is die beter bij je past. Ja. Waarin je dit element. Of dat dit het is. Of dat dit het is. Goed, dat is me duidelijk. Oké. Dan gaan we verder, dan wil ik je nog iets vragen over wat je eigenlijk je activiteiten naast. Nou, we zijn aan het eind gekomen eigenlijk van dit gesprek. Ik heb genoeg informatie verzameld. Oorspronkelijk is je vraag geweest, past deze studie goed bij mij?Je mist het individuele contact bij de opleiding, individuele gesprekken, mensen echt concreet kunnen helpen. Dus je wil weten, is er misschien een opleiding die beter bij me past? Dat is eigenlijk jouw vraag. Klopt dat? Of een opleiding die beter bij me past, of deze opleiding? Of dat deze opleiding toch de beste keuze is geweest. Of dat er misschien een opleiding is die nog beter past bij jouw interesse. Precies. Goed. Nou, ik ga mijn gegevens verwerken en dan ga ik kijken welke testen ik het beste bij jou af kan nemen om een antwoord te krijgen op deze vraag. Is er een studie die...Misschien beter bij mijn interesses past. Ik ga je daarvoor apart nog een uitnodiging sturen. En dan kan je de testen maken. Op basis daarvan maak ik dan een rapport ervan, een verslag met een advies richting jou. En daarvoor zal ik je dan nog een keertje uitnodigen om dat rapport te laten zien en om je een advies te geven. Oké. En die afspraak komt dan nog? Ja, eerst gaan we maken een afspraak voor de testafname en daarna maken we nog een afspraak om de uitslagen te bespreken. Oké. Is het duidelijk? Ja, prima. Wat de volgende stappen zijn? Ja, zeker. Oké, goed. Dan ontvang je van ons een uitnodiging. Bedankt voor dit gesprek.Bedankt."
GGZ-exposure-therapie.mp3,interviews,NVIDIA Canary 1B v2,41.5,25.520431472081174,92,32.98984771573604,11174.3125,10956.868337563452,19.58249314867972,"In deze aflevering heb ik Maika de gast en zij is psycholoog en ze gaat ons alles vertellen over wat een psycholoog voor jou kan betekenen als je last hebt van een hyperventilatie, paniekklachten, andere stressgerelateerde klachten. Dus welkom Maika, kan je je even kort voorstellen? Ja, dankjewel Nicole. Goedemiddag, goedemiddag luisteraars ook. Mijn naam is Maika Gro, ik ben 38 jaar en ik ben oprichter van Vrijzijn met Eet. Ik begeleid vrouwen met een eetstoornis. En ik heb hiervoor heel lang gewerkt als psycholoog, 16 jaar gewerkt als psycholoog en onder andere ook bij angststoornissen, waaronder dus ook paniek aanvallen, paniekstoornissen, zeg maar, voorkwam.Ja, dus dat is even kort over mij. Ja, ik kan. Fijn dat je tijd vrij kan maken om ons te gaan vertellen wat een psycholoog voor jou zou kunnen doen als luisteraar. Want vaak als je naar een huisarts gaat met deze klachten, met ik heb last van paniekanvallen, angststoornissen of vage onverklaarbare klachten zoals hyperventilatie, dan krijg je vaak een doorverwijzing naar een psycholoog. En wat ik heel graag van jou wil weten is, wat gebeurt er nou eigenlijk? Je krijgt zo'n verwijzing en dan bel je op om een afspraak te maken. En hoe gaat dat hele proces dan eigenlijk in zijn gang?Ja, allereerst zou je waarschijnlijk met de secretariaat aan het worden, ligt overigens aan of we het hebben over een GGZ-instelling of een vrijgestelde psycholoog, dat kan natuurlijk ook nog altijd, daar kan je ook nog met een verwijsbrief naartoe. Maar als het een GGZ-instelling betreft, dan zou je in eerste instantie met de secretariaat een afspraak in kunnen plannen. En vervolgens wordt er dus een intake in gepland, een intakegesprek, waarin eigenlijk zo volledig mogelijk een beeld van jou wordt verkregen. Dus hoe ziet dan jouw panikaanvallen eruit? Hoe vaak komt het voor? Frequentie? Is dat altijd al zo geweest? Of is dat pas geleden gestart? Zijn er andere problemen bijvoorbeeld? Alcoholproblematiek bijvoorbeeld? Dat is een contra-indicatie, noemen we dat. Dus dat betekent dat er eerst aan de alcoholproblematiek gewerkt moet worden voordat we dus aan de paniekstoornis dan eventueel kunnen werken.En zo wordt er dus eigenlijk een volledig beeld gekregen van de persoon om te weten van ja, wat gaan we nou precies doen? En is dat nu ook het moment om de behandeling in te zetten voor een paniekstoornis? Ja, dus ze gaan eerst gaan jullie eigenlijk dan kijken van hé, maar waar komt het een beetje globaal vandaan? Oftewel, wat heb je andere klachten? Bijvoorbeeld ook, misschien zit er een depressie bij of zit er een trauma achter. Dus er wordt eigenlijk even breder gekeken. Misschien zijn er natuurlijk ook veel mensen met PTSS of autisme. Of er wordt eigenlijk gekeken van hé, maar wie is deze persoon eigenlijk? En dan wordt het dus pas een traject in gang gezet. Dus dat wordt dan een beetje op de persoon afgesteld, denk ik. Dus niet een klare oplossing.Nee, dat klopt inderdaad, er wordt per persoon gekeken en ook welke problematiek staat op de voorgrond. Dus als inderdaad andere problematiek op de voorgrond staat, dan dient dat eerst behandeld te worden. Bijvoorbeeld trauma is een goed voorbeeld wat je net noemt. Als dat echt meer op de voorgrond staat, dan moet dat eerst behandeld worden voordat dus dan bijvoorbeeld de paniekstoornis behandeld zou kunnen worden. Dus daar wordt eigenlijk een overwogen keuze ingemaakt. Ja, maar ik kan me ook voorstellen dat als jij dan een afspraak maakt, dat je zelf helemaal niet zo duidelijk hebt waar het dan vandaan komt. En dat in één gesprek zal dat dan ook niet altijd allemaal duidelijk zijn, toch?Wat er op dit moment is aan klachten is meestal wel duidelijk. Dat kan de psycholoog ook vragen met een soort van ja-nee-vragen, bijna van is er sprake van dit? Heb je nog andere klachten? Of loop je hier nog tegenaan? Dat is op zich, kan je dat of bevestigen of ontkrachten. Dus dat is op zich wel helder. Waar het precies vandaan komt, dat is inderdaad niet altijd helemaal helder. Wat bijvoorbeeld uit onderzoek blijkt, is dat vaak de enige samenhang is bijvoorbeeld met verlaten of verlies in de jeugd. Daar komt vaak paniekstoornis, dat heeft daar vaak wel koppeling mee, dat zien we dan vaak.En met agorafobie, dus dat betekent niet naar buiten durven gaan of voor bepaalde plekken, dus ook voor mij dat dat er ook combinatie bij is. Dat zien we dan ook bijvoorbeeld. Precies, ja, de straatvrees. Zien we dat dat vaak dan bijvoorbeeld weer juist gerelateerd is aan problemen met zelfstandig gaan wonen. Dus rond de 20, 30 jaar zo'n beetje ontstaat vaak ook. Maar het is ook soms niet helemaal helder te krijgen waar komt het precies vandaan. En op zich is dat voor behandeling ook niet zozeer relevant. Dus daar gaan we eigenlijk niet heel erg naar graven of wat dan ook. We gaan echt meer in het praktische aan de slag ermee.Maar dat is wel belangrijk, want ik kan me voorstellen dat er ook mensen zijn die denken: nou, ik heb helemaal geen zin om over mijn jeugd te praten. Of ik had best een prima jeugd, dus het is helemaal niet relevant. Of ik heb geen zin om mijn ouders de schuld te geven. Die hoorde ik ook nog wel eens. Dus het is echt niet altijd het geval dat daarin gegraven wordt. Nee, tenminste, bij ons was dat dan met name gewoon heel licht vragen: zijn er nog bijzonderheden in de jeugd? Zijn er nog dingen wat we moeten weten? Want kijk, zou er nou heel ernstige trauma's zijn in de jeugd? Dan is het natuurlijk wel belangrijk om te weten, want dan moet daar misschien op ingegrepen worden in plaats van de paniekstoornis mee te starten, bijvoorbeeld. Maar anders is dat inderdaad.Vooral wordt er gevraagd naar bijzonderheden en wordt er eigenlijk daarmee afgewogen van is de paniekstoornisbehandeling dus nu ook het beste om nu in te zetten. Ook om eerlijk te zijn, want stel dat er een hele heftige trauma is geweest in de jeugd, ja dan kunnen we misschien wel werken op die paniekstoornis, maar als we verwachten dat we het trauma behandelen, dat dan de paniekstoornis vanzelf overgaat, dan heeft het misschien niet zoveel nut om aan die paniekstoornis te werken. Tenminste, dan verwachten we dus dat er meer effect zal zijn door aan het trauma te werken. Maar er kan nog altijd overwogen worden van nou weet je, dan gaan we toch al met de paniekstoornis aan de slag als je niet met het trauma aan de slag wil gaan. En gaan we kijken, maar we zijn wel eerlijk, we gaan kijken hoe ver we daarmee gaan komen.Ja, dus dat gaat wel in overleg natuurlijk. Ja, zeker. Er wordt niks geforceerd sowieso. Het is geen verplichte behandeling of wat dan ook. Dus het is allemaal vrijblijvend. En de cliënt is daar zelf ook bij. Dus die mag zelf inderdaad ook aangeven: Nou, dit is precies wat ik zoek. Of dit is totaal niet waar ik naar op zoek ben. Nee, ja, logisch natuurlijk. Want het gaat natuurlijk om jouw herstel. Dus het is belangrijk dat je daar iets over te zeggen hebt, natuurlijk. Ja, zeker. Soms moet je natuurlijk ook wel het advies aannemen van degene die daarvoor geleerd heeft. Die er natuurlijk in gespecialiseerd is. Ja, zeker. Ja, en tegelijkertijd weten we ook niet alles. Dus soms.Denken we dat het inderdaad dan beter is om aan de trauma te werken. Maar uiteindelijk is de wil zo groot bij de cliënt en de motivatie dat het dan wel lukt om aan de paniekstoornis te werken. Gewoon met het paniekstoornis protocol. En soms zie je dat dat dan weer juist maar voor korte termijn heeft gewerkt. Dus dan zie je dan toch een cliënt weer terugkomen. Dat hij na een aantal jaren dan weer zegt van nou, het is toch weer terug. Het was toch onvoldoende. En dan toch alsnog wel de traumabehandeling doen of wat dan ook. Ja. En wat je benoemt nu, de paniekstoornis protocol. Want stel, we gaan er gewoon van uit dat jij hebt, we hebben natuurlijk over paniekstoornis, maar daar valt hyperventilatie natuurlijk ook onder bij jullie als psycholoog.Is het waar dat we het zo noemen nu? Nou, het is mooi dat je dat zo noemt, want we maken echt wel onderscheid tussen panika-aanval en paniekstoornis. Panika-aanval is echt die kortademigheid, het gevoel hebben te stikken, transpireren, duizelig, beven, trillen op je benen, misselijk. Nou, al die symptomen hoort bij panika-aanval. Maar een panika-aanval, ongeveer bij 23% van de bevolking, komt wel eens een panika-aanval voor. Dus een panika-aanval op zichzelf is eigenlijk niet zozeer het probleem. Het probleem zit er meestal in dat de persoon bang wordt, heel erg.Overmatig bezorgd wordt dat het weer eens voorkomt, die panika-aanval. En dat wordt een paniekstornis. Want dan wordt het hele leven, zeg maar, hoe zeg je dat, opgebouwd rondom het vermijden van dat het nog eens gebeurt. Met behoorlijke angsten enzovoort. Dus daar maken we wel een verschil in tussen, hebben we het over een panika-aanval, hebben we het over een paniekstornis. Ja, en dus vooral de angst voor de angst. En daar komt dan bijvoorbeeld die straatvrees bij. Of het vermijden van de supermarkt. Of dat je niet meer een verjaardag durft. Of auto rijden is natuurlijk ook zoiets wat heel veel volkomt. Precies, dus vermijding komt daar inderdaad heel erg bij voor. Ook veiligheidsgedrag. Dus alleen maar nog met je partner durven gaan bijvoorbeeld.Of dat soort dingen. Of altijd toch een medicatie nemen van tevoren om wat rustiger te zijn. Of dat soort dingen. Dat bevestigt ook weer van, het is inderdaad een angst. Tenminste, het is inderdaad een angstige situatie. Ik kan het alleen maar aan als ik met mijn partner daar ben. Dus dat zijn dingen die uiteindelijk dan ook in de behandeling doorbroken moeten worden. Om te zien van, hé, maar die panika-aanval komt niet altijd voor. Het is inderdaad angst voor de angst. Het is angst om daar dus weer in te geraken. Vaak is dat een soort van controleverlies geweest wanneer dat is gebeurd of wat dan ook. En is vooral grote angst dat dat weer eens voorkomt.En dan hebben we de intake gehad en dan wordt er een plan opgesteld. En wat voor therapie is dan eigenlijk de meest gangbare? Wat voor behandelingen krijg je dan? Ja, dat is best een hele reeks eigenlijk. Allereerst wordt altijd gestart met het registreren. Dus we gaan even bijhouden hoe verloopt dat nou precies, zo'n paniek aanval? Wat gaat er aan vooraf? Is dat in bepaalde situaties? Is dat altijd op een bepaald tijdstip? Of kunnen we daar iets in terugvinden in het registreren? En vervolgens wordt gestart met interoceptieve exposure, heet dat. En dat betekent dat je dus gaat nabootsen van een paniek aanval.En daar hebben we dan bijvoorbeeld meerdere oefeningen voor. Dus dat gaat dan bijvoorbeeld over 30 seconden je hoofd tussen je benen zetten en dan weer heel snel omhoog komen. Of zoveel keer draaien op een stoel. Of heel hard rennen op de plek. Je gaat dus al die sensaties die wel eens voorkomen bij een paniekaanval, ga je nabotsen. Om dus te kijken: hé, kan een cliënt daar dus inderdaad van leren? Van dit betekent niet dat ik.Doodgaat. Dit betekent niet dat ik gek word. Noem maar op wat voor ernstige iets er aan gekoppeld is. Vaak dat dat iets ernstigs betekent. Daar wordt dus aan gewerkt. Tenminste, daar wordt mee geoefend in eerste instantie om te leren dat die lichaamssignalen op zichzelf niet zozeer gevaarlijk zijn. Dus daar eigenlijk een soort van gewenning al aan te krijgen. Als het dan heel angstig is, wordt dat dan altijd gedaan? Of kan je dan ook zeggen: van nou, dit slaan we nu eventjes over, want het zit zo hoog in de angst dat hij dit echt niet wil?Ja, en dan angstig is voor deze, bijvoorbeeld een hart dat sneller klopt, of het warm krijgen, of het trillen op de benen. Dat bedoel je dus dan angstig? Ja, inderdaad. Als je dit al hoort, je denkt van, nou ik ga niet naar een psycholoog, want dan moet ik dat gevoel opwekken. Ja, er zit heel veel spanning al, dat je denkt, nou dat begin ik niet aan. Ja, snap ik. Wat eigenlijk dan gebeurt is, we gaan het niet vermijden, want juist die vermijding zorgt ervoor dat je juist bevestigt van, ja, een harder kloppend hart, dat betekent dat ik doodga. Dus eigenlijk als we dat meegaan in die vermijding, die vermijding bevestigt eigenlijk jouw.Nou ja, gedachten, jouw gedachten daarover. Dus het doorbreken gaat echt met het doen. Maar we kunnen zeker kijken of we het dus misschien wat korter kunnen maken. Dus dan hebben we niet over 30 seconden hoofd tussen de benen bijvoorbeeld, maar dan doe je het maar twee seconden. Zeg maar wat, dan begin je gewoon heel licht. En op die manier dat heel langzaam dan verhogen. Dus dat is dan wel een mogelijkheid. En altijd kan er ook gestart worden met wat dan wel gedurfd wordt. En dan kunnen we dan kijken naar datgene wat echt wel spannend is. Overigens is wel datgene wat dus juist spannend is belangrijk om dan wel te gaan herhalen. Het is niet van het één keer, dus twee seconden je hoofd tussen je benen te hebben gedaan en dan dus die sensatie van bijvoorbeeld misselijk in het hoofd.Doordat je vervolgens nooit meer te doen in je leven, dat je dus gaat leren van er gebeurt inderdaad helemaal niks als ik een beetje misselijk voel in mijn hoofd. En we kijken dan ook heel erg van tevoren van wat verwacht je dat er gaat gebeuren? Ga je flauwvallen, wat dan ook? Oké, hoe ziet dat er precies uit? Want dan hebben we het niet alleen over een gevoel van flauwvallen, want ja, misselijk voelen in het hoofd kan heel erg verward worden van ja, dit is ook wel een gevoel van flauwvallen bijvoorbeeld. Nee, wat is flauwvallen precies? Nou, op de grond liggen eigenlijk, dus echt gevallen zijn. Dan pas kunnen we zeggen, nou, dit was echt inderdaad, nu ben je echt flauwgevallen. En dan gaan we dus continu naar zo'n oefening kijken van is er gebeurd waar je nou eigenlijk voor vreest? Nou, wat eigenlijk nooit gebeurt.Vooral flauwvallen gebeurt pas wanneer jouw bloeddruk verlaagt, juist, en niet verhoogt. Dus dat eigenlijk nooit gebeurt wat gevreesd wordt. Dus daarmee kan je eigenlijk de verwachtingen teniet doen. Dus door zo vaak oefenen te hebben merken van ja, eigenlijk gebeurt het niet. Waardoor dus ook in jouw hoofd dus hersteld wordt die verwachting die jij hebt opgeslagen. En daarmee dus uiteindelijk dus ook dat kan gaan doorbreken. Overigens is dan ook de volgende stap, dus het gaan doen. Dus door middel van gedragsexperiment of exposure in vivo.In de realiteit. Dus nu hebben we het over gehaald over oefeningen, die dus zorgen dat je die symptomen oproept. Maar uiteindelijk ga je dus ook in het werkelijke leven, dus bijvoorbeeld ook oefenen. Dus bijvoorbeeld als je bang bent, dus bijvoorbeeld dat het in de trem gebeurt, dat je dus dat je dan misselijk wordt en dat je dan flauwvalt en een panika-aanval krijgt of wat dan ook. Dan gaan we dus oefenen met dus ook in de trem stappen en kijken of dat dan weer gebeurt. En of je dan ook werkelijk inderdaad de panika-aanval hebt gekregen. Ja, maar dat gaat geleidelijk aan natuurlijk. Het is niet bij de eerste behandeling meteen dat je je op.In die tram of in die drukke supermarkt of in de auto op de snelweg zetten. Dat gaat natuurlijk heel geleidelijk, stapje voor stapje. En het gaat dan echt om dat je vertrouwen leert krijgen weer in je lichaam. Dat er niks gebeurt, dat er echt niet iets heel ernstigs is. En waardoor je dan stapje voor stapje dat vertrouwen krijgt. En het dus ook dan steeds die exposure therapie wat verder gaat uitbreiden. Ja, zeker. En dat is inderdaad ook, het gevoel moet dan ook langzaam meegaan. Het gevoel is altijd wel lastig, want soms weet je het met je hoofd. Ja, ik weet dat het inderdaad niet echt gaat gebeuren. Maar het duurt altijd wat langer voordat dat gevoel ook meegaat. Het is helaas altijd het geval dat je hoofd gaat sneller dan je gevoel. Dus de angst.Het kan nog steeds wel opkomen, ondanks dat je met je hoofd weet van ja, maar dit kan eigenlijk niet meer. En daarvan geldt dat echt het doen, het blijven oefenen. Dus het is niet door thuis achter een geranium te gaan zitten dat het dan opgelost wordt, maar het is echt door het gaan doen dat je dus gaat merken van inderdaad, er gebeurt helemaal niks. En dan gaat jouw gevoel dus dat ook mee. Dus die angst gaat daardoor dus ook verminderd worden. Je zou het eigenlijk ook een beetje kunnen vergelijken met een kind dat valt van de fiets. En na het vallen van de fiets gaat hij nooit meer op een fiets zitten. Nou, zijn angst voor een fiets wordt dan enorm groot, want het laatste wat hij opgeslagen heeft is die val voor die fiets. En die verwacht alleen maar als ik weer op een fiets ga zitten, dan val ik weer.Maar terwijl als je hem dan direct na zo'n val weer op de fiets zet en de dag erna weer op een fiets, dan wordt het een van de vele herinneringen. En het is één keertje gebeurd, maar het is ook vele keren niet gebeurd. En daardoor krijgt het kind wel vertrouwen, zeg maar, van ja, meestal gebeurt het niet. En zo werkt dat dus met angst. Ja, want soms is er maar één keer iets gebeurd en dan slaat dat heel erg vast in ons systeem. Terwijl het al honderden keren dat het wel goed is gegaan. En toch blijf je dan angstig voor die ene situatie. Het is heel bijzonder hoe dat werkt eigenlijk in ons systeem. Daar gaan we het niet over hebben, want dan zitten we nog twee uur te kletsen.We gaan het nu even over de praktische kant hebben. En dan heb je dus over exposure therapie. Zijn er ook nog andere? Krijg je dan nog meer oefeningen en dingen om te doen? Zij, een dagboek bijhouden. Tenminste, ik noem het altijd een dagboek bijhouden. Eentje opschrijven. Wanneer treedt het op? Wanneer gaat je kijken of je patronen kunt herkennen? Ja, dus het registreren van je paniekaanvallen. Daar start je eigenlijk mee. Dus dat is aan het begin, daar meer inzicht in krijgen. En verder is dan ook nog wat stukje wat meer cognitief uitdagen. Dus echt meer kijken van, nou, wat voor gedachten heb je daar nou bij? En helpt het je echt om zo te denken? Klopt het ook deze gedachten?En dat ga je dan vervolgens in het doen, dus inderdaad. Dus dit is vanuit de CGT, de cognitieve gedrachtstherapie, hoe deze dus aangepakt wordt. Ja, nou, ik vind zelf cognitief wat het best wel een lastig woord is. Dus ik kan me voorstellen dat je luistert en je denkt, nou wat betekent dat nou eigenlijk? Wat is het, dat betekent nou in gewoon jeep, Janik het al. Ja, ja, ja. Nou, het is cognitief gedrachtstherapie, dus dat zijn ook echt wel twee verschillende woorden. En cognitief betekent dus inderdaad in het hoofd, wat speelt zich in gedachten af. En dat dus aanpakken. En het gedrag is dus ook echt in het doen.En juist die combinatie van die twee, dus zowel de gedachten uitdagen als het ook echt in het doen gaan veranderen, blijkt dus super effectief te zijn. Dus de cognitieve gedachtstherapie zijn vaak ook de therapie, de meest effectieve therapieën voor de meeste stoornissen. Ja, dus het is echt niet zo, want vaak vroeger, vooral dachten we, je gaat naar een psycholoog en dan moet je alleen maar praten over wat je dwars zit en wat er allemaal speelt. Maar eigenlijk noem je het, het is eigenlijk een hele actieve therapie. Je bent er wel bezig, er zal natuurlijk ook veel gepraat worden. Ja, het ligt er wel aan wat voor psycholoog je hebt, want je hebt diverse therapeuten. Dus de psycholoog die werkt volgens.De cognitieve gedrachtstherapie, CGT, die werkt dus inderdaad op die manier. Maar je hebt bijvoorbeeld ook therapeuten die meer op de psychotherapie zitten. Die zullen dan wat meer op het praten zitten en het graven naar het verleden en dat soort dingen. Dus het ligt echt wel aan wat voor therapeut je hebt en wat voor therapie dat is. Maar de cognitieve gedrachtstherapie staat echt voor inderdaad zowel uitdagen van de gedachten. Hoe denk je erover en helpt dat je nou vaak dus niet. En dus hoe kan je anders leren denken? En kloppen je gedachten überhaupt wel? En het ook gedragsmatig anders gaan handelen. En hoe.Dus natuurlijk, ook misschien heb je daar, er is helemaal geen antwoord op, maar hoe lang duurt dan gemiddeld zo'n behandeld traject? Nou, vaak staat daar zo'n beetje elf sessies voor, volgens het protocol. De GGZ houdt zich daar ook vaak wel echt wel aan. Dus die hebben ook wel een soort van maximum aantal sessies wat ze kunnen besteden. Dus dat is een beetje wel de leidraad. En is dat dan gemiddeld meestal één keer per week? Of is dat om de week? Of ga je juist vaker? Ga je bijvoorbeeld twee keer in de week? Of is dat echt afhankelijk van de persoon? Dat zal meestal één keer per week zijn. Dat kan misschien per instelling nogal verschillen, maar meestal zal dat één keer per week zijn.Dan gaan we bijvoorbeeld naar de tram, want als dat jouw situaties waar hij heel erg spannend vindt, ik kan me ook voorstellen dat ik al zei, supermarkt, auto rijden. Maar gaat de psycholoog dan echt met je mee in die situatie? Dat kan zeker. Dus er zijn psychologen die dat doen, dat is niet allemaal, maar er zijn psychologen die dat doen, dus die met jou meegaan. En dat is overigens dan wel voor het begin. Dus bijvoorbeeld, het kan ook zijn als je angst hebt voor lift, in de lift dat zoiets gebeurt. En er is een lift dus ook in het gebouw waar de psycholoog zit. Nou, dan waarschijnlijk gaat die psycholoog jou dan voorstellen van, joh, ze zullen het ook even gaan oefenen en ik ben bij, ik ga je hierbij begeleiden.En dan in eerste instantie zal dat dan met een psycholoog zijn, maar uiteindelijk.Zoals met de, ik durf het alleen maar met mijn partner. Het moet niet alleen maar zijn dat je dan alleen maar durft met de psycholoog. Het moet uiteindelijk ook dat je straks zelfstandig op eigen benen kan staan en dat ook durft zonder de psycholoog. Dus het is als een opstapje als het ware om dat te leren. Het kan overigens ook zijn, sommige psychologen werken daar dus ook mee, dat ze dan via beeldbellen dan bijvoorbeeld aanwezig zijn. Dan bel je ze even in op het moment dat je normaal bijvoorbeeld de sessie hebt. Jij bent dan op dat moment bij de metro en je gaat daar dan je oefening doen terwijl de psycholoog erbij is. Metro is overigens wel een lastige, want vaak heb je daar dan niet goed gevraagd. Dat je zegt, oh, maar dat is wel iets wat ik nog wat kwijt wil.Het is vooral dus inderdaad, ik denk dat we het belangrijkste besproken, dus echt de angst voor de angst, dat is echt vooral wat een paniekstoornis is. Want nogmaals, panika-aanvallen komt dus bij 23% van de bevolking voor. Dus vrij normaal is dat eigenlijk wel. Alleen andere mensen die merken misschien dat er iets gebeurt, maar die hechten er niet zoveel waarde of niet zoveel angst. Het wordt niet zo'n angstencomponent als het ware. Dus het wordt vooral belangrijk om dat als wat meer normaal te bekijken. En dus echt inderdaad door het doen. Dus het vermijden is ook echt een voeding voor angst.Een voorbeeld kan ik ook geven voor degene die angstig is voor spinnen bijvoorbeeld. Als die telkens de kamer uitrent zodra hij een spin ziet, die bevestigt ook ontzettend dat die spin een ontzettende monster is. Terwijl het moment dat hij beslist, oké, ik ga niet de kamer uitrennen, ik blijf gewoon zitten in de kamer bijvoorbeeld. Ja, dan merkt hij, die spin die beweegt helemaal niet. Er gebeurt eigenlijk helemaal niks engs. Eigenlijk is het misschien wel zelfs op een gegeven moment een beetje saai, want ja, die beweegt maar niet en jij zit er maar naar te staren. Dus dan ga je dus beseffen door te doen van, er zit geen werkelijke angst. Het is allemaal in mijn hoofd, maar in werkelijkheid is dat niet zo angstig.Dus dat is vooral ook een belangrijke om. Want vaak weten we verstandelijk best dat die spin je niet opeet. Dat je als er wat is, dat je best die supermarkt uit kan rennen. Dus er zit best wel veel. Je weet het vaak wel. Ja. Er zit daar dat stemmetje in je hoofd. Je zegt ja, maar wat als je het heel erg opblaast. En in dat geval, als je dat dus herkent van jezelf. Dat je dingen bent gaan vermijden. Dat je dingen niet meer durft. Of dat je het wel doet. Maar met heel veel spanning in je lichaam. Dan is het natuurlijk gewoon echt heel goed om toch eens een doofverwijzing te halen voor een psycholoog. Ja, zeker. Die kan je er echt heel goed doorheen begeleiden. Dus dat maakt het een stuk makkelijker dan dat je het alleen gaat doen.Nou, bedankt. Ik denk dat het heel duidelijk is voor iedereen van wat een psycholoog met vooral cognitieve gedrachtstherapie kan betekenen. Als je last hebt van hyperventilatie, maar ook van paniekstoornissen. Ja, want ik denk net als ze, is er nog iets wat je toe wil voegen? Of is het voor mij hebben we alles wel echt besproken? Ja, in de notendom hebben we inderdaad wel besproken hoe dat een beetje gaat binnen de cognitieve gedrachtstherapie, de behandeling. Mooi. Nou, dan wil ik je heel erg bedanken voor je tijd en je moeite en voor al het delen van deze uitleg. Maika, kun je je volgen onder de naam? Dat gaat ze zelf allemaal even opnoemen.Vrij zijn met eten, dus dat is inderdaad rondom de begeleiding die ik bied voor vrouwen met een AIDS-stoornis. En je kunt mij momenteel op Facebook en op Instagram vinden, op Vrij zijn met eten. De link zal nog toegevoegd worden onder de podcast. Zeker. Dus als je hier vragen over hebt, dan mogen ze zeker natuurlijk ook contact met jou opnemen. Zeker weten. Mooi. Nou, heel erg bedankt voor je tijd. En jij bedankt als luisteraar om weer te luisteren naar ons."
interview-113.mp3,interviews,NVIDIA Canary 1B v2,37.5,25.425877192982473,63,35.35964912280702,11174.3125,11174.3125,22.539171248388833,"Hallo viewers. Ik zit nu bij 113 met Maike tegenover mij. Maike is psycholoog bij 113. En jullie houden zich bezig met de vullenvragen die binnenkomen. Ja, dat klopt. Hoe komen de bellers of de mensen met jullie in contact? Via ons telefoonnummer, dat is 0900-0113. Die vinden ze soms op de website. Dat is ook voor de hand legend www.113.nl. Of soms hebben ze ons voorbij horen komen op de radio via een commercial en dan hebben ze ons nummer gehoord of de website gehoord. En zo kunnen ze ons vinden en kunnen ze alleen bellen. Nee, ze kunnen ook chatten.Ook via de website. Er staat dan ergens bovenin, wil je nu hulp? Met een wolkje met chatten. Dan ga je daar klikken en dan kom je meteen in een chatroom. En op dat moment is er iemand die dan meet je. Ja, dat is het idee. Dan zijn er vrijwilligers beschikbaar die dan de chats aannemen en ook de telefoontjes. Komen er veel hulpvragen binnen? Ja, er komen best wel wat mensen binnen. Op sommige momenten van de dag is het drukker dan op andere momenten van de dag. Dan hebben we het bijvoorbeeld vooral voor avonds en nachts. Overdag is het soms wat rustiger, maar soms kan het overdag ook heel druk zijn. Maar we hebben in ieder geval op elk dagdeel wel ongeveer zeven of acht mensen die echt in de lijnen zitten.Nou ja, zo druk is het dus wel. Ja, dat is het. En zijn dat lange gesprekken? De chatgesprekken duren ongeveer een uur, dat is het streven, maar het kan ook korter. Het hangt er een beetje vanaf wat de vraag is. De telefoontjes een half uur, maar ook dat kan korter. Stel dat iemand nu in nood verkeert of zichzelf al iets heeft aangedaan, is het zaak om het kort te houden zodat iemand 1-2 kan bellen. Ja. Kun je iets vertellen van met wat voor vragen mensen komen? Ja, dat kan. Dat is echt heel erg uiteenlopend. Dat varieert van meisjes die het slachtoffer zijn geworden van sexting en zich ontzettend schamen omdat die foto de hele school rond is gegaan tot...Van oudere mensen die ongelooflijk eenzaam zijn tot mensen die opgenomen moeten worden of in een opname zitten of mensen die in een instelling zitten en niet opgenomen worden. Ja, kan. Of die wordt aangedaan om opgenomen te worden omdat het echt niet goed gaat. En die daarvan van ellende niet meer weten wat ze moeten doen en daardoor sociale gedachten hebben. Dus het is echt... Alle leeftijden en alle soorten problemen komen bij ons voorbij. Ja, dat lijkt me aangrijpend. En krijgen jullie ook cultuurspecifieke vragen? Ja.Wat ik daarover kan zeggen, wat ik zelf daarin meemaak, is eerder dat je merkt dat in sommige culturen er anders wordt omgegaan met bijvoorbeeld praten over emoties. Dat daar een beetje een taboe op ligt, dat mensen dat moeilijk vinden. En dat je daarom ook moeilijk kan praten over jezelfmoord gedachten als jongere bijvoorbeeld met je ouders. Of als het in bepaalde culturen niet oké is om homoseksueel te zijn. Dat je daar niet over kan praten en dat je daar zo door in de knoop zit met jezelf dat je suïcidaal wordt en dat je daar dus ook weer niet over kan praten. Wat voor adviezen geven jullie aan mensen? Bijvoorbeeld, je noemde net een meisje die op school dan met...een seksschandaal te maken krijgen. Dat dan alles kan gebeuren. Wat vinden jullie de betekenis voor zo iemand? Ja, het hangt er sowieso een beetje van af hoe oud zo iemand ook is. Dus als het gaat om iemand die minderjarig is, dan proberen wij zo snel mogelijk ervoor te zorgen dat iemand er een volwassene bij betrekt. Dat kan een ouder zijn, maar dat kan ook een docent zijn of een mentor of een lievelingstante. Maar ze zijn een beetje vertraagd. Precies, want als je het hebt over die meisjes die het slachtoffer zijn van seks, dan zijn die vaak wat jonger. En dan proberen we zo snel mogelijk daar iemand anders bij te betrekken. Want wij kunnen het hebben over die zelfmoord gedachten, want we zitten natuurlijk op een afstand, want we zien die mensen niet. Dus we proberen altijd wel zo snel mogelijk aan te sturen op nog wat meer hulp van buitenaf.Maar die moeten ze ook zelf benaderen. Ja, nou ja, als het om een minderjarig is, probeer je er een volwassene bij te betrekken die dichtbij staat. Terwijl die samen met dat meisje in dit geval was. Maar dan hebben jullie contact met de volwassenen? Nee, we hebben daar geen contact mee. Dat probeer je gewoon door die persoon zelf te laten. Ja, dat is de bedoeling. Het is belangrijk dat mensen dat zelf doen. En dat is ook omdat wij garanderen anonimiteit en vertrouwelijkheid. Wij weten niet wie jij bent en daar gaat het ook niet om het bemoeien met mensen om de mensen heen. En dat zorgt er juist voor dat mensen ook naar ons toe durven te komen met die problemen. Omdat het zo anoniem blijft.En zijn er bepaalde leefgebieden die eruit zien waar men het meest kwetsbaar is? Situaties waarin mensen verkeren, bedoel je dan? Ik denk dat het belangrijkste is toch wel eenzaamheid. Dus als iemand heel erg alleen is en zich niet verbonden voelt met anderen, dan zijn mensen heel erg kwetsbaar. En zijn dat meer oudere mensen? Want noemde je dat van... Dat kunnen ouderen zijn, maar dat kunnen ook jongeren zijn die gepest worden of die weinig vrienden hebben bijvoorbeeld. Iedereen kan natuurlijk eenzaam zijn. En zijn het ook dan per se zoomen?Bijvoorbeeld met eenzaamheidsproblemen. Nu gaan we naar de winter toe. Donkere maanden, veel mensen die toch vaak thuis blijven. Is het in die periode meer de eenzaamheid? Ja, daar durf ik niet zo heel veel over te zeggen. Eigenlijk, je zou verwachten rond periodes zoals kerstmis bijvoorbeeld dat het dan ongelooflijk druk is. Maar daar kan je niet zoveel over zeggen. Het blijft het hele jaar een beetje hetzelfde. Het is in de lente bijvoorbeeld net zo druk als in de winter. Oké, dus dat is niet zo druk. Je zou denken het wordt donker, het regent, het weer is somber, misschien is dat dan. Dat maakt mensen ook somber. Maar in de lijnen zie je daar niet zo heel veel verschil in. Dus niet zij zijn zo opgebonden of zo.En hoe kunnen jullie hun ondersteunen, mensen die met hulpvragen komen? Nou, in eerste instantie heb je dus de crisislijnen, waar mensen in eerste instantie naartoe bellen of waar ze met vrijwilligers kunnen chatten. Die gesprekken heb je, maar die gesprekken zijn in principe eenmalig. Mocht iemand dan daarna nog meer hulp nodig hebben, dan kan iemand zich aanmelden voor therapie, ook via onze website. En dan kom je met een van de psychologen in contact. Maar dan ook online. Ook online, ja, via de chat, via de telefoon of via de mail. Dat mag iemand zelf kiezen wat die persoon zelf het fijnst vindt. En dan heb je maximaal acht gesprekken met een vaste psycholoog.Waar je dus ook al meer tijd hebt om uit te zoeken wat er nou precies aan de hand is en hoe je kan leren omgaan met jezelf, met je gedachten en alles wat eronder zit. En lukt het in die acht sessies die jullie hebben met de mensen om iemand weer op een andere gedachte te brengen? Ja, soms wel. Soms heb je er maar vijf nodig. Soms is het zo dat je acht sessies doet en dat je denkt, nou het lijkt me verstandig als je ook nog eventjes naar de huishoudstaat en je aanmeldt bij een therapeut, zodat je wat face-to-face contact hebt. Maar dat verschilt heel erg. Ja, oké. Wat zou jij zeggen tegen degene die het moeilijk hebben, maar niet durven te bellen of contact op te nemen met 1-unit.com?Ja, als je het zo moeilijk hebt dat je echt aan zelfmoord denkt, zou ik je toch willen vertellen. Ik weet dat het heel erg moeilijk is, maar wij zijn er bij Enemarie. Wij weten dat praten over zelfmoord helpt. En je bent anoniem, het is een veilige omgeving. Dus we treden niet naar buiten met wat jij vertelt aan ons. Dus ik zou toch zeggen, neem de stap, want je hoeft het niet alleen te doen. Dankjewel Maike. Dank je wel. Nou, kijkers, jullie hebben gehoord, wat je vraag ook is, er is altijd wel iemand die hier staat om een antwoord op te geven. Dus zit je met iets, kun je altijd contact opnemen met 1in3.nl."
kpni-arts.mp3,interviews,NVIDIA Canary 1B v2,39.0,25.44378957623017,66,34.7476863127131,11182.3125,11178.62910983926,21.42820801472452,"Jij bent KPNI-therapeut. Laten we daar eens even beginnen. KPNI, waar staat het voor en wat doet een therapeut? Klinische psychoneuro-immunologie. Klinische psychoneuro-immunologie. We zeggen ook wel eens voor de grap direct. Klinische psychoneuro-social, endocrino-neuro- en alle disciplines die je kunt bedenken, worden bij elkaar gehaald. Dus het is ook evolutiegeneeskunde. Het gaat over de sociale context waarin mensen leven. Eigenlijk is het idee, een beetje parallel aan de functional medicine uit de Engelse-Amerikaanse literatuur, dat we de mens veel meer als een functionele eenheid moeten zien.En ook functionerend in een groter geheel. En dat al de dingen die daarin gebeuren op een gegeven moment bepalen of we gezond blijven, zeker ziek worden. Het lichaam is steeds bezig om te reageren op alle uitdagingen die er op ons afkomen. Dat kan het nieuws zijn, psycho-emotionele factoren, je relatie, sociale situatie. Pas een stukje te lezen over de risicofactoren om ziek te worden als je meer of minder verdient bijvoorbeeld. Los van leefstijl, dat is uitgefilterd. Maar als je wat meer verdient, heb je onmiddellijk een verhoogde kans om langer te leven. Dit geeft overigens getallen uit Amerika.Om aan te duiden, we proberen alle factoren die een rol spelen bij het functioneren van de mens, bij elkaar te zoeken of te rapen en van daaruit na te denken over hoe functioneert de mens en wat gaat er mis als we ziek worden. Want je zei ook in de ecologie, dus we hebben het over hormonen, emoties, sociale relaties, het hele psychosociale functioneren, hoe hormonen en hersenen daarop reageren, maar ook hoe daar ook alle invloeden kunnen zijn van voeding en beweging. En hoe dat uiteindelijk leidt tot een bepaalde manier van functioneren van het immuunsysteem.In principe om ons te beschermen, maar als we te lang bescherming nodig hebben, worden we daar weer ziek van. Dus als we te lang moeten zoeken naar een balans, dan kost dat te veel energie. En dan moeten we gaan schuiven met die energie. En dan kan het wel eens zijn dat het immuunsysteem langer meer energie nodig heeft, waardoor onze hersenen wat minder krijgen. En dan worden we moe, om maar simpel te zeggen. Zijn dat ook een beetje. Want ik heb natuurlijk één de grote vraag. Maar ik vind het ook wel leuk om even in te zoomen op dat stukje praktijk. Als je dat hoort, denk ik, dat moeten alle huisartsen toch ook weten.Hoe ver staat dat daarvan af van wat in de reguliere gezondheidszorg bijvoorbeeld gebeurt? Gelukkig zijn er steeds meer artsen die ook in deze discipline werken. Dus ik geef ook les op verschillende opleidingen en daar zien we steeds meer artsen-specialisten binnenkomen, apothekers, psychologen. Dus ook vanuit de reguliere wereld is er heel veel interesse in deze manier van denken. Het grote probleem is denk ik dat er twee praktische dingen zijn. In een huisartspraktijk heeft 10 minuten tijd. En ik ben de eerste keer anderhalf uur met iemand aan het praten. Daarna kun je misschien zien of iemand een kernontsteking heeft die antibiotica nodig heeft. Of een kernontsteking die.vanzelf overgaat of de virus is dat soort dingen en de huisarts is dan veel meer een filter geworden van dingen door laten gaan naar een ziekenhuis of het gaat vanzelf over of met een pilletje maar echt de onderliggende oorzaken van problemen boven water halen dat is heel lastig in die setting en het tweede probleem is denk ik een wetenschappelijk probleem dat we er steeds mee achterkomen dat mensen vooral chronische klachten krijgen omdat er misschien wel tien dingen tegelijkertijd mislopen en we zijn heel erg gewend om in de wetenschap één op één te denken dus je hebt een longontsteking heel interessant want op een gegeven moment kwamen we erachter dat de longontsteking kwam door een bacteriePrima, dat is mooie wetenschap, want dan konden we later ook middelen ontwikkelen om die bacteriën dood te maken. En daarmee hebben we de longontsteking opgelost. Mooi. Maar deze manier van denken wordt bijvoorbeeld ook gebruikt als we kijken naar Alzheimer. Dat is toevallig een project waar ik nu mee bezig ben om te kijken wat we preventief kunnen doen bij Alzheimer. En dan zie je dat er misschien wel veertig dingen mis kunnen gaan, die allemaal in een bepaalde verhouding tot elkaar kunnen leiden tot Alzheimer. Maar dan wil je dat gaan onderzoeken en dan zie je dat de behandeling bestaat uit misschien het geven van vitamines, in ieder geval voeding aanpassen, meer gaan bewegen, zorgen dat de stress opgelost wordt, misschien giftstoffen, de darm heel belangrijk bij alle hersenproblemen. Dat gaan we allemaal tegelijkertijd doen.En dan is er, in ieder geval nu in Amerika, een kliniek waar mensen zo behandeld worden. En dan gaat het heel goed mee met die mensen. Dus relatief scoren die heel goed. Alleen elke onderzoeker zegt, ja, maar u doet tien dingen. Ik weet niet wat het gewerkt heeft. En dat is een manier van denken die nog heel erg in die wetenschap zit. Waar we even doorheen moeten. Want we moeten op een andere manier naar het effect van behandelingen kijken. Gooi alles er maar op wat je hebt. Waarom niet? Ja, en we zijn natuurlijk gewend om allemaal losse puzzelstukjes te onderzoeken. Terwijl er misschien wel dertig puzzelstukjes zijn die samen het totale plaatje maken. Nou, dan ben ik absoluut op de goede plek. Want dat wist ik stiekem al wel.Ik vraag me namelijk af, niet of er een verband is, want dat snap ik ook wel, maar of jij mij dat kan verhelderen in het beeld waarin stress, maar ook trauma, depressie, verslaving en ADHD aan elkaar gelinkt zijn. Dat is groot. Dat besef ik ook. Maar misschien dat we dat een klein beetje kunnen ontrafelen, want dat is een bepaald patroon. Dat zijn volgens mij ook symptomen in de symptomenhoek, een beeld wat denk ik vaak. Er zit wat overlap in, maar je wil niet.Alle ADHD-patiënten zijn hetzelfde. Maar goed, het beeld, volgens mij is het. Bij depressie zeker. Wat we begrijpen is dat als je. Stress is op zich, want je vraagt eigenlijk van: wat is de invloed van stress en trauma? Als je kijkt naar dat systeem, want ik maak de podcast natuurlijk met name voor mezelf, maar ook voor mensen die. Er zijn zoveel van dit soort gelijke patronen. Ja, ik weet dat ik een stressgevoelig systeem heb. Ik weet dat als ik niet goed op mijn voeding let, heb ik er ook last van mentaal. Dus het is een soort van samen kruis. Het is niet dat ik, oh, het label ADHD of.En verslaving, ik heb het eigenlijk nog niet eens bijgezegd, maar gevoeligheid, impulsiviteit. Dus dat beeld, het is niet, oh, ik ben verslaafd of ik ben super gestrest of ik heb een burn-out, maar dat zit wel. Het zijn een beetje de restanten van die symptomen wat zo samen clustert. En ik denk dat dat in een soort van stressgevoelig systeem zit, wat misschien getriggerd is door trauma. En ook misschien wel trauma in het immuunsysteem. Daar was ik gewoon een beetje naar aan het zoeken: van, god, ben ik naar de juiste dingen aan het kijken? Of zie ik misschien wel iets over het hoofd wat hier nog misschien bij zou moeten? Je moet eerst realiseren wat stress is. Ja.In de volksmond wordt stress altijd als iets negatiefs gezien, maar stress is in principe een van onze belangrijkste overlevingsmechanismen. Het is te koud, je lichaamstemperatuur zou te veel dalen, daar word je van bewust, dat is een stressor. Je wordt je bewust en je gaat de trui aan trekken. Dat is een normale reactie op prikkels van buitenaf, op stressoren. Kunnen prikkels van binnenuit zijn, je energie is op, je moet gaan eten, dus dat is ook een vorm van stress. Maar dat zijn allemaal de normale stressoren. Zelfs als er een man met een geweer binnenkomt, moeten we handelen, of je duikt onder de tafel, of je doet iets, je moet in beweging komen om een probleem op te lossen. Dus elk probleem wat ons uit ons evenwicht zou kunnen brengen.Vraagt om een reactie en dat is het spel tussen stressoren, het probleem en de stressreactie van ons lichaam. Dus de stressrespons die het moet oplossen. Een soort call to action. Hallo, dan moet iemand iets oplossen. En daar zijn we constant op een onbewust niveau, op orgaan niveau en op celniveau mee bezig. Dat dringt niet door, dus dat is eigenlijk niet wat we dan met stress bedoelen. Maar op het moment dat je daarvan bewust wordt, dan wordt het een stressmoment en dat vraagt op een oplossing. Nou, prima. Niks mis mee. Kunnen er een aantal dingen gebeuren? Het eerste wat we zien in onze moderne wereld is dat stressoren niet meer.De lading hebben die ze vroeger hadden: koud, honger, acuut gevaar. Nee, stressoren zijn allemaal dingen die langzaam in ons achterhoofd blijven hangen. Van het boekje van Rutte Brechtman, ik moet het nog lezen, maar ik heb het besteld. Van dat het water komt. Ik kan me voorstellen dat sommige mensen die net in Amsterdam een hele hoop geld hebben besteed aan een nieuw huis. dat die daar enigszins gestrest van raken. Maar je kunt het niet oplossen. Het blijft hier achterhoofd zitten, blijft malen. En dat is een heel simpel voorbeeld. Op heel veel niveaus tegenwoordig stressoren zijn, psycho-emotionele stressoren. die te lang aan blijven houden en die ons te lang in een stressstand kunnen houden. En dat snapt het lichaam niet goed.Af en toe acute stress aan en uit, prima. Maar chronische stress gaat het probleem worden. En dus ook stress, hoort je zeggen, die we misschien niet zelf op kunnen lossen, waardoor dat maar blijft hangen. Dat is natuurlijk het grote probleem. Als ik geen geld meer heb en ik moet schulden betalen, dan kan ik mijn huis verkopen. Dat is een oplossing. En dan ga ik kleiner wonen en dan is het opgelost. Maar sommige dingen kun je echt niet oplossen. Dus dat maakt dat we in onze moderne wereld andere stressoren hebben, die ook op een wat andere manier in ons lichaam werken, maar ons wel altijd alert houden. Dus er is constant wel bepaalde mate van spanning. Soms voel je dat ook in je buik. Dan heb je dat onrustgevoel, anxiety, dat soort mechanismes, een beetje angstig zijn. Dus dat is.De moderne wereld. Een ander interessant punt is dat we juist die klassieke stressoren, waar we eigenlijk heel goed mee kunnen reageren, vlucht-de-vecht-reactie, het is niet leuk, maar we kunnen het wel goed. Als het koud is, kunnen we thermoreguleren. We gaan trillen, we gaan het schildknie harder laten werken. Je gaat bewegen eventueel, of eten, dat zijn allemaal manieren om weer warm te worden. Hebben we het nog wel eens echt koud? Dus we hebben alle vervelende stressoren uit onze geschiedenis een beetje weggehaald. We leven in een comfortzone. Dus we gebruiken ook ons stresssysteem nooit meer op de klassieke manier.In ieder geval bij een aantal mensen te leiden tot ook een steeds minder goed reageren op al die psycho-emotionele stress. We kunnen het niet meer aan. Het stress een beetje mee onderuit of zwakker maakt of zo. Ja, dus wat we zien als je naar de onderzoeken kijkt, is dat af en toe een keer gezonde stress het stress systeem aanzet, maar daarna ook helemaal uit. Terwijl die chronische aanhoudende stress ons stress systeem constant een beetje aanlaat. En dat klopt niet. Dat is een factor die speelt. En wat we dan vervolgens zien, is dat als je een beetje de pech hebt.Dat je vroeger in je leven veel stress hebt. Of misschien wel stress overneemt van vorige generaties. Of van je moeder tijdens de tijd dat je in de barmoeder zit. Of vlak na de geboorte. Dat jouw stresssysteem gaat anticiperen op het gegeven dat je vroeger in je leven veel stress hebt meegemaakt. Als je dat heel simpel vertaalt, dat betekent dat veel stress vroeger in het leven. Ik zal straks wel zelfstandig in een gevaarlijke wereld moeten overleven. En wat gebeurt er dan met je stressgevoeligheid? Die wordt sterker. Dus je gaat sterker reageren op al die psycho-emotionele ruis die er nu in onze omgeving zit. Dus dat maakt dat je sneller in die stressstand schiet.Dus dat is wat we een early life stress noemen. Dat kan ook echt een traumatische ervaring zijn vroeger uit je leven. Want hoe, sorry dat ik je ongemerkt heb, die early life stress, klinkt heel flauw misschien, maar hoe hevig moet of kan die zijn voordat daar echt iets structureel ook op later leeft dat je daar dan last van gaat krijgen? Er is een vragenlijst ontwikkeld, een gevalideerde lijst, die kun je invullen als persoon, of bij mijn klanten doe ik dat soms. En dan heb je indicatie van nou, dit is wel echt een optelsom van een aantal stressoren, die de kans duidelijk vergroot dat je een gevoelige stress heeft. En dat is dus niet een subjectieve perceptie, maar echt dingen die je zou kunnen. Het zijn natuurlijk objectieve gebeurtenissen.waarbij natuurlijk hoe je dat subjectief ervaart wel een rol speelt. Dus verhuizen is een stressor. Niet zo'n hele grote. Geslagen worden als kind, misbruikt of verwaarloosd, dat zijn grotere stressoren. Gepest worden, dat zijn dingen die als het allemaal zo voor je twaalfde, vijftiende gebeurt, een spoor kunnen achterlaten. Dan heb ik stressbingo, denk ik. Ja, dan heb je pech. Ja, nou ja, niet helemaal bingo, maar ja. En uiteraard kunnen nog het latere leven, echte, hele grote emotionele stressoren, gewoon traumatische ervaringen, je kunt ook dat stresssysteem blijvend veranderen, waardoor je steeds gevoeliger wordt voor stressoren. Ja, geweldig.En in de poging om steeds maar weer dat evenwicht te zoeken, om die stress uit te zetten, verliezen we heel veel energie. Je probeert eigenlijk steeds weer tot rust te komen, maar dat lukt niet. En dat maakt dat je in een soort energiebalans zit, waarbij de batterij eigenlijk steeds een neiging heeft om leeg te lopen, en er niet meer genoeg tijd is om die aan te vullen, om die weer op te laden. Is het zo dat dat stresssysteem, als dat dan is, sneller of langer en vaker aangaat, dat dat een soort van ergens dat je daar energie weglekt, dat die batterij waar je het over had, dat dat eigenlijk continu, dat je eigenlijk nooit helemaal tot rust komt, dat je ook niet optimaal opgeladen bent? En hoe uitziet dat in relatie tot die.Dingen zoals depressie of spastische darmen, niet eens genoemd. Bijvoorbeeld, de darm reageert heel sterk op stress. Als je je spanners mee gaat maken en je examen doet. Siri wil er natuurlijk mee voor meer. Je luistert mee, je wordt constant afgeluisterd. Die buik speelt een heel belangrijke rol bij stress. En bij langdurige stress verandert ook de darmflora om energie te leveren om die stressvol te houden. Want dat is ook steeds de uitdaging in een systeem wat steeds in die stressstand staat, moet er energie zijn. Wat je sowieso ziet is dat er energieverschuiving is. Dus dat energie gaat naar het stresssysteem en niet naar andere systemen. Dat kan je al moe maken.Wat zijn er andere systemen? Bijvoorbeeld je spieren, je hersenen, je immuunsysteem. Dat zijn allemaal dingen die wat verwaarloosd kunnen worden. Herstel van weefsel, wanneer herstel je van inspanning? Als je nog in de stressstand staat of als je ontspannen bent. Dus je gevrichten, je pezen moeten herstellen in rust. Belangrijk slaap, slaap heeft een belangrijke rol omdat je groeihormoon maakt en melatonine speelt er ook een rol. Maar ook gewoon gedurende de dag moet je rustmomenten hebben. Wanneer verter je je eten goed? Als je aan het rennen bent voor een leeuw of dat je gewoon rustig, veilig in je omgeving zit en je hebt even de rust om te eten, dan haal je ook voldoende energie uit je voedsel.En heb je een slechte spijsvertering, dan heeft dat meteen weer invloed op hoe je darm functioneert. Want je krijgt onverteerd voedsel in je darmen, maar dat gaat rotten en gissen. Dus dan zie je dat al die dingen in elkaar grijpen. En in de stressstand is adrenaline eigenlijk het overheersende hormoon, als je het simpel zegt. Cortisol probeert dat ook steeds weer te compenseren of daar een bijdrage te leveren aan de stressreactie. Maar adrenaline is het meest zichtbare ding. Dat zet je hartslag in een wat hogere stand. Dus je gaat meer energie in je spieren, je hartslag, je gaat meer zuurstof transporteren, je bloeddruk gaat omhoog. Maar als dat te lang duurt, krijg je daar natuurlijk allemaal klachten van.Je spierspanning gaat omhoog als je wilt vluchten. Ja, dat doet het, denk ik. Precies, hè? En dan kun je gewoon echt spanningshoofpijn van krijgen. Toen ik als fysiotherapeut werkte, heb ik denk ik een kwart van de patiënten die had spanningshoofpijn. Dus dan ging je neck lekker masseren en dan ging het weer een beetje beter als het goed was. Ja, ja. Dus die stress proberen we steeds uit te zetten. En dat kost ook energie. En daar gaat bijvoorbeeld serotonine een belangrijkere rol spelen. Serotonine is een stofje wat mee kan helpen om de stress wat te reguleren. Maar als je dus veel stress hebt, maak je je serotonine op richting het reguleren van de stress. En kan het op termijn leiden tot depressie.Het is heel ingewikkeld, want dat werkt bij iedereen weer een beetje anders. Er zijn veel variaties in, maar dat is een mechanisme bijvoorbeeld. En ik zei depressie, maar als ik het even helemaal op mezelf betrek, want ik kan natuurlijk alleen maar even spreken nu vanuit mijn casus, is dat dystemie. Dus niet zozeer een klinische depressie, maar eigenlijk een algehele verlaagde stemming. En als ik dat verhaal hoor, denk ik, klinkt heel logisch dan of zo eigenlijk. Maar als er veel gevaar is en je hebt weinig energie, is dan niet ook een depressieve stand een beetje een bescherming? Je even terugtrekken, van ik moet even weer tijd hebben om te herstellen. Maar als je niet kunt herstellen, omdat er steeds weer nieuwe stressoren bijkomen of ze worden niet opgelost.Dan is dat dus op een gegeven moment jouw staat van reactie op de situatie. Ja, ja, ja. En dan de link met bijvoorbeeld ADHD. Want dat lijkt een beetje een soort van vreemde eend in de mix dan. Als het gaat over energie. Maar toch zit die daar wel in volgens mij. Ik denk dat je moet nuanceren wat voor vormen van ADHD je hebt. Je hebt echt ADHD-klanten met een afwijking in de hersenen. Waar gewoon de bedrading waarschijnlijk wat minder goed is. En de delen minder goed met elkaar communiceren. Maar je hebt ook mensen die hooggevoelig zijn. Ik denk dat dat een andere categorie kan zijn.Er zit altijd overlap in, dat maakt het ingewikkeld. Maar wat je natuurlijk ziet als je in de stressmodus staat, dat er in ieder geval registratie is van er is gevaar, er is iets aan de hand. Wat moet er dan gebeuren met je zintuigen? Ja, die staan op scherp. Dus je ziet alles, je hoort alles. Dus er komt ergens, je hoort ergens voorbij lopen en meteen is je aandacht daar naartoe. Dus weg van het gesprek wat we voeren als je in die stand staat. Dus het gevoelig worden voor prikkels heeft ook zeker met stress te maken. Maar dat is logisch, je weet, de Beekse bergen zijn hier vlakbij. Dus ik heb opnieuw gehoord dat de relay ontsnapt is en dat die richting Tilburg is gegaan. En als ik dan hier naar de supermarkt loop.Zou het slim zijn om iets alerter te zijn? Die kans is natuurlijk relatief klein, maar als voorbeeld, als je weet dat er gevaar is, dan hoor je alles beter, dan zie je alles sneller. Zelfs heb je het idee dat er iemand achter je staat, dat je dat gevoel kent, dat je denkt van wat is er achter me aan de hand? Zo'n hoge gevoeligheid kun je op een gegeven moment krijgen door chronische stress. En misschien ga je ook wel reageren op geuren. Dat je de geur van iemand tegenover je oppikt en dan het gevoel krijgt wat is er met die persoon aan de hand? Is die misschien angstig? Is die depressief? Dus mensen kunnen heel veel sferen oppikken en dat zou.Theoretisch zal het met geuren te maken kunnen hebben, want onze neus wordt ook veel gevoeliger bij stress. En wat is dan, want daar had ik eigenlijk nog nooit zo over nagedacht, het verschil of de relatie tussen dan echt de klassieke ADHD, de bedrading in je hoofd? Want daar herkende ik mezelf ook heel niet in. Ik heb ooit wel die diagnose gehad, toen dacht ik, ja. Als ik dertig denk, ik zal eens een keer naar een psycholoog gaan en ze even vragen wat die naar me wil kijken. Maar dat hooggevoeligheid.Misschien was dat ook nog niet helemaal duidelijk tien jaar geleden toen ze dat bij mij vaststelden. Wat is het grote verschil tussen die twee in symptomen te zien? Is dat te herkennen vanuit de buitenkant? Ik denk dat je dat kunt herkennen aan de testen die je kunt doen. En misschien ook aan de manier waarop je reageert op de medicatie. Ik denk overigens dat alle twee groepen wel goed kunnen reageren op de medicatie. Omdat die vaak een bepaalde energieverandering in die hersenen teweegbrengen. Waardoor je je meer kunt focussen. Dat er meer energie naar die prefrontale cortex vooral gaat. Waardoor je de impulsen uit gaat zetten.Wat zei je, durf je te beantwoorden? Want ik weet of ik dan dingen door elkaar ga halen. En voor de mensen die dan met dat soort klachten zitten, die raken dan niet aan. Ja, nee, dat moeten we absoluut niet willen. Daar was ik niet in bedoeling. Even zij voor, ja. Want ik herken wel, wat zei je dat, het impulsieve en het gevoelige. En zo kan ik hem ook wel aan verslaving linken, want dat is ook een manier eigenlijk om te dealen met zo'n systeem. Want ADHD, in ieder geval de ADHD-medicatie op mij heel kort gaat, het deed me niks, maar toen had ik al veel te veel gefeest. En toen had ik heel veel vervelende associaties met het gevoel wat het opriep. Dus ik heb dat ook helemaal nooit gedaan.Zijn daar nog verbanden te zien of patronen in te herkennen? Dat dat soort mensen ook eerder gelast hebben van een verslaving bijvoorbeeld? Ik heb net al serotonine genoemd als belangrijke neurotransmitter. Ook dopamine speelt een grote rol. Die vooral uitgeput kan raken door langdurige stress. En dopamine geeft je een beetje een fijn gevoel. Zo van, ik heb goed gewerkt, ik heb een fijn gesprek gehad. En dat geeft je een soort beloningsgevoel. Dat was goed. Maar als dat een beetje gaat ontbreken, dan kun je dat gaan compenseren met verslaving. De meeste verslavingen doen iets met het dopamine systeem. En dan pak je.Je glaasje wijn s'avonds en dan denk je, oef, lekker. Of pak je sigaretje. Of je werk. Of je werk. Je kunt heel veel verslaving hebben. Dat is helemaal niet substantie te zijn. Je kunt ook aan gokken verslaafd raken. Bijvoorbeeld. Of een beetje neurotisch verzamelen van papier om je heen. Maar dat. Ik denk dat dat veel verslaving te maken kan hebben met het offline kunnen gaan. Heel veel mensen die in die stressstand blijven, die blijven online. Die telefoon is ook wel een beetje aan mee. Dat is ook vervelend. Dat je altijd maar eigenlijk bereikbaar moet zijn. En dat moet reageren. En zo kom je nooit even tot echte ruststand. Maar dat dan drugs.verslaving daarbij kunnen helpen. En dat is natuurlijk bij het. Een glasje alcohol doet dat heel duidelijk. Even offline gaan. Ja. Nou, uit ervaring doen, dat is precies wat drugs voor mij hebben gedaan. Dus even het numbing, eigenlijk gevoel. Ja. Hoe gek het ook klinkt, want ik heb lang, lang kleden hoor. In best een periode ook cocaïne gebruikt. En dat is met name echt iets om op stap te gaan en sociaal. Ik was het liefste alleen thuis. Ook weet je wel, zo lekker atypisch. En dan denk ik, oh, maar dat dat en dan de rest van de week was het gewoon een beetje. Je bent wat afgestomd. En dat was eigenlijk best wel prettig. Terugkijkend, toen had je natuurlijk totaal niet door wat er gebeurde.Dat is natuurlijk de grote vraag: hoe breng je zo'n stressgevoelig systeem? Ik kan natuurlijk naar mijn trauma kijken en naar psychoanalyse, er zijn natuurlijk heel veel, of via voeding. Wat is een beetje een richtlijn om me aan te houden? Of is dat echt heel individueel verschillend welke ingang het beste is? Ja, dus dat is natuurlijk de vraag even herhaald: wat kun je eigenlijk doen bij mensen die in die stress trance staan en er last van krijgen? Ja, die zo'n stressgevoelig systeem hebben dat ze er last van hebben. Heel algemeen kun je zeggen dat als er meer gevaarssignalen zijn.Omdat er veiligheidssignalen zijn dat het systeem onder druk staat. En dat is heel algemeen. Dus alles wat voor jou als gevaar wordt ervaren, zet je in de alertheidsstand. Maar omgekeerd, als jij met je familie of met vrienden ergens bent, dan kan je je ook heel veilig voelen. En dan zie je heel vaak dat die stress uitgaat. Dus het is veiligheid, rust ten opzichte van gevaar. En je kunt op een gegeven moment aan de ene kant zeggen, ik ga de gevaarsignalen weghalen. Of aan de andere kant, ik ga rustignalen inbouwen. En dan is het lastig, want de mensen met deze klachten hebben vaak langer.Dus dat systeem staat al lang in die stressstand. Dus er is al... Je ziet het vast in. Precies. Dus. Wat je dan ziet is dat de input. En dat je kunt dat, denk ik, best zien als de hypothalamus. waar al die informatie binnenkomt. Dat wordt in sommige artikelen ook interessant gezien als een soort. de governor of health. Dus een soort. van directeur in jouw. of CEO in jouw hoofd. die het beleid bepaalt. Oké. Alle informatie komt binnen. Gevaarssignalen, veiligheidssignalen. En al die informatie samen moet leiden tot een beleid. Een overlevingsstrategie.Ik zie niet wat zit er met zo'n memorandum. Precies, precies. En die... Dus zolang de gevaarssignalen overheersen, blijf je in die stand staan. Dus je kunt aan de gevaarssignalen kunnen werken. Soms is uitleggen hoe dingen werken al een begin van rust. Vertellen dat het logisch is dat als je wat dingen mee hebt gemaakt vroeger in je leven, dat je daar later last van hebt, dan gaat de lading soms weg. Soms was reframing, dus dat je het op een andere manier in je eigen hoofd, in je eigen verhaal inbrengt in de gebeurtenissen. Dus je kunt sommige dingen constant als negatief blijven zien, maar misschien hebben ze je ook wel gevormd. En misschien ben jij wel...De vrouw geworden die je nu bent, dankzij de ervaringen. Kan dat ook positief zijn? Zo zijn er allerlei manieren om daarmee om te gaan. Het is mooi dat je dat als eerste zegt. Want dat is eigenlijk iets wat gewoon insublimenteen kan met pure denkkracht. Dus uitleggen, een beetje NLP-achtige technieken kun je daarbij gebruiken. Reframing is dan een term die daarvoor gebruikt wordt. En aan de andere kant kun je veiligheid bieden. Soms raken mensen in een sociaal isolement. Als je alleen bent, is elk gevaar ook iets wat jij zelf alleen moet oplossen. Dus als je alleen bent, verhoogt de stressstand.Eenzaamheid is een van de meest ziekmakende factoren in onze moderne wereld en dat wordt steeds erger. Oké. Wel tegenstrijdig inderdaad, want het systeem wil zich terugtrekken. Want dat is, hoe, dat herken ik ook heel erg. Nog steeds, maar ik vind het ook wel fijn nu. Maar tegelijkertijd heb je dan ook eenzaamheid wat potentieel op de doel ligt. Dus de goede balans daar vinden is een belangrijke. Dus je moet niet het gevoel hebben dat je er alleen voor staat, want wij zijn als menselijke soort een beetje zwak, we zijn kwetsbaar. Dus we hebben de groep nodig om te overleven. En dat is ook in onze, omdat we dat goed konden, die sociale vaardigheden konden ontwikkelen, hebben we ons waarschijnlijk ook ontwikkeld zoals we nu functioneren. We zijn sociale wezens, we zijn groepswezens.Uiteraard kan dat soms te veel energie vragen, dus dan heb je een tijdelijke terugtrekgeflex, maar dan zie je vaak dat dat niet de oplossing is. Maar ergens bij horen bij een club, bij een vriendenclub, het kan ook de tennisclub zijn, wat dan ook. Het gevoel hebben dat je er niet alleen voor staat, is een veiligheidssignaal. Maar ook mensen laten voelen, dat zijn vooral de therapieën die ook met dat lijf wat doen. Dus haptonomie, massage, soms acupunctuur, wat dan ook. Ik vraag me wat haptonomie eigenlijk is. Het leren voelen van waar de spanning in je lichaam zit.Heel veel stress vertaalt zich naar lichamelijke spanning. En deze spanning houdt de stress ook weer aan de gang. Ja, want dit geeft ook een signaal van: oh, er is iets aan de hand. Er is iets aan de hand, want je zit zo. Van stress krijg je een hoge hartslag, maar van hoge hartslag krijg je een stressprikkel. En wat we zien is dat dat meestal praten over een trauma maar een klein deel van het probleem oplost. Het hangt ervan af hoe je met iemand praat. Maar dat bijvoorbeeld het leren ervaren dat het lijf ook tot rust kan komen, ook een manier is om het systeem langzaamaan in een blijvende ruststand te krijgen. Dus de grote trauma-onderzoekers op dit moment.De nervusvaag is en die heeft dan verschillende takken. En een van die takken registreert veiligheid en die registreert ook ontspanning in je lichaam. De nervusvaag is dat die helemaal van boven naar buiten komt. Als je hem op je achterhoofd drukt, komt hij naar buiten. Nee, die gaat naar je spijsvertering toe. Ademhaling en spijsvertering zijn de belangrijkste functies. Maar dat is ook het systeem wat aangaat als we tot rust komen. En door dat te ervaren en dus in de ruststand te komen, zie je dat langzaamaan, dat systeem zegt: oké, maar.Het kan veilig zijn, dus ik hoef niet altijd aan. Als je dat maar op een bepaalde manier kunt trainen en vaak toe kunt passen, dan ontstaat er een nieuwe balans. Maar het lastige is dat dat wel wat tijd nodig heeft. Dus wat mindfulness bijvoorbeeld kan doen, allerlei yoga, meditatievormen. Je hebt neurofeedback en ook hartslagfeedback en hardmat, waarbij de hartslagfrequentie wordt geregistreerd en dat kun je gewoon op je iPhone of op je computer terugzien. En met dat systeem kun je dan trainen en langzaam leren om in een ontspannendere toestand te komen. En ook te voelen hoe dat voelt en dat dan ook vaak op te zoeken. Ja, interessant. Ik moet ook meteen aan Jan Bommeré denken. Ik weet niet of dat in naam jou wat zegt.Er is veel over flow geschreven. Oké, ja. En die gaf ook, ik heb ook een workshop gevolgd waarin hij het ook over de nervusvages had, loslaten. En hij is nu een boek aan het schrijven over trauma. Dus dat zit volgens mij ook heel erg in deze. Super interessant, heel actueel, nodig, fijn. Ja, precies. Die nervusvages, kan je daar misschien ook, want dat is misschien wel een interessant knooppunt dan daar. Wat is dat precies? Het is een van de hersenzenen. Ja. En die nervusvages wordt gezien als de rustkant van het autonome zenuwstelsel. Een autonome zenuwstelsel is een ding wat helemaal voor zichzelf werkt, dus dat werkt zelfstandig. Dat is mijn ademhaling. Hartslag, dat is mijn ademhaling.Dan heb je de adrenaline kant en de bijniere stresskant die reageren op gevaar. En die nervusvages gaat aan als het gevaar weg is. En dan ga je je spijsvertering op gang, die gaat rustig en dieper ademhalen. Dus eigenlijk in de yin-yang van de stressreactie is dit de yin en de adrenaline is de yangkant. Tot rust komen. En omdat de meeste stress in onze westerse wereld vooral gedachten zijn, wat zal er morgen gewoon niet fout gaan, wat nu aan de hand is, wat kan er morgen gebeuren, zijn meditatietechnieken waarbij je je gedachten uitzet en je ademhaling reguleert. Dat zijn technieken waarmee je de nervusvages aangaat.En dan kom je in een ontspannen stand. Gaat je hartslag naar beneden, je bloed gaat naar beneden, je immuunsysteem mag weer aan het werk. Dus al die dingen die gaan beter functioneren. En die hardnet, want ik heb toevallig in zo'n workshop bij Jan Bommeré dat geoefend. En ook had hij die ene iemand voor de groep dat aan het doen met inderdaad dat metertje. Je denkt, ja, wat is dat nou? Maar dan zie je dat is van heel erg staccato. Want het was een uitslag, een grafiekje, die je. Ik weet niet wat het dan precies is, wat is dat meten? Maar toen gingen we die meditatie doen. En dan zag je dat dat in plaats van een heel chaotisch streepje, werd het een heel mooi, mooi neurosclerosis. Wat de nervusvarus ook doet, is de hartslag reppen. Dus er is een rem op de hartslag.En als je ontspannen bent en je ademt rustig, dan gaat de hartslag met de inademing omhoog en met de uitademing naar beneden. Maar naar beneden doet hij alleen maar als een nervus vagus actief is. Anders blijft hij wat hoger, dus dan zakt hij niet goed weg. Dat kun je vrij makkelijk meten met een sensor op je oren of op je vinger. Het wordt even omgerekend in een algoritme en dan krijg je daar een kleur of een beeld. Voor kinderen kun je ballonnetjes laten vliegen. Dus als je ontspannen bent, dan zie je alle ballonnetjes omhoog gaan. Ja, echt? Ik wil de kindervariant zien. Er zit een standaard hopper als je het normaal schaft. Dus wat hij eigenlijk doet, dat apparaatje registreren of die hartslag mooi meegaat met je ademhaling.En als dat zo is, dan ben je coherent. En als dat niet zo is, dan betekent dat dat je nog misschien wel rustig ligt te ademen, maar ondertussen ligt te bedenken wat je morgen allemaal moet gaan doen. En als je dat gaat doen, leuk om ermee te experimenteren, dan merk je ook zelf, als ik dat zelf doe, dat ze gauw mijn gedachten weggaan, misschien beginnen ze blauw of in het rood. En dan moet die weer even terug naar gedachten uit en dan komt die weer terug. Ja, ja, ja. En dus dat is eigenlijk een feedbacksysteem. En dan kan je zelf ermee conditioneren. Ja, en wat ook een beetje controleert of je ook echt in een ontspannen stand komt. Want soms komen mensen zeggen, ja, ik kan heel goed ontspannen hoor. En ik mediteer elke dag een uur, maar ik zit elke dag een uur aan het pikken eigenlijk. Dat zou kunnen, ja. Ja, bij wijze van spreken.Oh, daar ga ik eens even. Nu ik dit zo hoor, denk ik. Nog genoeg motivatie om het weer even op te zoeken en het misschien wat toe te gaan passen. En die ervaring van rust en dat rustvoelen in je lijf, dat is weer een begin van herstellen van een nieuwe balans. Ja. Hoe? Want ik kom een beetje uit de voedingshoek, de vitaliteitshoek. En dan wordt heel erg, oh, eet maar gewoon gezond. Op miraculeuze wijze word je helemaal alweer topfit. Zijn daar nog specifieke dingen over te zeggen over de relatie met voeding en stress in je immuunsysteem?De afgetreden paden nog een keer opnieuw bewandelen, maar misschien zijn er wat nieuwe inzichten of wat speerpunten die relevant zijn. Eén ding wat interessant is, is dat na verloop van tijd, als je zo lang de tijd onder stress staat, dat ook de hersenen anders gaan functioneren. En dat je ook echt anatomische veranderingen ziet in de hersenen. Een van de belangrijke gebieden is de prefrontale cortex, waarmee we complexe dingen doen. En die ook onze impulsen remt.Angst ergens voor hebt, dan kan je met die prefrontale cortex dat nog een beetje remmen en ervoor zorgen, ja, dat valt al mee, weet je. Dus dat dempt een beetje die emoties. En dan heb je de amygdala, de amandelkern, waar woede, angst, agressie zit. Negativiteit, negatief op jezelf gerichte emoties zitten daar heel sterk. En je hebt de hippocampus, waar je geheugen zit. Dat zijn drie gebieden die last hebben van stress. De prefrontale cortex verliest verbindingen met andere delen van de hersenen, dus we kunnen minder goed complexe dingen doen. Als je echt een burn-out hebt gehad, dan weet je wel hoe die computer werkt. Maar eigenlijk, het vertalen naar een handeling wordt dan heel moeilijk.Dus die functie verdwijnt wat. Amygdala gaat overheersen, dus je krijgt een steeds korter lontje. En alles wat er gezegd wordt, ga je op jezelf betrekken, want er is gevaar, dus ik moet mezelf beschermen. En heel vervelend, de hippocampus die haalt het geheugen een beetje onderuit. En de hippocampus produceert ook nog stofjes, een beetje op falium lijkende stofjes, die de stress ook helpen uitzetten. Dus je komt in een stand te staan waarbij de rem op emotie weg is, emotie wordt steeds sterker, mijn geheugen wordt steeds slechter, ik kan ook steeds minder goed functioneren. En de hippocampus met zijn falium kan hem niet meer helpen om tot rust te komen. Dat noem je een soort wind-up reactie.Daaruit komen is lastig. Wat we nu bijvoorbeeld zien met voeding is dat de hersenen natuurlijk energie nodig hebben. En om dingen te veranderen, om weer nieuwe verbindingen te maken, kost ook heel veel energie. Dus we moeten ervoor zorgen dat er veel energie naar die hersenen gaat. En nou is het paradox dat koolhydraten en suikers kort een klein beetje energie aan die hersenen geven, waardoor we ons wel goed voelen, maar op lange termijn eigenlijk de energiebalans in die hersenen verstoren. En ook elke keer als we eten, kost dat energie aan de hersenen. Dus als we iets, soms merk je dat ook, na het eten word je moe. Dan is er energie naar die spijsvertering nodig, gaat dat kosten van de hersenen.Dus wat zien we nu met herstel van hersenen na stress, maar ook na trauma, of misschien ook zelf wel bij mijn neurodegeneratieve ziektebeelden, dat veel koolhydraten eten, veel suikers eten stoort, dat vaak eten stoort. En dat dus misschien het regime wat nu populair is, dat intermittent fasting, voor dit soort dingen heel goed kan werken. En dat zie je wel echt dat het heel veel energie kan opleveren. En dan is er meer energie beschikbaar voor de hersenen. Die hersenen worden ook eigenlijk een beetje getriggerd om weer energie op te eisen. Als er echt te weinig energie is, worden die hersenen gewoon even gestrest. Maar dat is een gezonde stress en daardoor gaan ze meer energie vragen. Net als de koude douche even.En dan zie je dat die energiebalans weer kan herstellen en die hersenen weer kunnen veranderen. En dan komt het geheugen gewoon weer terug. Die hippocampus kan ook weer groeien. Niet alle delen van de hersenen kunnen makkelijk groeien, maar deze delen prima. Maar ook later, in 40, niet later, maar ook in deze fase. Heel veel vrouwen in de overgang, die verliezen een groot deel van die hippocampus. Dat is gewoon hormonaal ook. Maar dat herstelt zich weer. Niet altijd 100%. Maar ook daarin zien we, als je dan maar gaat vasten, af en toe weer keren, glucose, stress voor die hersenen genereren, dat er te weinig energie is, dat dan die systemen weer veel beter gaan functioneren. En dan komt het weer terug.Maar er moet wel een noodzaak voor zijn. De hersenen moeten wel het gevoel hebben: ja, ik moet weer veranderen, omdat er een noodzaak voor is. En om fit te worden, hersenen fit maken, hersenen weer herstellen kost energie. Waarom zou je dat doen als het niet nodig is? Dus je moet een soort druk op dat systeem leggen: van oké, er is nu honger, ik moet in beweging komen, ik moet helder worden, ik moet de juiste beslissing nemen. En dan zie je dat de hongerstress eigenlijk leidt tot een reparatieprogramma in de hersenen, waardoor oude cellen verdwijnen, er weer nieuwe stamcellen uit gaan groeien, er weer nieuwe verbindingen gemaakt worden. En als je dat doet met combineren met bewegen, nuchter bewegen, is die prikkel nog veel sterker.En dat is iets wat op dit moment heel veel onderzocht wordt en waar hele goede resultaten gezien worden. Ja, ook als ik gewoon meer een beetje puur filosofisch nadenk, gewoon wij mensen hier nu, je moest ook eerst in beweging komen voordat je je eten kon maken. En waarschijnlijk had je pas ergens op het eind van de dag, als alles gedaan was, iedereen weer terug op het kamp. En dan had je je grote maaltijd en dan was je ook veilig, want dan was iedereen terug bij het kampvuur. Dus het voelt voor mij heel logisch nu om gewoon pas later op de dag te eten en pas echt s'avonds mijn grote maaltijd te doen. Helemaal tegengesteld, dan werd je ooit gescheurd. Oh, drie keer per dag. Frans, s'avonds niet te zwaar. Zes keer per dag, weet je? Ja, zelfs. En daar zit de gedachte erachter was wel logisch.Met de kennis die we toen hadden. Maar ik denk toch dat het een beetje anders ligt en dat het helemaal niet zo erg is om af en toe een keer hongerstress te hebben. Je moet niet te weinig eten over een bepaalde periode, maar je moet misschien feesten en vaste afwisselen. In het weekend gewoon een lekker biertje drinken en een keer pizza eten. En door de week weer een paar keer vaste. Hoe lang dat vaste is, het meest standaard is natuurlijk, om bij te overslaan is heel gemakkelijk. Soms zegt ze wat langer, waar ik nog niet helemaal, want ik heb er ook wel meer mensen over gesproken, is het verschil tussen mannen en vrouwen. Dat vond ik toen in de literatuur ook heel weinig over terug. Mogen vrouwen ook gewoon.Vaste en kunnen die ook langer vasten of is ons systeem daar toch misschien wat minder goed voor? Of misschien is dat wel gewoon details die er eigenlijk helemaal niet te. Nou, een beetje, weet je, heel veel vrouwen gaan vast om af te vallen en dat werkt bij vrouwen veel minder snel. Dus die frustratie komt dan van, weet je, ik ben al een maand lang, twee keer in de week eet ik maar één keer op een dag en ik ben nog maar een paar ons afgevallen. Nou, dat heeft te maken met hormonen en met balans tussen spieren. Dus dat je met je stress toevoegt en dat systeem. Dus dat dat je doel is, maar als je kijkt naar fit worden en die hersenen beter laten functioneren, dus dat mist uit je hoofd gaat, dat gaat bij vrouwen ook goed. Dus daar zie je niet zo'n groot verschil in.En hoe lang je dan moet vasten, er zijn verschillende regimes. Afhankelijk van wat je doel is, zul je soms wat langer moeten vasten en soms is 16 uur optimaal. Voor ingenieursgevoeligheid lijkt 16 uur prima te zijn. Dus om diabetes te voorkomen of misschien zelfs te behandelen. Maar om echt in de autofagiestand te komen, ik weet niet of je het zegt, dan is misschien 24 uur toch beter. En dan moet je echt nog even wat honger hebben. Een autofagie is het zelfregulerend systeem aanzetten, toch? Dus de cel die zichzelf gaat.Dat is autofagie, toch? Ja, dus op het moment dat wat versleten onderdelen van een cel of cellen die niet meer goed functioneren, vervangen worden, waardoor er ruimte komt voor nieuwe cellen. Ja, maar die worden getriggerd door het hebben van honger. Ja. En dan gaan ze opruimen en vernieuwen. Precies, dus hongerprikkel en omgekeerd, als er voldoende energie is, dan wordt dat geblokkeerd. Dus insuline als hormoon blokkeert autofagie. En emtor, een ander stofje, wat ook aangaat als je gaat eten, dat remt die autofagie. Dus je moet een afwisseling hebben tussen honger en lekker eten. Ja. Honger, lekker eten. Ja, ik ook een vraag die ik nog wel eens kreeg.Kom bij ons in de training ook vaak mensen die stress of beuruit hebben gehad en ze weten dat ik heel fanatiek heb getraind en ook persoon trainer mee geweest. En ze zeggen van ja, moet ik nou sporten of niet? Want sporten is toch ook stress? Net als vaste is ook stress, maar ik wil juist mijn systeem tot rust brengen. Maar gaan die twee dan wel? Is het relevant dat iemand zich daar zorgen over maakt? Ik heb dat zelf ook. Ik heb een druk, misschien moet ik niet nog meer druk toe gaan voegen door een zware training te doen. Ik denk dat wat ik in het begin al even aangaf, is dat er stressoren zijn die in de basis normaal zijn en die ons in staat stellen om stress te beleven, maar daarna ook helemaal uit te gaan.Dat is iets wat bij stress belangrijk lijkt te zijn, maar ook bij het immuunsysteem: dat het immuunsysteem moet aan en weer uit. Het stresssysteem moet aan en weer uit. En wij kunnen prima omgaan met losse stressoren, die maar op één systeem iets van ons vragen. Dus er komt een leeuw binnen en ik moet vluchten en vechten. Dat is gewoon één geïntegreerd systeem. Dat zit gewoon vanuit de evolutie ingebakken in hoe we dat moeten oplossen. En als je dat goed doet, heb je mazzel. Dan ben je op tijd weg. En de andere keer, die leeuwen keer, geluk. Dat is het leven. Zoals het in de natuur zich afspeelt. Kauw, honger.Zuurstoftekort door inspanning, dorst, we kunnen er meer verzinnen, hitte. Allemaal natuurlijke stressoren waar we ook een programma voor hebben. Voor honger heb ik een programma. Ik kan namelijk zelf suiker maken, want ik heb een lever en die maakt suiker. Dat is onze suikerfabriek. Dus honger is helemaal geen probleem als het eventjes afspeelt. Gezamenlijke inspanning, eventjes heel moe worden, ook zuurstoftekort krijgen, is een hele goede stressor. En daarna ben je eventjes weer uit. En dan bouw je weer opnieuw op. Dus ik denk dat bewegen, met je dat niet te dwangmatig doet en te hard traint en je niet al heel erg uitgeput bent, eigenlijk heel goed is.Als je al uitgeput bent, moet je training op gaan bouwen en daar is een apart regime voor. Maar dat is. Als je hier. Of om iemand te zijn die helemaal geen. Als je helemaal geen standaardpersoon niet zo'n issue is. Ja. Die je niet uitgeteld. En wat natuurlijk wel slecht is. En dat is een beetje een risico wat je loopt als je druk hebt. Is dat je de hele week niks doet. En ik heb een paar in de straat. Een paar fanatieke mountainbikers. Dus ik heb ook een mountainbike gekocht. Als ik dan maar één keer in de week. met die lui meega. En dan fiets ik 100 kilometer. Dat is slecht. Oké, want dat is dan te groot. Te veel. Dat is gewoon een belasting voor het hart. Terwijl dan doe ik weer zes dagen niks. Dus je moet eigenlijk regelmatig in beweging zijn. Regelmatig inspanning leveren. En een paar keer echt moe worden.Dat zou de ideale bewegingsgezien zijn. Is er nog iets bekend over, zeg maar, kan dat al in twintig minuten? Of is het gewoon, als je zelf afmalt, waarschijnlijk ben je dan al twintig minuten bezig. Het is maar helemaal wat voor trainingsdoel je hebt. Dus spieropbouw kan heel kort. En ook zelfs conditie kan op zich kort. Maar als je autofagie wil, autofagie. En dat systeem om zoveel mogelijk te doen. Ik eet nooit als ik ga fietsen. En dan ben ik anderhalf of twee uur, dat vind ik wel genoeg. Dan hoef ik niet te eten. Dan heb ik wel altijd ergens een moment waarop ik denk, van nou dan zit pap in mijn benen. Maar daar kom je vrij snel doorheen.En daarvan hoop ik, mijn doel dan, om dan de insuline laag te houden tijdens het fietsen, niet gegeten hebt, en die autofagie wat extra te stimuleren. Maar het houdt ook een beetje van je doel af, van hoe je die beweging indeelt. Oh, interessant. Hoe vaak vast jij bijvoorbeeld, of hoe vaak zou je zo'n 24 uur vast kunnen of mogen doen? Twee keer per week is onderzocht. Echt? En dat lijkt goed te gaan. Als ik les geef, dan vast ik in principe.En dat is, ik geloof dat ik 90 lesdagen heb dit jaar, dus in ieder geval 90 dagen. En verder ontbijt ik bijna nooit meer. Dus ik eet meestal om 1 of 2 uur voor het eerst. Ja, ik heb eigenlijk een beetje hetzelfde patroon. Alleen dat structureel 24 gevast is iets wat ik al heel lang wel me van bewust ben, maar nog niet echt daadwerkelijk heb geïmplementeerd in mijn gewoonten. Maar ik hoor dat dat misschien toch eigenlijk best wel... Als je zou experimenteren is, waarom niet? Vandaag, het is nu lunchtijd zo'n beetje. Je zou toch kunnen bedenken, ik ga gewoon door tot vanavond en ik eet pas om 6 uur of om 5 uur. Dus dat is op zich niet zo ingewikkeld. Nee, precies, moet dat misschien ook niet groter maken dan dat het is.Er zit soms een soort barrière in, ook een beetje emotionele barrière. Van honger is vervelend. En is natuurlijk ook op zich iets wat we vanuit onze evolutie misschien hebben geleerd om als er voedsel is, dan maar te eten. Want de vraag is maar of er de komende week nog eten is. Dus we lijken een soort instinct te hebben. Als er eten is, krijgen we honger. En vooral als je eigenlijk die veiligheid nooit hebt, dan is onbewust ook alweer een systeem van, oh nou ja, doe maar nu, want het is er nu. Ja, en voeding doet nog wat andere dingen op emotioneel vlak, ook al meer met de neurotransmitters. Dus serotonine wordt wat hoger, zeker als je wat koolhydraten eet. Dus het geeft even een prettig gevoel. Dat kan ook een onderdeel zijn van het lastig vinden om het eten los te laten op een dag.En ik hoorde je al zeggen, suikers, koolhydraten. Van geraffineerde koolhydraten, moet je eigenlijk zeggen. Ja, en is het dan zo, want ik vind dat feestenvasten, dat concept ook, daar zitten ook de yin en yang natuurlijk in. Zijn er op dagen dat je niet aan het feesten bent, maar dat je gewoon, is het meer dat je je meer richt op vette en eiwitten dan? Of heb je dan niet een richtlijn die je dan wil volgen? Ik probeer het een beetje op het gevoel te doen.Ik probeer wel redelijk in mijn eiwitvoorziening te zitten. Ik denk wel dat dat belangrijk is. En dat we uit planten eiwitten halen is wel een probleem. Omdat we dan heel gauw heel hoog in de koolhydraten uitkomen. Dus dat is wel een lastige. Dus ik probeer veel vis te eten. Kip. We eten ook gewoon wel eens rundvlees en varkensvlees. Ik ben niet meer zo streng als een aantal jaren geleden. Echt in het palio. Ik heb tijd met mijn master ooit een onderzoek mee gedaan naar het palio-dieet. En ik denk dat daar wat flexibel mee omgaan in ieder geval makkelijker is. Dat is voor mij altijd maar nadenken over wat ik moet eten. Dat eten ik liever een keer in de dag niet. En dat geef ik mezelf iets meer vrijheid om dan.ook eens een keertje mee te kunnen gaan in de flow. Ik denk dat wij twee, drie keer echt palio koken, max, en verder houden we wat rekening mee. Ik had laatst zitten googelen hoe het slaafisch diët, wat het was, de epigenetica, is ook weer interessant. En ik denk, goh, wij zijn natuurlijk op een bepaalde leefomstandigheden, is dit systeem ontwikkeld, dat is ook aan mij overgedragen. Wat aten die eigenlijk? En als je dat dan leest, denk ik, ja, ik zou me er kip lekker bij voelen. Dus hebben we het over wilde champions en stuws, stofpotten en vlees, eigenlijk alles wat je makkelijk kon maken, verzamelen. Een beetje knollen, maar ook niets, maar meer palstoelen en noten en dat soort dingen en af en toe vlees.Dacht ik? Brood en soep, denk ik. Ja, eigenlijk denk ik, nou, dan zou ik. Helemaal geen moeite. Dat voelt heel. Ja. Maar een paar dooddeed, dacht ik. Maar als je gaat staan. Als je gaat kijken naar de mensheid in de wereld, dan zien we dat we ons op heel veel verschillende plekken hebben kunnen vestigen. Dat we hebben kunnen overleven op eilanden waar bijna alleen maar kokosnoten groeien. Dat Eskimo's die eten alleen maar vet van zeehonden en wat gedroogd vlees in de winter. Dat we daar allemaal kunnen overleven. Maar als je zou weten dat je echt een lineage hebt uit. Dat je een Eskimo-afstammeling bent. Dan heb ik waarschijnlijk wel het idee dat epigenetica, mijn systeem, wel blij zal zijn van een bepaalde samenstelling van mijn voeding. Dat zou kunnen. Dat is wel interessant om dat uit te zoeken.Wat we in ieder geval wel zien is dat groepen zoals Eskimo's, maar ook de Pima-indianen in Mexico, die relatief kort in de moderne samenleving terecht zijn gekomen, dat die veel meer last hebben van het westerse dieet dan wij. De originals is ook een soort van originals. Dus als de omslag te snel gaat, dan kost dat meer moeite. Ja, fascinerend. En wat ik steeds meer denk, is dat dat niet. Dus die voedingen, dat wordt wel heel erg ingewikkeld gemaakt op heel veel manieren. Iedereen heeft heel veel stromingen, iedereen heeft er zijn eigen ideeën over. Maar dat wat je eet, uiteraard, een rol speelt. Maar niet.Het weglaten van potentieel slechte dingen het belangrijkste is. Maar het binnenkrijgen van voldoende voedingsstoffen en vitamines. Zonder dat je dat nou echt hoeft te overdrijven. En dat nu als je kijkt naar dat hele verhaal over dat vaste. Dat misschien het altijd maar beschikbaar zijn van voedsel. En altijd maar kunnen eten. leidt tot een heel hoge eetfrequentie. En dat dat misschien veel slechter is dan wat we eten. Dat er in ieder geval ook een hele belangrijke factor daarin zit. En ik met het.Paleo-dieet, tot mijn 45 of zo heb ik ook gewoon geleefd. Ik was 10 kilo zwaardig. Je ging gewoon mee met wat er speelde. Toen ben ik die penisstudie gaan doen en toen kwam ineens paleo-dieet om de hoek. Hartstikke interessant. Toen heeft het nog vijf jaar geduurd voordat ik dat zelfverkeer ging doen. Toen voelde ik me wel goed, dus ik ben wel wat afgevallen. Maar uiteindelijk, na drie maanden, hield je dat toch niet helemaal goed vol. Dus dat kwam er ook sociaal, dat was wat ingewikkelder. Maar nu ik sinds die twee jaar dat ik dat intermittent fasting onder de knie heb, en dat ik vertrouwen heb dat ik gewoon een dag kan blijven functioneren als ik niet eet, gaat het eigenlijk een stuk beter. Dan ben ik veel stabieler.Ook op een paar vage klachten, die gevrichtklakjes, ik ben 60, dus je begint op een gegeven moment een beetje gevrichtklakjes te krijgen en zo. En dat trok allemaal vrij snel weg, dus dat is goed onder controle. Let je dan specifiek nog op bijvoorbeeld genoeg visolie of vetten? Ja, als ik. Als ik een grillkast en dat soort dingen hoor. Als ik geen vis eet, dan pak ik wel wat grillolie of wat visolie en wat magnesium af en toe, want je voelt die dingen gewoon aan met het levertraan. Je voelt die dingen gewoon aan, maar voor mensen denk ik. Ik bedenk soms van, nou, ik heb twee dagen geen vis gegeten, ik moet eventjes een paar pilletjes visolie of het levertraan of vitamine D in de winter. Vitamine K pak ik wel wat.Ik hoorde laatst een heel interessant interview over het carnivore-diet. Met een man die via zijn dochter de auto-immuunziekte uiteindelijk uitgekomen werd: Ik kan alleen nog maar vlees eten. Hele interessante discussies ook daar rondom. Heb jij daar een mening over? Ja, nou. Mening vast wel, maar. Wat we zien is dat heel veel planten. stoffen in zich dragen die bij ons wat kunnen storen. Dus de peulvruchten, de granen, maar ook alle zoogdierenproducten kunnen dat doen. Dus er zit een beetje een ingewikkelde grens in.Het kan best zijn dat er meer mensen zijn die last hebben van allerlei plantenstoffen. Lectines en saponines. Die triggeren ons immuunsysteem. Zeker bij auto-immuunziekten kan dat heel interessant zijn. En ik heb ook wel een paar klanten hier gehad die zijn overgestapt op zo'n 100% dierlijke voeding. Dat gaat hartstikke goed. Darmen, zoals mensen met darmklachten die alleen maar vlees eten, nergens last van hebben. Die planten geven onmiddellijk reacties. Maar de vraag is, zijn dat nu uitzonderingen of zijn dat mensen die om wat verredenen ook een verstoring in hun spijsverteringssysteem hebben en zo uit balans zijn dat ze echt maar te heftig reageren op die planten?Wat gebeurt er op lange termijn natuurlijk als je alleen maar vlees eet en helemaal geen vezels eet? Dat is wel een beetje tricky voor onze darmen. Dus wat ik bij een van die mensen doe, die plantenelectines die storen bij jou. Dus als je zoiets van spinazie gaat eten of wat dan ook, heb ik meteen last. Maar vezels die al wat voorverteerd zijn, dus inuline en fos, dat zijn de prebiotica's, die ga ik wel aan die mensen geven. Om die darmen wat op gang te houden. Eigenlijk als ik het of denk, we weten er nog niet genoeg van om te zien wat het op lange termijn doet. Hetzelfde probleem met vegetariëren zijn.Wat doet dat op termijn? Heel veel mensen voelen zich, als ze daarmee beginnen, ook wel lekker, er verandert wat in je systeem en misschien ga je wat anders ontgiften of krijg je op andere manier energie. Maar na vier jaar, als je te weinig eiwitten eet, wat doet dat met de voorraad van eiwitten? En op een gegeven moment zie je dat als je dat dan niet heel goed manageert, dat vegetarisch eten, zeker veganistisch eten, dat kan storen. Wat ga je dan eten? Heel veel soja. Het is niet voor iedereen even goed te verteren. Dat remt dus schildklieren, er zitten gewoon wat storende stoffen in. Heel benieuwd hoe dat zich gaat uiten straks.In de gezondheidszorg, omdat nu vegan is super groot en hip en belangrijk en duurzaamheid. En dat zijn ook vraagstukken die belangrijk zijn. Maar ja, ik zie in de praktijk nog wat van die meiden van de jaren 25 binnenkomen. Die zijn al op hun 17e om emotionele redenen gestopt met het eten van vlees. Allemaal prima, maar die leven dan op boterhammen met pinnakaas en een hagelslag. Want dat is dan een beetje... Die zijn niet in staat om dan heel goed hun dieet aan te passen. En dan krijg je heel snel problemen. En wat dat op lange termijn doet. Ik denk dat er mensen zullen zijn die het prima doen op een vegetarisch dieet.Maar of dat nou echt bij ons hoort, dat denk ik niet, als we naar onze spijsvertering kijken en naar onze bouw kijken. Het is zo'n fascinerende puzzel, zo'n web. Maar ik denk dat het niet zo heel erg ingewikkeld is om voldoende voeding voor mensen te maken. Er zijn een paar insectenboeren die zeggen, wij kunnen zoveel eiwit produceren dat het eigenlijk helemaal geen probleem meer is. Ik hoorde het verhaal van iemand die slakken, slakken telen, slakken zitten gewoon 90% eiwit. En dat kun je heel effectief telen, we moeten gewoon veel meer slakken gaan eten. Oh, die had ik nog niet. Maar past in mijn rijtje met palstoelen en noten, slakken en insecten. En je zit een beetje lekker klaar, maar het is prima te eten. Ja, ja, oh leuk.Is er een thema nu waarvan ik denk dat we echt meer mensen gaan bekijken of onderzoeken of zich mee bezighouden? Wat voor mij nu het belangrijkste thema is waar ik steeds tegen aanloop, is het gegeven dat chronische ziektebeelden door verschillende factoren beïnvloed worden. En dat we ook meer dingen tegelijkertijd moeten doen om mensen uit dat patroon te halen. Er zijn twee mooie voorbeelden van. Mevrouw Terry Walsh, de Amerikaanse neuroloog, kreeg zelf MS. Is alles gaan uitzoeken wat er te vinden was. Heeft een heel systeem.Eerst voor haar zelf bedacht, dat werkte voor haar. Ze heeft nu een kliniek waar ze mensen behandelt. En die doet gewoon alles wat voor jou nodig is. Dus we kijken naar wat jij komt met een klacht binnen. Dan gaan we kijken, heb je last van stress? Oké, moeten we behandelen. Heb je voldoende vitamine B12? Zo niet, moeten we behandelen. Doet je darm het goed? Nee, moeten we het behandelen. En als je dan al die zwakke plekken behandelt, dan zie je op een gegeven moment dat er een moment komt waarop het immuunsysteem tot rust komt. En dan ben je eigenlijk voor je probleem af. Ja. Met auto-immuunziekten, soms ook met triggers, die moet je dan blijvend weghalen. Maar als je dan een beetje daar rekening mee blijft houden, dan.Zie je dat je dus ook door dat soort ziektebeelden heen kunt komen waarvan we eigenlijk allemaal denken, in de reguliere wereld in ieder geval, ja, maar dat is niet te behandelen. Voor Alzheimer precies hetzelfde. Als je, dat is een Alzheimer-wetenschapper die al 30 jaar zoekt naar een medicijn, die zegt eigenlijk, ja, we vinden het niet omdat we Alzheimer, want we nu zien dat Alzheimer een probleem is van misschien wel 40 dingen die bij elkaar komen. Hij vergelijkt dat zelf met een dak met 36 lekages. En als je dan twee dakpannen recht legt, blijft er nog steeds een hoop water binnenkomen. Dus je moet zoveel mogelijk dingen repareren.En ook in zijn kliniek, gepubliceerd in de Journal of Alzheimer, dus echt wel gecontroleerd zijn bewering. Dat hij zegt: Oké, we kunnen mensen met beginnende Alzheimer ook zelfs nog weer op de rails krijgen, op de rit krijgen. Het grote probleem is dat we dus moeten accepteren dat we meerdere dingen gaan doen en dat de wetenschap daar eigenlijk steeds met de hak in stand gaat. Maar dat kunnen we niet. Die wil een effectmeting zien. Die wil een een op een. En deze meneer, dat is meneer Bredesen, heeft een boek geschreven over Alzheimer. Die wil eigenlijk dat onderzoek gaan doen. Die wil zijn methode vergelijken met medicijnen, met niks doen. Maar hij komt nergens doorheen omdat we.Eigenlijk in de wetenschap steeds tegen dat 1 op 1 op 1 systeem zitten. Want je kunt maar één ding tegelijkertijd checken. Dat lijkt me zo frustrerend voor een analyticus als jij, die de wetenschap op arm, van ja maar jongens. Ik ben helemaal wetenschap, maar dit is wat ik vind. Ik vind wetenschap prima, maar in die zin moet ik ook bedenken dat als een bepaalde methode van onderzoek niet meer werkt, omdat het probleem er anders uitziet, dat we dat moeten gaan veranderen. En daar zit een soort weerstand op, waarvan ik hoop dat die verdwijnt. En als we dat nog kunnen veranderen in de geneeskunde, dan kunnen we weer een hele grote stap maken.Er zijn heel erg mooie stappen gemaakt, immuunterapie bij kanker. Er zijn heel veel dingen die heel interessant zijn. Maar juist bij dit soort ziektebeelden, waar het ook heel moeizaam gaat en vooruitgang, is dit wel een interessante. Denk je dat zoiets ook voor dat soort aanpak, bijvoorbeeld depressie of echt de mentale gezondheidshoek daar. Ja, ook daar moet je zoeken, doe maar een pilletje. Dus daar moet je ook zoeken naar. Je moet de oorzaak zoeken, de zwakke plekken in het systeem opsporen en die allemaal repareren.Fascinerend dit. Ik zit aan het kijken, tijd te kijken. Kijk jij maar. Oh, dit is. Ik heb nog. Oh, nou, ik heb nog. Om twee uur komt de volgende klant, dus als je mag. Nou, ik ben een ontzettend. We gaan het even op een iets andere boek gooien. Ik ben ontzettend boekenerd. Dus voor mij is dit echt geweldig. We gaan nu zitten. Want dit is jouw handelkamer. Ja. Hoeveel boeken staan hier, weet je dat? Ik weet het op dit moment niet. Nee. Ik heb ooit een keer geteld, hadden we er 5000? Nee, echt? Binnen zat ook nog een voorraad. En ik ben er nu doorheen aan het lopen, dus het is ook een beetje rommelig. Zo eens in de vijf, zes jaar, dan moet ik het opruimen. Dus dan gaat alles weer een keertje verschuif van plank en dan gaat er weer wat weg. En dan.Dus daar ben ik nu wel mee bezig. Maar tijdens de kerstvakantie kreeg ik geen schiep. Dus ik geloof dat mensen zo'n kerstvakantie onder de dingen hebben. Gewoon een dag. Oh, dan ben je eigenlijk gewoon de architectuur in je hoofd ook daarmee bezig. Ja, ik ging zweven met zo'n merk. Ja, ik snap hem. Kijk, een deel is, zoals sommige mensen, sigarenbandjes verzamelen. Ik vind boeken verzamelen leuk. En het is natuurlijk, je leest niet alles van voor naar achter. Maar vooral in het lesgeven is het fijn dat je verhalen hebt. Ik geloof wel in. En dat ontbreekt misschien ook wel een beetje in de geneeskunde, dat het niet een mooi verhaal is wat we over onszelf vertellen. Maar dat het allemaal van die fragmenten zijn.En dat vanuit heel veel invalshoeken informatie hebben maakt dat je er misschien wat makkelijker een verhaal van kunt maken. Het leuke is als ik nu zo rondkijk, want ik zie wel een overlap in interesse, maar omdat jouw veld zo breed is en het gaat over neurologie en het gaat over filosofie, maar ik zie ook, of ik zie Ross en Brent dan heel toevallig staan. Dit is zo rijk, het geeft zo'n rijk gevoel. Ik weet de Japanse woord even niet meer, maar dat is een woord voor het fenomeen dat mensen meer boeken kopen dan dat ze kunnen lezen. Dat is een ding en dat schijnt ook positieve health-effect zelfs te hebben.Ja, ja, jij zit hier in je eigen boek. Boeken die binnenkomen, ik lees het eerste hoofdstuk, de inleiding, het eerste hoofdstuk. En dan beslis ik of ik een boek uit ga lezen. Of dat ik weet ongeveer waar het over gaat. Dus meestal staat er bij de inleiding dan in. In hoofdstuk 2 gaan we dat vertellen. In hoofdstuk 3 is het. Dus dat heb ik dan, hoop ik, een beetje in mijn systeem zitten. Dat als ik weer een bepaalde input nodig heb, dan denk ik, dat boek moet ik dan een beetje lezen. Een beetje je eigen rolodex. Ja, ja. Ja, en.En wat natuurlijk ook heel fijn is, want ik weet niet of je wel eens wetenschappelijke artikelen leest. Ja, ik ben wetenschapper geweest, maar niet die kant opgekeken. Dat is natuurlijk leuk, maar meestal krijg je dan, als je een slimme wetenschapper bent, je bent met een project bezig, dan probeer je je project op te verdelen in zoveel mogelijk wetenschappelijke artikelen. Dan kun je de meeste impact hebben. Maar dat betekent dat je dus steeds, zelfs niet het hele puzzelstukje dat lezen bent, maar dat je steeds stukjes van het puzzelstuk voorgeschoteld krijgt. Dus je krijgt heel fragmentarische informatie, dat komt alweer eens een keer in een reviewartikel. Maar het is ook heel interessant om de wetenschapper.zijn verhaal te laten vertellen. Wat ik heel interessante boeken vind, is een boek van een neuroloog.die dan schrijft over hoe ooit ontdekt is dat allerlei neurologische problemen ontstaan zijn door het immuunsysteem.dat het neuroinflammatie is en hoe dan die geschiedenis van die kennis zich ontwikkeld heeft. En dan heb je eigenlijk veel meer informatie, in ieder geval verhalend, dan dat ik uit al die artikelen moet halen. Dat kost zoveel tijd. Ja, dat is ook wel bij hoe wij als mens informatie tot ons hebben genomen. Dat is verhalend. Ja. Staat er dan nog eentje tussen waarvan je denkt, dat is zo'n standaard fijn boek om mensen aan te raden.die een beetje de thema's die we vandaag aan hebben geraakt? Roberto Sapolsky, een van de bekende stresswetenschappers.Een boek heette, ik zal hem even behave. The biology of humans at our best and worst. Sapolsky. Ik zal dus even een foto maken. Zal ik nooit eens een keer gewoon een dunboekje zijn? Nee. Nee, nee, nee. Ik heb hem nu ook in mijn tas, dus ook zal ik zetten de pil. Why Zebras Don't Get Ulcers? The Acclaimed Guide to Stress, Stress-related Disease and Coping. Oh tof, ik ben nu Gabo Matte, Scattered Minds staat nu op mijn stapeltje. Gabo Matte is zo'n verslavingsonderzoeker, maar ook heel erg op het trauma- en stresssysteem.Het boek heet Scattered Minds. Dat is volgens mij de. Ik moet het dus nog richting die overprikkeldheid en overgevoeligheid en ADHD-symptomen. Ik zal het opschrijven zelf. Nee, nee, nee, dan ga ik hem voor je bestellen. Want dat probeer ik bijna altijd in de podcast te doen als ik ergens ben geweest. Want ik ben ook ontzettend een boekfan. Dan krijg je die van mij als ik de. Dankjewel. Dan gaan we zo meteen mee afsluiten. Ik heb nog één ander boek. Wat ik een belangrijk boek vind. Het is niet zo heel makkelijk te lezen. We moeten in systemen denken. Systems view. We moeten ook veel meer in systemen denken. En we moeten ook in onze. Je zet hem bij de microfoon blijven zitten. Voor onze ecologische vraagstukken moeten we ook veel meer in systemen denken.En wat Frieshoff-Capra doet is een natuurkundige, kwantumfysica bezighouden. En hij zegt: We leven in een systeem. En als we iets doen, moeten we altijd kijken naar wat dat doet op alle aspecten van dat systeem.Nooit te vaak. En dat doet hij als het gaat over gezondheid, over de vraag wat is leven en hoe kan leven op zo'n planeet zich hier blijven ontwikkelen zonder dat het boek kapot gaat. Dus hij had de ecologie erbij, hij had de wetgeving erbij. Dus echt iemand die echt een systeem denkt. Het is niet het makkelijkste boek, maar het is wel heel erg boeiend om daar af en toe uit te lezen. Het voelt ook echt als een schoolboek, zou ik denken. Of neem ik mee als een studieboek? Het is echt een studieboek, ja. Ik heb het één keer gewoon oppervlakkig gelezen en nu ben ik gewoon een aantal onderdelen ervan nog wat aan. Het ziet er natuurlijk uit als wetenschappelijk artikel aan de binnenkant. Het is redelijk wetenschappelijk filosofisch, is opgebouwd.Dan ga ik van deze drie, moet ik zo meteen even foto's maken. Dan zie ik. Ik ben geen input. Zapolsky, als je fijn vindt om video's te kijken, heel veel van zijn lessen, van zijn colleges, die staan op YouTube. Geweldig. En de hele serie van lessen waar hij eigenlijk het Beheef op heeft gebaseerd, die kun je zo kijken. 28 keer een uur.Ik ga het eens even opzoeken, ik zal zorgen dat dat ook in de omschrijving erbij komt te staan. Hij is leuk om naar te luisteren, hij praat in wel vol zinnen, maar hij heeft wel een aparte manier van kijken en van benaderen. Dat is fijn, als je met zijn stem erbij hoort, en als hij dan vervolgens een boek leest, dan hoor ik het altijd een beetje zo in de intonatie en in het accent van de schrijver. Dat is leuk. Hij is ook primatoloog en neurowetenschapper, dus hij heeft ook heel veel onderzoek gedaan naar bavianen. Over het gedrag van bavianen, en hiërarchie, en testosteron, en dat soort dingen. Erg leuk. Er zitten nu vast mensen die luisteren en denken: oh, nou, dat is echt waanzinnig interessant.Voor wat voor vraagstukken kunnen mensen bij u terecht? En voor wat voor vraagstukken? Of waar kan je mensen naartoe verwijzen die zich mogelijk aangesproken voelen? De meeste mensen die bij mij in de praktijk hier komen, zijn mensen met klachten die ze zelf niet begrijpen, waarvan de huisarts ook niet begrijpt waar ze vandaan komen. Of bijvoorbeeld MS. Dat soort klachten waarvan mensen vragen, maar kan ik nog meer doen dan alleen maar medicijnen slikken? Of kan ik misschien zonder medicijnen ook dingen oplossen? Dus de wat complexere medische klachten, dat is wat in de praktijk veel komt. Daar komen er wel mensen van vroeger die zeggen van natuurlijk als acupunctuurist werken, heb je mijn elleboog geprikt en nu heb ik een andere kantpijn. Kun je dat nog even met acupunctuur oplossen? Dat helpt natuurlijk prima, maar.De sterke kant van de psycho-neuro-immunologie is juist om met mensen samen te gaan nadenken over wat er misgaat, waar het misgaat en hoe kunnen we weer dat systeem in een stand krijgen waardoor je gezond blijft. Want dat is eigenlijk wat het lichaam wil. Maak je nog eens een keer het grapje wat jullie denken dat het is. Dit is niet KPI, maar toen we begonnen, zei hij: eigenlijk is het klinische neuro-immunolo. Je had een heel rijtje, maar je wil nog een rijtje maken. Psycho-neuro-socio-endocrino.Immunologie. En ze kunnen er nog een paar tussen plakken, wat ik wil. Je hebt elk feestje. Precies. Wat is dat? Nou, ik ben. Precies. Dan heb je een fietekaartje wat je uit kunt klappen. Dat is ook heel. Maar psychoneuroimmunologie is een wetenschapsgebied dat al in de jaren tachtig ontwikkeld is. En dan zijn we ook gewoon binnen de psychologiefaculteit of medische faculteit. Ik heb nog gekeken om het te gaan studeren als verdiepende master naar de psychologie. Ik heb een psychologie gestudeerd, een wetenschappelijke master gedaan. En toen ik met fietiliteit bezig was, een beetje mijn ingang geweest naar persoonlijke ontwikkeling toe. Oh, nou, dat is het lichaam, dat is maar één stuk. Waarschijnlijk jij ook. Oh, dat is maar één stuk. Precies. Dat is groter.Er is nog wel maar gekeken en wie deed ooit of niet. Maar de klinische psychoneuroimmunologie is eigenlijk de vertaling van al die kennis naar de praktijk. En dat is door twee Nederlanders gestart, Leo Prunboom en Bram van Dam, Bram is overleden ondertussen. Maar dat is helemaal uitgebouwd tot een hele grote opleiding, een post-HBO, voor artsen, therapeuten, fysiotherapeuten zitten er veel, osteopaten zitten er veel, psychologen zitten er veel, die eigenlijk geïntegreerde kennis willen hebben. En daar kun je dus in Nederland en in België een opleiding in volgen. Als je een soort basiskennis hebt, dan kun je daar naartoe. Ja, fascinerend. Mooi.Dankjewel voor je tijd. Graag gedaan. Voor je gigantische bak aan kennis."
ouderen-zorg.mp3,interviews,NVIDIA Canary 1B v2,39.0,25.421978021978013,86,36.002197802197806,11184.3125,11182.86195054945,22.075765641818556,"Welkom Sherine bij de podcast van Degzorg. Leuk dat je er bent, dat ten eerste. Kan je uitleggen wat jij doet in de ouderenzorg en hoe je er destijds bent begonnen? Ja, gewoon even een kort voorstel rondje eigenlijk. Ja, nou mijn naam is Sherine, ik ben 31 jaar en ik werk al 13 jaar in de ouderenzorg. Toen de tijd begonnen als receptioniste, als voedingsmedewerker en ook in de keuken. Ik was toen best wel jong, ik was uit mijn hoofd 17 toen ik daar kwam te werken, want ik heb mijn middelbare schooldiploma niet gehaald.En ik merkte al heel gauw aan mezelf dat ik ouderszorg heel erg leuk vond. En toen ben ik opleidingen gaan doen. Toen ik op de middelbare school zat, deed ik zorg en welzijn. En dan moet je natuurlijk stages gaan lopen. En ik vond het met kinderarbeid ook heel erg leuk. Maar toen heb ik stage gelopen in de ouderenzorg. Voor een soort dunfestage voor twee weken. En toen merkte ik heel gauw aan mezelf dat ik het heel erg interessant vond. En gewoon leuk om met mensen te mogen te werken. Zeker op die leeftijd. Want ze hebben vaak een heel mooi verhaal met zich mee. En toen was ik inderdaad 17 dat ik al kwam te werken in de ouderenzorg. Alleen vond ik het heel spannend. En er werd al heel snel gezegd van ja.Ga je nou echt willen wassen? Want dat is dan waar het werk uit bestaat volgens heel veel mensen. Dus dat heeft me toen de tijd wel heel erg tegengehouden eigenlijk. Tot ik inderdaad een jaar of twintig was en dat ik toen eigenlijk wel gewoon de stap heb gemaakt. Ik dacht, ik wil gewoon wel echt meer kunnen betekenen voor deze doelgroep. Ja, begrijpelijk. Want zeg maar, toen jij zo jong in de oudere zorg begon, voelde je dat de begeleiding toen best goed was? Of viel dat wel echt vies tegen? Nee, dat viel toen de tijd wel een beetje tegen inderdaad. Want ik wist dat er bij mij veel meer in mijn mars zat en zo iedereen om me heen eigenlijk die dat wel inzag. Alleen dat werd best wel tegengehouden omdat het heel erg werd gezegd, ja maar je gaat willen wassen.Het werd daar zo erg de focus op gelegd en het is zoveel meer dan dat. Tuurlijk, het hoort erbij, absoluut, maar het is zoveel meer dan dat. Dus ik ben wel blij dat ik uiteindelijk gewoon mijn eigen plan heb getrokken en dat ik stapsgewijs hoger op ben gekomen. Zelf ben je nu werkende als IGR en EVVR. En wat houdt er dan op zich precies in? De functie verzorgen in IG bestaat voor individuele gezondheidszorg. Dat houdt in dat je de cliënt benadert naar zijn of haar wens en behoefte. Dat je diegene echt als een individu ziet. Verzorgen in IG houdt in dat je verplichtheidshandelingen mag uitvoeren, dat je daarvoor bevoegd en bekwaam bent.Ook medische handelingen, persoonlijke verzorging, ADL zoals wij dat noemen. Dat betekent algemene dagelijkse levensrichtingen. Dus dat houdt in van het wassen en aankleden tot iemand douchen en alles wat ertussen invalt. Ik mag medicijnen uitzetten en ook uiteraard toedienen aan de bewoners. Wij zeggen graag bewoners. Je singuleert en observeert ook je bewoner. En bij bijzonderheden rapporteer je dat in het dossier. Elke bewoner heeft een eigen dossier met een eigen plan, met doelen daarin. En wat het verschil dan is met EVVR, wat ik dan ook ben, is. Ja, dat betekent eerst de verzorgende verantwoordelijke.Dat ik verantwoordelijk ben voor een x aantal bewoners en daarvan dan ook de dossiers bijhoud. En dat ik het aanspreekpunt ben voor de bewoner, maar ook voor de familie. En daarnaast, ik zorg ervoor dat de plannen ook in orde blijven. Dat ik daarvoor ook gesprekken inplan, zorg-leefplangesprekken zoals dat heet. Voorafgaand heb je dan vaak een MDO, een multidisciplinair overleg. En daar betrek je dan ook de arts bij, SOG-specialist, oudere geneeskunde. Maar ook bijvoorbeeld een fysiotherapeut, een ergotherapeut, een logopedist. Die hebben we ook allemaal rondlopen bij mij in het huis. Die daarvoor kan benaderen.En dan zorg ik er ook voor dat als er bijzonderheden zijn, dat het wordt vernoemd in het zorgplan. Ja, want ik hoorde jou net over dat jij ook zelf de dossiers bijhoudt. En ik hoorde jou net ook praten over doelen. Bedenk jij ook de doelen voor de cliënten? Dus wat ze willen bereiken en waar ze aan moeten werken. En wat voor doelen zijn dat dan? Onze organisatie is er zo op ingericht dat je de vier levensdomeinen hebt. Eentje daarvan is bijvoorbeeld woning-leefomstandigheden, ook participatie. Ik kan wel een voorbeeld geven. Stel iemand die komt binnen met een CVA in de volks.Volgens Broerte. Kan het een doel zijn dat iemand weer 10 meter wil lopen met een rollaator? Stel iemand kan helemaal niet meer lopen of moeilijk lopen. Dan heb je natuurlijk gelukkig je ergoninvisio die daarin meekijken. Maar dan is bijvoorbeeld een doel dat iemand 10 meter kan lopen met een rollaator. Ja, dat zijn wel mooie dingen. En zeg maar, in wat voor omstandigheden zijn dat allemaal? Want ik denk, ik neem aan als iemand niet meer kan lopen, dat het in een instelling is of in een organisatie is. Maar doe jij ook buiten de organisatie dingen, bijvoorbeeld in huis? Of wat is eigenlijk jouw werkomgeving? Mijn werkomgeving is een woonzorgcentrum, verpleeghuis, verzorghuis.En onze bewoners die wonen ook echt bij ons en krijgen ook 24 uur per dag zorg. En als jij bijvoorbeeld die cliënt hebt die dan bijvoorbeeld wat jij aangaf niet meer kan lopen en hij kan wel in één keer door goed doorzettingsvermogen wel weer 10 meter lopen, wat voor voor toeling haal jij dan dan zeg maar uit? Ja, trots wel. Ja, het maakt dat je echt trots bent. Ja, zeker, zeker. De bewoners die wij binnenkrijgen, die komen niet voor niks bij ons binnen. En soms komen ze uit hele schijnende situaties. Vaak vanuit thuis, ook wel vanuit de revalidatie dat ze doorstromen naar ons.Je ziet iemand helemaal opbloeien. Je ziet dat het goed doet voor diegene dat ze onder de mensen zijn en dat ze maaktjes kunnen vinden op de afdeling. Zowel met personeel, maar ook met medebewoners. En ik heb al vaak al heel veel gevallen gezien. Gevallen, dat klinkt zo negatief. Ik heb al heel vaak gezien dat iemand dan binnenkomt en gewoon met de maanden heel erg opbloeit en inderdaad weer hele stukken kan lopen. Of stel iemand die is binnengekomen met ondervoeding. Dat iemand gewoon bij ons flink aan het eten is en goed aan het aankomen is. In overleg over die diëtisme natuurlijk. Dat is mooi. Want je zegt, ze zoeken onderling ook wel contact met elkaar tussen de cliënten. Dus je ziet ook wel dat er echt banden worden gelegd tussen de cliënten zelf. Met andere cliënten.Is dat belangrijk in de organisatie zelf, dat dat veel gebeurt, dat er echt ook samenhang is? Zeker, zeker. Iedereen is natuurlijk wel een individu en we proberen wel de bewoner daarin vrij te laten, wat diegene zelf wil. Maar als je inderdaad inziet of het is ook benoemd bij het eerste gesprek of tussendoor dat iemand behoefte heeft aan een praatje of spelletjes te doen of contacten te leggen met medebewoners, dan willen wij daar wel in sturen inderdaad. En ook kijken van nou, waar willen we dan diegene in de huiskamer neerzetten, dat ze aanspraak hebben. We hebben ook heel veel activiteiten bij mij in huis, dus dat is ook wel heel erg fijn. Dat ze dan ook contacten kunnen leggen, ook met andere etages in het huis. Wat voor activiteiten moet ik dan aan denken?Oeh, heel erg verschillend. We hebben wekelijks een wandelgroep waarvoor je kan opgeven. Maar we hebben ook een soort van miniconcertjes, als het ware. Dat er inderdaad artiesten komen optreden. Gewoon een gezellige activiteit om samen ook contact te leggen, gokken of niet. Want zodra er zo'n activiteit is, zijn er sommige activiteiten, bijvoorbeeld wandelen, zijn die activiteiten dan ook echt gericht om met bijvoorbeeld een cliënt goed even sprek te gaan? Ja, niet per se. Ook natuurlijk gewoon beweging en lekker buiten zijn. Maar je kan ook gelukkig zeer zeker mee in een rolstoel. Maar je gaat natuurlijk wel een leuk praatje maken. Ja, zeker. Want dan zal jij ook wel vast wel, ben je al geweigerd dat cliënten heftige verhalen vertellen aan jou?Hoe kijk jij daar tegenaan? En hoe neem je dat mee in je werk? Als een bewoner aan mij een persoonlijk verhaal vertelt, bied ik altijd een luisterende oor. Ik oordeel niet. Ik hoop altijd dat ik de zekerheid geef aan een bewoner dat het pijnlijk is bij mij. Dat ze dit delen. En dat vind ik ook wat mooi van mijn werk. Kan dat soms zwaar zijn, denk je? De werk, niet de werkdruk, maar meer de druk die opstaat omdat het best een heftig beroep is. En je het niet mee naar huis gaat nemen. Ook zei ik, heb je dat niet ervaren zo? Ja, nee, je wel, je wel zeker.We zijn natuurlijk allemaal mensen. Je kan het wel eens meenemen naar huis, zeker. Ja, absoluut. Maar ik probeer wel altijd voor mezelf, zodra ik dan de deur uitstap, dat ik denk: oké, de werkdag is voorbij. Ik probeer het af te sluiten, inderdaad. Ik heb gelukkig een heel fijn team waarin ik werk. Je kan het ook onderling bespreken. Stelt dus echt heel erg heftig. Wordt dat ook genoeg gedaan, zeg maar, onderling nog gepraat? Nadat het bijvoorbeeld een heftige casus is geweest? Of wordt dat goed besproken? Ja, zeker. We weten elkaar altijd wel goed te vinden daarin. Ja, en elk gevoel mag er dan ook wel zijn, zeg maar. Ja. Wat kan je als ons meenemen in, zeg maar?Hoe jouw typische werkdag er een beetje uitziet. De zorg is natuurlijk altijd anders. En werkdag is nooit hetzelfde. Maar kan je ons ongeveer een beetje omschrijven hoe een typische werkdag voor jou eruit ziet? Ja, zeker. Geen enkele werkdag is inderdaad hetzelfde. Ik draai voornamelijk avonddiensten. Dan begin ik om kwart voor drie in de middag. En dan begin ik vaak gewoon met een kopje koffie achter de computer. En dan ga ik me inlezen in de dossiers, de rapportages. Ik zet natuurlijk mijn werktelefoon aan, zodat ik de belletjes in de gaten kan houden die binnen kunnen komen. Dan hebben we de mondelingenoverdracht met de dagdienst. En zodra hun vertrokken zijn, dan doe ik mijn ronde. Soms moet je bewoners uit bed halen of heb je een toiletronde.Dan tegen vijf uur om erbij begin je met medicijnen uitzetten. En die deel je dan ook gelijk uit op dat moment. Dan gaan de bewoners eten en wij helpen dan ook de voedingsassistent met het uitdelen van het eten. Dan hebben wij pauze van de zorg. En dan heb je de eerste ronde, zoals wij dat altijd zeggen. Met bewoners naar bed helpen en begeleiden. Op mijn etage heb je best wel een hele complexe zorgsituatie. Met heel veel bewoners die wij het liefst met z'n tweeën helpen. Want dat is voor ons wel zo prettig, maar ook voor de bewoner. Om daar met z'n tweeën aan het bed te staan. Dus dan maken we ook een verdeling wie de tweetjes doet, zoals wij dat zeggen. En wie dan de lopertjes doet.Ja, zo noemen wij dat. En ik denk dat heel veel mensen dat ook wel herkennen, hoe ik het nu benoem. Dan heb je de eerste ronde. Je evalueert dus door van hoe gaan we? Gaan we goed? Zijn er bijzonderheden? Dan hebben we koffiepauze. En na de koffiepauze heb je dan de laatste ronde. Dan ga ik vaak ook weer medicijnen delen, om een uurtje of negen. Gaan mijn collega's dan de zorg in? En soms andersom, soms ga ik de zorg in en doe ik mijn collega de medicijnen. En dan. Uiteindelijk rapporteer je al je bevindingen in het dossier en sluit je alles af en laat je alles netjes achter. Ja, en dit klinkt zeg maar wel als een beroep die nog wel.Doen is en dat jij niet veel stress ervaart, zoals je het nu vertelt. Zijn er factoren waardoor dit voor jou echt een stressvolle baan is eigenlijk? Ja, zeker. Het personeeltekort, en dat is natuurlijk landelijk. Hebben niet alleen wij als organisatie mee te maken. En dat is lastig, want mijn afdeling is officieel een somatische afdeling, zoals dat heet. Het houdt in dat bewoners zouden komen te wonen met lichamelijke aandoeningen. Maar inmiddels is dat een mengelmoesje met vaak toch wel PG, psychogeriatrie.Dementia. Elke afdeling in de ouderenzorg is erop ingericht dat je een x aantal medewerkers nodig hebt voor de zorgzwaarte die op dat moment is op de afdeling. Roosters zijn soms heel lastig rond te boxen. En wat het dan inderdaad niet makkelijker maakt, is dat mijn afdeling inderdaad wel heel complex is momenteel. Dat je niet met vast personeel werkt, dus wel vaak uitzendkrachten of zZP'ers. En zeg maar, als jij zegt je werkt met uitzendkrachten en zZP'ers, merk je dan ook dat die zZP'ers die dan in de instellingen komen, minder goed zijn opgeleid en minder goed in een functie passen dan iemand die daar bijvoorbeeld wel is opgeleid.Dat je dienst is bij zo'n organisatie? Nee, dat niet. Want in principe heeft elke CSP-er dezelfde opleiding genoten. Mits je bijvoorbeeld helpende bent of verpleegkundige, natuurlijk stap je hoger. Maar je merkt wel dat je het liefst iemand wilt hebben die bekend is op de afdeling. Dus ook bekend is met de bewoners. Dat je ook echt goed op de zorgvragen kan inspelen. Mijn verantwoordelijkheidsgevoel is best wel hoog tegenover de bewoners. Dus ik probeer vaak alle ballen hoog te houden. Uiteraard wel te delegeren, maar soms moet je loslaten. En dat is moeilijk inderdaad. Want dan hoop je maar gewoon inderdaad dat alle zorg goed verloopt. Ondanks dat je bijvoorbeeld een looproute meegeeft of het een en ander vertelt over de bewoner.Eigenschappen die je eigenlijk moet hebben om echt wel jouw beroep goed uit te voeren? Empathisch vermogen. Inleving vermogen ook. Een zorghard. Dat je ook echt zorg draagt voor je bewoner. Je moet goed met mensen kunnen werken, uiteraard. Goed samen kunnen werken. Maar ik vind toch wel meest empathisch. Hoe ga je om met situaties of agressief gedrag van een cliënt? Rustig te blijven en professioneel te handelen. Vaak komt agressiviteit voort uit onbegrepen gedrag. Stel iemand is demeterend, maar ook vaak uit frustratie vanuit die bewoner.Ik probeer het niet te bagatelliseren, ik probeer een luisteraar het oor te bieden. Uiteraard wel mijn grenzen aan te geven. Mijn organisatie geeft ook training hiervoor, weer bijstrainingen. En je hebt ook e-learnings die je hiervoor kan volgen, om het wel meer onder de aandacht te brengen. Wij werken ook met MIC-meldingen, melding incident client. Die melding maak je online in het dossier van de bewoner wanneer het te ver gaat. Mocht een melding vaak voorkomen, dan gaat de leider even hiermee aan de slag, of de verpleegkundige, of allebei. Waar dan het eufel precies ligt en wat we hiermee kunnen. Maar het voornaamste is uiteindelijk toch wel gewoon rustig blijven en professioneel.Gebeurt het veel dat er agressie op de werkvloer voorkomt? En gebeurt het dan op wekelijkse basis, maandelijkse basis? Waar moeten we zeggen, waar wees je aan denken? Ja, in mijn organisatie waar ik werk, gelukkig niet heel vaak. Het is wel voorgekomen. Ik heb zelf ook wel wat in het verleden meegemaakt. Een voorbeeld doen? Ja, praat ik wel over een aantal jaar geleden dat er een bewoner bij ons kwam te overlijden. En familie was het niet eens met mijn handelen, terwijl ik het wel in overleg had gedaan met familie in eerste instantie en uiteraard met de arts. Arts is altijd leidend. Ik doe nooit zomaar iets zonder dat een arts daar zich overheen heeft gebogen. En achteraf was familie dus niet blij hiermee. En ja, dat is toen wel een beetje uit de hand gelopen en dat ik ook wel flink ben uitgescholden op dat moment.Dat is wel heftig. Maar je hebt heel erg te maken natuurlijk ook met de familie wat je aangeeft. Zeker, ja. Hoe ga je daarmee om? Want soms heb jij misschien het beste voor met een cliënt en denkt de familie dan anders over wat je of zij al aangeeft. Ik probeer altijd de situatie te begrijpen waar iemand vandaan komt. Ik kan het me ook voorstellen dat het lastig is als je moeder of vader, je oom of je tante, noem het, bij ons komt te wonen en dat je samen moet werken. Ik probeer altijd een luisteraar te bieden. Ja, horen wat de wensen zijn, maar ook wel wat haalbaar is. Ja, en het gesprek aangaan, want je wil het samen doen. Ja, dat zijn natuurlijk hele heftige situaties waar je, zeg maar, in belandt.toen jij begon met je zorgopleiding. Had jij verwacht dat dit ook bij de zorg komt kijken? Of was je er totaal niet van bewust? Ik ben toen de tijd begonnen met mijn helpenopleiding in de thuiszorg. En daar heb ik gelukkig geen agressieve cliënten gehad. Dat kwam inderdaad pas een beetje dat ik intramuraal ging werken, dus echt in een verzorgingshuis. Je hoort het wel, want er wordt echt wel over gesproken, maar ik had het zelf nog nooit meegemaakt. En totdat je het zelf niet hebt meegemaakt, dan is het ook wel een beetje een grijs gebied. Maar ik merk wel dat er steeds meer aandacht voor is. Stel iemand luistert dit en die denkt, ah, dat vind ik een toch beroep.die wat de route gaan volgen om IGR te gaan worden. Hoe kunnen ze die route gaan volgen? En daar kun je al wat dingen over uitleggen? Je kan de route belopen die ik heb gedaan toen de tijd. Ik was natuurlijk 17 toen ik kwam te werken in ouderenzorg, maar ik had geen middelbare schooldiploma. Dus ik had eerst mijn niveau 1 afgerond, dat is gewoon zorg en welzijn. Tegenwoordig heet dat zorgassistent. Toen vervolgens niveau 2, dat is dan de helpende. En dan heb je ook de helpende plus. Dat houdt in dat je medicijnen mag verstrekken, bakstermedicatie, dat is dan al voorverpak vanuit de apotheek. Dan heb je inderdaad de verzorgende opleiding, dat is dan niveau 3, wat ik dan inderdaad heb gedaan. En ik heb er gewoon stapsgewijs me zo omhoog gewerkt.Ik neem aan dat er genoeg hele grote organisaties zijn die vaak wel heel veel reclame maken. En het zorgpersoneel, ja, die heeft dan een tekort. En ik merk wel dat organisaties toegankelijker zijn en ook kijken naar de persoon zelf dan naar het papiertje, die ze wellicht niet hebben. Trek gewoon de stoute schoen aan en loop naar het huis binnen, stuur een mailtje, vind het telefoonnummer. Deels door het grote personeelstekort dat ze gewoon walkkracht tekort komen, waardoor ze ook wellicht binnen de hoogopgeleide mensen ook aannemen. Ja, maar ook de vergrijzing, die is natuurlijk enorm in Nederland. En ik merk bijvoorbeeld wel heel erg in mijn organisatie dat.Een zorgassistent of een voelingsmedewerker zich aan het opwerken is tot helpende of verzorgende en soms zelfs verpleegkundige. Ja, wat zou je zeggen tegen mensen die twijfelen om in de zorg te gaan werken? Ja, kom een dagje meelopen. De oudere zorg is echt heel erg leuk. Het is enorm voldoende werk om te doen. Trek gewoon de stouten schoenen aan en ga naar de eerste, beste grote organisatie die je in de buurt hebt. Ja, kom vooral een dagje meekijken, want dan zie je denk ik echt wel het beste wat ons werk inhoudt en wat je zo doet op een dag, wat je kan betekenen voor een bewoner. Ja, en gewoon doen. Wat kunnen organisaties.Volgens jou beter doen om nieuwe mensen aan te trekken dan? Hoe kunnen organisaties zichzelf nog aantrekkelijker maken om nieuw personeel of studenten te werven? Ik merk dat mijn organisatie tegenwoordig op social media toch wel zit. Dat je ze voorbij ziet komen op Instagram. Met ook echt wel een hele leuke quote. Die ze dan gebruiken om echt jongeren aan te trekken. Zo ook op Facebook natuurlijk. En dat doen ze goed, want ik denk dat de jongeren inderdaad, laten we zeggen 16 plus, totaal geen weet heeft. En ik wil natuurlijk niet iedereen over één kam scheren. Wat de zorg nou precies inhoudt. En dan in mijn geval oudere zorg.Dus ik denk dat het op die manier wel aantrekkelijk wordt gemaakt van, hé, kom werken bij ons. Om even terug te komen naar het stukje, zeg maar, social media waar je net over vertelde. Wat voor content plaatst jouw organisatie dan om wel zichtbaar te zijn en waar moeten we dan aan denken? Stories. Tenminste, als je dan stories aanklikt, dan heb je natuurlijk reclame tussendoor, dan zag ik mijn organisatie voorbij komen. Ook in je feed, als je aan het scrollen bent, heb je natuurlijk ook reclame, dan zag ik ze ook voorbij komen. Hoe belangrijk denk jij, zeg maar, dat bijvoorbeeld een foto ten opzichte van een video is voor jouw organisatie?Ik denk dat een video wel iets meer kan laten zien wat het inhoudt. Ja, een foto is natuurlijk maar een foto. Stel je hebt een kort filmpje van misschien 10 tot 15 seconden, denk ik wel dat je iemand wat sneller over de streep kan halen. Waar loop jij in de praktijk het meest tegenaan als het gaat om goede zorg geven? Ja, het meest zeggen aanlopen, om eerst aan de positieve kant te bekijken. Ken je bewoner? Leer je bewoner ook echt kennen? Dus praat met de bewoner, leer de familie kennen, spitte dossiers door.Doe je dat niet of heb je inderdaad minder kennis, of nou nee, niet minder kennis, maar ben je inderdaad de CSSP bijvoorbeeld, ja, dan kan je daar wel tegen aanlopen dat je minder goede zorg kan bieden. Ja, lastig. Ja, en dat is een probleem wat niet op te lossen is, maar gewoon het personeeltekort toch, ja, maar dat kan je niet veranderen. Nee. Ja, want jij denkt, zeg maar, als het personeelstekort opgelost zou zijn, dan zou je werkelijk ook een stuk minder hoog zijn. Dat denk ik wel inderdaad, ja. Kijk, een organisatie is erop ingericht dat je een x aantal verzorgende rondlopen op de afdeling, op een dagdienst, een x aantal helpende of assistenten, zorgassistenten.Dus je kan wel zeggen van, ga je opleiden, ga je opleiden. Maar helpen hebben we ook net zo hard nodig als een verzorgende. En een zorgassistent hebben we ook net zo hard nodig als een verzorgende. Wat doen organisaties volgens jou te weinig om medewerkers goed te ondersteunen? Op zich doet mijn organisatie dat eigenlijk al best wel goed. Maar wat het lastig kan maken, is toch het uursalaris, als ik al eerlijk ben. Op zich kan ik dat hier ook al eerlijk bekennen, is dat ik natuurlijk avonddienst de draai, dus dan verdien je ook meer, want dan krijg je je ORT, onregelmatigheidstoeslag. Doe je dat niet, dan krijg je gewoon je standaarduurloon. Maar wanneer merk je dat iemand op het punt staat om af te haken? En wat speelt er dan meestal?Ik denk dat dat komt omdat de zorg gewoon een zwaar beroep is. Zowel lichamelijk als geestelijk. Ik denk dat je dan op dat moment misschien toch te weinig kan verdienen voor hetgeen wat je wel niet doet. Werkende zorg is best bittig. Zowel lichamelijk, maar ook mentaal. En voor hetgeen wat wij doen. Want we zijn wat dat betreft wel echt een manager van alles. Je bent niet alleen zorgverlener, maar je bent soms ook gewoon politieagent. En je bent psycholoog. En je bent voedingsmedewerker. En je bent van alles en nog wat tegelijkertijd inderdaad in je functie. Het is ook wat je werk heel erg mooi maakt. En ook boeiend. Maar ik kan heel goed begrijpen dat het dan.Dus waar valt voor hoeveel je dan verdient op dat moment? Wat vind jij dat een organisatie dan op zo'n moment kan doen? De organisatie als zich niet zoveel, maar meer vanuit de overheid, inderdaad. Er komen bijvoorbeeld wel weer loonspogingen aan en ze proberen het ook echt wel goed recht te trekken. Maar als je het mij vraagt, vind ik het nog steeds wel dat het onderbetaald, inderdaad. En hoe mooi ik mijn werk ook vind, ik zal nooit de zorg uitstappen. Maar voor hetgeen wat je wel niet doet, verdien je eigenlijk wel te weinig. Hoe vind jij dat de capaciteit van het personeel op jouw werk beter of slimmer geregeld kan worden?Onze afdeling en zo elke afdeling is ingericht op de zorgzwaarden van alle bewoners. En daar wordt dan een potje van gemaakt en dan gaan ze kijken hoe je ingezet kan worden. Dus dan gaan ze ook kijken naar de niveaus die ze nodig hebben. Ik ben wel van mening dat je meer gediplomeerd personeel mag hebben rondlopen. En met gediplomeerd bedoel ik echt verzorgend of hoger. Want doe je dat niet, dan kan je ook niet de zorgkwaliteit bieden die je wel graag zou willen bieden. En ik weet dat mijn organisatie echt wel zijn best daarvoor doet, maar het is niet altijd haalbaar. En dan praat ik bijvoorbeeld ook over werken met onbekende uitzendkrachten of CZP'ers.Ja, en die mogen dan wel soms gediplomeerd zijn, maar dan ben jij wel de enige bekende die dan alle touwtjes in handen heeft. Waar gaat volgens jou nog veel tijd verloren in de dagelijkse zorg? Ik denk dan toch wel de administratie. Om een voorbeeld te geven, ik werk acht uur op een dag en ik ben natuurlijk EVVR, dus dat houdt in dat ik mijn mail moet bijhouden, kijken of inderdaad familie mij benaderd heeft. Ik moet dan ook de zorgplannen daarop aanpassen als het nodig is. Ik wil de arts spreken. Dat is allemaal werk wat ik moet verrichten in mijn acht uursdienst.Wat dan mijn collega, die naast me staat op dat moment, die bijvoorbeeld geen EVVR is, die moet dan bijvoorbeeld weer een stapje harder lopen in de zorg op dat moment. Dus hoe het efficiënter zou kunnen durf ik niet in mijn mouw te zeggen. Maar ik merk wel dat administratie wel een groot aspect daarin is. Want je geeft aan, je werkt veel met collega's. Wat maakt voor jou een fijne team om in te werken? Humor. Humor, ja zeker. Je kunt de hele dag lachen, twee uur. Ja, continu. Ik vind humor wel echt heel erg belangrijk. Onderling vertrouwen, dat je naar elkaar toe durft te komen. Dat je open bent naar elkaar en eerlijk bent naar elkaar.Ja, en durf ook te zeggen waar je het echt aanloopt. Maar ook bijvoorbeeld hele heftige casussen die je dan mee kan maken. En zeker wanneer je inderdaad toch wel wat jongeren hebt die nog niet de ervaring hebben, bijvoorbeeld. Dat je daar wel voor open staat om dat bespreekbaar te maken. Hoe wordt er volgens jou leiding gegeven in de zorg, in de oudere zorg? In mijn organisatie goed. Ja, wij hebben een teambegeleider en een teamleider. Die weet ik uiteraard wel te vinden wanneer het nodig is. Maar we zijn ook echt gewoon heel erg zelfstudend team. En dat vind ik zelf persoonlijk wel fijn. Dat ik inderdaad daarin wel word vrijgelaten. En dat er voor mijn gevoel niet op mijn vingers wordt gekeken. En dat ik ook echt wel het idee heb dat ik.Serieus wordt genomen in mijn handelen en hoe bekwaam ik ben en hoe professioneel ik ben. Ja. Want hoe zorg je ervoor dat je jezelf blijft in de zorg, ook al heb je met zulke heftige casus te maken? Op mezelf blijf. Ja. Ik denk dat dat misschien ook wel komt met de jaren. Want met de jaren ben ik natuurlijk ook wel gewoon meegegegroeid. Ik durf wel het gesprek aan te gaan met mijn collega's, maar ook met de bewoners. Ik doe me niet anders voor op mijn werk dan hoe ik privé ben. En dat is ook gewoon meer omdat je dan het beste zorg kan leveren. Want als ik inderdaad mezelf ga lopen wegcijferen, bijvoorbeeld in heftige casus, of ik zie dat iets beter kan dan.Dan laat ik wel van me horen. Wat zie je bij andere organisaties die het wel goed doen met personeel? Als het gaat om behoud van personeel en de mensen die blijven. Ja, vind ik een lastige, want ik werk al zeven en een half jaar voor dezelfde organisatie. Dus ik weet ook niet zo heel goed hoe andere organisaties dat precies doen. Ik heb wel vriendinnen die inderdaad werken voor andere organisaties. Maar ik merk wel dat hun ook een beetje tegen hetzelfde aanlopen. En dan ga je toch weer terug naar het landelijke probleem, denk ik. Wat zou er volgens jou dan beter geregeld moeten worden om mensen duurzaam inzetbaar te maken?Ja, toch het vast de personeel aantrekken, inderdaad. Dus niet je CCPR's en je eisenkrachten. Ik bedoel, fijn dat ze er zijn, maar inderdaad, ze zijn duur. En ik denk dat je op die manier efficiënter kan maken dat je ook meer poppetjes op de werkvloer kan zetten met de juiste diploma's. En op het gebied van de trainingen, waar denk jij zeg maar dat er nog veel winst te behalen valt? Ik denk dat er landelijk wel meer training gegeven kan en mag worden, inderdaad. Je hebt natuurlijk je e-learnings, maar dat is online. Ik denk dat daar wel verbetering in zit, om je scholing inderdaad up-to-date te houden. Jij vindt een training krijgen fysiek?Fijn dat het een training online krijgt? En waar zit dat voor jou, zeg maar, dat grote verschil dan? Als ik een e-learning maak, merk ik aan mezelf dat ik wel snel afgeleid raak. Sommige zijn interessant en ook echt wel leerzaam. Maar als je het fysiek meemaakt, of dat je fysiek aanwezig bent en het is ook nog eens een interactieve training, dan heb je mij helemaal. Want dan vind ik het ook interessant en dan doe je het samen met degene die naast je staan op dat moment. Hoe belangrijk is ruimte voor ontwikkeling en autonomie voor jou? Belangrijk. Ik moet elke drie tot vijf jaar mijn technische handelingen opnieuw laten aftoetsen.Mag ik ook uiteraard zelf aangeven als ik merkte dat ik niet meer bevoegd of me bekwaam voel? En autonomie, ja, ik merk dat mijn werkgever dat toch zeer goed doet. Bijvoorbeeld als je kinderen hebt, dat je later mag beginnen om je kinderen naar school te brengen. Of dat je kortere diensten mag werken, om welke reden dan ook. Dat doet mijn werkgever wel al, gelukkig. Om inderdaad samen tot een goed rooster te komen. Wat wordt er volgens jou onderschat in de zorg als je kijkt, huur daar in stroom hebben gehouden? Ik merk bij mijn werkgever dat er al meer wordt gemoderniseerd. Om een heel goed voorbeeld te geven, wij hebben passieve tillliften, zoals dat heet, zodat wij bewoners passief uit bed kunnen halen. Dat houdt in dat de zorgvrager geen looffunctie meer heeft.En wij hebben sinds kort plafondliften. Dus dat zit dan vastgemaakt aan het plafond. En dat is ideaal. Want je hoeft niet meer de gang op te rennen om je passieve teellift te vinden. Hij werkt hartstikke licht, dus dat is ook fijn voor je rug. En ik denk dat daar andere organisaties, en nogmaals, ik werk niet bij andere organisaties, maar dat ze daar misschien wel nog wat in kunnen leren om inderdaad dat behoud te hebben. Om ons werk makkelijker te maken en efficiënter. En ook ergonomischer uiteraard. En wat mijn organisatie ook heel goed doet, is uitjes organiseren. Net zoals aankomende week hebben we een kroeggetocht door Haarlem heen voor het personeel.Ja, hoe leuk is dat? Gezellig met je collega's. Ja, gezellig, precies. Ja, en je leert elkaar kennen dan buiten werk om en je bouwt een band. Ja, dat doet mijn werkgever wel echt enorm goed. Waar ben jij het meest trots op als je kijkt binnen je werk? Het meest trots, ja. Het kan echt van alles zijn, van een cliënt er nog ben tot avond. Ja. Nou, ik heb dan wel een heel mooi voorbeeld van gisteren tijdens mijn avonddienst, dat een bewoner van oor tot oor glinsterd, omdat hij mij ziet binnenkomen en dat hij blij is dat ik dan de avonddienst heb. En dat hij dan ook vraagt aan mij: van wie ben jij degene die mij naar bed komt helpen? En wat ben ik blij dat je er bent. En het is iets heel kleins, maar dat maakt mij wel enorm trots dat ik het verschil kan maken voor een bewoner. Wat hoop je dat anderen ervaren door jouw werk?Dat ik wel heel erg betrokken ben en dat ik de bewoner ook echt zie voor wie hij of zij is. Het is gewoon een persoon met vaak een grote levensachtergrond. Dat je verder kijkt naar dan alleen de aandoening die degene heeft. En dat je daardoor het verschil kan maken. Ja, mooi gezegd. Er zijn waarschijnlijk andere zorgorganisaties die het luisteren. Wat zou je ze willen meegeven om het behoud van kwade personeel? Luisteren naar je personeel. Luisteren waar de behoeftes liggen. En natuurlijk wel binnen alle beperkingen, uiteraard.Op die manier behoud je toch wel je goede personeel, denk ik. En wat hoop je dat de kijkers, zeg maar, die nu luisteren, mee kunnen nemen uit jouw verhaal? Ik hoop dat ik duidelijk heb kunnen vertellen wat de ouderenzorg inhoudt. Wat een werkdag is voor mij, hoe dat eruit ziet. Ik hoop dat ik mensen hetzelfde gevoel geef als wat ik heb: dat je heel veel voldoening kan halen uit je werk. En dat elke dag anders is, maar je biedt hartstikke mooi werk. En je kan echt een verschil maken voor de bewoner. Dankjewel, Sherile, voor het delen van jouw verhaal. En voor je openheid en het eerlijk vertellen van jouw verhaal in de zorg. Ik wil je hierbij bedanken.Dankjewel voor het luisteren naar deze podcast. Tot volgende aflevering. Tot volgende."
verzorgings-staat.mp3,interviews,NVIDIA Canary 1B v2,37.5,25.440222575516607,100,38.569157392686805,12142.3125,11806.837142289349,21.6554650381647,"De verhoging van de AOW-leeftijd is onder druk van politiek protest en vakbonden van de baan. Maar het kabinet heeft de ruim 6 miljard aan bezuinigingen op onze sociale zekerheid nog niet opgegeven. We hebben het over de WW en de arbeidsoongeschiktheidsverzekering. Onacceptabel, zeggen vakbonden. En dus zal de polder weer om de tafel moeten. En de vraag is dan, wat voor een samenleving willen we nou, wetende dat Nederland is gebouwd op een sterke verzorgingsstaat? En wie betaalt uiteindelijk de prijs? Daarover praat ik deze week met vijf kopstukken in Beners Big Five van de Verzorgingsstaat onder druk. En vandaag is dat niemand minder dan Koen van Oostrom, sinds 1 mei de nieuwe voorzitter van de werkgeversvereniging VNO NCW. Van harte welkom. Goedemorgen.En heel leuk dat je weer terug bent bij de Big Five. Het is een paar jaar geleden dat ik hier was bij jou. Ja, zeker. En dat ging toen over de zelfmeet man en vrouwen. Want je bent iemand die zelfmeet is. Met eigenlijk weinig welvarend opgegroeid. En uiteindelijk ben je helemaal binnen als vastgoedman en projectontwikkelaar. En daar hebben we toen uitgebreid over gesproken. Is nog terug te luisteren. Ik heb het ook even teruggeluisterd. Het was echt hartstikke leuk. Mooi. Mooi. We gaan het nu over hele andere zaken hebben natuurlijk. Ook leuk. Ja, overigens ben je ook nog invloedrijk VVD, maar nu snurkend lid hè.Ja, dat werkt niet. Mijn achterbannen zitten duizenden bedrijven en die hebben hele verschillende politieke kleuren. En dus laat ik de kleur van de VVD even liggen. Want daar sta ik nu niet voor. Ik sta nu voor de bedrijven in Nederland.Maar is dat moeilijk? Want het lijkt me heel moeilijk om ermee eens snorken te zijn. Nee hoor, dat vind ik niet. En ik vind het eigenlijk ook heel erg leuk om nu de andere partijen beter te leren kennen. En ik heb wel een periode gehad dat ik daar een beetje soms naar keek en dacht: goh, wat gebeurt daar nou allemaal in die partijen? Maar als je dan beter kennis maakt, zelfs met mensen als Jesse Klaver en CDA D66, dan krijg je toch ook iets meer gevoel bij hun standpunten en hun achterbannen en hun gedachten. Dus dat is eigenlijk hartstikke leuk. Ja, leuk om daar meer over te horen. Ook over bijvoorbeeld Hans Peckman, die we ook later deze week te gast hebben, overigens. En we gaan natuurlijk over die verzorgingstraat praten, die onder druk staat. Maar eerst toch even het laatste nieuws waar de Telegraaf gisteren over heeft bericht. En dat is dat alle supermarkten het lidmaatschap van VNO en CV hebben opgezegd. Klopt het?Ja, dat klopt. Dat is vorig jaar gebeurd. Zoals je weet is WNO een enorme vereniging. Er zitten duizenden en duizenden leden. En er komen elk jaar heel veel leden bij. En er gaan helaas ook elk jaar wel weer een paar leden af. Dat had in dit geval te maken met een nieuw contributiestelsel. Nou, dat zijn dingen die gebeuren. En we zijn met z'n gesprek. Het is een beetje van voor mij tijd. Je wist dit al bij de overdracht. Bij de overdracht wist ik dit. En ik ben ermee aan het werk gegaan. En ik heb toevallig vorige week ook met vertegenwoordigers van de supermarkten gesproken. Eigenlijk een heel positief gesprek. En wat ik ontzettend leuk vind, dat zijn natuurlijk. Kruideniers zijn enorme ondernemers. En die vechten om elke euro al. En dat gebeurt ook. En ik ben ermee aan het werk gegaan. En ik heb toevallig vorige week ook met vertegenwoordigers van de supermarkten gesproken. Als je als lobbyorganisatie.Dit deel kwijtraakt, dan ben je echt wel kleiner in omvang.Dat is aan de ene kant waar. Aan de andere kant zien we een enorme toestroom van technologiebedrijven binnen ons huis. En daar is ook heel veel dynamiek. Daar werken ook heel erg veel mensen. Dus bij Saldo is het niet zo dat het een ramp is. Het is in het verleden overigens vaak gebeurd dat supermarkten wel of niet lid waren bij ons. Dus het is ook niet zo dat het nou de pijler is waar VNO op draagt. Maar wat ik wel wil zeggen is dat volgens mij het zo ontzettend belangrijk is in deze periode dat er een beetje eenheid is. Eenheid aan de werkgeverskant en ook eenheid aan de vakbondenkant. We hebben gezien dat daar in het verleden gedoe was. Als er rust is in de polder is het makkelijker om met elkaar te praten. Maar je wilt ze gewoon erbij houden. Dat is niet goed voor de beeldvorming.Ik denk dat hoe vollediger wij zijn namens het Nederlandse bedrijfsleven, hoe beter het is. Dus het was ook niet onze keuze om ze eruit te zetten. Ze zijn er zelf uitgegaan. En ik denk dat het in ieder geval niet verstandig is om het via de media te spelen. Ik denk dat het goed is om het gewoon in het juiste. Misschien was het zo hoog dat ze dachten: nu moeten we dit wel doen, want ze luisterden niet. Ja, klapelijk is dat dan vorig jaar gebeurd. En ik was toen nog niet de voorzitter, dus ik weet nu ook niet precies wat de dynamiek was. En of er sprake was van teleurstelling of zelfs boosheid op dat moment. Ik heb gezien dat er nu eigenlijk best wel wat productieve gesprekken met elkaar begonnen. En ik heb het ook een van de dingen gehoord, ik ben een zelfmeet ondernemer, en dan heb ik het wel goed voor ons gezorgd. En dan heb ik het heel anders ingezet. Ja, dus dat is een heel leuk verhaal, ik heb het ook een beetje een beetje een beetje een beetje een beetje een beetje een beetje een beetje een beetje een beetje een beetje een beetje een beetje een beetje een beetje een beetje een beetje een beetje een beetje een beetje een beetje een beetje een beetje een beetje een beetje een beetje een beetje een beetje een beetje een beetje een beetje een beetje een beetje een beetje een beetje een beetje een beetje een beetje een beetje een beetje een beetje een beetje een beetje een beetje een beetje een beetje een beetje een beetje een beetje een beetje een beetje een beetje een beetje een beetje een beetje een beetje een beetje een beetje een beetje een beetje een beetje een beetje een beetje een beetje een beetje een beetje een beetje een een een beetje een beetje een een beetje een beetje een beetje een een beetje een beetje een beetje een beetje een een een een een een een een een een een beetje een beetje een beetje een beetje een beetje een beetje een beetje een een beetje een beetje een beetje een een beetje een beetje een een een een beetje een beetje een beetje een een beetje een beetje een een een een een beetje een een een een een een een een een een een een een beetje een beetje een een een beetje een een een een een een een beetje een beetje een een een beetje een beetje een beetje een een een een beetje een beetje een beetje een een een een beetje een een een een een een een eenEn bij hem was het zo dat hij zei, ik heb daar een social business van gemaakt. Dus de opbrengsten daarvan gingen terug naar allerlei goede doelen. En dat typeert de ondernemer Hans Beckman. En ik ben de ondernemer Koe van Oostrom die andere keuzes heeft gemaakt. En die zijn niet goed of fout. Die zijn gewoon anders. En ik vind het wel heel erg leuk dat er nou eigenlijk twee ondernemers in de podden zitten. Ja, ontzettend leuk. En hij zat dus niet naar je te kijken, want ik weet dat je een hekel hebt aan het woord vastgoedmiljonair. Dat ben je. Heb je toch gezegd? Heb ik toch gezegd? Ja, dat is echt gemeen. Maar zo zat hij dus niet naar je te kijken. Nou, ik denk dat hij ook wel natuurlijk met belangstelling kijkt van, hé, wie zit daar nou? En dit is duidelijk geen bestuurder aan de kant van Venode. Dit is een ondernemer.Maar wat voor type ondernemer? En ik denk dat er altijd wel een beetje dan een vraag is: is het een ondernemer die alleen maar bezig is met een groot mogelijk vermogen? Of is het iemand die maatschappelijk betrokken is? Ik denk, ik wil geen jury over mezelf zijn, maar ik heb altijd geprobeerd, ook met de duurzaamheidszaken die ik gedaan heb, waar wij ook een aantal jaar geleden over hebben gesproken. Om juist ook een breder ondernemer te zijn die onderdeel is van de oplossing, niet van het probleem. Je vertelde toen dat je echt een switch hebt gemaakt. Dus dat je eerst wel was voor winnen, winnen, winnen en zoveel mogelijk omzetten. En uiteindelijk toch ook hebt geleerd dat je er anders naar moet kijken. Het leuke als ondernemer.Is als je succesvol bent dat je in een soort nieuwe wereld terechtkomt. Bij mij was dat dat ik mensen leren kennen zoals Peter Bakker, Vijke Siebesma, Paul Polman. Die op dat moment het Nederlandse bedrijfsleven leiden. En dat niet deden alleen maar met de agenda shareholder value. Maar ook met de agenda hoe kunnen we zorgen dat we een land sterker maken. Dat we sociale cohesie hebben. En dat we grote maatschappelijke problemen oplossen. En dat is altijd onderdeel geweest. Sorry, dat moet ik goed zeggen. Nadat ik hen heb leren kennen. Is dat onderdeel geworden van mijn portefeuille. En daarvoor was dat minder zo. Ik vind dat ook niet per se slecht. Ik kan me voorstellen dat een startende ondernemer.Eventjes een fase heeft dat hij eindimensionaal is. Hij moet namelijk een product bedenken wat beter is dan de producten om hem heen. En op het moment dat je daar een stap verder in bent, dan heb je iets meer ruimte om ook na te denken over hoe ik daar dan ook een positieve impact mee kan maken. En is dat misschien ook de reden dat je deze baan als voorman van VNO en CW juist zo mooi vindt? Omdat je dus daarmee ook meer kan creëren voor Nederland? Ja, in die zin is het een beetje een bekroning op dat werk wat ik heb gedaan. En ik was een beetje op zoek naar zoiets. Het is eigenlijk een beetje een beetje een beetje een beetje een mentor voor me in dat maatschappelijke. Ik weet het. Ik weet het. Ik weet het. Ik weet het. Ik weet het. Ik weet het. Ik weet het. Ik weet het. Ik weet het. Ik weet het. Ik weet het. Ik weet het. Ik weet het. Ik weet het. Ik weet het. Ik weet het. Ik weet het. Ik weet het. Ik weet het. Ik weet het. Ik weet het. Ik weet het. Ik weet het. Ik weet het. Ik weet het. Ik weet het. Ik weet het. Ik weet het. Ik weet het. Ik weet het. Ik weet het. Ik weet het. Ik weet het. Ik weet het. Ik weet het. Ik weet het. Ik weet het. Ik weet het. Ik weet het. Ik weet het. Ik weet het. Ik weet het. Ik weet het. Ik weet het. Ik weet het. Ik weet het. Ik weet het. Ik weet het. Ik weet het weet het. Ik weet het. Ik weet het. Ik weet het. Ik weet het. Ik weet het. Ik weet het. Ik weet het. Ik weet het. Ik weet het. Ik weet het weet het. Ik weet het. Ik weet het. Ik weet het. Ik weet het. Ik weet het. Ik weet het. Ik weet het. Ik weet het. Ik weet het weet het weet het. Ik weet het. Ik weet het. Ik weet het. Ik weet het.De Big Five. Diana Matroos. Mijn gast vandaag is Koen van Oostrum. Hij is de voorzitter van VNO NCW. En we gaan het natuurlijk hebben over de verzorgingsstaat onder druk. En in relatie daartoe ook de sociale zekerheid. Want dat is enorm actueel. Eerst even de vraag: wat heb jij überhaupt met de verzorgingsstaat? Wat natuurlijk drie pijlers heeft: de sociale zekerheid, gezondheidszorg, onderwijs, dat soort zaken. Ik vind dat wij in Nederland oprecht het allermooiste land in de hele wereld zijn. Ik vind dat dit zo'n bijzonder land is waar het zo.Waanzinnig goed gaat met heel veel zaken. En dan is die sociale zekerheid gewoon een van de pijlers die daaronder staat. En voor de goede orde, ondernemerschap is ook een pijler. En daar maak ik me op dit moment echt zorgen over. Maar die pijler sociale zekerheid, die pijler, het fatsoen wat wij hebben in Nederland. Dat als je om allerlei redenen uitvalt, en dat kan definitief zijn en dat kan tijdelijk zijn. Dat er dan een systeem is wat probeert om je te begeleiden, om je weer op je voeten te zetten. En weer zo mogelijk ook weer aan het werk te krijgen. Dat vind ik briljant dat we dat hebben. De vraag is wel een beetje of het systeem wat we vandaag hebben, met bijna een miljoen mensen in de via.Of dat nou het systeem is wat we nog steeds ons kunnen veroorloven. En of dat systeem is waar ik net van droomde, dat dat onderdeel is van dat hele mooie Nederland. Daar ben ik ook wel een beetje kritisch over. Toch, als het gaat over een aantal punten van de sociale zekerheid, hebben jullie natuurlijk met de AOW-leeftijd verhogen. Zijn jullie echt achter de bonden gaan staan? Ja, nou ik weet niet of het achter de bonden is. We staan vooral achter onszelf. Maar VNO heeft zijn handtekening gezet onder een groot akkoord. Die ging over de verhoging van die pensioenleeftijd. Dat heeft mijn voorgangster Ingrid Thijssen gedaan. Daar sta ik 100% achter. En ik vind ook dat als je zo'n lange termijn afspraak maakt.Waarbij het voor een aantal tijden ook echt wel pijn heeft gedaan. Dat was voor de bonden ook niet makkelijk om dat te slikken destijds. Ja, maar dan vind ik ook dat je dan ook een zekere loyaliteit aan zo'n transactie moet doen. Nou, een beetje als ondernemer is ook gewoon afspraak is afspraak. Dat is gewoon een helder beginsel in Nederland. En dat vind ik ook eigenlijk in dit geval.Weet je, is het dan nooit bespreekbaar? Natuurlijk, als de wereld helemaal zou veranderen, dan op een keer komt alles te bespreken. Maar je hebt misschien een alternatief, fiscalisering vandaag? Ja, de verwachtingen die we destijds hadden, toen we deze deal gedaan hebben, zijn ongeveer uitgekomen. Dus eigenlijk sterker nog, de leeftijdsgroei is iets minder geworden dan we hadden gedacht. Er is COVID doorheen gegaan, et cetera. En dan vind ik dat niet het onderwerp waar we nu over moeten praten. Dus daarvan heb je ook gezegd, het moet gewoon in de, wat was het, in de vrijezer of zoiets. Dat is veel meer dan de landen om ons heen. En daar moeten we eens goed naar kijken. En dan snappen we voldoende waar dat komt, want je ziet ook dat er heel veel jongeren daarbij vertegenwoordigd zijn, met psychische klachten. Want waarom zijn al die mensen zo.Als het om de psyche gaat. Ik vind dat precies de vraag die wij ons moeten stellen. En ik heb nog niet alle antwoorden. Wij werken keihard op dit moment binnen VNO, maar ik weet ook dat binnen de CER, Sociale Zaken als ministerie, is hiermee bezig. Kim Putter zou ik later deze week de gasten laten komen. Ook even een formidamelijk denker die heel goed en heel scherp kan formuleren waar dan echt het probleem zit. Maar jij noemde bijvoorbeeld de jonge mensen. Het is natuurlijk doodzonde dat iemand die dertig is en dat die in een burn-out terechtkomt en dat het niet lukt om die dan naar ander werk te begeleiden. Maar het kan zijn dat er sprake is van toch ook een beetje een arbeidsconflict of te veel druk. En misschien in de samenhang tussen privéleven en het werkende leven, dat daar dingen misgaan.Maar dat mensen dan in een situatie komen dat de kans bestaat dat ze nooit meer gaan werken, dat vind ik verschrikkelijk. Dat vind ik voor die mensen verschrikkelijk. Maar het bedrijfsleven heeft ook heel hard deze mensen nodig, omdat er nog steeds een tekort is aan arbeidskracht. Als we het voor elkaar krijgen dat deze groep, en niet allemaal, want er zitten mensen bij die andere dingen hebben waardoor ze echt niet meer inzetbaar zijn. Maar andere mensen zijn wel inzetbaar en die moeten benaderd worden. Maar is er dan een goede weg om te zeggen wat het kabinet wil, om daar dan 20% van af te halen?Kijk, wat ik heb geleerd in mijn zes weken dat ik al voorzitter ben, het is nog kort, maar wat ik in die zes weken heb geleerd, is dat op het moment dat je het woord bezuiniging hanteert, dan gaan overal de loopgraven dicht en dan gaan mensen met een hak in het zand en dan stopt een beetje de discussie en dan verhardt de discussie. Snap je daarin ook de bonden? Want die zijn heel blij met dat cadeau van die AOW-leeftijd, maar zeggen toch, ja, nee, we gaan toch weer staken, want dit moet ook van tafel. Straks heb ik het nog wel over de.De WW ook. Nou, over dat staken wil ik het zo nog even hebben. Want wat mij betreft was dat niet nodig geweest. Maar ik wil geen uitspraken doen over wat de bonden dan denken. Dat is misschien een vraag van vrijdag aan de Hongaarse. Nee, niet wat zij denken, maar dat je denkt, nou ja, ik begrijp het wel. Ik had het toch liever het gesprek wat meer open gehouden. Nogmaals, ik denk dat die stakingen niet nodig waren geweest. Maar waar het echt over gaat en waar ik denk dat ook Hans Beckman een partner gaat worden. Een miljoen mensen in de VIA is niet goed. Niet, laten we zeggen, voor zijn achterban, voor de werkende in Nederland. Niet voor de bedrijven en helemaal niet voor de overheid die daar helemaal geen geld voor heeft. Dan moeten we met elkaar kijken. Wat is nou de reden, precies de vraag die jij stelde, waarom gaan er zoveel mensen.Die via in. Wat is daar nou aan de hand? Is dat COVID geweest? Maar waarom zijn de getallen dan zoveel groter dan in andere landen waar ook COVID was? Heeft dat te maken met zijn veel vrouwen die net bevallen zijn, die in een burn-out terechtkomen? Wat is daar dan de problematiek? En kunnen werkgevers daar ook beter handelen? Ik neem de verantwoordelijkheid op mij om echt aan die werkgeverskant te kijken. Doen wij nu voldoende aan preventie? Hebben we goede regelingen? Wat is daar de discussie die wij aan kunnen? Het is helemaal niet zo dat wij alleen maar zeggen dat het probleem ligt bij het UWV. Ik denk overigens wel dat we het nu minder snel gaan op de begroting van de overheid. Als we in de tussentijd die economische groei.Aan kunnen zetten. En we kunnen zorgen dat we weer naar 2% economische groei gaan. En ik ben een beetje ondeugend, heel onambitieus. Ik denk zelfs dat we naar 3% economische groei zouden kunnen. Als we dat voor elkaar krijgen, dan hebben we die verhoging van de AOW-leeftijd helemaal niet meer nodig. Dus je zegt bezuinigingen, dat is nu het verkeerde woord. Maar sluit je bezuinigingen uit? Want er komt. Dat sluit helemaal niets uit. En ik vind ook dat.Ja, dat je realistisch moet zijn. Maar ik hoop in ieder geval dat we fundamentele veranderingen in de sociale zekerheid voor elkaar kunnen krijgen. Veel meer mensen aan het werk kunnen helpen. En als we dat kunnen doen, dan hebben we misschien, daar ben ik open in, Diana, dat misschien is er dan op korte termijn inderdaad nog wel een vraagstuk over de financiën. Maar die discussie wordt heel veel makkelijker als we weten dat er op termijn veel minder mensen in de BIA zitten. En ook in andere regelingen. En als we zien dat op termijn de economische groei hoger is. Want dan heb je misschien voor 2028 of 2029 dan nog eens een jaar waar er dan bijvoorbeeld een miljard tekortkomt. Ik noem maar even een willekeurig getal. En dan heb je misschien voor 2028 of 2029 dan nog eens een jaar waar dan ook echt een miljard te kort komt. Ik noem maar even een willekeurig getal. En dan heb je misschien ook nog eens een jaar waar dan ook een miljard te kort komt. Ik noem maar even een willekeurig getal. En dan heb je misschien voor 2028 of 2029 dan nog eens een jaar waar dan ook echt een miljard te kort komt. Ik noem maar even een willekeurig getal. Ja, en dan heb je misschien dat dan ook weer een heel veel meer.Ja, wellicht zijn er dan ook mogelijkheden. Maar ik ga niet op de stoel van de minister van Financiën zitten. Die is buitengewoon intelligent, weet heel goed hoe het spel werkt. Hij zegt gewoon, er moet rust komen in de polder en daarom is dit zo belangrijk. Dat is ook wel belangrijk. En ja, dan weet je wat ik ook vind, dat is dat als er dan toch nog een bezuiniging over zou blijven, en nogmaals, ik denk dat dat veel en veel kleiner zou kunnen worden, dan is het ook een beetje aan het kabinet. Want dan komen er allerlei woorden rond, van Venusgasbelasting tot allerlei andere termen. Ook het idee van Spekman, winstbelasting omhoog. Dat soort dingen, maar dan zou ik ook zeggen, nou dan is het ook even, als er dan toch nog ergens een gaatje zit, dat gaat dus dan vele malen kleiner. Als er dan nog iets over is, dan zou ik zeggen, nou dan is het ook even, als er dan toch nog ergens een gaatje zit, dan is het gat dus dan vele malen kleiner. En dan wordt het politiek. En ik vind dat de polder niet op de rol van de politiek moet overnemen.Om dat in te vullen."
hulpverleners.mp3,interviews,NVIDIA Canary 1B v2,37.5,25.446280991735513,63,34.88154269972452,12142.3125,12142.3125,25.50767674475357,"Menal, zou je iets verder willen introduceren? Ja, mijn naam is Menal Amat. Ik werk als onderzoeker aan de Vrije Universiteit Amsterdam. Ik heb zelf een achtergrond in culturele antropologie. En in de afgelopen jaren heb ik dus een promotieonderzoek gedaan aan de Universiteit voor Humanistiek. Dankjewel. En kun je iets vertellen over de focus van het onderzoek en de noodzaak hiervan? Ja, in de afgelopen jaren, zoals ik al zei, heb ik onderzocht hoe mantelzorgers met een migratieachtergrond de zorg ervaren voor een familielid met dementie. En ik heb daarbij met name gekeken naar hoe de zorg gedeeld wordt binnen families en hoe de zorg gedeeld wordt tussen families en formele zorg.Daar was nog niet zoveel over bekend. Mantelzorgers met een migratieachtergrond worden heel weinig en te weinig meegenomen in dit soort onderzoek. De vergrijzing en toenemende diversiteit in westerse samenlevingen maakt de urgentie van dit onderzoek dus groot. Ik heb daarom een kwalitatief onderzoek uitgevoerd, vooral onder mantelzorgers en voor een kleiner deel onder zorg- en hulpverleners. Wat was er al wel bekend over zorg bij mensen met een migratieachtergrond en wat voegt jouw onderzoek daaraan toe?Wat al wel bekend was uit voorgaande onderzoeken is dat mantelzorgers met een migratieachtergrond minder gebruik maken van formele zorg. Dat kan te maken hebben met taalbarrières, discriminatie of bijvoorbeeld een gebrek aan kennis over dementie. In die voorgaande onderzoeken suggereren dan ook dat deze mantelzorgers vaak intensievere zorg geven en daardoor vaker overbelast zijn. Waar wij nog niet zoveel onderzoek naar gedaan hebben is hoe mantelzorgers met een migratieachtergrond het delen van de zorg ervaren en hoe die ervaringen gevormd worden door hun sociale omgeving.En door hun contacten met formele zorg. Zoals Savitri en Evelien in de video al vertelden, het geven van zorg is een complexe ervaring, vaak een emotionele en morele ervaring, die beïnvloed wordt door verschillende factoren. En binnen dit onderzoek heb ik dus geprobeerd om daar inzicht in te geven. En in je onderzoek ga je dus ook in op die emotionele ervaring van het geven van zorg. Wat zegt je onderzoek over het ervaren gevoelswereld van deze man de zorgers?De bevindingen laten zien dat het geven van zorg gedaan wordt vanuit twee sociale opvattingen of morele kaders, kun je zeggen. Die stellen dat je voor een ouder familielid hoort te zorgen. Het ene morele kader stelt dat je zorg geeft aan een ouder familielid uit liefde voor je ouders bijvoorbeeld, omdat ze bijvoorbeeld ook voor jou hebben gezorgd als kind. En het andere morele kader stelt dat je zorg geeft vanuit een verantwoordelijkheidsgevoel. Dus ook als je geen fijne relatie hebt gehad met je ouders. Deze opvattingen of morele kaders zijn al aanwezig in een samenleving.Maar vaak geeft slechts één vrouw in een gezin of in een familie je gehoor aan. Dat is vaak een dochter of een schoondochter. En met die morele kaders in gedachten neemt zij dus de meeste of alle zorg op zich. En doordat ze aan die morele kaders kan voldoen, geeft dat een gevoel van trots en kracht ook, dat ze de zorg kan geven. En dat zorgt er ook voor dat ze de zorg kan blijven geven. Dus het gehoor kunnen geven aan het morele kader van liefde voor je ouders en het morele kader van verantwoordelijkheidsgevoel geeft dus een gevoel van trots en kracht. En wat betekent dit voor delen van de zorg?Het betekent dat met die morele kaders in gedachten, de zorg of de mantelzorgrol langzaamaan een belangrijk deel van de identiteit van de mantelzorger wordt. Dat is zeker het geval wanneer de zorg niet gedeeld wordt binnen de familie. Om daarmee om te gaan, dus met een gebrek aan dat de zorg niet gedeeld wordt in de familie, wordt de mantelzorgrol afgezet tegen familieleden die geen zorg geven. Een mantelzorger kan dan denken van ik ben in ieder geval wel een betere dochter of een betere gelovige.dan familieleden die geen zorg geven. En dat is eigenlijk een manier van omgaan met gevoelens van overbelasting, maar vooral ook met gevoelens van teleurstelling in familieleden die geen zorg geven. Het onderzoek laat daarmee dus ook zien dat het geven van zorgen een hele emotionele en morele ervaring is. En om de ervaringen en behoeften van mantelzorg te begrijpen, heb je ook gebruik gemaakt van intersectionaliteit. Wat zijn hierbij de belangrijkste bevindingen? Wat vooral naar voren komt, is dat iemands migratiegeschiedenis, dus hoe iemand gemigreerd is.En de sociale klasse waarin iemand is opgegroeid, zal een grote invloed zijn op het verkrijgen van vaardigheden die van belang zijn bij het organiseren en het delen van de zorg. Maar wat dit in de praktijk betekent, verschilt per mantelzorger. Omdat andere sociale factoren of andere aspecten van iemands identiteit en iemands levensgeschiedenis ook beïnvloeden hoe de zorg ervaren wordt, hoe de zorg gedeeld wordt. Denk bijvoorbeeld aan iemands positie in de familie, of er een sociaal netwerk is of niet. En bijvoorbeeld wat voor rol religie speelt in iemands leven.Dus je zegt dus eigenlijk dat iedere mantelzorger andere levenservaringen heeft en daardoor dus ook andere behoeftes heeft bij het delen van zorg. Klopt dat? Ja, dat klopt. Het onderzoek laat daarmee dus ook zien dat we ons niet moeten blind staren op de cultuur en etniciteit van mantelzorgers. Maar in plaats daarvan iedere mantelzorger te zien als een uniek individu met verschillende ervaringen heeft en waarvan de achtergrond eigenlijk heel complex is. En die beïnvloeden de manier waarop.De zorg ervaart en de behoefte die iemand nodig heeft. Dus het is heel belangrijk om te kijken naar de persoon die tegen je over zit als professional. In plaats van labels te plakken op mantelzorgers door ze te zien als onderdeel van een culturele groep. Ja, en je hebt ook met zorg- en hulpverleners gesproken. Wat kwam hieruit naar voren? Wat vooral naar voren kwam is dat zorg- en hulpverleners in het contact met mantelzorgers en families het vooral belangrijk vinden dat er een gevoel van nabijheid is. Want dat is nodig om de zorg te kunnen delen.Is het heel belangrijk dat er ook een gevoel van begrip en vertrouwen is tussen mantelzorger en professional. Maar bij mantelzorgers met een migratieachtergrond, in hun contacten daarmee, wordt dit gevoel van nabijheid vaak verhinderd. Ook mantelzorgers ervaren vaak een gevoel van afstand, waardoor nabijheid en vertrouwen eigenlijk niet mogelijk is. En dat leidt er dus vaak toe dat professionals deze mantelzorgers niet verder kunnen helpen en dat ze dus vast raken in hun werk. Daarnaast kwam naar voren dat professionals in hun werk heel erg uitgaan van een vragensturen benadering. Evelien vertelde het ook al eventjes.En in deze benadering wordt de regie heel erg bij de mantelzorger gelegd. Dus het is aan de mantelzorger om de hulpvraag te formuleren. Maar vaak werkt dat gewoon niet zo. En ik weet nog dat een paar professionals me ook vertelden dat wanneer een mantelzorger de hulpvraag niet formuleert of aangeeft geen hulp nodig te hebben, dat de professional het dan ook moeilijker vindt om een mailtje te sturen of om even te bellen om te zien hoe het gaat. Want dan zou je misschien als professional opdringerig overkomen, want het past niet binnen een vraagstuurde aanpak.Maar deze aanpak werkt vaak niet wanneer er geen vertrouwen is. Want iemand zal de hulpvraag gewoon minder snel formuleren wanneer er geen gevoel van vertrouwen is en nabijheid. Daarnaast werkt deze aanpak ook niet wanneer een mantelzorger bijvoorbeeld geen kennis heeft van dementie. Dus ze gewoon niet weet wat dementie is. En ook niet op de hoogte is van wat de mogelijkheden voor ondersteuning zijn. In de breakout sessie zal ik daar wat verder op ingaan. Maar wat vooral naar voren komt uit het onderzoek is dat deze aanpak er echt vaak toe leidt dat professionals vast komen te zitten in hun werk. Waardoor vervolgens mantelzorgers ook niet.ondersteund worden in het delen van de zorg. Ja, dus je gaat in op die nabijheid en vraaggerichte aanpak. En als dat niet wordt bereikt, wat gebeurt er dan? Ja, wanneer dat gebeurt, zag ik dat het vaak gerelateerd wordt aan culturele verschillen. Dus het contact lukt niet. Het eerste waar professionals vaak aan denken, niet altijd, maar vaak wel, dat het te maken heeft met culturele verschillen. Dat gebeurt doordat professionals het contact met mantelzorgers met een migratieachtergrond vaak vergelijken met mantelzorgers uit de meerderheidspopulatie, waarbij het contact vaak wat makkelijker gaat.Maar op die manier worden deze mantelzorgers als de ander gezien, waarmee het heel moeilijk is om contact mee te maken, omdat ze de cultuur niet zouden kennen. Zo is die gedachtegang dan. Daarnaast wordt ook vaak aangenomen, wat Evelien al eigenlijk vertelde en Salitri, dat wanneer mantelzorgers niet om formele hulp vragen, ook al snel wordt aangenomen dat dat niet gebeurt, omdat mantelzorgers met een migratieachtergrond nou eenmaal liever zelf zorg geven of nou eenmaal liever binnen het eigen sociale netwerk hun probleem oplossen of op zoek gaan naar ondersteuning.Behalve dat dat niet overeenkomt met de ervaringen van de mantelzorgers die ik sprak, leidden deze manieren van denken er vaak toe dat professionals vastlopen in hun manier van werken. En ze ervaren daardoor ook vaak een soort handelingsverlegenheid, waardoor ze ook een beetje terughoudend zijn in het doorvragen bijvoorbeeld. En daardoor komen veel vraagstukken niet op tafel en wordt het delen van de zorg dus verder belemmerd. En een paar professionals die ik sprak hadden wel andere manieren gevonden om toch verbinding te maken met mantelzorgers en obstakels te overkomen.De meeste professionals die ik sprak hadden het toch vaak over dit soort obstakels die ze tegenkwamen in hun contact met mantelzorgers met een migratieachtergrond. En dan komen we al bij de laatste vraag. Hoe kunnen zorg- en hulpverleners die nu ook meekijken, mantelzorgers met een migratieachtergrond ondersteunen? Vaak wordt gedacht dat er gezocht wordt naar concrete formules of concrete handvatten bij het delen van de zorg met families en mantelzorgers met een migratieachtergrond. Maar die zijn er niet en die kunnen er volgens mij ook niet zijn, want het gaat altijd om maatwerk.Van een aantal professionals hoorde ik bijvoorbeeld dat ze het fijn zouden vinden als er een boek was met een overzicht van verschillende culturele gebruikers per culturele groep, zodat ze hun contacten met mantelzorgers met een migratieachtergrond daar vervolgens op kunnen afstemmen. Maar zoiets werkt niet. Dat zou gewoonweg niet werken omdat mensen veel meer zijn dan de culturele groep waar ze toe behoren. Wat wel kan helpen is om geen culturele labels op mantelzorgers te plakken, maar om open en nieuwsgierig het gesprek aan te gaan.En zoals ik al zei, het is altijd heel belangrijk om te kijken naar de mens die tegenover je zit en je af te vragen hoe iemand is opgegroeid, hoe lang woont iemand in Nederland, zijn er sociale netwerken of niet, et cetera. Er zijn heel veel vragen die belangrijk zijn om de achtergrond en de levensgeschiedenis van de mantelzorger helder te kunnen krijgen. Dit soort aspecten spelen allemaal mee in hoe de behoeften zijn. En daarin bedoel ik ook dus dat het belangrijk is om contact of verbinding te maken met de leefwereld van mantelzorgers, want zij zijn een enorme bron aan kennis.En zij weten als geen ander hoe de ouderen met dementie geleefd heeft en wat de behoeften zijn in de zorg. Dus vooral het gesprek aangaan met mantelzorgers. Wat daarna heel belangrijk is, is dat professionals zich ook bewust zijn van hun eigen referentiekader. Wanneer we het hebben over mantelzorgers met een migratieachtergrond, gaat het vaak over de cultuur van de ander. Maar professionals hebben ook een cultuur natuurlijk. Ze hebben ook een professionele bagage en ze nemen ook zichzelf mee in het werk dat ze doen.Dus het is heel belangrijk dat ze daar bewust van zijn, want objectieve hulpverlening is er niet. We komen allemaal ergens vandaan, zijn allemaal met bepaalde normen en ervaringen opgegroeid en die kleuren de manier waarop je zorg situaties in dit geval ziet en benadert. Dus in het contact met mantelzorgers denk ik dat het heel belangrijk is dat professionals zich constant afvragen met welke bril kijk ik naar deze zorg situatie of naar deze mantelzorger. Het is natuurlijk ook belangrijk dat professionals gesteund worden hierin door de organisaties waar ze werken. En dat zou kunnen door diversiteit en inclusie als aandachtspunten nemen.Dankjewel, Medal, voor dit gesprek. We kijken heel erg uit naar jouw promotie half november. Mocht je daarbij willen zijn, stuur dan ook een berichtje naar Vares en dan linken we je door voor de online sessie."
ouderen-zorg-2.mp3,interviews,NVIDIA Canary 1B v2,37.5,25.430205479452145,66,36.52054794520548,12144.3125,12142.330308219178,22.2708577615774,"Nou, dit is mijn allereerste podcast. De Tommy in de Zorg-podcast ga ik hem maar noemen. Ik ben hier nou op Sint-Jozefoort. En ik vind het een hele mooie locatie. Eigenlijk wel heel bijzonder. Ik ben nou met Olaf Schut. En we hadden eigenlijk al een afspraak staan. En uiteindelijk hebben we nou besloten om dit te gaan doen, om een podcast te gaan maken. Er zijn weinig podcasts over de zorg. En ik denk dat we daar nog wel hele leuke dingen mee teweeg kunnen brengen met de podcast. Maar ik ben hier nou met Olaf. En Olaf is specialist oudere geneeskunde. Zeg ik dat goed? Ja, dat klopt. En hoe noemen ze het nog meer? Het werd vroeger altijd verpleeghuisarts genoemd. En.Eigenlijk sinds 2008 is het gefuseerd met de oude sociale gediators en sindsdien heet het Specialist Oudere Geneeskunde. Specialist Oudere Geneeskunde. En zijn er veel mensen die jouw beroepen beoefenen? Ja, volgens mij zijn het er om een bij 1500. Dat is een relatief kleine groep voor een hele grote doelgroep. En veel van hen werken nog steeds in het verpleeghuis. Je ziet dat daar een grote cultuurverandering ontstaat, dat er steeds meer buiten het verpleeghuis gaan werken. Als je nagaat dat 6% van de kwetsbare ouderen wonen in het verpleeghuis. 6. Ja, dus van alle kwetsbare ouderen woont er maar ongeveer 6% in het verpleeghuis.Jij werkt niet in een verpleeghuis? Ik werk op dit moment vooral bij mensen thuis. En dan ga ik van tijd in Amsterdam ook wel in het verpleeghuis, onder andere werken. Maar ook bij mensen thuis. En dan, hoeveel mensen kom je dan tegen in jouw werk? Ja, eigenlijk allerlei soorten mensen. Dus veel mensen, het is natuurlijk het idee in Nederland dat we steeds langer thuis willen wonen. Deels vanuit de overheid, maar ook dat mensen dat graag willen. We worden steeds ouder. En we vinden het ook heel belangrijk om te kunnen doen hoe je zelf instaat. Dus veel mensen willen zo lang mogelijk thuis wonen. Wat ik zie, is ik word veel de huisartsen ingeschakeld. En dan doen we een zogeheten eerste lijns consulter.Want de huisarts is de eerste lijn, eigenlijk de eerste zorg. En die kunnen ons inschakelen voor heel veel redenen. Maar veel voorkomend is bijvoorbeeld dat ze merken dat het op vele fronten steeds moeizamer gaat. Dat iemand steeds meer verschillende klachten heeft, bij veel specialisten loopt. Bijvoorbeeld steeds meer gaat vallen, de medicatie wel eens vergeet, geen thuiszorg heeft, dat die we ook niet wil. Echt een beetje een grijs gebied tussen gaat het nog wel thuis of niet. En dan zie je dat dit soort patiënten veel naar specialisten gaan in het ziekenhuis. En wat wij kunnen is ze in een korte tijd helemaal in kaart brengen. Dus dan worden wij ingeschakeld door de huisarts met een vraag.Van bijvoorbeeld, meneer Valt, steeds vaker kun je daarin meedenken. Van een onderliggende oorzaak of het überhaupt nog thuis wel veilig kan. En dan komen we een paar keer langs en dan brengen we ze eigenlijk in mijn kaart. Maar ik weet wel, als ik in de wijk werk, dan is het toch vaak de huisarts waar je mee te dealen hebt. En die heeft het niet zo vaak over zo'n specialist ouderengeneeskunde. Van een verpleeghuis ken ik het wel. Maar in de wijk dan. Ik zie ze dan niet zoveel. Hoe kan dat? Ja, ik denk dat het toch ook wel deels met de naamskendheid te maken heeft. En dat het ook wel lastig is dat het bijna in elke regio weer anders georganiseerd is. Dus die keten van zorg.Hoe zijn de onderlinge afspraken gemaakt? Als ik zelf uit Noordoost-Groningen kom, dan heb je echt een krimpregio. Daar werken heel weinig specialisten oudergeneeskunde. Dus als je er maar weinig hebt, dan is het ook heel moeilijk om die eerste lijnsconsulten te doen. Dus als je al tekorten in je verpleeghuis hebt, dan zie je bij de grote organisaties vaak dat ze minder geneigd zijn om die consulten te doen. Wat eigenlijk gek is als je nagaat waar de grootste doelgroep woont. En ik denk dat dat ook nodig is. Dat huisartsen weten dat ze een spanningspartner kunnen vinden in de complexe zorg met ouderen. Maar dat wij ook een schakel kunnen zijn tussen de case manager, de thuiszorgmedewerker, de familie.En wat ik vaak zie is dat ik, ik zie meestal mensen één à twee keer. En dan hebben we meestal één of twee gesprekken. En dan brengen ze helemaal in kaart. Ook soms met een verpleegkundige of anderen erbij. En dan hebben we vaak een uitslaggesprek. En dan geven we eigenlijk heel veel handvatten om te kijken of iemand daardoor een stukje waardevoller nog thuis kan wonen. En het kan soms iets heel kleins zijn. Bijvoorbeeld dat ze nooit hebben gedacht aan die trappers aan te passen. Dus ik ben ook een beetje erg goed therapeut, zeg maar. Ja, we proberen eigenlijk alles op alle domeinen in kaart te brengen. Dus bijvoorbeeld op lichaamelijk vlak, maar ook op de ADL, dus de lichamelijke verzorging. Hoe ze dat organiseren. Of iemand nog wel of niet kan koken. Eigenlijk doen we een hele.Assessment, van dat we alles in kaart brengen, alle domeinen. Ook op psychisch vlak, communicatief. Zijn er bijvoorbeeld zichtproblemen of gehoorproblemen? En dan lopen we dat stapsgewijs bij langs van wie daar nou een rol in kan spelen. We doen het vooral ook niet alleen. Want ook de wijksorg doet ontzettend veel en signaleert ook heel veel. Dus daar hebben we ook vaak contact mee. Maar kan dan zeg maar iemand, een verpleegkundige of verzorger in de wijk, kan die jou gewoon bellen? Ja, dat kan. Vaak wel. Meestal gaat het via de huisarts. En een hele belangrijke spin in de web is een praktijkondersteuner. Dus die zie je sinds de afgelopen jaren steeds meer. En dan heb je ook praktijkondersteuners ouderen. En die zijn eigenlijk ook het aanspreekpunt daarin vaak.Dus daar sparen wij het meest mee. Maar je ziet ook dat we bij bepaalde huizen bijvoorbeeld elke zes weken een MDO hebben. En dan verschilt het per regio, maar dan kan het bijvoorbeeld zijn dat je daar een wijkverpleegkundige, maar ook een WMO-consultant, een case manager. Een sociaal team of zo. Een sociaal team. Je kan eigenlijk daar alle belangrijke spelers van die wijk aan tafel laten komen. En dan bespreek je de kwetsbare ouderen. En dan kan het soms alleen al aan tafel voldoende zijn. Dan hoef je niet eens altijd iemand te zien. Maar dat je met het meedenken soms echt iemand al heel erg kan helpen. Ja. Oké, best wel boeiend. Jammer dat er niet zoveel mensen van weten eigenlijk. Maar als je nou even teruggaat in de tijd. Je bent een.Je bent een man en je bent nou dokter geworden. Al een tijdje trouwens, hè? Ja. Wat wilde jij vroeger worden? Toen je jong was? Vroeger wilde ik professioneel basketballer worden. Oké. Met mijn 1,73 meter was dat wel een uitdaging. Heb je wel geprobeerd? Ik heb het op mijn manier wel geprobeerd. Heel veel gebasketballed. Ja, maar nee, het is helaas niet mogen worden. En toen? Toen wilde ik, na lange zoektocht, wilde ik geneeskunde studeren en wilde ik vooral sportarts worden. Ik sportte nog steeds heel veel. Maar waarom geneeskunde? Geneeskunde omdat mijn vader huisarts was.Oké, dat zie je vaak, hè? Dat dat toch een beetje in de familie zit, hè? De dokters, toch? Klopt, ja. En mijn moeder is zelfs verpleegkundige. Oké. Dus dat zag je ook. Mijn vader had een huisartspraktijk in Noordoost-Groningen en aan huis. Dus ik heb het altijd gezien. Patiëntenzorg hielp me mee als er griepspuiten werden gezet. Met de registratie. En als ik wat ouder was, mocht ik ook wel eens een griepprik zetten. Oké. Onder supervisie. Ja, ja. En ik vond het stiekem eigenlijk altijd heel erg leuk. Een beetje in je puberteit, dan kom je in zo'n fase dat je niet, of juist helemaal zoals je vader wil zijn, of compleet niet. Nou, ik wilde het leger in en ik wilde vooral heel veel sporten.Toen zei mijn vader ooit tegen mij: Je hebt zoveel interesse in de mens en in het verhaal van de mens. Waarom word je niet gewoon eerst dokter? En dan kun je altijd nog het leger in. Ja, je kunt ook legerachters worden. Precies, ja. Militairarts. En dat vond ik eigenlijk wel een heel logisch zet van hem. Dat ik dacht: daar heb je eigenlijk weer gelijk in. Ja. En dan heb ik eerst een hele interessante studie en dan kan ik daarna een heel mooi actief leven in het leger hebben. Dus je vader is wel een voorbeeld van jou. Ja, mijn vader is een groot rolmodel met beide ouders, maar mijn vader wel uiteindelijk voor het pad wat ik heb bewandeld. En oké, dan ga je genetisch kunnen studeren. Ik ben verpleegkundige.Ik weet wel dat heel veel mensen die in de zorg werken, kijken ook wel een beetje op tegen de dokter. We hebben veel geleerd. En ik denk ook dat de dokters van vroeger een beetje anders in hun werk stonden. Wat was het moeilijk? De studie? De studie vond ik heel moeilijk. Mijn probleem was, ik was naar mijn middelbare school een stukje naar het buitenland gegaan daarna. En toen ik begon met studeren, las ik elk boek wat er was. Stap in één keer. Voor de studiestof. Veel studenten gingen veel tactischer kijken. Welke belangrijke boeken. Ik las elk boek, elke letter. En daardoor vond ik het moeilijk.Onderscheid te maken tussen kleine details die werden gevraagd, dus hele zeldzame dingen. Ik wist vaak heel goed de klinische ziektebeelden, maar minder goed een speciaal eiwit, wat ineens werd gevraagd, of een zeldzame molecuul. Dat vond ik lastiger. Dus ik liep er in het begin best wel tegen aan. En ik heb ook echt overwogen om mijn studie te stoppen op een gegeven moment. Dus de, de, de, zeg maar de, voordat je basisarts bent, dat duurt zes jaar. Ja, in mijn derde jaar overwoog ik te stoppen met de studie. En dat.En toen heb ik heel veel soul searching gedaan en gekeken van: ik wil heel lang ook de theateracademie doen, dus dan ga ik dat dan niet doen. Theater. Ja. Oké. Ik ben wel zoekende geweest of zo. Zeker zoekende. En dat is ook wel iets wat ik herken bij mededokters en ook bij geneeskunde-studenten. Dat het echt een zoektocht is, omdat het eigenlijk een hele brede opleiding is. Heel veel mensen denken: ik word er dokter mee, maar eigenlijk kan je alle kanten ermee op. Maar tijdens je opleiding ben je ook, denk ik, heel veel bezig met jezelf. Ik denk dat dat wel erbij hoort bij jullie opleiding.Ik weet niet wat zo is. Nee, zeker. En daar is denk ik ook veel meer aandacht voor. En ook wat patiëntencontact met je doet. Als ik vergelijk met mijn vader heb ik wel eens gevraagd. Hij heeft in zes jaar opleiding één patiënt gezien. En dat was eigenlijk vooral aan de start toen hij die dokter werd. Terwijl nu de geneeskundeopleiding een hele praktische opleiding is. Waar je heel veel stages doet, heel veel patiënten ziet. Vier keer per week van een patiëntencollege had. Dus waar live een patiënt was. En ook heel veel aandacht, veel meer aandacht is voor communicatie met de patiënt. Dus ik denk dat daar echt wel een hele positieve verandering in is. Maar wat bijvoorbeeld gek is met wat je zei over die verplegkundige. Wij hebben in ons eerste jaar een zorgestage. Dan moet je een maandje meelopen met de verpleging. Dan ben je eigenlijk even uiteindelijk.Of dan help je in de zorg. Ik vond dat super leerzaam. Ik heb dat in het ziekenhuis gedaan. En dan moet je mensen wassen en aankleden en de wondverzorging, daar hoort er echt bij. Maar dat is helemaal het begin van de opleiding. En veel mensen hebben er toch wisselen en ervaringen bij. Wel leerzaam, maar daarna ga je echt door met je opleiding. En dat ik wel eens achteraf denk van het had leerzamer geweest als ik dat helemaal aan het einde van mijn opleiding had gehad. Omdat ik nu meer dan ooit realiseer hoe wij leunen op de verpleging. En dat het onze handen en voeten zijn, onze ogen. Dat wij soms patiënten maar zo'n kort moment zien.Ja, dat je elkaar echt nodig hebt. En dat je elkaar ook af en toe blindelings moet kunnen vertrouwen. En dat realiseerde ik me beter toen in die fase, in dat eerste jaar. Maar ja, dat gaat zes jaar overheen. En dan heb ik wel eens het gevoel dat mensen dat vergeten eigenlijk. En ik denk dat dat medespeelt in die rollen en in die hiërarchie die er misschien nog steeds wel is. Ik vind het wel mooi. Je zegt vertrouwen, dat is denk ik heel belangrijk in de zomer. Maar even terug naar jou. Je hebt dus een basisarts en daar hebben we oudere geneeskunde kunnen gaan studeren. Dus eigenlijk toch, niet iedereen kiest daarvoor. Waarom kies jij specifiek voor de doelgroep oudere mensen? Want die worden niet meer zo.Snel beter. Nee, dat klopt. Dat is eigenlijk bij mij ontstaan dat ik het sportaarts heel snel had verlaten. Dat beeld. Ik heb een keuzevak gedaan. Toen merkte ik dat het voor mij niet de doelgroep was waar ik eigenlijk naar op zoek was. Ik had toch wat meer met mensen die toch wel ziek waren. En toen kwam ik op revidatiegeneeskunde. Daar heb ik mijn hele studie eigenlijk op gericht. Onderzoek gedaan in India en ook keuzevakken in gedaan bij Oost-Cooschap. En toen vond ik het toch wel lastig dat je toch nog best een grote afstand met de patiënt hield. En het patiëntencontact niet dichtbij genoeg kwam op een of andere manier. En toen dacht ik, ik word mijn huisarts.Dat was dan een soort van laatste keus, wat eigenlijk belachelijk is, want het is een ongelooflijk complex vak. Maar toen dacht ik, daar vind je alles, alle interesses. Ook toch zoals mijn vader. En die zei, ga maar in het verplegerswerk. Dat is het meest complexe doelgroep voor een huisarts. Als je dat een beetje onder de knie hebt, dan komt het huisarts worden wel goed. En hij had denk ik niet gerealiseerd dat het effect iets anders zou worden. Dus je ging eigenlijk met de intentie naar het verpleeghuis, van uiteindelijk wil ik huisarts worden. En toen is er iets anders gebeurd. Mijn eerste ervaring was niet meteen liefde op het eerste gezicht. Ik had toen net in Suriname nog coachappen gelopen en toen ging ik in Nubia al maar in een verpleeghuis starten.Qua sfeer fantastisch. En ik heb ontzettend leuke bewoners gehad. Maar er was niets voor begeleiding. Dus het was een locatie die enorme onderbezetting had qua dokters. Dus toen heb ik ook gekozen om daar niet in verder te gaan na een paar maanden. Klein uitstapje gemaakt naar de verslavingszorg. En daar kwam ik heel veel ouderen tegen. Met verslavingsproblematiek, met drankproblematiek, met benzoafhankelijkheid, slaapmedicatie. En ik vond het ziekenhuis eigenlijk heel erg interessant. Vooral omdat ze zulke mooie verhalen altijd hadden. En zo anders waren dan die jongeren. Die aan de GHB verslaafd waren.En toen zeiden heel veel collega's tegen mij: volgens mij moet je iets met die ouderen weer gaan doen. En ik had het in mijn hoofd dan helemaal afgeschreven. Maar toen viel het allemaal op zijn plek. En als ik dan nu jaren later terugkijk, ben ik nu bijna klaar met de opleiding tot specialist. Dat is een driejaardige opleiding. En ik heb daarvoor dus ook een tijdje in de auto zo gewerkt. Merk ik dat die doelgroep zo ontzettend leuk is. En er is geen dag hetzelfde. Vooral het werken met mensen die dementie hebben, dat vind ik zelf heel erg mooi. Ja, maar waarom dan?Omdat je eigenlijk als dokter niet een standaard doktersrol hebt. Dus ik schrijf niet alleen maar pillen voor, ik denk niet alleen maar in diagnoses. Maar je weet dat iemand dement is, je weet dat ze een beperkte tijd hebben om nog te leven. En je kijkt eigenlijk naar veel grotere dingen dan alleen de lichamelijke klachten. Je kijkt ook naar bijvoorbeeld, kunnen ze door die lichamelijke klachten ineens niet meer activiteiten doen? Hoe kun je die activiteiten dan nog op een bepaalde manier aanpassen dat ze het wel kunnen doen? Kon iemand piano spelen, maar kan hij door zijn ziekte dat niet meer? Hoe kan je dan wel zorgen dat hij nog van pianomuziek kan genieten?En ook met dat soort dingen denk je heel veel mee. En je denkt het heel erg in het team. En het zijn mensen die heel dankbaar vaak zijn, omdat ze toch wat anders in het leven staan dan jonge mensen. Maar ook wel, je zegt, je hebt dan geneeskunde gestudeerd, zegt het al, maar deze mensen worden niet meer beter. En dan moet er toch wel iets zijn met die doelgroep die jou dan toch triggert ofzo. Ik vond het heel bevrijdend, dat heb ik ook wel eens gezegd, dat ik vind het heel bevrijdend om niet alleen in diagnoses te denken. En sowieso wel de opleiding heel erg ingericht. Iemand komt met een klacht.Je denkt in een bepaald patroon en het zal een bepaalde ziekte kunnen zijn. En je denkt in een behandeling. Je gaat oplossen, die wil je oplossen. Fixen. En dat zit er ook soms nog wel in. En dat kan ook heel nuttig zijn. Dat is ook af en toe zeker nodig in acute situaties. Of bij bepaalde klachten die je daardoor toch nog kan verhelpen. Want dat vergeten ook heel veel mensen, denk ik, dat je bij ouderen ook echt bepaalde klachten zeker nog wel kan verhelpen. Ik heb ook wel eens dat ik een schouder, dat ik daar een injectie in heb gegeven. en dat iemand daardoor pijnvrij geen pillen nodig heeft. Nou, dat vind ik heel mooi om te kunnen doen. Maar ik vind het ook wel heel fijn dat het heeft wel iets dat eigenlijk je als zo'n jonge dokter.Met een fase van het leven bezig bent wat allemaal ons te wachten staat. Met de laatste levensfase, met de dood. En dat is heel bijzonder om mee te werken. Denk jij dat je anders in het leven staat door jouw werk? Ja, 100%. En hoe oud ben je eigenlijk? 33. 33. En die gaat heel vaak om met jouw patiënten, dan hele oude mensen. En die vertellen je verhalen. En daardoor kun je dan beter je eigen leven relativeren of zo, denk je? Ja, soms wel. Soms denk je dan echt, dan maak je iets heftigs mee. En dan denk je, jeetje, dan kom je thuis en dan denk je, ik, wat.Wat ben je eigenlijk soms met benullige dingen, maak je je zorgen om? Of je toiletpapier op is, of wat moet ik gaan eten vanavond? Ja. Ik heb ook daardoor veel meer over de dood na kunnen denken. Als kind was ik daar heel veel mee bezig en ook wel echt bang voor geweest. Je maakt nou heel vaak, denk ik wel, de dood van het ik bij mee. Ik speel ook een actieve rol, zeg maar. Precies, ik geloof oprecht dat dat geen toeval is dat ik dan ook met deze doelgroep werk. Spiritueel al in jouw jeugd. Of het beroep mij heeft gekozen, zover weet ik niet. Maar het is wel dat ik, doordat ik nu zo vaak.Rousey of iemand, ik heb meerdere mensen gehad die in mijn handen overleden. Dat je zo dicht bij de dood komt dat ik er wel op een andere manier naar ben gaan kijken. En dat ik dat heel bevrijdend vind eigenlijk. Dat het ook wel iets heel moois kan hebben af en toe, maar ook heel bijzonder is dat je als dokter zo dicht bij dat proces komt. Ja. En bij mij ben ik heel verantwoordelijk eigenlijk in dat proces natuurlijk. Als verpleegkundige weet ik, je doet bepaalde dingen, je hebt heel veel verantwoordelijkheden, maar de dokter is toch wel degene die dan heel veel bepaalt. En ook wel cruciale dingen. En ook wel, ik weet wel, in het hospice hadden wij een dokter en die was echt heel goed. Die was daar heel goed in.Maar als een dokter er niet is, dan is het voor een verpleegkundige ooit wel lastig. Hoe moet je die dokter eerst bespelen om de juiste zorg te kunnen krijgen? En ik denk, wat is nog een van mijn vragen? Als je dat goed kunt doen als dokter, als arts, is het super waardevol voor iedereen die betrokken is bij het proces. Wat maakte dat voor jou dan dat je zei: Je zegt van die dokters in het hospice konden dat heel goed? Wat was dat dan in jouw beleving? We hadden in het hospice één dokter. En die was ook gewoon gespecialiseerd in die terminale fase, waar mensen in komen. En bijvoorbeeld mensen in de wijk, die dan de eigen huisarts hebben, die palliatief op een gegeven moment terminaal.En je hebt dan huisartsen erbij die die zorg graag zelf willen doen, regelen, fixen, zeg maar. Maar die gaan heel anders om, omdat ze misschien niet genoeg ervaring daarmee hebben. En dat is soms heel frustrerend, want als je dan, ik weet van het hospice dat er hele andere doseringen werden toegepast om mensen rustig te krijgen of om mensen geen pijn te laten hebben. En dan zie je een huisarts iets anders doen en dan zie je dat het geen goed effect heeft op een patiënt. Ja, dan is dat frustrerend. Maar zo'n dokter bedoelt het natuurlijk goed. Maar mensen met meer kennis op dat gebied, die kunnen denk ik toch wel beter die doseringen inschatten voor de mensen. En dan denk ik dat dat wel heel erg.Dus er is heel veel verschil in natuurlijk. En als je dan misschien te trots bent om een, dan zeg ik het misschien heel zwart-wit, om een patiënt over te geven aan een andere dokter, dat kan ooit wel eens heel lastig zijn. Ja, ja. Is het dan altijd in het belang van de patiënt dat een huisarts. Het is ook heel begrijpelijk als je als huisarts natuurlijk heel lang een patiënt hebt geholpen. Ja, zeker. Het is wel dat je zegt ook, je merkte in de praktijk gewoon dat je er tegen aanliep, dat ze er gewoon niet altijd evenveel ervaring mee hadden. Ja, zeker. Je hebt dan zeg maar. Je huisarts, als ze dan niet zoveel ervaring mee hebben, die willen het dan graag zelf doen. En dan weet je als verpleegkundige hoe het binnen een hospice gaat.Dan wordt er anders mee omgegaan met zulke klachten bij mensen. Ik ga niet zeggen dat je het dan beter weet als verpleegkundige. Maar soms ook wel. En hoe ging je daarmee om? Wat kan me ook voorstellen dat je door je ervaring dan wel eens denkt: ik zou het zo doen. Voelde je dan de ruimte om dat aan te geven aan zo'n dokter? Jawel, soms wel, zeker wel. Je hebt zoveel verschillende mensen natuurlijk. En soms wel. Soms heeft ook wel eens een dokter gevraagd: wat zullen we dan doen? En dat vond ik mooi. En dan kwam je mee. Ja, dat vind ik prachtig. Als je zo'n persoon zegt, maar ook wel eens een keer: nee, zo is het en niet anders. En dan denk ik, ja, dan weet ik niet hoe het komt. Ik geloof echt dat iedereen met goede intenties in de zorg werkt en denkt dat hij het goede doet.Het is denk ik heel belangrijk om voor elkaar open te staan, ongeacht hoeveel je gestudeerd hebt voor wat precies je vak is binnen de zorg. Ja, ik denk ook dat het echt essentieel is dat je realiseert dat je het niet alleen kan. Ik heb zelf in het hospice drie maanden mogen werken tijdens mijn opleiding in een Joods Hospice in Amsterdam. Dat was echt super waardevol. Ik ben zelf niet van Joods, ik kom af, maar dat was heel mooi om te kunnen meemaken. En daar werkte een huisarts die gespecialiseerd was in palliatieve zorg. En ik als specialist oude geneeskunde opleiding. En er waren een paar andere specialisten oude geneeskunde ook aan verbonden. Dus het grootste gedeelte van de dokters waren specialisten oude geneeskunde.En wat bijzonder was, dat ik daar ook zoals met hele jonge mensen te maken kreeg, die gewoon net zo oud als ik waren. Die ging overlijden. Die ging overlijden. Dat vond ik zelf wel ook weer een moment dat ik dacht, ik ben wel heel dankbaar dat ik niet met jongere patiënten werk. Ja, ik vond dat heel moeilijk. Ja, dat herken ik wel. Ik kan me herinneren dat er een keer een jongen in het hospice lag die ook mijn leeftijd had. Ja, dat is dan onwerkelijk of zo. Dan ga je heel erg dingen op jezelf betrekken. Je bent dan wel professional, maar dan doe je dat toch. Heb je dat ook? Ja, zeker. Dat herken ik heel erg. Ik heb echt een patiënt gehad dat ik dacht dat ik had kunnen wezen. Het was alleen dat ik dan een dochtertje had, dat had hij niet.Maar voor de rest had ik compleet dezelfde persoon kunnen zijn. En hij had het pech dat hij een tumor had, waar hij aan kwam te overlijden. En ja, dat het leven dan zo, dat je soms gewoon pech kan hebben. Maar ik vond het heel bijzonder dat in dat hospice werd er zoveel aandacht gegeven aan de beleving van dat laatste stukje. En werd daar ook gezegd, het leven wordt gevierd tot het laatste moment. Gelooven mensen ooit niet bij een hospice? Als ik ooit vertel over het hospice, dat mensen dan hebben ze zoiets van, oh ja, dan gaat iedereen dood en dan is het heel duister. Terwijl, ja, jij weet dit ook. Het leven staat nergens zo centraal als in een hospice, denk ik. Nee, zeker. En er wordt ook heel veel gelachen en gegeten.Soms zelfs hele mooie muziek gedraaid en via de Wensambulance bijvoorbeeld bepaalde dingen nog gedaan. Ja, dat is ook mooi, hè? Wat moet je doen? Ja, ik volg hen ook op LinkedIn en dan zie ik altijd van die mooie foto's van iemand die nog ergens in een bos een laatste picknick doet. Dat vind ik zo. Ik vind dat wij in de zorg voor dit soort dingen echt aandacht moeten hebben. En niet alleen voor verder moeten kijken dan alleen de ziekte. En als ik dan terugkijk, heeft dat dus ook meegespeeld waarom ik ooit voor revidatiegeneeskunde koos? Want die werken ook heel vaak vanuit een ziekte. Dus niemand heeft bijvoorbeeld een broer erdoor gemaakt en daardoor beperkingen opgelopen. En hoe ga je daar vervolgens mee om?Dat is zo'n andere manier van denken. En dat is wel, denk ik, ook lastig, dat veel geneeskunde-studenten dat niet gewend zijn om te denken. Dus het is ook logisch dat je daardoor sneller voor een beroep zou kiezen later, waar je zes jaar lang wat over te horen hebt gekregen. En daarom kiezen, denk ik, zoveel mensen ook voor het ziekenhuis. Dat ze denken, ja, ik hou van de actie, ik wil mensen kunnen genezen. Ja, en dat ik nu wel steeds, ik denk dat het grootste gedeelte van de space is de oudergeneeskunde in opleiding, nooit dat van tevoren dacht het te zullen worden. Omdat je in de opleiding wel weinig van ziet. Ik heb in Amsterdam naar de UFA gestudeerd, ik heb geen enkel college.Van een specialist in oudere geneeskunde in zijn tijd gehad, maar ook niet van een geriatrice. Dus ik wist helemaal niks van oudere geneeskunde qua specialisme. Ik had er nog nooit van gehoord. En dan is het natuurlijk heel lastig om voor iets wel of niet te kunnen kiezen als je überhaupt niet weet dat het bestaat. Of dat er verkeerde verhalen over bestaan. Dus ik geef nu elke week les, ook op de vu, aan geneeskunde studenten. vlak voordat ze hun stage gaan lopen in het verpleeghuis. En dan vragen mensen ook heel vaak hetzelfde aan mij: waarom heb jij in godsnaam voor dit vak gekozen? Ja, dat.Het is ook niet voor de hand liggend. Je bent jong, je bent een man, je hebt ook tatoeages volgens mij. Ja, dat klopt. En dan werk je in de zorg en ook nog eens met oudere mensen. Ja, dus die vragen krijg je dan inderdaad: wat maakt het dan? En ik denk dat je, hoe ouder je wordt, en ik ben helemaal nog niet oud, maar ik sta aan het begin van mijn carrière, maar is dat je wel steeds meer gaat kijken waar krijg ik energie van en waar word ik gelukkig van? En voor mij is dat af en toe een onorthodoxe rol van de dokter, gecombineerd met ook een hele pragmatische rol. Dus ik ben af en toe ook een soort huisarts, alleen dan voor alleen maar ouderen. Dus ik heb ook wel eens een teenagel weggehaald.Omdat die ontstoken teen veroorzaakt. Of een schimmelinfectie behandelen. Dat doe je ook. Of de diabetes van een suikerpatiënt goed instellen. Dat doe je ook. En wat ben je nou echt, als je dan heel specifiek kijkt naar jouw vak. Wat ben je nou echt het mooiste waar je tegenkomt bij de dingen die je nu mag doen? Wat ik het mooiste vind om te doen is, denk ik, iemand in de laatste levensfase. Met name het laatste stuk. Zo goed mogelijk kunnen begeleiden. Echt het allerlaatste bedoel je? Ja, dat vind ik denk ik een van de meest waardevolle stukken.Gecombineerd als tegenhanger mensen ondersteunen in de thuissituatie. Dus door die constituatieve rol in de eerste lijn. Dat is een soort yin-yang voor mij. De ene kant is eigenlijk het misschien wel een beetje het tegenovergestelde wat ik ooit heb geleerd. De dood en de dilemma's. Of iemand nog wel of niet naar het ziekenhuis moet gaan. Dat je daar met de familie een heel intens gesprek over kan hebben. Bij iemand die dement is en er niet meer over na kan denken. Of het niet meer kan verwoorden. En dat in tegenstelling tot iemand die dat wel heel goed kan. Maar net heeft ontdekt dat hij dement begint te raken. En het leven.Uit zijn handen ziet glippen en een soort toekomstbeeld voor zich ziet: oh god, ik moet ooit naar het verpleeghuis, hoe moet dit allemaal? En daar ook dan in mee te kunnen denken. En die twee tegenhangers in het vak, dat vind ik eigenlijk heel erg gaaf. Maar goed, ik denk wel een beetje dezelfde missie hebben, zeg maar, van meer aandacht genereerend ook voor de oudere mensen, voor de zorg voor oudere mensen. Maar heb je daar een idee over, van hoe kun je er nou het beste doen? Hoe kunnen we nou zeg maar. Je kunt die mensen overhalen om in de zorg te gaan werken, daar ben ik echt van overtuigd. Maar hoe kun je nou zeg maar er wel voor zorgen dat mensen. Want ik was net zo onwetend als jij eigenlijk, ik had ook zelfs vooroordelen, ik dacht saai, oude mensen wilden niks mee te maken hebben.Mij heeft het ook gegrepen, maar hoe kunnen we nou ervoor zorgen dat we die doelgroep kunnen bereiken? Want er zijn heel veel mensen, denk ik, die nou ook niet weten wat ze willen, zoekenden zijn, wel een vooroordeel hebben over iets waar ze niet weten. Hoe kun je die mensen triggeren om misschien daar eens over na te denken of om het eerst te gaan ervaren? Ja, ik denk twee dingen, zeg maar, lange termijn, korte termijn. Langer termijn om de grootste impact te maken. Nu wordt een nieuw raamplan geschreven voor het geneeskundecurriculum. Dus dat is zeg maar, hoe ziet het curriculum van die hele opleiding eruit? Dat zijn ze op dit moment aan de tekentafel aan het.voor de komende zoveel jaar. Zit je daarbij ook? Nee, maar er zitten wel grote spelers, zoals Nienke, Nieuwe Huizen en ook mensen van het ministerie zitten erbij. Er wordt echt vanuit allerlei vakgebieden over nagedacht. En er zijn ook wel geluiden waarin ze. Ik verwacht ook wel dat er echt een grote verandering daar gaat plaatsvinden. Tot lange termijn dan? Ja. En dan praat je over 10 jaar bijvoorbeeld? Nou, een idee is bijvoorbeeld. Nu is het geneeskundecoréum heel erg ziekenhuisgericht. Terwijl we weten uit de onderzoeken dat meer dan de helft uiteindelijk niet in ziekenhuizen gaat werken. Maar huisarts wordt of specifiek de oude geneeskunde of arborarts, allemaal buiten het ziekenhuis. Ja.Toch is het gek dat we dan de opleiding zo erg ziekenhuisgericht hebben. En ook de co-schrappen is, denk ik, 80% allemaal ziekenhuisgericht. Je doet allemaal ziekenhuistages. En het allerlaatste stukje, een paar weken, is het verpleeghuis. Of soms niet eens, maar in Amsterdam op de vuur gelukkig wel. Ik denk dat daar de verandering moet starten. Dus dat je co-schrappen op zijn kop gooit. Dat je het grootste gedeelte allemaal buiten de ziekenhuizen stage loopt bij de huisarts. En dat als je patiënt, je oudere patiënt bijvoorbeeld, een keer een operatie nodig heeft, dat je meegaat. Dat je gaat kijken in het ziekenhuis. En dat je daardoor het stukje van die operatie leert. In plaats van dat je acht weken lang op een afdeling van de CDC staat. Waar je ook heel vaak niet nuttige dingen.Dus in de opleiding. Daar moet de grootste slag geslagen worden. Ik denk als je daar meer aandacht voor hebt, dan heb je het profijt voor de langere termijn dat veel meer mensen het normaal vinden om met ouderen te werken. En ook buiten het ziekenhuis te werken. Dus dan heb je veel completere dokters. Nou leg je voor jou meer de focus op het ziekenhuiswezen en niet op de andere dingen. Daar wordt er dan misschien op het laatste uitstapje even bij gedaan. Dit is er ook nog. En daardoor wordt het automatisch ook als een soort tweede, derde keus door mensen ervaren. Dat ze denken, als het niet het ziekenhuis wordt, dan maar dat. Terwijl het grootste gedeelte.Uiteindelijk voor de huishoudensgeneeskunde kiezen of de oudere geneeskunde. En het achteraf dan vaak zeggen van had ik dit maar eerder geweten. Dus die zoektocht. Ik denk dat daar. Dat je mensen minder zoekende zouden zijn als je een complete beeld in je curriculum neerzet. En een korte termijn oplossing. Is dat je als eerste stap. Dat je bijvoorbeeld op alle plekken van. Als ik het puur over de dokters heb. Op alle geneeskundefaculteiten. Een verplicht coachschap. Oudere geneeskunde zou doen. Dus nu zijn er maar een paar plekken die het doen. Onder andere de VU. Nijmegen doet het volgens mij.En anders is het een onderdeel van een sociale stage. Dus de een komt bij een arts en de ander bij een pfleghuis. Als je dat overal in Nederland doet, dan weet je zeker dat elke student het in ieder geval een korte fase ziet. Hebben ze het ervaren. Precies. En ik denk ook niet dat het nodig is dat iedereen in een oude geneeskunde gaat werken. Maar als een chirurg later door heeft van wat er afspeelt in de thuissituatie, wat heeft geleid tot die heupfractie, waarom het zo lastig is om thuis te wonen met dementie, dan zou je die patiënt ook heel anders benaderen als hij opgenomen wordt in het ziekenhuis. En dan zou je ook een andere afweging soms kunnen maken van is deze operatie wel op zijn plek.En waar je dat nu niet doet, omdat je het niet weet, je kent het niet. Dan zeg je wel heel mooi, dat je zegt, maar dan, ook al ga je er niks mee doen, die ervaring aan zich met die doelgroep gaat je alleen maar een completere dokter maken, uiteindelijk. Hoe zou je dat voor de verpleegkundigen voor je zien? Nou, hetzelfde denk ik. Ik denk vooral dat, ook op HBO-V-opleidingen, dat een verplichte ouderenzorgstage goed zou zijn. Gewoon om hetzelfde idee, dat ze dan uiteindelijk wel een beeld ervan hebben. Of iedereen gaat werken, ja of nee, dat ligt aan jezelf. Je kunt niet mensen verplichten tot in de ouderenzorg gaan werken. Maar het is natuurlijk wel zo dat er heel veel ouderen zijn. Mensen houden we steeds langer in leven, door onze mooie geneeskunde, toch?Maar ja, die mensen hebben ook zorg nodig. En uiteindelijk hebben we daar wel heel veel mensen nodig. En ik denk dat dat wel heel belangrijk is. En dan op alle opleidingen gewoon. Bij de verzorgingopleiding ben ik wel van overtuigd dat de ouderenzorg. Daar gaat het heel vaak over. Verpleegkunde is dan toch ook weer heel vaak. Oh, het ziekenhuis. Jonge mensen die denken, ik ga verpleegkundige worden. waarvan de moeder of vader niet in de ouderenzorg werkt. die willen in het ziekenhuis werken heel vaak. Dus de actie, daar kun je veel dingen aan doen. En hoe komt dat? Ik denk dat dat komt ook heel erg door de series. Grace Anatomy en ER, hoe heet die al die series? Ik denk echt dat het daar wel mee te maken heeft. Door de beeldvorming van mensen die al.beetje gekleurd door de media en dat is mooi, prima. Ik denk dat ook een keer een serie over de ouders ook mag komen of zo. Maar zo'n verplichte stage, gewoon om het ervaren, vind ik iets heel goeds, want je kunt mensen nooit verplichten, maar het ervaren maakt mensen alleen maar rijker, denk ik. Ja, en ik ben er ook wel eens een keer voor gevraagd, er was een stelling in een blad dat iemand aan mij vroeg, aan een paar mensen vroeg, zou je ervoor zijn? En dan zei iemand die erop tegen was, die zei dat het verplichte zou ik niet willen. Ik noem het ook verplicht, maar het zou eigenlijk de norm moeten zijn. Het is nu de norm dat je stage loopt bij de studie, bij de interne, noem maar op.En het is niet de norm, het is de afwijking, de uitzondering, dat je een keer in een verpleeghuis een stage zou kunnen lopen. Terwijl daar zou een verandering in moeten plaatsvinden, ook een cultuurshift. Maar ook wat wij uitdragen als dokters in de oudere zorg. En dat we ook daar een heel ander beroep hebben dan dat het een paar jaar geleden was. Dus ik denk dat als veel meer mensen weten dat we ook heel veel in de wijk en bij mensen thuis werken, wat een huisje heel veel doet, maar wij hebben veel meer tijd en veel meer expertise op een specifiek gedeelte, dat dat ook heel aantrekkelijk is voor jonge artsen om in te gaan werken.En daar zullen zelfs verpleeghuisinstellingen ook naartoe moeten gaan. Dat ze hun dokters, die nu allemaal binnen de verpleeghuismuren vooral werken, dat ze die ook veel meer gaan stimuleren om de wijk in te gaan. En samen te werken met de thuiszorg en de case managers en de praktijkondersteunende huisarts. Daar ligt de toekomst van ons vak, niet in het verpleeghuis. Daar ben ik echt van overtuigd. Ik vind het wel mooi dat je ook gek dat het de norm is dat je wel op chirurgie en allerlei plaatsen komt, maar de oudere zorg een beetje vergeten is. Terwijl het niet zeker is dat je ooit in je leven een chirurgische behandeling nodig hebt, maar we worden allemaal ouder. Tenminste, die kans is groter, verwacht ik. En daar is dan weinig aandacht voor. Oké.Nog een laatste dingetje, de toekomst. Ik ben best wel positief over de zorg. Ik denk dat het allemaal goed komt, niet zonder enige inzet. Hoe kijk jij naar de toekomst van de zorg? Want er zijn al een hoop problemen, veel in de media. Wetgezondheid en dwang is ook een dingetje zoals ik vandaag. Hoe zie jij de toekomst? Ja, ik denk dat er heel veel gaat gebeuren. En ik denk dat er ook veel gaat innoveren in specifiek de ouderenzorg. Dus dat we een hele andere manier van werken gaan nodig hebben. Maar ik zie dat heel positief in, inderdaad. Ik denk dat we allemaal onze schouders eronder moeten zetten.Want bijvoorbeeld mijn collega's en wij hebben het heel zwaar. Werkdruk en het kan niet meer. En dat is een signaal wat we afgeven met z'n allen. Hoe zit het daar bij jullie? Ja, dat wordt ook op een vergelijkbare manier wel gedaan. Of dat ze zeggen: hoe kunnen we zo direct de toekomst aan? Met de tekorten die we hebben. De babyboom-generatie gaat massaal terug met pensioen. En dat kunnen we letterlijk qua aantal mensen niet.Ook al zou iedereen voor de oude geneeskunde kunnen kiezen, zou je dat niet kunnen compenseren? Nee, dus we moeten wel iets doen. We moeten, maar daar moet je de manier van werken ook gaan veranderen. Dus daarom zie je in de ouderszorg ook dat we vaker met verpleegkundige specialisten gaan werken. Of assistants, of dat we vaker met basisartsen werken. Of ook praktijkverpleegkundigen. Dus dat we veel meer een andere manier van hoe je je werk inricht, taakdelegatie, takenschikking, dat dat ook heel erg belangrijk is. Maar dat betekent dat dokters ook soms moeten loslaten en verantwoordelijkheden moeten kunnen loslaten. En dat is denk ik niet voor iedereen even makkelijk, maar het is onvermijdelijk. En als dat gebeurt, en ook op het stuk op de geneeskundefaculteiten.Gaat omdraaien, dat de focus een andere focus wordt, meer gericht op de eerste lijn. Dat we ook zien dat je in die laatste levensfase eigenlijk nog heel veel mooie dingen kan bereiken. En ook zelfs nog wel op curatief, dat je dingen kan behandelen. Maar dat je beter kan afwegen wanneer stuur je nou iemand wel of niet in. En dat je er vroeger ook over gaat praten. Samen met huisarts, samen met de familie. Dan kun je heel veel dingen voorkomen. Dan kun je die crisisopnames vaker voorkomen. Dan komen mensen niet zomaar altijd tot de spoedhijzende hulp omdat het ineens niet meer gaat. Nee, je hebt daar in een vroeger stadium eigenlijk al over nagedacht. Dat is denk ik waar de toekomst naartoe gaat. En wat denk ik echt een heel mooi onderdeel is van ons vak. En als ik denk.Dat er veel dokters zijn die eigenlijk ook dat stiekem wel willen. Mee willen werken aan innovatie en verandering. Merk je een verschil tussen de nieuwe generatie dokters en de wat oudere generatie dokters? Wat was daar het grootste verschil tussen die twee groepen? Ik weet niet waar je de lijn moet trekken hoor. Ja, ik denk dat je zeker wel een verschil merkt. Kijk, bijvoorbeeld, hè? De dokter. Als je kijkt binnen mijn collega's, de verpleegkundigenverzorgers, zijn er ook best veel die het gewoon een beetje eng vinden om de dokter te bellen. Want de dokter is toch gewoon een man of een vrouw. Maar die weet het allemaal en zo denken wij dan, hè? Heb jij dat ook?Nou ja, niet meer zo. Maar ik weet wel dat ik de eerste keer een dokter moest bellen, vond ik toch een beetje eng. Ik heb ook al een dokter aan het telefoon gehad die niet zo aardig deed. En dan denk ik, ja, dan vormt je dan wel natuurlijk een beetje van. als je dan de reactie krijgt van, ja, raar dat je dat vraagt. of gewoon heel kort afdoen. Maar ik heb het merendeel van de dokters die ik heb gesproken in mijn loopbaan tot nu toe. vonden het juist super leuk als ik een vraag stelde, dat ze mij dingen uit konden leggen. Dus ik snapte ook, voor mij is die angst er niet meer. Maar ik merk wel dat er nog best wel veel is. Dat ze de dokter toch op een soort voetstuk plaatsen. van, oh, die weet eigenlijk alles wel. En ik moet maar geen domme vragen stellen. En ja, die zal het wel druk hebben.Snap je wat ik bedoel? Er is een soort kloofje op zo nog steeds tussen de verpleegkundigen, verzorgende, helpende, maar niet uit, en de dokter. Ik denk dat er zeker een groter verschil daarin is ontstaan. Ook zelfs in het ziekenhuis, dat je daar een verschuiving ziet. Bij bepaalde specialismen is het nog wel wat meer hiërarchisch. Bij de cirrusie echt wel wat meer. Als coëxistent mag je op bepaalde plekken zomaar niet gaan zitten, bijvoorbeeld. Dat mag niet. Nee, dan hoort daar de specialisten zitten. Dan zit je op de befaamde coëxistente kruk.Dat verandert wel steeds meer. En ik denk dat er wel steeds meer een teamgevoel is. Alleen al onder de artsen ook. Maar richting verpleging. Richting verpleging zie ik zeker een verandering. Als ik naar mezelf kijk, als ik bijvoorbeeld bezieten doe met een verplegkundige, dan vraag ik je heel uitgebreid vaak hoe zij het zien. Of zij vinden dat het heel anders gaat. Of dat zij zich zorgen maken. Of waar denk je zelf aan? Ik nodig ze heel vaak uit om zelf ook over die dingen na te denken. En ik hang dan ook op dat moment aan hun lippen, omdat ik ook nog maar in de startblokken sta. Ik heb wel een hele berg aan kennis. Maar is ook deels geleerd uit boeken. En soms heb je een verplegkundige waar je mee samenwerkt, die al twintig jaar.Patiënten helpt en veel meer daarover weet dan ik. En ik weet bepaalde links te leggen of een plan te maken, maar we hebben elkaar daarin nodig. Dus ik denk dat dat wel heel belangrijk is dat ik die samenwerking altijd probeer op te zoeken. En ik denk niet dat dat een leeftijdding is, dat oudere artsen dat niet per se doen. Maar je moet je wel voorstellen dat zij in een cultuur zijn opgegroeid qua geneeskunde studenten als dokter, waar dat wel veel meer heerste nog. Sowieso, als ik kijk naar oudere mensen. Ik heb ooit een vrouw gehad, toen ik nog goed was een vrouw met dementie. En die nam mij in ieder geval serieus aan.Toen heb ik een jasje aangedaan, een wit jasje, want op die afdeling waren geen witte jasjes. Heb ik een stetoscoop omgehangen. Toen ben ik naar haar toe gegaan en heb ik nog even gevraagd. Ik weet niet meer waar het over ging precies. Maar toen was het, oh, dat is de dokter. En ze stond op. Ze was gevallen en ze wilde niks weten of zo. En toen was het ineens goed. En dat vind ik wel mooi. Dat je dan toch, als een dokter, toch ook wel voor deze mensen heel veel respect krijgt. Want uiteindelijk is het. Ik heb ook heel veel respect voor alle artsen, want het is natuurlijk een superverantwoordelijk beroep. Waar je gewoon. Je redt levens, of je. Je maakt levens beter. Of je.Je laat het einde van een leven prettiger en mooier verlopen. En daar is toch je taak, denk ik. Als ik het zo even snel wil. Dus je bent super van, want het is gewoon heel mooi. Heb je een tip voor alle dokters in Nederland? Heb je tips gezien de toekomst? Van wat is nou het belangrijkste in de zorg om te doen op dit moment? Wat we met z'n allen eigenlijk al vanaf morgen kunnen gaan doen. Zodat we een toekomstbestendige zorgsector hebben. Complexe vragen. Ja, dat is een grote vraag. Morgen in de Tweede Kamer of zo. Ja, dan krijg ik het telefoontje van minister de Jonge.Als ik hem iets kleiner zou maken, specifiek de ouderenzorg, denk ik dat het belangrijk is dat we ons allemaal moeten realiseren dat onze doelgroep op een hele andere plek woont dan waar we nu onze focus op leggen. Dus we focussen ons in de ouderenzorg breed, voornamelijk op hoe regen we dit nou goed in het verpleeghuis. En ik denk dat we veel meer moeten gaan kijken hoe zorgen we dat we complete zorg leveren bij mensen thuis. En ervoor zorgen dat we veel meer gaan samenwerken. Dus ik hoop, ik denk dat het toekomstbestendig is, is dat we veel meer gaan samenwerken bij mensen thuis. En dat ik als dokter en oudergeneeskunde ook veel intensiever ga samenwerken met.Met alle partijen die daar betrokken zijn. En ik denk dat als we dat allemaal doen, dat we veel mensen een mooiere tijd thuis kunnen gunnen. Door samenwerking. Door samenwerking. Ik denk dat samenwerken echt zo belangrijk is in de zorg. Dat je niet onafhankelijk wil zijn of alles zelf wil doen. Maar gewoon die wederzijdse afhankelijkheid, dat dat gewoon heel mooi is. En dat je uiteindelijk het toch samen moet doen. En dat je alleen samen de juiste zorg kunt leveren, denk ik. Want je kunt het niet alleen doen en dat hoeft ook helemaal niet. Nee, en ik denk dat dat ons vakje zo mooi maakt. Ik vind het ontzettend.Ik ben juist heel dankbaar voor de dingen die een thuisverpleegkundige doet. Waardoor als ik vraag of ze nog vaker kunnen komen, omdat iemand dan wat meer structuur heeft, bijvoorbeeld die dement is, of daardoor veilig zijn medicijn ineens inneemt. En daarover spart met elkaar of dat haalbaar is. En ook met de familie over nadenkt. Dat vind ik veel waardevoller dan dat ik op een papier een medicijn voorschrijf en denk, goh, dat daardoor is die baasontstieging ineens verholpen. Ik denk dat het veel waardevoller is om te kijken verder dan alleen de ziekte. En ik heb de thuiszorgmedewerker net zo hard nodig als dat.Zij mij of een huisarts ook nodig heeft. En als we dat beter realiseren, dat we niet allemaal in onze eigen eilandjes denken, denk ik dat je de oudere zorg veel behapbaarder maakt. En zal dat uiteindelijk ook leiden tot successen, waardoor misschien in de politiek, maar ook vanuit andere zorgverzekeraarinstellingen, dat ze ook een cultuur shift zullen gaan zien. En zullen gaan zien dat je daar dus ook veel meer in kan gaan investeren en het kan vertrouwen dat je het anders kan gaan inrichten. Vertrouwen is ook een ding, hè? Ja. Vertrouwen.Als we het even hebben over de bureaucratie en zo, en daar zul je ook last van hebben, denk ik. Zeker met vertrouwen te maken. Ik denk wel eens een beetje van laat dingen toch een beetje los. Alles registreren en aftekenen en vastleggen en aanvullen in zo'n sowieso die mappen die er nog steeds zijn, die papieren mappen. Ja, dat heeft ook met vertrouwen te maken, denk ik. Alles aftekenen. Heb jij er ook last van in jouw werk? Dat je echt heel veel moet verantwoorden. Ja, die mappen, daar moest ik wel bij lachen, want voor mij is dat soms ook wel handig. Want ik kom wel eens bij iemand en dan kan ik daar toch een deel van de informatie in vinden. Maar ik snap heel goed wat je bedoelt. Ik denk dat het zijn doel op een gegeven moment voorbij gaat. En het ook bijna een soort wantrouwen.aanwakkert van ik moet blijkbaar verantwoorden of ik mijn werk wel goed doe. Wij moeten het ook veel voor de financiën om te kijken dat je wel goed wordt betaald voor de consultanen die je bijvoorbeeld doet of de tijd die je aan een bepaalde behandeling besteedt. Ja, ik denk dat dat niet het doel op zich zou moeten zijn. Het doel op zich is dat je iemand goed wil helpen. En als je meer tijd kwijt bent met registreren dan met eigenlijk iemand helpen, dan is er iets fout. Dan is er iets fout gegaan. Is dat momenteel zo? Dat je meer tijd bent? Nou, dat hoor ik heel veel van verpleegkundigen en thuis zorgmedewerkers. Daarom is er volgens mij dat minister de Jonge daar ook veel mee bezig is gegaan.En dat er geluiden zijn om meer dingen af te schaffen. Vraag me af in hoeverre dat in de praktijk dan ook al meteen voelbaar is. Dan valt mee. Ja, valt mee. Ik denk dat er heel veel dingen veel makkelijker afgeschaft kunnen worden. Bijvoorbeeld die vijf minuten registratie. Die kan echt in mijn beleving, en ik denk dat er heel veel mensen het daar misschien wat niet mee eens zijn, maar die kan morgen al stoppen. Kunnen ze ze gewoon ergens anders regelen bij een zorgverzekeraar of bij iemand die een indicatie van vier uur per week bijvoorbeeld. Jij geeft ook zulke indicaties af. Ja, zeker. Stel je voor, iemand heeft een indicatie van vier uur per week, dus die mag vier uur per week zorg krijgen. Ik begrijp zelfs dat daar bijvoorbeeld een half uurtje van gereserveerd moet worden voor administratieve handelingen die gedaan moeten worden voor iemand. Maar.3,5 uur per week, daar is het gewoon. En dan kun je gewoon leveren die zorg. En houd je je in, houd je uit op je telefoon om te registreren hoeveel minuutjes ergens je bent. Is dan niet nodig, denk ik. En ik weet zeker als je aangeeft aan collega's. Nou, je hebt daar ongeveer een half uur. En als je nou structureel merkt dat het veel langer duurt, geef het even door. Dan gaan we eventjes met de dokter in gesprek. Of met iemand anders die de indicatie mag aanvragen. Een wijverpleegkundige om deze op te hogen. Maar dat je niet meer steeds als. Ik denk dat het gewoon makkelijk realiserbaar is. Dat zeg maar een zorgverlener. Een verzorgende. die gewoon bij mensen thuis komt. dat die niet meer alles zelf moet registreren. Dat stukje. Op hun telefoon. 10 minuutjes meneer Jansen. 20 minuten mevrouw Jansen.En dan half vier meneer Pietersen. Als je stukje al weggaat, denk ik dat dat voor een hoop rust zorgt. Tenminste voor mij. En denk je dat dat ook uiteindelijk een ander effect zal hebben dan alleen meer tijd voor de patiënt? Zal het ook nog een invloed kunnen hebben op hoe mensen het vak zelfs ervaren? Ja, ik denk juist dat. Kijk, die tijdbuis is hetzelfde natuurlijk. Maar het feit dat je weet dat ergens tien minuten voor staat, geeft bij heel veel mensen al een bepaalde druk, denk ik. Ik weet het goed, toen ik net in de zorg werkte, en ik wist dat er staat tien minuten voor die persoon. En ik was al twaalf minuten, had ik de rest van mijn route haast. Dat is raar natuurlijk. Nu weet ik hoe ik daarmee om moet gaan. Maar ik denk dat bij heel veel mensen het nog wel zo is dat je denkt: oh, ik ben toch over de tijd heen, dan moet ik bij de volgende maar wat sneller gaan.Als je dan al je route op die manier begint, dan denk je van ja, die tijd is een indicatie. Dus laat die tijd even voor wat het is en ga gewoon je werk doen. En als je nou echt merkt, nou, bij die persoon zijn we steeds zo lang bezig omdat er iets aan de hand is, regel het met z'n allen. Maar dat je niet steeds meer, terwijl je aan het bed staat, om maar zo te zeggen, je telefoon erbij moet houden van hoe lang ben ik hier. Dat vind ik niet nodig. Dan kan ik me ook voorstellen dat je gewoon minder aandacht hebt voor echt letterlijk ook delen van je werk. Dat je net even dat stuk van de wond of een handeling of of die patiënt angstig is of niet, dat je daar allemaal minder aandacht voor hebt omdat je eigenlijk in je achterhoofd met iets heel anders bezig bent.Ik denk wel, ja, inderdaad, als je achterloopt, dan krijg je haast en dat heeft echt effect op hoe je je werk doet. En ik ben er echt wel van overtuigd dat iedere zorgverlener toch die wond goed verzorgt en dan weer hoe het doorgaat. Maar dan nog, hoeven die werkdruk niet te ervaren. En ik denk dat het ook een beetje aan jezelf ligt, hoe je bent, maar ook wel een beetje aan het systeem waarin wij nu moeten werken. Maar al met al, werkende zorg blijft mooi, dat vind ik gewoon zo. Ja, want je ziet hier ook kansen in. En eigenlijk heel praktisch gewoon, zijn dat helemaal niet zulke grote stappen, zeg jij? Ik denk van niet. Ik denk gewoon, kijk, die uren moeten ergens geregistreerd worden. En dat kan iemand op het hoofdkantoor ook prima doen.Door gewoon alles op OK te zetten. En mocht het dan. Oké, tenzij. Ja, inderdaad. Ja, oké, tenzij. Zonder en dwang. Nee, ik denk echt dat het wel anders te realiseren is. Dat je zeg maar wel zo'n telefoon hebt waarin je in je dus kunt zien. Nou, wie moet je toe? Wat moet je daar doen? En hoe gaat het nu met die persoon een beetje? En wat is daar het beeld? En dat je dan vervolgens binnenkomt en dat je daar gewoon. zonder een map te zoeken of zonder ergens formulieren in te vullen. dat je gewoon met die persoon samen kunt zijn. En dat je dan kunt kijken. van hé, hoe kan ik op dit moment het beste voor diegene zorgen? En of dat nou een douche is of iets anders. maakt niet uit. Daar kan een zorgverlener goed zelf.Bepalen, denk ik, samen met die persoon op dat moment. Ja, ik denk wel dat het te realiseren is. Dat denk ik zeker. Ik weet eigenlijk niet eens hoe lang we hiermee bezig zijn met deze podcast. Er staat hier geen tijd in beeld. En ik vind het een leuk gesprek. Maar hoe lang duurt zo'n podcast eigenlijk? Weet je het? Ja, een half uur, een uur. Kan van alles. Oké, we zien duidelijk hoe lang het is geweest. Ik vind het in ieder geval een superleuk gesprek. Dit is mijn eerste keer dat ik een podcast opneem met Olaf Schut. Hier in het mooie Nuland. Sint-Josef wordt. Ik vind echt respect voor deze mensen hier. Omdat we vandaag gewoon nog hier mochten gaan zitten in een vergaderruimte met twee microfoons.Praten over de zorg. En ik hoop dat de mensen met een beetje plezier hebben geluisterd. Hoop ik ook. Wat vond je ervan? Ja, ik vond het leuk om te doen. Dankjewel dat ik het ook samen in dit gesprek kon hebben met jou. Dit is de eerste keer. Dan gaan we gewoon nog een keer overdoen, goed? Lijkt me goed. Oké, nou, dan ga ik het nou beëindigen. Dankjewel. Jij ook bedankt voor jouw input. Graag gedaan."
seksuele-voorlichting.mp3,interviews,NVIDIA Canary 1B v2,36.6,25.413020833333306,68,36.768229166666664,12144.3125,12144.3125,22.537902586968976,"Uit nieuwe cijfers blijkt dat het aantal infecties zoals gonoreus en syfilis in 10 jaar tijd voorst zijn gestegen. Ook in Nederland maken deskundigen zich zorgen. Volgens onderzoekers spelen meerdere factoren een rol. Het condoomgebruik daalt, mensen laten zich steeds minder snel testen en betrouwbare informatie over SOAS wordt steeds minder gevonden. Maar hoe staat het er eigenlijk voor in studentenstad Groningen? Welke SOAS komen het meest voor en wanneer is het verstandig om je te laten testen? Daarover ga ik vandaag in gesprek met Mariette van de GGD Groningen. Ik ga er even opbellen. Hoi Mariette, je spreekt met Madeleine van Spotify Groningen. Hoi, hoi. Ten eerste heel erg bedankt dat je even tijd voor ons hebt vandaag.Zou je jezelf kort kunnen voorstellen en vertellen wat jouw rol is binnen de GGD? Zeker. Ik ben dus Mariette en ik ben werkzaam als verpleegkundige op de afdeling seksuele gezondheid hier van de GGD. Waar wij ons bezighouden met alles wat met seksuele gezondheid te maken heeft voor de hele provincie. Dus dat kan gaan om het doen van SOA-testen, seksualiteitsproblematiek, seksuele gezondheid, noem maar op. En we zien de laatste tijd berichten over een stijging van het aantal SOA's. Is dat iets wat jullie ook opvalt? Ja, nou, er is inderdaad heel wat aandacht momenteel voor het feit dat er meer SOA's zijn.Het is wel iets wat wij zien, maar wij zien het al wel een wat langere tijd. En wat daar misschien wel goed is om te benoemen, is we zien nog steeds dezelfde zoa's. En het is ook nog steeds zo dat de grootste zoa die gevonden wordt, dat is glamidia. Dus die vinden we nog steeds het meest. Maar er zijn een bepaald aantal zoa's waar we nu wat meer besmettingen van zien dan voorheen. Dus daar is wel een lichte stijging in te zien. Oké, zou je daar eens wat meer over kunnen vertellen? Ja, tuurlijk. Nou, we zien voornamelijk dat gonoreu en syfilis nu wat aan het stijgen zijn. Dus voorheen, we zien eigenlijk altijd al wel veel glamidia besmettingen. Maar we zien dus nu ook al wat meer gonoreu en syfilis. En dat is eigenlijk sowieso landelijk wel te zien, maar ook al in heel Europa.Maar dat is dus ook al wel van het afgelopen jaar dat dat aan het spelen is. Dus het is niet dat er nu opeens een enorme uitbraak is of zo. Het speelt al wat langer en het is gewoon een geleidelijke stijging. Dus het is ook niet dat er nu in Groningen een enorme uitbraak van SOAS is. Maar ja, het is wel iets wat wij opmerken. Ja. En waarom denk je dat het nu dan pas zo onder de aandacht komt in het nieuws als je zegt van het is eigenlijk al een jaar gaande? Ja, dat is wel een hele goede vraag. Dat is ook wel interessant, denk ik, omdat er een Europees onderzoek is uitgekomen waarin dit wordt benoemd. En dat dat dan toch iets is waar mensen op aanstaan, wellicht ook wel wat angst voor hebben. En dat er daardoor ook gewoon media-aandacht voor komt.Dat het dus eigenlijk al iets is wat wij al wel wat langer zien. Oké, en hoe staat het er op dit moment voor in Groningen? Want je zei al even, die stijging is hier ook te zien. Nou ja, we hebben natuurlijk een studententestad met een studentencultuur. Hoe staat het ervoor hier bij ons? Ja, nou, we zien dus ook in Groningen wel dat Gondereu wat meer stijgt onder jongeren, maar überhaupt onder mensen. En dus syfilis ook wel wat. Nu is syfilis nog steeds iets wat we voornamelijk vinden bij mannen die seks hebben met mannen. En Gondereu wel onder alle doelgroepen die wij zien. Maar ik denk dat.Kijk, het is altijd vervelend dat zoas stijgen. We willen het liefst dat er zo min mogelijk zoas zijn. Want zoas brengen zorgen met zich mee, die kunnen gezondheidsrisico's met zich meebrengen. Dus dat is natuurlijk nooit wenselijk. Maar het is niet dat het nu zo de spuigaten uitloopt dat wij het hier in Groningen, denk ik, heel slecht doen. Maar ja, wat je zegt, we zijn wel een studentenstad. Het kan zijn dat er natuurlijk hier veel onveilige seks plaatsvindt. Maar het is nou niet zo dat wij als Groningen het zo veel slechter doen of dat het hier heel opmerkelijk is dat het hier extra is dan in de rest van Nederland of van Europa.Dat is een geruststellende gedachte, denk ik. Ja, dat het nu niet zo de hart gaat uitloopen dat men alleen maar naar Groningen kijkt. Nee hoor, dat is helemaal niet nodig. Want zijn er bepaalde leeftijdsgroepen waarin de stijging het hoogst is of het meest te merken is? Ja, daar kunnen wij eigenlijk niet heel veel over zeggen. Kijk, je ziet eigenlijk alle leeftijden wel vanaf dat mensen een beetje seksueel actief worden. Dus dat kan beginnen vanaf 14 en dat gaat echt door tot in 90. En al die leeftijdsgroepen zien wij ook.Dus wij kunnen niet per se, en heel veel wordt natuurlijk ook nog steeds bij de huisarts gezien, of mensen doen thuis online testen. Dus wij kunnen niet echt per se iets zeggen over in welke leeftijdsgroep dat nou meer voorkomt. We zien overal wel dat sommals wat meer stijgen. Dus dat is bij studenten, maar dat is ook bij mensen die ouder zijn en bij volwassenen. Ja. Oké. Want merk je dat jongeren dan anders omgaan met seks en bescherming dan bijvoorbeeld een aantal jaar geleden?We zien wel vanuit cijfers dat condoomgebruik echt wel wat aan het afnemen is. Dus er wordt onder zoveel jaar een onderzoek uitgevoerd dat heet Sex Online 25ste. Dat pijl is een beetje hoe het ervoor staat met de seksuele gezondheid van jongeren. En daarin zien we wel dat er een daling te zien is in het gebruik van condooms. En dat kan natuurlijk ook weer met zich meebrengen dat we nu meer SOA zien. Dat zou wel een logisch gevolg zijn natuurlijk. Dus voorheen was het toch wel wat gebruikelijker om een condoom te gebruiken. Ik denk dat dat voorheen en al jaren geleden sowieso wat normaler was. Maar dat wordt dus toch steeds wat minder sexy. Terwijl eigenlijk kunnen heel veel van deze dingen voorkomen kunnen worden als.Mensen wat meer condoom zouden gebruiken. Maar ook dat, zeg maar, het niet gebruik van condooms, dat zien we eigenlijk ook weer bij bijna alle leeftijden wel terug. Dus het is niet zo dat studenten daar echt het grote probleem in zijn. Misschien überhaupt dat condoomgebruik wat aan het afnemen is, een beetje minder sexy wordt gezien. Wat denk je dat de verklaring is dat het condoomgebruik zo afneemt? Ja, dat vind ik best wel moeilijk om te zeggen. Ik denk dat het voornamelijk wellicht te maken heeft met het feit dat er minder campagne op wordt gevoerd. Dus vroeger had je echt grote condoomcampagnes, werd er heel veel aandacht aan besteed tijdens seksuele voorlichting. Was het dus veel meer een besproken onderwerp, echt wel een beetje een hot topic. En dat ging zo goed dat ze toen gedacht hebben, denk ik van nou, dat is niet meer nodig.En nu zien we dus ook dat er al best wel een tijd niet echt condoomcampagnes hebben plaatsgevonden. Dat er wellicht ook de seksuele voorlichting wat aan het veranderen is. En dat dat dus wellicht nu tot gevolgen heeft dat mensen minder condooms gebruiken. Op wat voor manier verandert de seksuele voorlichting dan? Nou, ik weet het niet. Ik denk dat we er voorheen gewoon wat meer aandacht aan besteden. Dus misschien dat scholen er steeds meer voor kiezen om de seksuele voorlichting zelf te geven. Wij hebben überhaupt ook in Groningen minder capaciteit om langs alle scholen te gaan natuurlijk. Maar er is ook wel een beetje verschuiving te zien dat het wellicht allemaal wat preutser wordt.Ja, eigenlijk is er eigenlijk dat er wel van alle tijden, dat er tijdens seksuele voorlichting op scholen heel veel aandacht voor de praktische zaken. Dus wel zoals bestaan, je kan zwanger worden, seks is dus eigenlijk hartstikke eng, begin er maar niet aan. En veel minder, hoe bereid je jezelf goed voor en hoe zorg je ervoor dat seks leuk is? En wij zeggen ook al, leuke seks is seks zonder zorgen. Maar daar is eigenlijk weinig aandacht voor. Dat eigenlijk heel jammer is, want wellicht als jongeren toch beter voorbereid zijn seksuele carrière ingaan en daarmee ook meer oog hebben voor, nou, ik vind het belangrijk om mezelf te beschermen, ik vind het ook leuk om zorgeloos seks te hebben. Dus ik pak er vaak een condoom bij.Is er dan wel voldoende kennis over SOAS of zien jullie ook nog vaak misverstanden? Ik heb wel het idee dat er op zich best wel wat kennis is, maar helaas zien we ook nog steeds wel wat misverstanden. Dat heeft dan voornamelijk te maken met hoe kan je in een SOAS oplopen? We horen soms echt nog wel verhalen van, nou kan ik dan een SOAS krijgen van de WCB? Of. Dat zijn hele goede vragen om te stellen. En we zien toch ook wel nu met de verschuiving van het test op glam media dat heel veel jongeren dan nu opeens denken, nou glam media is helemaal niet meer gevaarlijk, dus daar hoef ik me helemaal niet meer voor te testen. Terwijl dat eigenlijk niet waar is. Het is wel nog steeds belangrijk om je te testen als je klachten hebt of als je wat de partner bijvoorbeeld glam media geeft.Want een gluiminea met klachten kan nog steeds wel gevolgen hebben voor je gezondheid. Wanneer is het verstandig om je te laten testen? Nou, dat is voornamelijk verstandig als je klachten hebt. Dus merk je iets op, denk je, dit vond ik niet helemaal pluis. Ga dan zeker testen. Maar ook als je bijvoorbeeld een waarschuwing hebt gekregen. En ik denk dat het überhaupt verstandig is om je bijvoorbeeld elk half jaar of elk jaar wel te testen als je onveilige seks hebt. Dus heb je redelmatig onveilige seks? Nou, dan is het misschien toch verstandig om je elk half jaar tot jaar.Te testen op SOA, om ervan te zijn dat je niks hebt. Maar het is voornamelijk belangrijk om te komen testen als je ook echt daadwerkelijke klachten hebt of een waarschuwing hebt gekregen. Wat gebeurt er als een SOA niet op tijd wordt ontdekt of behandeld? Ja, dat is een hele goede vraag. Dat verschilt een beetje per SOA. Dus een glamidia zonder klachten, dat is een hele belangrijke. Een glamidia zonder klachten, dat kan niet heel veel kwaad. En dat ruimt je lichaam ook gewoon vanzelf op. Heeft ook niet meer die hele schadelijke gezondheidsrisico's die voorheen wel verteld werden. Dat is wel wat anders met een gonoreu. Dus een gonoreu is natuurlijk ook een SOA. Kan nog steeds bestaan ook zonder klachten. Maar een gonoreubesmetting wordt eigenlijk.Niet zo goed door het lichaam zelf opgeruimd. Dus daarvoor is het wel belangrijk om te testen. Loop je heel lang rond met een gomoreu of heb je een glamidia met klachten? Dat is voornamelijk gewoon vervelend voor de cliënt zelf. We zien eigenlijk pas dat zoa's echt invloed kunnen gaan hebben op je gezondheid. Als je meermaals een zoa hebt gehad met klachten. En dan kan het zijn dat dat voornamelijk bij vrouwen wat effect kan hebben op de vruchtbaarheid. Daarom is het ook wel zo belangrijk om je te beschermen tegen zoa's door middel van glooms. Dat er toch heel veel mensen zijn die toch wel echt een kinderwens hebben. Maar het is dus wel niet zo, we willen wel een beetje weghalen van.Wees maar super bang, want het is echt niet dat je in één klap onvruchtbaar wordt. Dat denk ik ook wel in veel mensen. Maar het is zeker wel belangrijk om je te beschermen, omdat we vaker een zoa hebben, wel dat werkelijk daar effect op kan hebben. Ja. Ik denk dat het goed is dat je dat ook zo benoemt, omdat ik inderdaad ook in mijn omgeving dan hoor van, oh, met glamidia dan hoef je nu niet meer te behandelen, hoef je geen kuurtje meer. Dus het kan allemaal niet zoveel kwaad als je een keer glamidia krijgt. Maar dat is dus niet waar. Nee, dat is toch wel wat genuanceerder dan die uitspraak van, oh, ik heb glamidia, dat boeit allemaal niet meer. Want ook al heb jij zelf geen klachten, dan kan je het nog steeds aan iemand anders geven en die kan wel klachten krijgen.En heb je dus media met klachten, dan kan het nog steeds zeker wel gezondheidsrisico's met zich meebrengen. Ik denk heel goed om te weten. Dan zou ik graag willen afsluiten met de vraag: wat is volgens jou de belangrijkste boodschap over veilig seks hebben, je laten testen op POA's, voor de mensen die hier misschien naar kijken? Ik denk eigenlijk dat het heel goed is dat we condooms weer een beetje gaan promoten. En ik weet dat heel veel jongeren, maar überhaupt mensen, denken van condooms, daar is toch helemaal niks aan. Maar daar is echt nog heel veel in te experimenteren. En ook heel veel in te doen als we bijvoorbeeld niet zitten lekker. Kijk een keer naar een andere breedte maat.Ben je bang voor de kosten? Je hoeft echt niet altijd de Durex-condooms te doen. Kruidvat-eigenmerk is net zo goed. En dan ben je voor 3,50 euro. Heb je al een pakje condooms. En voornamelijk ook leuke seks is seks zonder zorgen. En heb je seks gehad. En heb je toch die zorg van. Oh, heb ik misschien een SOA? Nou, dan dat heeft toch invloed op die hele ervaring. Doe je het veilig? Heb je het vaak ook leuker? Hoef je die zorgen niet mee te dragen? En heb je toch een keer dat je denkt. Dit is niet helemaal goed gegaan. Of. Ik wil me toch even laten checken. Nou, dan kan je altijd bijvoorbeeld op onze website kijken. voor meer informatie. En dan kunnen we altijd met mensen meekijken. of ze bij ons kunnen komen. SOA testen natuurlijk. Ja.Want waar kunnen mensen terecht voor betrouwbare informatie of een test? Nou, betrouwbare informatie, sowieso altijd op onze website. Dus als je gewoon naar GGD Groningen gaat en dan klikt op seksualiteit, dan kom je bij onze pagina. Nou, daar staat heel veel informatie. Je kan altijd bij huisarts terecht voor goede SOA-testen. Je kan ook bij sommige online aanbieders, dus bijvoorbeeld SOA Polinoord is een hele goede die wij veel aanraden. En dus, vooral bij ons in onze doelgroep, dan kan je ook bij ons komen testen. Alleen bij ons is er gewoon maximale capaciteit. Wij kunnen helaas niet heel Groningen zien. Dus maak je echt heel veel zorgen. Wil je zo snel mogelijk terecht, dan ben je altijd naar de huisarts. Maar wij kunnen ook altijd met je mee denken.Nou, super. Ik denk dat dat heel goed is om te weten voor een hele hoop mensen. Zooi. Ik wil je heel erg bedanken voor je tijd en je wijswoorden. Dus geen probleem. Super. Wil jij nou niet met een duiper lopen deze zomer? Gebruik dan toch gewoon weer een condoom. Want fijne seks is zorgeloze seks. Mocht je nou toch denken dat je iets hebt opgelopen, laat je dan testen bij de lokale GGD, via de huisarts of via een kit die je zelf kan bestellen op het internet. Bedankt voor het kijken en tot de volgende keer."
psychiator-stress.mp3,interviews,NVIDIA Canary 1B v2,38.1,25.44167741935495,73,36.88903225806452,12144.3125,12144.3125,25.13897634519607,"Het uitvoer wilde maken. Want het zijn hele belangrijke thema's. toen het boek uitkwam, maar nog vele malen meer, volgens mij. Laten we even bij het begin beginnen. Ja, heel goed. Nou goed, ik zit hier in het Erasmus MC. met professor Witte Hogendijk. Ik kwam op jou als spoor door een boek. wat ik. ik zag hem daar staan. van Big Bang tot Burnout. En toen dacht ik, die meneer moet ik spreken. Fascinerend boek. Ik vind. om stress te bekijken vanuit dat. de Big History. Ik zie hem hier ook op de muur. Geniaal. Ik denk dat dat voor heel veel mensen heel erg zinvol is.Maar kunt u misschien in Volgavlucht ons even, dat zeg ik weer u, in Volgavlucht ons meenemen wat dat inhoudt en wat de relatie stress, het evolutionaire perspectief, stress, depressie, behoudt? Dus wat ik samen met Wilmer de Rick van de Volkskrant heb gedaan, is te kijken, is er sprake van een evolutionaire mismatch tussen datgene wat op ons afkomt als moderne mens en datgene waarvoor we gebouwd zijn? En daartoe zijn we teruggegaan in de tijd en hebben echt gekeken waar voor het eerst gaan die twee uit elkaar lopen. Dus waar voor het eerst wordt er iets van ons gevraagd als soort.Waar we niet op gebouwd zijn. En dat is eigenlijk wat we gedaan hebben. En wanneer was dat? We denken dat dat is in de Agrijsche Revolutie. Dat het daar ontspoorde. Ja, want daarvoor waren we natuurlijk al mens. Maar toen waren we nog jager-verzamelaar. Net als de apen voor ons. En alle knaagdieren en überhaupt de vissen, iedereen. Dus alle soorten voor ons waren jager-verzamelaar. Althans, de belangrijkste soorten. Maar wij dus ook. Dus wij deden eigenlijk waarvoor we gemaakt waren. Jagen en verzamelen. En onze fysiologie, onze stressrespons was daar helemaal op afgestemd.Vanaf de Agarische Revolutie is wat onze configuratie, zo noem ik het dan altijd maar, niet meer geschikt voor datgene wat van ons gevraagd wordt. Wat bedoelen we met configuratie? Ja, dus de stressrespons, gewoon onze impulsen, ons gedrag, vanuit de biologie gezien, onze bedrading, om het dan zo maar even te noemen, loopt dus niet meer synchroon met wat daadwerkelijk nodig is. Precies. Wat heeft dat voor gevolgen? Het gevolg is dat je een situatie krijgt waarin.Bijvoorbeeld bij de Agrijsrevolutie kreeg je die situatie dat je gaat samenwonen met meer mensen dan waar je hersenen opgebouwd zijn. Dus je ziet bij alle primaten, alle aapachtigen, dat hoe groter de bepaalde verhouding van de hersenschorst tot het hersenvolume aan de ene kant is, hoe groter aan de andere kant de groep waarin hij leeft. En dat is ook wel voorstellbaar, met grotere hersenen even kort door de bocht, kan je beter onthouden van, nou, die is te vertrouwen, van hem heb ik nog wat te goed, met hem kan ik goed jagen. En voor de mens kom je dan uit op ongeveer 150 mensen.In een groep. Dunbar's limit. Toch? Exact. Er is wel kritiek op geweest op die studie, maar het algemene idee van Dunbar klopte. Als je kijkt naar kleinere apen, zoals chimpansees, dan zie je ook dat ze in kleinere groepen leven. Dus dat klopt wel. En dat klopt ook met sociologisch onderzoek naar de mens, wat dat bevestigt. En je weet het uit je omgeving ook, als je op iemands bruiloft komt, waarin hij iedereen heeft uitgenodigd, tot en met de melkboer op de hoek, dan zit je ook op zo'n 150 man, zeg maar. Nou, althans in onze cultuur. Als je nou beseft dat je wanneer je gaat settelen, die groep.eigenlijk ongebreideld kan groeien. Je dorp kan ook 200 mensen worden, of 1000, of 10.000, of 10 miljoen zoals het nu is. Veel wereldsteden zijn groter dan 10 miljoen mensen. Dan kan je je voorstellen dat je allerlei regels moet opstellen om die samenleving nog ordentelijk te laten verlopen. En idee is ook, theorie is ook, dat die regels eerst via mondelingen overdracht op volgende generaties zijn overgegeven, en later zijn vastgelegd in de Heilige Geschriften. Met als belangrijk doel om die regels vast te leggen.Maar je kan je tegelijkertijd voorstellen dat op het moment dat het nodig is om regels op te stellen over hoe je met je buren omgaat, dat er ook een stressor wordt geïntroduceerd. Die nieuw is voor jou, waar je miljarden jaren niet om gevraagd hebt als soorten in de evolutie. Maar opeens heb jij daarmee te maken, omdat jij in een dorp woont wat groter is dan 150. Nou, dat is één. Twee is dat op het moment dat je stopt met jager-zamelaar zijn en je gaat je vestigen op één plek, is het voor het eerst nuttig om bezit op te bouwen. En voor het eerst mogelijk om dat te doen. Want als je daarvoor...Leefde als jagerverzamelaar en je had bijvoorbeeld een beest gedood, dan deelde je het met de anderen. Want het had geen zin om het voor jezelf te houden, want je krijgt het niet op en het verrot en je kan het niet meenemen als je weer verder trekt. Terwijl als je je settelt, dan kan je een opslagplaats maken en dan kan je het verhandelen. En daar kreeg je dus voor het eerst bezit en daarmee ook ongelijkheid. Zoals ongelijkheid tussen mannen en vrouwen. En dat is een andere stressor, ongelijkheid. Dus zo zie je dat aantal voorbeelden van je vraag van wat gebeurt er dan? Nou, dit soort dingen gebeuren dan. En dat perspectief van big history, dus soms wordt.Onze evolutie, de geschiedenis, pad geslagen tot één dag. Of in dit boek was het volgens mij de hele moderne eeuwen. Volgens mij begint het in. Ik ben even het jaatel kwijt. Maar we zitten nu in het laatste seconde van één dag. En waarom is dat perspectief, dus dat extreme, extreme, extreme uitzoomen om te kijken naar hemel, waar komt dat vandaan waar we tegen aanlopen? Waarom is dat zo cruciaal? Ja, nou omdat je onze hersenen niet is gebouwd op het begrijpen van al te abstracte begrippen.Dus wij begrijpen concrete dingen en een beetje complexe of een beetje abstracte dingen ook nog wel. Maar als het te abstract wordt, dan kunnen we onze hersenen niet omheen krijgen, als het ware. Dan snappen we het niet. Bijvoorbeeld een logaritmisch verband. Ja, je kan het berekenen en je kan het snappen, maar je kan het niet echt doorvoelen, zeg maar. Nou, datzelfde geldt voor grote getallen. Je weet dan net wat je voor een miljoen kan doen. Een mooie auto en een mooi huis en klaar. Maar wat kan je voor een miljard kopen? Daar heb je eigenlijk al geen idee van. Nou, dus daarom, omdat evolutie in miljarden jaren gaat, hebben we daar een trucje voor bedacht. We hebben gezegd, nou stel dat één seconde in het huidige leven.Gelijk staat aan duizend jaar evolutie. Dan ben je in één tel terug in de middeleeuwen, twee tellen het jaar nul. En dan op die manier ben je na een dag tellen, ben je dan 100 miljoen jaar terug. En zelfs dat is al mijn boggling, zeg maar, als je er te lang over nadenkt. Ja, dat is ook zo. Maar het helpt je wel als je vasthoudt aan die ene dag. Want een dag kunnen we heel goed doorvoelen hoe lang dat is. Bijvoorbeeld door de oefening te doen, wat deed hij gisteren op deze tijd? Weet je het nog? Probeer eens te bedenken. Drie uur.Dan moet ik even nadenken, welke dag is het vandaag? Daar begint het al. Daar begint het al, dat bedoel ik. Besef, zo'n tijd is moeilijk. Maar weet je het? Gisteren werkte ik thuis rond deze tijd. Dus we hadden waarschijnlijk achter mijn computer iets met ons marketingplan bij te werken of zoiets. Nou, dan moet je vervolgens bedenken wat je daarna ging doen die middag. Wandeling gemaakt. Wandeling gemaakt. Of je daarna ging borrelen, eten.Nee, daarna was het avondeten en lekker relaxte avond bij mijn vriend. Oh, hou je niet van Ajax dan? Nee! Dat was echt geen relaxte avond gisteren. Oké, nou, ik woon echt heel erg afgelegen, ook heel erg in het groen, heel rustig. Ik kijk ook geen televisie, geen kranten. Dus een vrij minimalistisch bestaan wat dat betreft. Ja, dat is goed. Nou, daar komen we misschien nog wel op te spreken over dat type bestaan, dat dat goed is. Dus dan is het pas avond. En dan ga je nog slapen, dan ga je lekker ontbijten. Vanmorgen heb je allemaal dingen gedaan. Toen ben je hier naartoe gereisd, heb je nog geluncht eerst hier naartoe gereisd. En nu zit je weer hier. Ja. Dat is best een lange.Periode, zo'n 24 uur. Maar je kan hem goed doorvoelen, je kan hem goed overzien. Dus als je dat vasthoudt, dan snap je ook meer hoe de verhoudingen in de tijd zijn in de evolutie. En dat is heel belangrijk voor het punt wat we willen maken. Want op deze manier, als je deze manier van tellen aanhoudt, dan zou stel dat wij op 9 mei nu leven, dan zou het heelal op 1 januari zijn ontstaan, de aarde zou ergens in maart, ik weet het niet uit mijn hoofd meer, begin van het leven zo'n vijf weken geleden, de eencelige. Overigens is het einde van het leven op aarde over zes weken alweer.Want dan houdt de zon op met schijnen. Dus wij zitten ongeveer in het midden. Dat las ik in het boek en dat heb ik opgeschreven. Toen dacht ik. Oeh, dat is iets om eens een keer een meditatie aan te wijden. Het feit dat wij op de helft. Ja. Grofweg. Voor 4,5 miljard. Ja, daar ga je al. Mijlijard of biljard? Ik weet niet eens. Mijlijard. Mijlijard. 4,5 miljard jaar. En dat het nu. Over 4,5, 5 miljard vergaat de hele boel. Nou, dan is er geen leven. Dan is het heel koud. Te koud om te leven. Als je fijn bent, wordt het dan, volgens mij. Ja, toen dacht ik. Wauw, dat is ook echt fascinerend om daar eens over te filosoferen. Wat dat überhaupt voor ons betekent als mens. Dat wij.Op de helft of over de helft zijn. Maar over zes weken stopt de zon met zijn. Dus hoe weten we dat? Dat is zijn brandstof, helium, waterstof. En als ik het uit mijn hoofd goed zeg, is nu voor een bepaalde hoeveelheid op. Dat kan je zien aan metingen. En je weet hoeveel die verbruikt per dag, zeg maar. Dus dan kan je uitrekenen hoeveel dagen die er nog heeft. Oké, wow. Demotiverend. Nee, of juist niet. Juist niet. Ja, waarom is het demotiverend? Nee, het is voor mij persoonlijk absoluut niet demotiverend. Maar ik kan me voorstellen dat het dat soort gedachten wel in de hand werkt.Bij mensen van oh jee, we zijn terug. En dat dat weer een hele kettingreactie aan gedachten schaffoorzaken. Ik denk dat het hierbij nog wel meevalt. Want het nadeel wat je had bij dat een miljard te abstract is om te snappen, is hier je voordeel. Je kan niet vijf miljard jaar te leven. Dat is best prima. Nee, zeker. Maar het feit dat de zon over zes weken, dat de brandstof op is, dat besef ook. Dat geeft al aan dat het lijkt zo oneindig. Het hele al dat dijdt oneindig uit en dat dijdt ook. Maar nu in één keer.Draait hij om? Oh nee, maar dat is misschien helemaal niet zo. Ja, nou ja, mensen zijn altijd op zoek naar zekerheden in het leven. En dit is er eentje van. Ja, ja, ja. We hebben er een aantal. Dat we als mens doodgaan, maar dus ook als aarde, als planeet, als soort. Tenzij we dus de ruimte in gaan. Ja, als leven, niet als planeet. Als leven zelfs. Maar inderdaad, tenzij je interstellair gaat. Wat natuurlijk heel waarschijnlijk is. Mijn vriend staat helemaal wild van dat soort gedachte-experimenten die leest en luistert en kijkt daar ook veel naar. Voor mij gaat het nog net even iets te abstract.Alle rijke mensen op aarde zijn ermee bezig. Alle miljardairs. Om een ticket, een way out te kopen. Maar goed, dus we hebben het big history. De stelling van het boek is dat we het goed hebben verteld, dat het niet helemaal passend is. Mag ik nog even het punt afmaken waarom we dat gedachte-experiment hebben gedaan? Van die seconde op een duizend jaar. Ik was bij het begin van het leven op aarde. En dan wat je ziet is dat de vis zeven dagen geleden voor het eerst op aarde kwam.Toevallig zeven dagen van de schepping, maar dat staat er los van, een parallelle hypothese van de schepping. Maar dat dus de reptielen dan vijf, als ik uit mijn hoofd goed zeg, de zoogdieren vier, even kijken, dan de aapachtige twee en wij dan op die negende mei. Dus aapachtige één dag geleden en dan zoogdieren drie dagen geleden enzovoort. En dan zie je dus dat elke soort die moet wennen aan een compleet nieuwe omgeving.Zoals een vis die op land moet gaan leven. Die heeft aan één dag blijkbaar zo ongeveer genoeg om zich aan te passen, evolutionair, aan een compleet nieuwe omgeving. En dat zie je bij al die soorten. Maar bij de mens zouden wij in dit voorbeeld op 9 mei, die hele 9 mei ter beschikking hebben, op de manier zoals jij net terugredeneerde van wat je gedaan hebt gisteren om drie uur, om ons evolutionair aan te passen. Oftewel zouden we 100 miljoen jaar de tijd hebben gehad om ons aan te passen aan de grote veranderingen sinds de Agrijsrevolutie. Maar dat is niet waar. Want die Agrijsrevolutie was 10.000 jaar geleden. En je hebt blijkbaar een soort zo ongeveer 100 miljoen jaar nodig om.Evolutionaire veranderingen te ondergaan. Dan missen we nog een paar nullen. Precies. Dus als je goed gaat kijken, dan is de tijd die we echt gehad hebben om ons aan te passen sinds de periode dat het echt veel sneller ging, allemaal sinds de industriële revolutie, een paar honderd jaar geleden, is in deze telling 0,2 seconde. Dat is een split second waar je 24 uur nodig hebt. En dan van die 0,2 nog een veel kleiner fragment in deze connected mobiele wereld? Nou heb je helemaal gelijk. Dus als je dat doorredeneert, dan zie je dat alle omwentelingen sindsdien elke keer tien keer zo snel elkaar opvolgen als de vorige. Dus als je kijkt van.Agrarische revolutie is dan 10.000 jaar geleden. De grote ontwikkeling daarna is collective learning. Dat je zoveel abstracties in je taal inbouwt dat je het kan overdragen op een nieuwe generatie, waardoor je als soort voor het eerst slimmer wordt. Duizenden jaren. Industriële revolutie honderden jaren. Digitale revolutie tientallen jaren. En nou artificiële intelligentie, zelflerende machines jaren. Dus daar gaat steeds een nul vanaf. Dus het tempo neemt steeds keer tien toe. Dus dat is precies wat je bedoelt, want het gaat steeds maar sneller. En wij ons maar afvragen waarom het soms zo stroef en moeizaam gaat.Want dan komen we op het stuk ook stress, depressie, overspannen, burn-out. Wij lopen dus tegen de lamp. Het wrijft. Waarom is dat eigenlijk? Misschien niet waarom, want dat snap ik wel als de mismatch. Maar waarin uitzicht dat voor de meeste mensen? Hoe uitzicht dat voor de meeste mensen? Ja, dus eigenlijk moet je zeggen voor de minste mensen. Want het gros van ons kan hier nog steeds goed tegen. Want we zijn weliswaar evolutionair niet aangepast. Want we zijn nog steeds het beest wat we waren. Daarom heet dat tweede boekje Leef is een beest. Qua stressrespons. Maar er is nog een tweede mechaniek waardoor we kunnen veranderen en ons kunnen aanpassen aan onze omgeving.En dat is wat je noemt neuroplasticiteit, dus de veranderlijkheid van de hersenen. Dus als je iets onthoudt, bijvoorbeeld als ik dit tegen je zeg, je weet het vanavond nog, dan is er iets veranderd in je hersenen. Dan zijn er hersencellen die meer connecties met elkaar gemaakt hebben. Dat is ook aantoonbaar. Daar heeft Kandel de Nobelprijs voor gekregen. En als je het vergeet, dan zijn die connecties blijkbaar weer verloren gegaan. Dus daarom zeg je dat de hersenen veranderlijk zijn, plastisch zijn. Dat geldt dus niet alleen voor het onthouden van feitjes, maar ook voor het aanpassen aan nieuwe omstandigheden. Dus dat zou best aan de hand kunnen zijn dat de nieuwe generatie die opgegroeid is met social media.En de hele dag tikken op het mobieltje, net iets anders brein heeft dan wij bijvoorbeeld. Mijn achtergrond is ook psychologische wetenschapper. Ik heb nog steeds heel erg jammer dat ik mijn eigen academisch onderzoek niet over toen nog MySpace. Toen was er nog geen MSN en dan helemaal nog geen social media. Ik wilde heel graag academisch onderzoek doen, kijken naar identiteit en hoe dat dan samenhangt en wat het allemaal voor ons zou betekenen. Dus achteraf denk ik, had ik dat maar gedaan? Want nu vind ik het nog echt zo. Ik ben zo benieuwd wat de wetenschap over vijf jaar of over tien jaar vindt van de kinderen, inderdaad. Ik heb wel wat geluiden gehoord over jonge meisjes die veel op Instagram zitten, dat die vaker auto-mutileren, om even een gek spoor te noemen. Zo van wat voor invloed heeft dat op onze.Mentale gezondheid, mijn intuïtie zegt, is dat best wel zwaar. Dus dan komen we eigenlijk terug op je vraag: wat betekent dit voor de minste mensen? Want het grootste deel van de mensen vaart hier prima bij, door die neuroplasticiteit. Dus hoe meer informatie, hoe beter, hoe sneller het allemaal gaat, hoe beter. Maar er is een deel van ons wat daar minder goed tegen kan, het stressgevoelige deel. Dus mensen die wat angstiger zijn aangelegd of wat controlebehoeftiger zijn of de dingen wat minder makkelijk kunnen volgen, doordat ze heel jong zijn of juist heel oud, doordat ze een culturele achterstand hebben.Of een IQ, lager IQ, of een psychiatrische stoornis. Er zijn hele groepen mensen die daar wat minder goed tegen kan. Die zijn wat minder weerbaar, eigenlijk. Wat kwetsbaarder. Wat minder stressvol. In deze hoge, complexe, snelle maatschappij. En dat is natuurlijk altijd zo geweest. Er is altijd een bepaalde verdeling in de populatie geweest, waarbij het gros van de mensen in het midden zit. Aan de linkerkant een aantal mensen waren die heel stressbestendig zijn. De durfals. En dat zijn dan de jagers en de verkenners en heel nuttig. En dan andere uiterste, dat je dan de hele voorzichtige mensen, de dwangmatige mensen.Angstiger mensen. Maar die waren ook heel belangrijk voor de populatie als geheel, omdat ze controleerden of er geen giftige bestjes bij het eten zitten, et cetera. Ja, en of iedereen wel zich aan de regels houdt en iedereen fair play doet. Precies. Hoe kunnen we dan stress eigenlijk het beste definiëren? Want ik begrijp uit het boek, het is nuttig, het is zinvol en het heeft ons helemaal gebracht tot waar we nu zijn. Zeker. Dus ik zie het boek ook als een soort verwachtingsmanagement, dat is er. Daar kunnen we gewoon mee omgaan. Maar toch wordt stress nu heel negatief weggezet. Te veel kortjes sol, allemaal negatieve effecten in het lichaam, burn-out als gevolg daarvan. Maar wat is stress dan eigenlijk?Stress is allereerst een containerbegrip, dus er wordt van alles onder verstaan. En daarom is het inderdaad goed om het te definiëren en het uit elkaar te ravelen. Eigenlijk bestaat het uit drie componenten. Stress is het gevoel wat je hebt in je hoofd. Wanneer de omgeving iets van je vraagt of eist, dat is de stressor, waar je alleen maar aan kan voldoen door in actie te komen. En dat is de stressrespons. Dus stress is het gevoel wat je hebt in je hoofd als de omgeving iets eist, de stressor, waar je alleen maar aan kan voldoen door in actie te komen, dat is de stressrespons. Dus die drie begrippen, stress, stressor en stressrespons, die moet je goed uit elkaar houden.Misschien zeg ik dat dan fout, is de gedachten die wij zelf creëren, kunnen die ook als stressor optreden? Ja, dus dat is precies ook het probleem van de mens. Dus als je die mismatch niet hebt, dan heb je wel stressoren. Elk beest heeft stressoren. Denk maar aan ziekte, de dood, honger. Maar zijn fysiologie is daarop afgestemd, want zijn stressrespons past daarbij. Dus als hij honger heeft, dan gaat hij mager worden, gaat hij eten zoeken, et cetera. En als hij ziek is, dan gaat hij zijn gedijst houden en gaat hij weinig energie besteden. Als er dood is.wat in de hele evolutie natuurlijk overvloedig geweest is, dan gaat hij in bepaalde onthechtingsfases in, wat wij ook nog kennen als rouw. Dat zijn allemaal normale stressresponsen die passend zijn bij de stressor. Maar de mens, die heeft vaak tegenwoordig geen concrete stressoren meer. Die heeft abstracte stressoren, zoals een dreigende reorganisatie, die via de e-mail tot je komt en jaren boven je hoofd kan hangen. Of de zeespiegel gaat stijgen tegen het jaar 2050. Ik bedoel, hoe kan je daar een gezonde stressrespons op leveren? Je kan er niet van vluchten, je kan er niet tegen vechten. Dus wat moet je daarmee?Dus wat je ziet is dat bij de mens de acute stressrespons nog net zo functioneel is als die altijd geweest is. Als je opzij moet springen voor een tram die eraan komt, of je moet een voordracht houden, of je moet op tijd zijn voor een afspraak. En zelfs de wat korterdurende chronische stressrespons is nog functioneel. Maar als het te lang duurt, doordat het te abstract is en je eigenlijk niks meer kan, dan is het niet meer functioneel. En dan kan je er zelfs bijwerkingen van hebben, zoals een verhoogde hartslag die je in je keel voelt of een gespannen gevoel in je hoofd. En dan is die stressrespons eigenlijk niet meer dan een bijwerking van een systeem wat verouderd is, zoals je stanskies of je blinde darm.Restjes uit de evolutie die je eigenlijk niet meer nodig hebt, maar waar je ook geen last van hebt totdat ze gaan ontsteken. En zo kan je het chronisch stressresponssysteem in zekere zin ook zien. Interessant. En wat betekent dat voor mensen die daar last van hebben, die zich chronisch gejaagd en gestrest en daar dus ook op lange termijn negatieve gevolgen van ervaren? Die acute stress kan dus overgaan als je er niks aan doet. En als de stressorm maar chronisch genoeg is en abstract genoeg overgaan in chronische stress.En die chronische stress kan overgaan in overspanning. En die overspanning kan overgaan in burn-out. En die burn-out kan overgaan in depressie, lichte depressie. En soms zie je dat er ook een ernstige depressie uit voortkomt. Is dat ook de, want dat was een van de vragen die ik ook gehad vond. Het boek heette Van Big Bang tot Burn-out. Maar eigenlijk als je het leest is het meer van Big Bang tot depressie. En dat burn-out daar dan een stapje voor zit. Is dat ook de relatie tussen die drie, dat je door die fase heen gaat? Dat kan. Je kan ook depressief worden op een heel andere manier. Maar je kan ook op deze manier tot een depressie komen. En wat is precies het verschil tussen burn-out en depressie dan? Nou.Als je een groep burn-out-patiënten goed onderzoekt, psychiatrisch, dan blijkt eigenlijk 50% al een lichte depressie te hebben. Dus er is een overlap tussen die twee. Maar er zijn ook grote verschillen. Je kan bijvoorbeeld depressief worden zonder ooit stressgevoel te hebben. Bijvoorbeeld als je een naaste verliest en daarna ook je baan verliest. Dan ben je dus niet overbelast geweest, maar je hebt gewoon een dubbele verliesperiëring. Waardoor je even helemaal teruggefloten wordt naar. Ja, wat er gebeurt weten we niet. Nee, oké, oké. Maar zo zou je het kunnen noemen. Dus je kan via een hele andere route depressief worden. En daarnaast heb je daarbij ook symptomen die anders zijn dan bij burn-out.Zeker als het een ernstige depressie betreft. Want dan kan je afvallen. Dus dat je zo weinig honger hebt dat je gewichtsverlies hebt, bijvoorbeeld. En zo zijn er nog een aantal kenmerken die anders zijn bij ernstige depressie dan bij burn-out. Het lijkt me lastig om ze uit elkaar te rafelen ook omdat ze samen voorkomen en ook deels dezelfde symptomen hebben. Ik heb het geluk dat ik ze beide heb gehad. Leuk in je boek las ik dat hele van oh nee, het ligt aan mijn genen, dus dat kan ik daar door verklaren, dat mocht ik niet meer doen.Vaders voelen zich al zijn hele leven depressief. En als ik naar die familielijnen kijk, denk ik, nou ja, ik snap misschien wel dat die switch bij mij makkelijk aangaat, om het dan zo maar even te zeggen. Ik heb ook een burn-out gehad. En die twee, die voelen wel. Ik ervaarde ze ook anders. En soms vraag ik me af, moet het burn-out heten? Kunnen we niet een soort van overload noemen? Want dat lijkt wel alsof dat voor mijn gevoel, alsof dat gaande is. Het is gewoon een soort van overload. Alsof je computer even vastloopt. Ik heb geen geheugen, geen schrijfruimte meer. Stop daarmee. Een burn-out klinkt alsof we op zijn. Maar zo voelt het dan niet. Het voelt dan eerder alsof we een soort van.Over de kook zijn gegaan of zo. Overlood hebben ervaren of zo. Ja. Maar misschien zeg jij nee, dat klopt echt helemaal niet. Maar ik ben heel benieuwd naar jouw perspectief daarop. Ja. Nou, ik denk dat je voegt naar het onderscheid tussen burn-out en depressie. Maar het onderscheid tussen overspanning en burn-out is minstens zo belangrijk. Oké, wat is dat? Waar zit dat in? Nou, het wordt door elkaar gebruikt. Ik ben overspannen met burn-out. Ja. Toch? Maar het zijn eigenlijk twee totaal verschillende beelden. Oké. Dus bij overspanning heb je een lijst van symptomen, van acht symptomen, waar je er drie van moet hebben om te voldoen aan dat eerste criterium.En die symptomen vallen in twee groepen uit elkaar eigenlijk. Eén is het gevolg van slecht slapen. Dus dan ben je moe en je kan je minder goed concentreren. Dat is logisch. Dat zijn drie symptomen: slecht slapen, moe en minder concentreren. Er blijven er vijf over. En die vijf symptomen kenmerken zich eigenlijk door een soort onrust. Labiliteit, agitatie. Dus dat heb je dat mensen niet tegen herrie kunnen. Dat mensen een kort lontje hebben, gauw geprikkeld, aangebrand. Dat mensen in huilen kunnen uitbarsten, de emotionele labiliteit. Dat mensen veel pikkeren.Dus dat is een set van ze die gekenmerkt wordt door onrust, stabiliteit, irritatie. Dat is overspannen. Dat is overspannen, ja. Kriterium A. Dan heb je nog criterium B waar je aan moet voldoen. En dat is dat je een gevoel van controleverlies hebt. En een onvermogen om met nieuwe stressoren goed om te gaan. En de reden dat ze dat niet als gewoon symptoom negen hebben gemaakt, maar gewoon als apart criterium waar je aan moet voldoen, is, dat kun je wel bedenken, dat als je dat hebt, dat je steeds verder in een negatieve spiraal raakt. Want als je het heel erg druk hebt, je hebt bijvoorbeeld chronische stress, maar je bent nog niet overspannen. En iemand vraagt nog iets aan je.Dan zeg je wel, nee ho, wacht even. Dit kan ik er echt niet bij hebben. Terwijl als je al in die overspanning zit, ben je daar niet meer toe in staat. En voor het wijd ligt ook dat op je bord. Snap je? Dus dan heb je te weinig energie om nog dingen af te houden. En dan raak je dus nog verder belast. Dus dat is criterium B. En dan heb je nog criterium C. En die zegt dat deze klachten een significante impact op je leven moeten hebben. Je moet er echt minder goed van doorfunctioneren. En D, het moet niet beter te begrijpen zijn als depressie.Want depressie is een ernstig beeld. En je kan geen overspanning diagnosticeren als je ook een depressie hebt. Dus er moet geen... Ja, ja, ja, ja. Er moet geen depressie zijn. Oké, dus. Maar die eerste twee criteria zijn het belangrijkste. Ja. Als je nou... Ja? Nee, ik moet meteen denken aan... Ik sta heel veel voor jong professionals. Ja. En die lopen allemaal met het vraagstuk. Die ervaren overwellem. Ja. Deel ook leeftijdsfase. Deel ook, denk ik, nu de maatschappij. Dat wat je beschreef van... Je zit eigenlijk al vol. Het is heel erg druk. En voordat je het weet komt er nog meer op hun bordje. En zij geven heel veel... Van die groep geeft aan. Dat ze dat ook soort van doen uit een.ambitieuze motivatie van goh ja nee dat zal wel horen als ik carrière wil maken in mijn eerste vijf jaar werken ja tuurlijk wil ik dat en dat ze zich dus allemaal in een soort van naar een overspannen toestand zouden kunnen werken ja dus dus dus dus niet zo gezegd nee dus wat jij beschrijft is de fase daarvoor dat is die van chronische stress ja kom maar kom maar ja ja en en dat is dus voor veel mensen geen probleem die vinden het zelfs leuk ja maar voor een kleiner clubje is dat risico dat je dan naar de volgende fase gaat en dat is dan de overspanning volgens mij niet eens een heel klein groepje ik weet de statistieken maar ik denk dat heel erg datOverweld, dat hoor ik bijna alleen. Ik ga veel trainen bij bedrijven en dat is nummer 1 klacht. Ja, dat is dan de stress. Overweld door stressoren, nieuwe indrukken, fear of missing out ook, het hoge tempo van alles, mondialisering, de social media waardoor alles in het hier en nu altijd maar op je afkomt, ook in het weekend, ook van je werk. Dus dat speelt daarin mee, maar dat is nog geen overspanning. Nou goed van u om het te weten, want dat moet een significante impact op hun functioneren hebben. Ze zitten nog wel bij jou op die cursus, op die training en niet bij jou als huisarts.Nee, snap je dus? Dat is wel een verschil. Je moet niet iedereen overspannen noemen. Nee, oh zeker niet. Maar het is goed om te weten dat het heel goed is dat ze nu bijvoorbeeld trainingen volgen of boeken gaan lezen, omdat ze ook wel door hebben van: Goh, weet je, dit moet ik niet op lange termijn doen, dat is niet goed voor me. Absoluut. En wat is depressie? Weet de psychiatrie, de wetenschap, wat het precies is? Ja, er zit nog één stapje tussen, dat is die burn-out. Dus het is misschien goed om die eerst even onder de loep te nemen. Want die is dus echt anders dan die overspanning. Burn-out is criterium A, je moet overspannen zijn.Dus dat zit er sowieso in. Alles wat we hiervoor gezegd hebben, moet je hebben of hebben gehad. En B, heel belangrijk, moet zes maanden aan de gang zijn. Dus als je vijf maanden overspannen bent, dan heb je geen burn-out. Volgens de huisartsdefinitie. En die is goed om aan te houden, want anders dan heeft iedereen zijn eigen. Nee, natuurlijk niet. Huisartsen en bedrijfszonscholieren houden dit nu aan. En criterium C, ook een belangrijke, is dat het zo is dat je vermoeidheid, lichamelijke vermoeidheid en uitputting op de voorgrond staan.En de reden dat dat niet zomaar symptoom 10 is uit het rijtje van overspanning, is dat het aangeeft dat je lichaam meegaat. Dus dat je psychische spanning zich vertaald heeft in je lichaam. Wat je vroeger somatiseren noemde. Er zit een aspect van somatiseren in. Zoals je ook spierspanning, hoofdpijn hebt of rugpijn of buikpijn als presentatie van een psychische probleem. En dat betekent weer dat het zo hardnekkig is, de burn-out. Maar het betekent ook dat het vooral gekenmerkt wordt door die outputing. En dat is een heel ander beeld dan die labile agitatie van de overspanning.Dus zo kun je die twee heel goed uit elkaar houden. En het is eigenlijk heel gek dat het door elkaar gebruikt wordt. Juist, nu weten we het. Nu kunnen we het ook niet meer fout doen. Ja. Nou, en depressie is dan eigenlijk een situatie waarbij dus ook een aantal andere symptomen erbij komen kijken. Zoals dat afvallen. Zit daar ook nog een verschil in het soort gedachten die mensen hebben? In de drie verschillen? Dus bijvoorbeeld meer depressieve gedachten bij de een dan bij de ander bijvoorbeeld? Ja, dus de inhoud van de gedachten is vaak wel anders. In de zin van dat een depressief iemand.Soms ook geneigd is om de schuld bij zichzelf te zoeken. Ik ben een waardeloos figuur, laag zelfgevoel, ik ben de schuld van alle mislukkingen. Terwijl bij iemand die burn-out is, die kan ook zeggen: van nou, als ik een betere baas had gehad, die redelijker mij belastte, dan had ik hier nooit gezeten. Dus de burn-out en de overspanning, die zijn toch ook wel iets meer vaak door heel concreet overbelasting ontstaan. Terwijl depressie door allerlei factoren kan ontstaan. Maar daarnaast heb je dus ook.Andere inhoud van gedachten daarbij. Ja, ja, ja. En wat moeten we hiermee? Los van dat zo'n big history-perspectief op stress een soort van, in mijn gevoel, een soort van verlichting geeft van, oh, het zit niet in mij. Het is evolutie. Het zit ook in jou. Nee, maar het is niet door mij veroorzaakt. Het is niet door jou veroorzaakt, precies. En het is ook niet een probleem van jou als individu, maar een probleem van ons als soort. Dus iedereen zit hier bij tijd en wijl mee met die stressgerelateerde klachten. Alleen onderkent niet iedereen het altijd even goed.Doet ook op social media, Facebook, et cetera, alsof het niet bestaat. Alsof je alleen maar gelukkig en succesvol bent. Het is al een paar. Social media is nu een paar keer gevallen. Ja. Wat is jouw visie daarop? Hoe draagt dit bij in dit hele speelveld of juist niet? Eén ding is belangrijk om te beseffen, denk ik, dat jongeren er meer last van hebben dan ouderen. Omdat zij vaak de eerste generatie zijn die met een nieuw medium te maken hebben. Dus toen mijn kinderen opgroeiden met Facebook, had ik er geen ervaring mee. Dus ik kon ze daar moeilijk in coachen. En dat zie je vaak bij nieuwe generaties.Verder is het zo dat het gros van ons er prima tegen kan en er veel plezier van heeft. Maar als je stressgevoelig bent, dan zou het kunnen dat die overload of overweldiging van informatie en emotioneel gedragen informatie en een soort achtergrondbelasting veroorzaakt. Dus het is niet de echte stress, hoor, zoals de dood van iemand of een reorganisatie. Maar meer een achtergrondbelasting wat we ook wel daily hassel noemen. Dus vergelijkbaar met een onveilige buurt of luidruchtige buren. Iets wat elke dag een beetje druk geeft. Druk geeft, precies. Ja, draag, last geeft. En zeker als.Ja, als je beseft dat alle ellende uit de hele wereld ongecensureerd en real-time in je rugzak komt, is dat voor sommige mensen die daar gevoelig voor zijn, belastend? Daar kan ik me alles bij voorstellen. Maar bewezen is dit niet. Het is maar een hypothese. Dat is dan weer het. Nou, niet het hiëat of het mankement, maar gewoon waarom ik zo heel erg benieuwd ben wat de wetenschap over vijf of tien jaar doet. Nu we dit soort generaties kunnen volgen en nu die ook op psychiatrische. consulten komen vaker of bij huisarts vaker komen of in andere tracten verzout raken. Want volgens mij moet er nog een hele hoop data geanalyseerd worden of gemijnd worden.Zijn er al op dit moment al onderzoeken of hypotheses die nu getest worden? Als je kijkt vanuit het oogpunt van de psychiatrie, van goh, weet je wel, welk speelveld zitten we nu? En wat moeten we daarmee? Er wordt wel heel veel onderzoek gedaan vanuit de psychologie naar het effect van gaming bijvoorbeeld en social media. En wat daaruit komt is wisselend. Dus je kan er nog niet echt chocola van maken. Maar jouw mening, of dan zeg ik weer jouw, sorry. Jouw mening? Nou, ik heb de mening dat ik ook niet alles hoef te bewijzen. Want het is ook een beetje de vraag wie de bewijslast heeft.Ik vergelijk het altijd met de opwarming van de aarde. Daar begonnen 30 jaar geleden of langer mensen over te praten en die werden weggehoond. En 10 jaar later werden ze niet meer weggehoond, maar werd ze wel verteld van bewijs het maar eens. En dat is eigenlijk tot een paar jaar geleden niet mogelijk gebleken, omdat het zo moeilijk is om ijskappen te meten of weet ik veel, daar heb ik geen verstand van. Maar op een gegeven moment zag je toch dat 90% van de wetenschappelijke wereld die hypothese aanhing. En eigenlijk langzaam die bewijslast omklapte naar de mensen die beweren dat er geen opwarming van de aarde is. Zonder dat er echt.Keihard bewijs is. Er zijn wel statistieken en associaties en warme zomers en bla bla bla, maar het is heel moeilijk om echt die klimaatverandering, dat het klimaat aan het veranderen is, om dat te bewijzen. Ja, je zegt het zo'nzelfde zal nu misschien ook zijn met dit soort thema's. Ja, dus wat je noemt de face validity, dus het boerenverstand, zeg maar, naar kijken, zegt je dat er veel meer op ons afkomt dan 100 jaar geleden. Het tempo ligt veel hoger met alles. Kijk maar naar wanneer je voor het laatst een film uit de jaren 50 helemaal hebt kunnen uitkijken.Dat is gewoon niet te doen, zo traag als dat gaat. Ik heb luisterd naar een hele oude tekenfilm uit mijn jeugd, waar ik helemaal gek van was, die weer terug zat te kijken. Oh, wat leuk om die weer te zien. Dacht ik, wat praten die mensen eigenlijk? Dat is echt niet normaal. Maar vooral hoe langzaam we het gaan doen. Ja, ja, ja. En het taalgebruik en hoe we met elkaar omgaan. Ja, allemaal heel rustig. Ja, en nogmaals, voor het gros van ons is dat nog geen probleem. Maar voor mensen die stressgevoelig zijn, zou het maar zo kunnen dat dat een extra achtergrondbelasting geeft. Maar bewijzen kan ik het niet, maar bewijzen hoef ik het misschien ook niet. Want het is zo, ja, obvious bijna. En natuurlijk, de grote hamvraag, hoe kunnen we zorgen dat wij degenen die daar hinder van ondervinden, dat wij wat meer weerbaar.Worden daartegen? Ja, dus je kan een paar dingen doen. Eén is denk ik belangrijk om je te beseffen waar jij zit op die normaalverdeling van stressgevoeligheid. Zit je helemaal aan de kant van de deurvals en kan je alles aan? Prima. Zit je ergens in het midden ook prima. Maar zit je aan die andere kant, aan die rechterkant, en ben je stressgevoelig? Bijvoorbeeld omdat je al een keer zo'n aandoening hebt gehad. Of dat je het in de familie hebt gehad. Of dat je merkt dat je bij het minste of geringste van de leg bent. Dan kan je daar ook maar beter een beetje naar leven. Het is geen ziekte.Het is nog steeds onder de normale verdeling als je hem aan de rechterkant, maar het is altijd voor de groep als geheel functioneel geweest. Dus het is niet een ziekte van jou als persoon, maar meer een verschijnsel van ons als soort, dat sommigen van ons daar gevoeliger voor zijn. Dus het is geen ziekte, maar je kan er maar wel naar luisteren. Naar je lichaam luisteren ook. Naar die stress signalen, stressrespons signalen. En dat doe je, denk ik, op een paar manieren. Eén is, als je weet dat je aan die gevoelige kant zit, blijf een beetje uit de redrace. Uit de competitie, de harde competitie. Je kan heel goed je ambities kwijt zonder met anderen in de strijd te gaan de hele tijd.Twee is, als je die mismatch dus heel erg voelt van datgene wat er in de moderne tijd op je afkomt en datgene waar we als soort op gebouwd zijn, leef dan maar een beetje naar de soort die we eigenlijk nog zijn, namelijk toch een soort beest, leef als een beest. Dus dat wil zeggen dat je, en nu komen er een paar open deuren, maar die ik toch maar even noem, ga wat vaker naar buiten, want het is in die laatste splitsekund dat we binnen zijn gaan zitten, heel onnatuurlijk. Beweeg wat meer, want daar zijn we ook mee gestopt opeens. Eet wat minder, daar zijn we ook opeens heel veel meer gaan doen, allemaal dik geworden, terwijl beesten helemaal nooit dik zijn.Als in de vrije natuur leven. Als ze aan onze lijn door het park lopen? Precies, in gevangenschap. Maar in de vrije natuur zijn ze nooit te dik. Als ze kijken al luid, dan worden ze gepakt. Ga wat meer om met de mensen waar je echt contact mee hebt. Een van die 100, 150 die je aan kan. Waar je echt iets aan beleeft. Mensen die echt iets aan jou hebben. In plaats van die duizend vage Facebook-vrienden. Slaap als een beest. Dus een beest zorgt altijd dat hij voldoende slaap heeft. Terwijl wij rustig een slaaptekort opbouwen. Wat heel onverstandig is. Omdat je het risico voor tristgerelateerde stoornissen toeneemt. En relax als een beest.Als je hard werkt is prima. Die mensen die op cursus zitten, moet je vooral stimuleren. Lekker doorbeulen. Maar daarna moet je een periode van rust hebben. En als je naar het dierenrijk kijkt, de meeste dieren zijn niet langer dan 4 uur per appmaal actief. 20 uur liggen ze lekker te lueren. Terwijl wij van s'morgens vroeg tot s'avonds laat aan het rondrennen zijn. Dat ligt een beetje aan het type soort dat we zijn. Maar het is toch belangrijk om te beseffen dat als je echt wil leven als een beest, die je echt bent, die je al honderden miljoenen jaren bent eigenlijk van binnen, dat je daar een beetje naar luistert. En als dat niet helpt, dat zijn open deuren, maar.Tegelijkertijd denken we dat door de manier waarop we het uitleggen, dat mensen het beter begrijpen en daardoor ook beter kunnen volhouden. Want het is niet zo moeilijk om een advies op te volgen: ga vaker naar buiten. Maar het is moeilijk om het volgende week nog steeds te doen. Laat staan een jaar later, hetzelfde geldt voor eten en bewegen. Ja, want dan komt het iets van gedragsverandering. En dan moet je echt van diep van binnen begrijpen waarom het is. En daarom is dat evolutionaire perspectief zo leuk. Dan snap je echt waarom het is. Dus dit zijn een aantal adviezen. En daarnaast heb je nog een heel protocol vanuit de huisartsen, wat je kan volgen om met een activerend beleid in verschillende fases iemand weer uit zijn.Over spanning of burn-out te helpen. En als dat niet helpt, dan is er nog psychotherapie en et cetera. Ja, er is natuurlijk een hele leger aan coaches die zich daar ook in specialiseren om mensen daaruit te helpen. Coaching is een goede tussenweg tussen psychotherapie en huishouding. Ik weet niet of het concept wel eens heeft gehoord, Forest Bathing. Ik weet even het Japanse woord niet meer. Het doe ik daarna elke dag, al best een paar maanden nu. Dus kijk naar mijn eigen mentale gezondheid en mijn eigen zwakheden. Want je noemde het een paar dingen, denk ik. Goh, eigenlijk is zo'n wandeling door het bos.Bijna alles tik ik al aan, want ik neem je telefoon niet mee. Dus ik ben ook even, want dat hoor ik niet, want dat is misschien dat unpluggen even. Dus niet bereikbaar zijn en niet doelgericht iets aan het doen zijn. Maar ontspannen als een beest. Dan heb je toch iets van vier vliegen in één klap. Ik ben buiten, ik ben in het bos, want dat is ook dan weer weer heedend wordt gedacht. Ik wandel, ik mediteer. In ieder geval, ik gun die tijd voor mezelf om mijn hoofd even leeg te maken, of om mijn ademhaling te letten. Ik denk, waarom, hoe lang duurt het nog voordat dit misschien ook wel? Want ik heb psychologische studies, ik heb er nog niet zo veel over gehoord.Dat het meer gemeengoed wordt, ook dit soort adviezen en dit soort luisteren of deze inzichten, als het gaat over stress en de informatieoverload en de vele uitdagingen die we hebben en de gevaren die daarbij horen. Als je wel kijkt, oké, het is niet helemaal in sink. Duurt het dan echt zo lang voordat de wetenschap daar dat ingehaald hebben en dat dat dan vervolgens ook weer in de kleisjes zalen terug wordt gegeven aan de nieuwe lichting? Dat is eigenlijk precies mijn punt van waarom ik het niet altijd nodig vind om iets wetenschappelijk te bewijzen voordat je het naar buiten mag brengen. Want eigenlijk is dat geen eerlijke race. Omdat de krachten die daar tegenover staan veel sneller handelen.Denk aan de suikerindustrie en de fastfoodindustrie, die ons allerlei ongezond eten en veel calorieën opdringen. Denk aan de social mediabedrijven uit Silicon Valley en China, die in gevecht zijn om onze aandacht, om advertenties te sleiten en daardoor verslavende elementen inbrengen in de games en de apps. Door de rode bolletjes, waardoor je per se wil openen wat zit erin, misschien is het wel een beloning. Dus dat maakt dat er industrieën en veel grotere krachten zijn die ons de verkeerde kant op van het padje afproberen te duwen. Dan dat wij met onze goede bedoelingen vanuit de wetenschap.Misschien wel tien jaar bezig zijn voordat we een klein snippertje bewezen hebben. En dan nog eens inderdaad naar de college banken krijgen. Dus dat is geen eerlijke strijd. Dus je moet gewoon je gezond verstand gebruiken. En zeggen van bepaalde dingen zijn gewoon niet helemaal een goede match meer. Ze zijn gewoon een mismesje. Daar moeten we iets aan doen. Voor preventie van wat wij noemen moderne tijds ziektes. Dus de stressgerelateerde stoornissen, overspanning, burn-out, depressie. Maar ook overgewicht en daarbij vaste suikerziekte, hart- en vaatziekte. Het zit direct aan overgewicht vast. Verslaving aan allerlei middelen, alcohol, sigaretten, maar ook de drugs.Dus dat met je gezond verstand snap je dat je die mismatch best mag aanpakken. Als je weet dat er ook druk vanuit de industrie bestaat om ons van het padje te drukken. Zonder dat je per se alles bewezen hoeft te hebben. En wat zien jullie in de praktijk waarom dat dan toch voor mensen zo ontzettend moeilijk is? Dus de mensen die op consult komen of die misschien al in behandeling zijn. Want het zijn open deuren. Ik zeg soms ook, mensen die nu nog niet weten dat suiker niet goed voor je is. Men heeft wel onder welke zinnen we de afgelopen tien jaar gezeten. Maar toch, ik doe het zelf ook nog steeds. Wat is dan toch in ons mensen dat het zo verschrikkelijk moeilijk is? Ook al weten we het allemaal. Nou, je zegt het goed. Wat is het in ons mensen?In ons mens zit ingebakken de biologie van 100 miljoen jaar evolutie. Dus kijk naar die beloning van dat appje, dat rode bolletje wat je wilt openen, omdat er een uitnodiging in kan zitten of een complimentje of iets wat je per se niet wilt missen. Daar komt die vier of minder uit weer vandaan. Waarom is dat zo verslavend? Omdat als je die beloning krijgt, dan kort door de bocht en simpel gezegd, krijg je dan een shotje dopamine in je hersenen. Wat jou een gevoel van bevrediging geeft en wat voortkomt uit die oude evolutionaire taak van dat shotje dopamine. Wat je krijgt als je voedsel gescoord hebt of seks gehad hebt. Want dat is goed voor de voorbestaan of de voortplanting.Dat het systeem dat zit nog diep ingebakken in de mens. En daar worden we nog steeds diep van binnen door gedreven. Dus daarom is het zo moeilijk om te veranderen. Want we kunnen het rationeel wel bedenken. Maar zolang we dat van binnen anders voelen, is het heel moeilijk te beteugelen. Maar niet onmogelijk. En de oplossing is denk ik dat je het niet alleen doet. Maar dat je ook ten diepste begrijpt waarom je het doet, die verandering. En dat je accepteert dat het nooit vanzelf zal gaan. Dat je het altijd moet blijven trainen, moet blijven jezelf bij de les moeten blijven houden, moet blijven oefenen. En dat hoor je ook van mensen die heel ervaren zijn in mediteren.Die hebben niet echt het gevoel dat ze klaar zijn daarmee. Die zijn altijd maar verder aan het oefenen en het trainen. En ja, dat is gewoon de prijs die je betaalt. Maar het is wel nodig. Ja, ik interviewde een gelukkigheidsdocent en die zei ook: de reden waarom dit thema mij zo ontzettend grijpt, is omdat ik, die zat misschien in de angstige hoek, ik heb dit elke dag voor mezelf als reminder nodig. Want het gaat tegen mijn bedrading, bij wijze van spreken in. Dat heb ik met de podcast over persoonlijke ontwikkeling en groei en leiderschap. En vooral heel erg mindset en bewustzijn. Dat is ook een soort van continue reminder in mijn eigen proces. En dus ook met mensen die luisteren.En dat mensen zeggen, ja, als je net bent, ben je er nou niet klaar mee? Heb je niet genoeg gesprekken gevoerd, genoeg boeken gelezen en podcasts gehoord? Nee, dat blijft. Mediteer je bijvoorbeeld zelf ook? Of wat voor dingen? Hoe val jij in dat spectrum? Ja, ik doe het met de natuur. Met de natuur, ja. Ja, en met wielrennen. En alles waar je in een cadans kan komen. Met lopen of met fietsen. Dus dat is voor mij de manier om het te doen. Dat merk ik zelf ook in het lopen. In de cadans van het lopen. Alsof het dan een soort van weg kan hebben en niet hier in je hoofd rondjes blijft zitten, geloof ik of zo. Op het moment dat je de tijd vergeet.En dat je denkt van hé, ik ben er al. Ja. Dan ben je goed bezig. Oké. Dat is perfect. Wat ik nog wilde vragen. Ik ben er een beetje gek. Oh ja, minimalisme. Dat is best wel een trend. Minimalisme, maar ook simpeler gaan leven. Nou, bijna een open deur, maar volgens mij onderschrijf je dat ook. Zou dat voor ons als geheel of specifiek voor die groep die daar gevoelig voor is?Of zouden we allemaal als mensen gewoon wat simpeler, wat eenvoudiger, wat rustiger, af en toe disconnected zijn? Of zegt nee, wij zijn zo capabel om ons aan te passen dat het echt niet voor iedereen hoeft? Dus je zegt eigenlijk twee dingen: dat het niet voor iedereen hoeft. Nee, dat is natuurlijk zo. We zijn verschillend in onze stressgevoeligheid. Dus we moeten ook verschillende dingen daarin doen. Maar je zegt tegelijkertijd vraag je ook van, moeten wij als soort niet wat minimalistischer zijn? Ja, wel jagen nu natuurlijk complexe, complexe, complexe, grote, mooie, beter. Wat volgens mij ook geweldig is, want dat brengt allemaal hele fantastische innovaties.Ja, dan moet ik weer denken aan het feit dat we het hoekje over zijn. Op het grotere schaal. Dus van, oh, moeten we dan ook niet een beetje downscalen in onze ambities? Maar wie ben ik dan als. Precies, de vraag die daar aan vooraf gaat is: heb je die keuze als soort? Ik denk het niet. Nee, als mens natuurlijk. Ja, als mens denderen we voort. Omdat we gewoon nieuwsgierig van natuur zijn. We willen altijd weten wat er om het hoekje zit. Omdat je dan weer een dopamine shirtje krijgt. Je hebt een gevoel van tevredenheid, een gevoel van zingeving in het leven. En mensen willen altijd exploreren en uitzoeken hoe dingen zitten. En dat uitzag in innovatie en wetenschap. Mag ik nog iets vragen over de.Gedachten en het omgaan met gedachten als je in een depressief durf je dan bij niet zeggen, maar als je je down voelt en je merkt dat je negatieve gedachten hebt. Wat ik zelf heb echt wel geleerd om uit te zoomen, even te wachten en te beseffen: van hé, mijn hoofd bedenkt nu dit. Maar ik kan ook prima een heel ander scenario bedenken. En ze kunnen altijd waar zijn, want ik weet het niet, ze zijn allemaal maar scenario's. Dus ik kies ervoor om in dat andere te geloven. Maar goed, dat is mijn ezelsbruggetje, omdat ik in de angstige, depressieve hoek viel. Maar.Zijn er misschien nog andere manieren om als je opgeslokt wordt in zo'n negatieve bui met angstgedachten of pikkeren of je zorgen maken, wat je kan doen om jezelf daaruit te trekken? Er zijn in de psychotherapie natuurlijk verschillende technieken, met name in de cognitieve gedachtstherapie, die heel praktisch zijn. Denk aan de gedachtenstop. Die ken ik niet. Dus de oefening van de gedachtenstop gaat als volgt. Je neemt een angstige pickergedachte die je vaak hebt, die moet je even naar voren halen.Oké, ja? Dan ga je vervolgens. Hoe dan? Gadvertaler. Ja. Dan ga je vervolgens die gedachte, gedurende een bepaalde tijd, ik zeg nu maar even een halve minuut, maar je kan het ook voor drie minuten doen, heel erg duidelijk doorpikken. Dus niet zomaar een beetje pikken, maar echt volop pikken. Oké. En dan ga je hem echt hebben, die gedachte ging dan zo, en dan gaat het zo, en dan gaat het zo, en dan gaat het zo. En dan ga je dat doen. En dan de volgende stap, als je dat een paar minuten gedaan hebt, is de volgende stap dat je.Jezelf voorneemt, of dat je een alternatieve gedachte klaarlegt, die leuk is. Bijvoorbeeld een strand waar je deze zomer was, met dat barretje en die cocktail en die leuke vrienden, en zoals je daar lag. En dan pak je die pieken gedachten weer op, die zet je weer in, maar je spreekt met jezelf af dat je op een gegeven moment tegen jezelf zegt: stop. En dan pak je die leuke gedachten en stop je daarvoor in de plaats. En dan dwing je jezelf om aan dat strand te denken. En als je dat vaak oefent, dan leer je dus om controle te krijgen over.Waarover je denkt. Want dat hebben wij natuurlijk als voordeel boven alle beesten voor ons in de evolutie. We hebben die enorme hersenschors, waarmee we zelf kunnen bepalen waar we aan denken. We hebben ook een bewustzijn die zich uitstrekt buiten het hier en nu. Beesten kunnen alleen in het hier en nu denken, maar wij kunnen denken aan zoals het was op die vakantie. Of je verheugen op iets in de toekomst. En dat is ons voordeel. Dus wij, en dat besef je niet zo, maar je kan denken waar je wil. Dat kan jij bepalen. Alleen vraagt het weer, net als meditatie, veel oefening. Mindfulness is eigenlijk iets wat hieraan gelinkt is. Maar dan heeft het iets andere invalshoek, namelijk dat je.Bepaalde gedachten op een andere manier gaat, vanuit een ander perspectief gaat bekijken. Dus een nare gedachte is niet iets wat jou helemaal bevolkt en beheerst, maar kan ook iets zijn wat je voorbij ziet drijven. En dus op die manier zijn er vanuit kognitieve gedrachtstherapie allerlei oefeningen, en ik ben daar zelf geen expert in, maar die je kan toepassen en die je kan oefenen met een psychotherapeut. Maar je kan ook, wat ik net noemde, in die activerende benadering van de huisarts of de bedrijfsarts, of van een coachende benadering, leren.om te gaan met het type stressoren wat op je afkomt. Hoe begint je dat? Hoe kanaliser je dat? En je kan met een, zoals het verhaal van het onze, als het onze, kan je de symptomen uit je lichaam beter begrijpen en daardoor ze minder alarmerend vinden. Je kan dan denken van God, die stressrespons van dat kloppende hart, dat had die vis een half miljard jaar geleden ook al. Dat is gewoon een oude, verouderde visrespons waar ik niks meer aan heb. Want mijn problemen zijn veel te abstract daarvoor. Dus neem het met de korreltjes uit. Ook van loslaten, misschien. Ja, mooi. En als je echt iets hebt, dan moet je naar een psychiater.Op welk moment is het zo erg dat je inderdaad naar een psychiater moet? Wat zijn echt red flags voor mensen die misschien niet luisteren? Van oké, dan is het erg tijd om professionele hulp in te schakelen. Nou, eigenlijk is het moeilijk te zeggen als je er zelf in zit. Eigenlijk is dat aan de huisarts die bepaalt wat dat moment is. En dus als de klachten met name met psychotherapie niet voldoende verholpen kunnen worden, kan het aangewezen zijn dat iemand ook medicatie krijgt. En dan komt een psychiater al gauw om de hoek kijken. Wat is het volgende grote project? Of wat is het volgende grote thema?wat bij jou op de plank ligt, wat je graag wil gaan onderzoeken. We doen nu al onderzoek in samenwerking met veel andere mensen naar hoe je stress bij studenten het beste kan benaderen. Oh, super interessant. Dus daar is een andere afdeling hier in huis de trekker van. Dus we lopen een heleboel projecten eigenlijk. We kijken ook naar bijvoorbeeld stresshormoon cortisol in het haar van zwangere moeders die dan kinderen krijgen, in hoeverre die stress ook.In het haar van het kind te meten zijn en te meten is, objectiveren is, in hoeverre dat doorgegeven wordt aan via het ongeboren kind. Oh, of die theorie, want die is natuurlijk al wat langer, dat dat overdraagbaar is, of dat dat ook echt feitelijk is. Dus daar is dan een van de psychiaters hier in huis, Mick van den Berg, mee bezig. En zo zijn er allerlei onderzoeken die lopen. Maar wel nog steeds gewoon een thema stress. Misschien. Waar komt die fascinatie vandaan? Nou, ik ben tijdens mijn studie geneeskunde al daar ingerold met mijn promotieonderzoek bij Dick Zwaap. En daar kwam eigenlijk naar voren dat stress een heel leuk.sleutelconcept is om psychologie, biologie en sociale eisen samen te brengen. Anthropologie zelfs. Anthropologie. Dus daar komt eigenlijk in het fenomeen stress alles samen. Siri wil zich ermee bemoeien. Dus dat is leuk, omdat ik zelf in de biologische psychiatrie me aan het specialiseren was, dus daar waar psychische klachten zich lichamelijk vertalen in de hersenen, is dat stressconcept een soort scharnierconcept waardoor al die dingen samenkomen.Daardoor is het altijd bij me gebleven. Zelf ook in een situatie van als een burn-out. Want ja, goed, ik ben zelf ook een PhD-traject in geweest. Ik weet hoe overweldigend dat kan zijn. Ja, nou het is grappig dat je het PhD-traject noemt. Want ik had op het eind, toen ik voor de deadline voor de drukker zat, had ik zo'n nacht doorgewerkt. En toen zag ik opeens dingen wegschieten in mijn ooghoek. En kreeg ik een soort muiskramp arm omdat ik de hele tijd dingen zat te krijgen. En toen dacht ik van, oh ja, zo voelt het. Dus als je te ver gaat, nu moet ik echt even stoppen. En toen was het gelukkig gewoon klaar. Ja, ja, ja.Ja, ik kan me wel voorstellen dat het ook voor veel mensen is, het is ook een motivatie om daar iets mee te gaan doen, omdat ze zelf weten hoe dat voelde. Ja, nee, zoals bij mij niet. Andersom. Ik kreeg eerst de klachten van het onderwerp. Oh, dat is ook wel grappig. Maar er komt niet een nieuw boek aan over een... Oh, komt er een vervolg? Want we hebben natuurlijk dat Leef als een Beest. Die kende ik heel eerlijk, moet ik eerlijk bekennen dat ik die niet heb gelezen. Ik zal het je zo meegeven. Oh, nou wat fijn. Misschien wel leuk om hem aan een van de luisteraars ook te verloten. Ja, prima. Tof. Zijn er nog onderwerpen voor je? Oh, dat moeten we echt even bespreken. We hebben dit boekje ook samen met Wilmer de Rick gemaakt. Oh, ja.Ik vond het las echt ontzettend prettig. Dat is echt helemaal haar verdiensten. Er is nog een onderwerp waar ik zeg: dat moeten we echt even bespreken. Of dat is nu echt zo belangrijk. Ik wil echt dat veel mensen daar dat nog meegeven. Nou, volgens mij hebben we wel heel veel besproken. Oké, dan wil ik je bedanken voor je tijd. Jij bedankt voor het komen. En heel veel succes met het onderzoek. Dankjewel."
ouder-worden-2040.mp3,interviews,NVIDIA Canary 1B v2,36.6,25.427469135802458,84,32.135802469135804,12146.3125,12145.355709876543,19.863951533723693,"Welkom Jan, goed dat je hier bent. Je hebt heel veel functies. Je bent lid van de kwaliteitsraad, je bent algemeen coördinator van Nederland Zorgt voor elkaar en ook nog voorzitter van Austerlitz. Dat heeft ook allemaal met elkaar te maken, toch? Ja, dat klopt. Ik begon met mijn vrijwilligersbaantje bij mijn eigen zorgcoöperatie in het dorp Austerlitz waar ik woon. Dat bestaat al een jaar of tien, ik ben sinds een jaar of drie voorzitter ervan. Vanuit Austerlitz zijn we de beweging, het netwerk Nederland Zorgt voor elkaar begonnen, het landelijk netwerk voor al dit soort initiatieven.En zo ben ik in die functie van algemeen coördinator geworld. En van daaruit ook weer in de kwaliteitsraad terechtgekomen. Nou, heel veel verschillende functies. En nu heb je ook nog besloten om je te gaan verbinden aan het programma Ouder worden 2040. Wat spreekt jou daar zo in aan? Nou, ik moest in eerste instantie wel even nadenken toen ze me vroegen van goh wil je meepraten over dat programma. Want er zijn natuurlijk al behoorlijk wat, ik noem het maar even praatclubjes of denktanks in de zorg en eromheen. Maar ik vond dit wel een interessant initiatief, omdat het echt heel breed gaat. Dus het kijkt niet alleen maar naar het zorgaspect, maar alle aspecten van het leven van de verrijzende samenleving komen daarin aan de orde.Dus de thematiek sprak me in die zin aan, omdat ik denk dat alles echt ook met elkaar verbonden is. Je kan niet alleen maar het zorgaspect eruit halen, want dan vind je niet de oplossingen die je nodig hebt. En het tweede aspect wat ik aantrekkelijk vond, is dat ook in de deelnemers, degenen die erover gaan meedenken, of nu op dit moment dus in die verschillende gremia zitten, is gekozen voor een heel breed palet aan mensen vanuit allerlei hoeken van de samenleving. En ik denk dat dat ook sterker maakt. Dus niet alleen zorgbobo's die met elkaar praten, maar ook echt mensen uit de samenleving, bedrijfsleven, actieve burgers zijn er allemaal bij betrokken. Ja, nou ja, actieve burgers, daar hebben we meteen ook het onderwerp waar jij in gespecialiseerd bent, zullen we maar zeggen.We staan voor nogal een opgave met het ouder worden 2040. Wat is het belang van burgerparticipatie in die komende 20 jaar bij die ouder wordende samenleving? Ja, ik denk dat we niet zonder kunnen. Ik denk dat als we de zorg blijven organiseren zoals we dat nu eigenlijk de laatste 50 jaar gedaan hebben, waarbij we dus de.Alle aspecten van het zorgen en het ondersteunen van mensen eigenlijk uitbesteed hebben aan professionals, aan organisaties, welzijnsorganisaties, zorgorganisaties, woningbouwverenigingen. Alle partijen bestaan uit professionals die allemaal hele nuttige dingen doen natuurlijk. Maar er is natuurlijk al door allerlei mensen die er verstand van hebben berekend dat dat allemaal op termijn niet meer houdbaar is, omdat de druk op dit soort organisaties steeds groter gaat worden door de vergrijzing, door de toenemende hulpvraag. Dus we zullen echt moeten nadenken over alternatieven. Hoe kunnen wij een deel van die formele zorg en hulp over kunnen dragen naar het informele circuit?Ja, in feite gebeurt dat denk ik al wel op behoorlijke schaal. We zien nu dat het aantal initiatieven wat op lokaal niveau binnen hun eigen dorp of wijk dit soort dingen organiseert, dat neemt enorm toe. We zitten nu al op 1500 ongeveer die we kennen. Een paar jaar geleden waren het er nog maar 500, dus dat gaat echt heel hard. Dus de basis is er om dat te gaan doen. Maar nu moeten we alleen nog de structuren vinden om dat op een goede manier in te bedden. Want nu zijn het eigenlijk twee parallelle trajecten. Je hebt het formele zorgtraject en je hebt wat ik dan even noem de nulde lijnzorg. Dus dat is de georganiseerde zorg door burgers.In sommige plekken gaat dat goed samen, maar op heel veel plekken loopt het eigenlijk nog parallel aan elkaar en we moeten dat eigenlijk met elkaar zien te verbinden. En dat is best wel een opgave, want er zijn natuurlijk allerlei elementen in hoe we de zorg en ondersteuning nu georganiseerd hebben die dat best wel bemoeilijken. De verschotting die we hebben met alle verschillende... En daar hebben niet alleen professionals last van onderling, maar ook in de samenwerking met burgers maakt dat dat best wel ingewikkeld. Dus daar moeten we echt nieuwe modellen voor gaan ontwikkelen. En daar wordt ook wel echt aan gewerkt op dit moment, onder andere vanuit Nederlands Zwart voor elkaar.Maar daar zijn we nog volop in ontwikkeling eigenlijk. Maar die nieuwe modellen zijn wel nodig. Want als we nu kijken, merk je toch heel veel berichten over overbelaste mantelzorgers bijvoorbeeld. De manier waarop we het nu georganiseerd hebben, ook voor die informele zorg, is ook niet houdbaar, denk ik. Nee, dat klopt. Ongeveer een half miljoen en inmiddels misschien zelfs wat meer structureel overbelaste mantelzorgers in Nederland.Ik denk dat dat echt een probleem van de toekomst gaat worden als we daar niet veel meer op gaan inspelen. Dat is iets wat je heel goed lokaal kunt organiseren, zonder dat je het systeem daarbij nodig hebt, om het zo te zeggen. Bijvoorbeeld bij ons in Oost-Switze hebben wij meer dan 100 vrijwilligers op een bevolking van ongeveer 1700. En we hebben een dorpsondersteuner, een professional die wij aansturen. En die houdt echt die mantelzorgers in de gaten bij ons in het dorp. Die worden dus gemonitord, om het zo te zeggen. En zij kan heel makkelijk vrijwilligers inschakelen om respect te bieden of om te ondersteunen. Om even op adem te komen. Om even op adem te komen, maar ook gewoon structurele ondersteuning. Dat is eigenlijk heel makkelijk lokaal te organiseren.Maar ik denk dat we ook moeten kijken naar meer verbindingen tussen informeel en formeel. Dat ook in het hele zorgtraject, als het wat meer professionele kenmerken gaat bevatten, dat we daar ook een betere samenwerking gaan krijgen. Dat is nog wel een aardige opgave waar we voor staan. Ja, want dan is het ook wel van belang om te kijken naar hoe wordt die formele zorg georganiseerd. En dat zal ook moeten veranderen.Ja, ik denk dat we nu eigenlijk wat we gezien hebben in de afgelopen periode is dat we steeds meer schaalvergroting hebben gekregen. Dus dat we veel meer op een regionaal niveau of op gemeentelijk niveau zijn gaan organiseren. De hele WMO is bijvoorbeeld op een gemeentelijk niveau georganiseerd. Die hebben dan wel eens wel weer wijkteams. Maar ook die wijken zijn vaak niet ingedeeld op de manier waarop bewoners zelf naar hun wijk kijken.Auslieds is ingedeeld samen met een wijk in Zijst, waar we eigenlijk helemaal niks mee te maken hebben. In Auslieds hebben we het zo geregeld dat wij een eigen dorpsteam hebben. Dus de WMO is daar afgesplitst van de reguliere WMO. Omdat wij gezegd hebben: wij willen dat ook die ondersteuning via dezelfde patronen loopt als de informele zorg. Dus diezelfde dorpsondersteuner regelt ook de WMO. Dus die regelt het vrijwilligerswerk, maar die regelt ook de formele ondersteuning. En eigenlijk kun je dat ook doorvertalen aan de wijkverpleeging. Die kun je ook veel beter op datzelfde niveau organiseren. Dus we hebben ook een wijkverpleegkundige die heel nauw samenwerkt met die dorpsondersteuner. En eigenlijk als je dat op die kleine schaal van een paar duizend mensen organiseert, dan is het heel simpel.En dan, zolang je maar vanuit het belang van die gemeenschap gaat redeneren en gebruik maakt van de kracht die er in die gemeenschap zit, bij vrijwilligers, zijn er ook heel vaak bestuurders die in zo'n dorp wonen of in zo'n wijk wonen, die daar beste ervaring mee hebben om dat te organiseren, maak daar gebruik van. En maak ook gebruik van de zilveren generatie waar de RVS het over heeft, het enorme potentieel aan jonge pensionado's die nog heel actief kunnen zijn en dat ook graag wel willen.En ik denk dat we daar nog veel te weinig gebruik van maken om die ook in te schakelen bij de zorg en ondersteuning voor de mensen die nog ouder zijn en die echt zorg en ondersteuning nodig hebben. Er zijn nog genoeg zaken om aan te pakken. Maar als dat allemaal op die manier ook aangepakt wordt, hoe ziet jouw ideale zorgzame samenleving er bijvoorbeeld over tien jaar uit? Ja, nou ik hoop dat over tien jaar overal zorgzame gemeenschappen zijn in Nederland. Met een zorgzame gemeenschap bedoel ik een dorp of een wijk waar ze.Als bewoners ook eigenaarschap hebben genomen voor het zorgen voor elkaar. En dat zal in de ene wijk of dorp heel anders uitzien dan in de andere. Dat mag ook. Dat moet je vooral zo inrichten dat het past binnen de gemeenschap. En dan hoop ik dat de formele zorgpartijen en ondersteuningsorganisaties zich daarop gaan aansluiten. Dus dat die niet meer leidend worden, maar dat de lokale processen leidend worden. En dat daar ondersteuning wordt geboden vanuit de gemeente, vanuit woningbouwverenigingen. En als laatste punt, wat ik denk heel belangrijk vind, is dat we ook qua oudere huisvesting op een manier moeten gaan werken. Dat we dat ook helemaal lokaal gaan organiseren. Dus ieder dorp of wijk.Wat mij betreft zou een kleinschalige woonvoorziening voor ouderen moeten hebben. Dat heeft twee grote voordelen. Eén is dat ouderen dan niet ontworteld worden uit hun eigen netwerk. We hebben in Auslicht gemerkt, toen we nog geen zorgwoningen hadden, dat mensen op laatste fase van hun leven.vaak nog moesten verhuizen naar een verpleeghuis in de buurt, in Zeist of in Drieberg of zo. En dat had meestal vrij dramatische gevolgen. Het is maar een paar kilometer verderop? Ja, maar je wordt toch echt ontworteld en je raakt je netwerk kwijt. En er zijn mensen ook echt uit Heimwee overleden. Die kennen wij ook gewoon, die dat gewoon heel kort volgehouden hebben. Dus dat is één. Het tweede voordeel is dat als mensen hun sociale netwerk kunnen blijven houden, is dat die mantelzorgers ook intact blijven. Dat die nog steeds kunnen blijven zorgen. Dus je krijgt veel meer informele steun op het moment dat je mensen in hun eigen woonomgeving kunt opvangen, ook als ze wat zwaardere zorg nodig hebben. Zeker. Er is nog een grote opgave, er moet veel gebeuren. Daar ga jij je ongetwijfeld ook hard voor inzetten, samen met een aantal andere mensen.Hartelijk dank Jan voor uw komst naar de studio. En u weer hartelijk dank voor het kijken naar deze aflevering van het programma Oude Worden 2040. Tot ziens."
verpleegkundige gevangenis.mp3,interviews,NVIDIA Canary 1B v2,37.5,25.456484762579837,85,36.45570517363572,12146.3125,12146.3125,23.12626731323445,"Maar iedereen heeft recht op zorg. Of je nou iemand vermoord hebt of een brood gestolen hebt, ja, je hebt recht op zorg, punt. Als je weet dat je het kan, dan moet je ook volgaan. Echt een duidelijke norm richting de samenleving. Wij horen achter onze politiemensen te staan. Leuk dat je luistert of kijkt naar de politiepodcast Boeiend. En we hebben vandaag weer een interessant onderwerp voor jou in petto. We gaan namelijk niet de politieorganisatie induiken, maar de penitentiaire inrichting. En om daarover te praten zit bij mij aan tafel Karlein, welkom. Dankjewel. Jij werkt niet zomaar in de PI, want jij bent verpleegkundige. Klopt, ja. Ja, justitieel verpleegkundige. Justitieel verpleegkundige. Kan je wat vertellen over wie jij bent en wat je doet?Ja, ik werk inmiddels bijna twaalf jaar in de PI. Ik werk in de PI Rotterdam, locatie de Schree. En als justitieel verpleegkundige. En het leuke is aan mijn baan, ik heb ontzettend veel vrijheid. En we draaien eigen spreekuren. Heel gevarieerd beroep heb ik. Ben je dan een soort van huisarts in de PI? Moet ik dat zo zien? Nou ja, zo zou je het een beetje kunnen zien. Als een soort huisartspraktijk. De medische dienst is een soort huisartspraktijk. En wij zijn eigenlijk de buffer tussen de huisarts en de gedetineerden. Dus in de eerste instantie kunnen mensen een verzoekbriefje invullen op de afdeling. Als er iets aan de hand is, komen ze altijd eerst bij ons.En dan gaan wij inventariseren, is dit iets wat wel naar de huisarts moet? Kunnen wij dit zelf afhandelen? Moet iemand doorverwezen worden naar de visio of naar de optigene? Noem het allemaal maar op. Dus ja, inderdaad. Bijzonder. Hoe ziet dan een werkdag er voor jou uit? Ja, nou als we ochtends binnenkomen na het even opstarten, bak je koffie, dat soort dingen, ga ik meestal eerst eventjes langs de OBS, de observatiecellen, oftewel de isoleercellen, strafcellen, maar net hoe je het wil noemen. Daar zitten mensen die of iets hebben gedaan wat niet mag, of voor hun eigen veiligheid.En die bezoeken wij elke dag in principe om eventueel te horen of het goed met ze gaat, of ze iets nodig hebben en of we iets voor ze kunnen betekenen. Nou, dan gaan we daarna meestal spreekuur draaien, alle verzoekbriefjes die binnen zijn gekomen afhandelen, agendapunten, dat kan zijn blondzorg of bloeddruk nog een keer meten of noem het maar op. En dan heb je vaak inkomsten, die komen dan weer bij jullie vandaan, nieuwe mensen die zijn opgepakt, die moeten de BI in. Daar gaan we een hele intake mee doornemen. Dus binnen 24 uur vragen we hun hele medische voorgeschiedenis uit eigenlijk.Kan je wat vertellen over de PI waarin jij werkt? Locatie de Ski, PI Rotterdam. Wat is dat voor wereld? Hoe ziet het eruit? Nou, heel bijzonder, want het is ontworpen door architect Karel Weber. In 1989 geopend. Het is een cacophonie aan kleuren. Oh, wow. Het is een heel kleurrijk gebouw van binnen. Dus groen, gril, rood, blauw, alles komt voorbij. Daar kan je een hoop van vinden, maar ik vind het zelf eigenlijk wel soort vrolijk of zo. Het is een vrij kleine PI. We hebben voornamelijk enkelcellen, sinds kort een paar dubbelcellen ook. En we hebben verschillende regimes.Dus we hebben huis van bewaring en gevangenis. Voor degenen die niet weten wat het verschil is: huis van bewaring zijn ze nog niet afgestraft. Gevangenis zijn ze wel afgestraft. Dan hebben we een extra zorgvoorziening. Dat is een afdeling voor met name psychisch kwetsbare mensen. Daar is net een iets ander regime. Daar hebben ze een ander dagprogramma. Personeel is daar net even anders opgeleid. En dan hebben we nog een terroristenafdeling. En hoeveel mensen zijn er dan in totaal ongeveer in detentie bij jullie? Rond de 260, 265. Dus dat is vrij klein hoor. En je hebt dan te maken met mensen die daar niet voor niks zijn, maar die ook vaak ontzettend.Op hun kwetsbaarst zijn. Hoe is dat om met mensen om te gaan die in zulke omstandigheden leven? Het grappige is dat je dan op de afdeling ziet dat ze zich soms best als haantjes kunnen gedragen. De grootste afdeling telt 72 man. En ja, dat kan soms best intens zijn als je daar rondloopt. Zo'n wat drukte en een beetje stoer doen. En ja, dan komen ze bij mij in de spreekkamer met bijvoorbeeld hartklopping. Weet je, een jonge vent. Nou, dan doe je hier controles en dan merk je dat er eigenlijk niet zoveel aan de hand is. En dan komt het eruit en dan zitten ze ineens te huilelijk mis mijn moeder. Dus ja, die kwetsbaarheid, dat is wel een behandelrelatie die je een beetje opbouwt. Dat is natuurlijk niet op dag 1 over het algemeen.Maar ja, die kwetsbaarheid, ja, die zien we ook. Ja. En wat maakt dan het werk als verpleegkundige in een PI anders dan bijvoorbeeld een verpleegkundige in het ziekenhuis of op de ambulance bijvoorbeeld? Ja, nou ja, ik heb altijd vanaf, ik ben in 2001 afgestudeerd. Toen had ik eigenlijk al meteen zoiets van, je moet mij niet aan bed zetten. Dat is niet voor mij weggelegd. Ik moet gewoon mensen wassen, dat soort dingen. Dat is niet voor mij. Maar ja, de technische handelingen en gesprekken voeren met mensen, dat vond ik wel altijd leuk. En dat is wat ik in de PI dus wel heb. En daarnaast heb je gewoon heel veel vrijheid. Ik kan zelf mijn dag indelen. Als ik ochtends naar de OBS ben geweest.Dan kan ik bedenken, nou wat wil ik nu doen? Heb ik veel briefjes? Dan ga ik eerst mijn spreker starten. Maar heb ik weinig briefjes? Nou, dan ga ik eens even op de afdeling kijken. Eens even horen hoe het met die meneer gaat met die gebroken arm. En dan ga ik eens even zo hier en daar een praatje maken, mijn oor te luisteren. Dat soort dingen. Dus je kan echt jezelf je eigen dag indelen. Dat vind ik ook heel prettig. En wat voor. Ben jij de enige verpleegkundige van PIDeschi? Of werk je in een team? Hoe moet ik dat voor me zien? Nee, we zijn met een team. Nou ja, er horen er zes te zijn. Die zijn er nu niet. Maar we horen met zes te zijn. En meestal ben je met drie A4 op een dag. Dat is wel een beetje het streven. En werken jullie dan een soort van kantoortijden? Of gaat het 24, 7 en in de weekenden door?Nee, we zijn de medische dienst geopend op werkdagen van half acht tot vijf. En het kan natuurlijk gebeuren dat er vanuit het politiebureau vrijdagmiddag laat nog iemand bij ons daar binnengeschoven wordt. Ja, dan komen we op zaterdagochtend de inteke doen. Maar dat zit in principe. We hebben geen 24 uur zorg. Nee, precies. Dat is overigens in andere PI's wel zo hoor, soms, maar wisselt. Ja, precies. Het valt allemaal onder de dienst justitiële inrichtingen. En er zijn natuurlijk allerlei verschillende functies binnen die hele wereld. Wat voor andere taken zijn er nog meer binnen zo'n PI?Wij werken eigenlijk heel nauw samen met alle disciplines. Met name natuurlijk bijvoorbeeld de PIWR, de penitentiaire inrichtingswerker. Dat zijn de beveiligers op de afdeling. Die zijn de hele dag met die jongens samen. Dat zijn natuurlijk ook voor een deel onze ogen en oren. Dus als wij iemand op spreker krijgen met een bepaald verhaal of hij wil iets, dan in sommige gevallen checken we ook wel even. Of het klopt wat hij zegt? Of andersom werkt het ook zo. De PIWR ziet iets op de afdeling en signaleert ons van misschien moet je even bij die man gaan kijken. Dan heb je natuurlijk de complexbeveiligers.Ja, letterlijk het complex beveiligen. Dus die zitten achter de knoppen, die geven de deuren, die doen ook celinspecties. De afdelingshoofden werken we mee samen. Je hebt case managers, die de belangenbehartiger van de gedetineerden. Er is geestelijke verzorging, dus een pastor, een imaam, een orthodox, Russische, hoe noem je zo iemand? Nou, van alles wat, in ieder geval. Nou, zijn er natuurlijk een hele hoop mensen die in de samenleving roepen: we moeten zwaar bestraffen, die gasten verdienen geen medische zorg, weet ik het allemaal wat, sluit ze langer op. Maar jij werkt in die wereld ook, hoe kijk je daar tegenaan? Ja, ik vind dat best wel lastig. Kijk, het is niet.Ik denk, als je er niet zo over denkt als ik, dan kan je niet in een PI werken. Want de heren die daar zitten, en natuurlijk dames ook ergens. Ja, want jij werkt alleen op mannen. Ja, we hebben alleen mannen. Die zijn al gestraft. Dus het is niet aan mij om daar op eigen houtje nog eens een schepje bovenop te doen. Nee. De rechter heeft ze afgestraft en dat is hun straf. En ik heb mijn werk te doen en dat doe ik met plezier. Maar iedereen heeft recht op zorg. Of je nou iemand vermoord hebt of een brood gestolen hebt, ja, je hebt recht op zorg, punt. En dat is hoe ik er naar kijk. En dat is best wel eens met buitenstaanders lastig, als je het over zware delicten hebt. Ja, de hoogste boom inderdaad. Ja, dat is niet hoe ik er naar kijk. Ja, precies.Nou, zijn er ongetwijfeld mensen die naar deze podcast kijken of luisteren die interesse hebben in het werken bij de DEI of misschien wel in jouw rol? Ja. Aan wat voor competenties moet je voldoen? Wat voor mens moet je zijn om in die wereld te werken? Ja, nou, dat is wel grappig. Ik heb ook in het verleden wel eens in sollicitatiecommissies gezeten, als ik het dan even heb over de verpleegkundigen. En ik kijk zelf altijd meer naar wat voor persoon zit er tegenover me dan wat staat er op iemands cv. Iemand kan net van school afkomen en tegenover mij zitten en dat ik dan denk: Goh, ik zie jou het doen, staat stevig in de schoenen, dat gaat helemaal goed komen.En iemand kan een prachtig cv hebben, dat je denkt, nou, op papier fantastisch, maar die zit bij elke keer als er een pieper afgaat met angst in de ogen om zich heen te kijken. Dus het is wel een beroep waarbij je een beetje stevig in schoenen moet staan en toch je verbouw, je mannetje moet staan. We gaan ook straks een kijkje nemen op jouw werkplek. Ik ben zelf nog nooit in PI de schi geweest. Ik vind het ook ontzettend interessant om straks daar ook een kijkje te nemen. Voordat we het nog meer over jouw werk gaan hebben, willen we wat meer over jou te weten te komen. En dat doen we in het verhoor. Het verhoor. Wat is het leukste aspect van jouw werk?Goh, ik denk de diversiteit in de doelgroep. Ja. Als jij niet als verpleegkundige zou werken, wat voor werk zou je dan doen? Dat is een leuke. Ja, ik ben wel een regelneef. Dus ik denk dat ik dan ooit in de buurt lang geleden in de evenementenorganisatie gewerkt. Ik denk dat ik die hoek zou zoeken. Feest te organiseren? Ja, weet ik niet. Dat vind ik dan weer lastig. Ik vind het wel leuk als er toch ook een maatschappelijk belang bij betrokken is. Dus ja, zoiets in die hoek, denk ik wel. Heb jij ook een muzieknummer wat het beste past bij het werk wat je doet? Och, jeetje.Nou ja, ik ben eigenlijk best wel fan van Johnny Cash. Oké. Ja, dat is natuurlijk bij uitstek degene die altijd in de gevangenissen ging optreden. Dus ja, als je het hebt over Johnny Cash, je kan een heel overen natuurlijk op tafel gooien. Maar ja, Johnny Cash zou dan de artiest zijn die erbij. Ja, ik heb ook staan welke film iedereen moet gezien hebben. Maar is dat dan ook Walk the Line? Die gaat over Johnny Cash, toch? Ja, nou ja, nee, dat is niet. Nee. Ik moet meteen denken aan The Green Mile. Het is natuurlijk echt een prachtig film. Echt, ik heb hem al zo vaak gezien en elke keer weer tranen met tuiten. Maar de manier waarop Tom Hanks kijkt.Naar die grote kerel. Hele beangstigende kerel. Hele beangstigende kerel. En toch ziet hij de menselijke kant van die man. En dat is ook een beetje hoe ik naar mijn werk kijk. En ja, ik denk dat die dan wel bovenaan mijn lijstje staat. Wat is de grootste misvatting over het werken in een PI? Dat ze allemaal in oranje pakken lopen. Denk ik. Ja, dat is serieus. Ja, die vraag heb ik al zo vaak gehad. Dat mensen echt denken: Lopen ze in eigen kleren dan? Ja, het soort oranje is de nieuwe black-achtige beeldvorming. Ik weet het niet. Hé, wat doe jij als jij niet aan het werk bent? Heb je ook hobby's? Dingen die je.In de vrije tijd doet. Ja, dan probeer ik toch wel. Kijk, het is best wel een pittige baan. Je maakt soms echt heftige dingen mee. Dus ja, mijn ontspanning vind ik in yoga bijvoorbeeld. Ja, daar word ik heel blij van. Fysiek en mentaal zakken, hè? Ja, zeker. Wat is voor jou het fijnste moment van je dag? Ik denk, wat ik net ook zei, als er de tijd voor is, dat ik even naar de afdeling kan lopen en daar gewoon even aan kan schuiven bij, stel gasten die een potje aan het schakelen zijn of dat je gewoon even een praatje maakt met. Verdachte feitjes.Dit verdachte feitje gaat over muziek. En niet zomaar muziek, maar muziek gemaakt door de politie. Nou, wat houdt dat in? We hebben namelijk één Nationaal Politieorkest en maar liefst dertien ensembles, koren en orkesten verspreid over heel Nederland. Zij ondersteunen bij een interne ceremonie een herdenking of een evenement. Het verschil tussen het Nationaal Politieorkest en de dertien andere orkesten ensembles is dat in het Nationaal Politieorkest alleen politiecollega's in actieve dienst spelen. En in die andere dertien, daar spelen ook burgers. Dus zij worden gescreend en worden dan aangenomen als politievrijwilliger.Ik hoop dat je weer wat wijzer bent geworden over de wonderwereld van de politie. Ik zie je graag weer bij het volgende Verdachte Vijfje. Jouw vraag. Wij stellen de kijkers en luisteraars van deze podcast altijd in de gelegenheid om vragen te stellen. Er is natuurlijk ook heel veel interesse in jouw bijzondere baan. Voordat we aan die vragen toekomen, wil ik heel even terugpakken op wat je net zei over dat die mensen die bij jullie verblijven in hun eigen kleren rondlopen. Kan jij iets vertellen over hoe zo'n dag en hoe hun leven op dat moment er een beetje uitziet? Ja, dagprogramma bedoel je. Ja.Nou, ik moet eerlijk bekennen, daar hebben wij natuurlijk in die zin vrij weinig mee te maken, behalve dat ik weet dat ze op bepaalde momenten, als ze bijvoorbeeld naar de arbeid zijn, niet opgeroepen kunnen worden voor de medische dienst. Maar voor zover ik het kan vertellen, ze hebben verschillende dingen waar ze recht op hebben. Persoonlijke verzorging, dus dan kunnen ze douchen, dat soort dingen. De gevangeniskant heeft verplicht arbeid, een halve dag per dag, zeg maar. Ze moeten een halve dag werken. Sommigen kiezen er ook voor om hele dagen te werken, dat mag ook. Kan ik me ook voorstellen trouwens, want als je daar de hele dag zit, ik denk dat ik ook hele dagen zou gaan werken.Ze hebben luchten, ze hebben recreatie, dus dan kunnen ze koken op de afdeling. Ze maken ook kookclubjes. Dus dan kookt één de boodschap en de rest kookt het. En dat rouleert dan. Wel ironisch, als je voor kook daar zit, om dan te koken. Ja, ja, ja. De kookclub, ja, precies. Ja, zo. En een bibliotheekmoment. En dan zijn er natuurlijk gesprekken met van allerlei instanties. waar wij, de ketenpartners, waar wij mee samenwerken. Dus ja, dat is van de reclassering tot de politie, tot, noem het maar, opcase managers, medische dienst, psychologen. Het lijkt me wel een hele heftige wereld om in te zitten als gedetineerde. Ja. Is het een.Is het een spannende wereld? Hangt er vaak een gespannen sfeer? Nou, dat kan soms wel zo zijn. Dat hangt er een beetje vanaf welke afdeling het ook is. Maar ja, kijk, je stopt een groep mannen bij elkaar. Op de grootste gevangenisafdeling zijn dat er dus 72. Ja, dat kan wel eens spanning opleveren. En dan gebeurt er iets en iemand is het daar niet mee eens. En ja, dan is soms de spanning ook wel voelbaar. Maar dat is weer die samenwerking met de PEW'ers op de afdeling. Ja, die weten donders goed, die voelen dat feilloos aan. En die weten donders goed van, oh, kom je voor die en die?Doe maar even niet. Slechte dag. Ja, slechte dag. Jij werkt hier natuurlijk als verpleegkundige. Daar gaat ook deze podcast over. Hoe werkt dat? Want je hebt een eigen soort van praktijk daar. Maar je bent dus ook vaak op de zaal of in de kamers op locatie, als het ware, je werk aan het doen, klopt dat? Ja, nou, voornamelijk zitten we op de medische dienst. Je hebt natuurlijk met medisch beroep geheim te maken. En iedereen heeft recht op privacy tijdens zo'n consult. Dus de meeste consult doen we op de medische dienst. Dus dan komen ze naar ons toe. Maar ja, soms weet je, als iemand net aan zijn been geopereerd is.Dan moeten ze dus van de afdeling naar beneden, het halve pand door, naar de medische diensten weer naar boven. Ja, dat doe je dan niet. Nee, precies. Dus plus, op sommige dagen zit het vol met personeel. Heb ik geen kamer, nou dan doe ik mijn bloedrukje even op de afdeling. En wat voor medische, hoe noem je dat? Behandelingen, zeg maar. Waar vricht jij dan het meest? Waar kom je het meest mee in aanraking? Nou, dat is het leuke, dat is zo divers. Dat gaat van spoedgevallen, dat hebben we natuurlijk ook. Het is een afspiegeling van de samenleving. Dus je hebt van alles wat. Je hebt ook diabetes, je hebt ook hartpatiënten, je hebt ook kankerpatiënten, je hebt ook mensen met HIV.Het gaat van dat tot een ingegooide teenagel en alles wat daartussen zit. Ja, dus dat is wel, dat maakt het ook zo leuk. Geen dag is hetzelfde. Zijn er bepaalde dingen die jij zelf dan het leukste, of ja, leuk is natuurlijk niet het goede woord, maar waar jij zelf van denkt, oh ja, nu wordt het interessant voor mij? Ja, iedereen heeft zo zijn eigen specialiteiten bij ons in het team. En ik ben bijvoorbeeld wat minder van de oren uitspuiten. Daar is een collega van mij, die kan dat goed en die vindt dat leuk. Dat vind ik dan weer minder. Ja, en ze noemen mij wel eens dokter pimpelpopper. Oké. Dus als het iets is met pussen of iets opensnijden dan...Ja, echt? Ja, heerlijk. Maar dat is wel een beetje zuster-eigen hoor. Oh ja? Ja, er zijn heel veel verpleegkundigen die dat ook zo hebben. Die dat mooi vinden. Ja, lekker vieze dingen. Ja, ja. En dan even scalpel erin natuurlijk. Ja, joh. En gewoon lekker wonden verbinden en dat soort dingen. Bloedprikken, dat kan ik dan weer heel goed, mag ik wel zeggen. Dus dat zijn wel leuke dingen. En die gasten, als ik dat zo kan zeggen, maar die kennen jou natuurlijk ook allemaal op een gegeven moment. Hoe loopt dat contact tussen jou en de gedetineerden? Ja, eigenlijk heel relaxed. Als ik even terugga naar mijn allereerste dag, twaalf jaar geleden, liep ik met een collega mee. Dat was in detentiecentrum Rotterdam.En we lopen op de afdeling en er loopt een gedetineerde achter mij. En die zei hallo. En ik keek hem echt zo aan: Oh, joh, mag ik nu gewoon hallo terug zeggen? Ja, en nu is dat gewoon: Hé, Kolijn, hoe is het? En dan praat je. Maar wat wel heel belangrijk is in dit beroep, en dat geldt voor alle functies, is dat je je afstand nabijheid gewoon heel goed in de gaten moet houden. Je moet je altijd realiseren waar je werkt. En wij spreken mensen nooit aan bij de voornaam. Ik zou altijd zeggen: meneer Janss of meneer Pietersen. Ook al is het contact al 6,5 jaar, gaat dat redelijk soepel. Blijft meneer.Dat moet je altijd realiseren. Want je hebt natuurlijk met duizend en één verschillende types te maken. Ja. En dat zal bij de ene een stuk makkelijker zijn dan bij de andere, denk ik. Want ik kan me best voorstellen dat jij een gigantische miser hebt gemaakt in je leven. Daarvoor een flinke straf krijgt. Maar eigenlijk een super relaxed persoon bent. En dat dat voor jou dan soms ook wel eens lastig is. Ik ben best wel ook geïnteresseerd in je leven. En gewoon normaal gesprek. Ja, klopt. Maar het moet niet op een vriendschap gaan lijken. Absoluut niet. Nee, nee, nee. Weet je, soms heb je wel eens. We krijgen bij kerst bijvoorbeeld van sommige gedetineerden elk jaar een kaartje. Allemaal alle verpleegkundigen. En dat is natuurlijk hartstikke leuk.Maar ik zal bijvoorbeeld nooit eten aannemen. Dan hebben ze een cake-bak of een taart. Dat doe ik allemaal niet. Daar moet je wel echt voor waken. Je moet dat echt wel gescheiden houden. Afstand bewaren. Ja, absoluut. We gaan eens even naar de vragen die op mijn lijstje staan. Die vraag is al meerdere keren gesteld, trouwens. Maar wat is nou het raarste wat je hebt meegemaakt? Ja, kijk, wat dat betreft kan ik natuurlijk een boek schrijven over alles wat ik gezien heb aan gekke dingen. Want buiten dat gedetineerden soms gekke dingen doen, komen er ook wel eens gekke mensen binnen. Die zou je hier ook hebben bij de politie. Mensen die echt ernstig verward zijn of wat dan ook. Psychose.Dus ja, dat is ook wel weer lastig, omdat ik natuurlijk niet alles kan vertellen en dingen misschien ook herleidbaar zijn. Maar ja, ik vind het een lastige vraag zonder dat ik in detail treed. Nou, laten we het er gewoon op houden dat je genoeg tot de verbeelding van de... Ja, je maakt echt gekke dingen mee dat je aan het einde van de dag op de bank zit thuis en dat je denkt, wacht even, even terugspoelen wat. Ja, precies. Als ik daarbij. We hebben ook vragen binnengekregen over jouw veiligheid en veiligheidsgevoel. Voel je je wel eens onveilig in je werk? Die vraag krijg ik vaker.En dan ga ik daarover nadenken. En als ik dan terugdenk, zijn er één of twee situaties waarin ik me misschien niet onveilig voelde, maar wat minder prettig. Het is bijvoorbeeld een keer gebeurd dat ik op de ring stond op de afdeling en er was een gedetineerde, die was niet eens met mijn beleid. En ik ging hem dat daar vertellen. En het was op dat moment druk, dus ik keek op een gegeven moment ook achter me en er was even geen personeel. Die man was aan het schreeuwen en die smeet met zijn stalen deur. En toen dacht ik, oké, nou ik ben gewoon rustig gebleven. En toen kwam er een andere gedetineerde, die ik al langer kende, die kwam naast me staan en zei, sta aan de hand, Karlein. Ik zeg, nou meneer is een beetje boos.Hij zegt: Ik zie het, ik blijf er even bij staan. Dat is de andere kant van de medaille. Er zijn jongens die daar zo lang zitten en die ken je inmiddels al best wel goed. Ik durf mijn handen ervoor in het vuur te steken dat als er echt stront aan de knikker is, als er eentje echt zou flippen, dat die er tussen springen. Op jouw werkplek heb je natuurlijk allerlei verschillende materialen: skalpels, naalden, allerlei dingen die je in principe in een PI niet zou willen hebben. Zijn er protocollen voor? Is dat gevaarlijk? Hoe werkt dat? Laat ik beginnen bij de medische dienst. We hebben al onze spullen, het ligt natuurlijk netjes achter slotten gendel in de kast.Maar er moet bijvoorbeeld wel bloed geprikt worden bij mensen. Dus ja, dat doe je inderdaad met een naald. Of als ik bij iemand een verbandje aan moet leggen, moet ik dat afknippen met een schaar. Dan zijn dat doorgaans verbandsscharen, daar kun je ze veel mee. Maar ja, we hebben daar in die zin protocollen voor. Stel, ik zit met iemand in de ruimte om bloed te prikken. En ik moet even iets pakken. Ik laat iemand niet alleen in de spreekkamer zitten. Met mijn spullen die daar liggen. En als ze wel heel even, als ik iets moet pakken of wat dan ook, alleen in de spreekkamer zitten, dan zorg ik dat er geen spullen liggen waar ze zo makkelijk bij kunnen. En voor zover ik weet, op de afdeling is het zelfs, bijvoorbeeld, willen koken met een aardappelschilmesje. Dan kunnen ze dat bij de.PUW herhalen, dan gaat er een kaartje aardappelschilmesje bij hun naam op het bord. En dan weten ze precies, oh, die heeft het, dus die is ook verantwoordelijk voor het mesje. En als die het niet terugkrijgt, dan heeft hij een probleem. Ja, precies. Dus alles wordt in de gaten gehouden. Alles wordt in de gaten gehouden, absoluut. Want over wat voor gevangenisstraffen hebben we het grofweg? Van letterlijk een dag. Ik heb zelf melders gehad, die moeten zichzelf melden om nog een straf uit te zitten van een dag tot levenslang. En alles wat daartussen zit. Dus er zijn daar mensen die er langer zitten dan jij daar werkt. Ja, ja. En ook nog langer ze zouden blijven. Die blijven ook nog wel leven, ja. Precies. We hebben ook een vraag binnengekregen, vond ik zelf ook wel.Interessante vraag, maar proberen ze je wel eens te versieren? Nee, ik denk dat de jongens dondergoed weten dat dat een hele domme zet zou zijn, omdat ze weten dat er dan consequenties aan zitten. Dan krijgen ze gewoon een rapport en dan krijgen ze straf, want dat is gewoon niet acceptabel gedrag. Dus grensoverschrijdend gedrag? Nee, zie ik zelden. Flink opgehaafd ook. Ja, absoluut. Wat zijn de meest voorkomende klachten die je behandelt? Nou, we hebben best wel jongens die geregeld bij ons komen, die.Voor hun detentie dan ineens toch onveilig seks hebben gehad en dan bang zijn voor een SOA. Dus SOA-testen worden best geregeld uitgevoerd. Stressklachten. Je kunt je voorstellen als je binnen zit en. Nou, ik had er laatste eentje, deze vrouw stond op klappen, zwanger op klappen. Ja, dan kom je ineens binnen te zitten. Je kan niet bij de bevalling zijn, dat weet je al. Of een zieke moeder. Dus ze komen bij ons ook echt wel eens uit huilen. Ja, en voor de rest, echt alles wat daartussen zit.Ik kan oprecht niet benoemen dat er één klacht meer voorkomt. Nou ja, een voetgrimotje of zo. Dat zien we ook wel geregeld. Maar ik kan niet zeggen van het is of dit of dit. Het is zo uiteenlopend. Ja, dat is echt zo. Dat is super leuk. We hebben ook een vraag van een vrouwelijke luisteraar. Ik weet zeker dat zij het ervaring spreekt, want er zit nog Antoine in. Hebben ze daar ook last van mannengriep? Oh, hou op. Ja, breek me de bek niet open over de mannengriep. Ja, het is echt. Ik wil naar de medische dienst, want ik heb een hoop neus.Ja, en ik moet fixen, strepsels en ja, lekker. In het griepseizoen hebben wij op een gegeven moment een paar jaar geleden besloten, dan hangen we ook gewoon een brief op alle afdelingen. Het is griepseizoen, heb je last van dit en dit en dit? Vreed paracetamol. Nee, geen paracetamol, want je moet lekker die koort zijn werk laten doen. Maar veel water drinken, in bed gaan liggen en over een paar dagen is het over. In rustpakken. Ja, op een gegeven moment werd dit gewoon te gek. We zijn gewoon mensen met loopneuzen en.En oestklachten, ja. Ja, maar als een man zich ziek voelt, Karlein, dan doen wij ons echt erg ziek. Ja, ik weet dat. Dan gaat het niet goed. Geloof me, ik weet dat. Kan het ook zo zijn dat, want ik kan me best voorstellen dat als je misschien wat ruzie hebt met andere gedetineerden of je voelt je niet veilig of wat ik. Dat het ook even een rustmoment kan zijn. Even veilig bij de verpleegkundige. Heb je al eens het idee van, oké, ze zoeken ons een beetje op. Ook om even gewoon een normaal praatje te maken. Heel even een stapje uit van de afdeling af te zijn of dat soort dingen. Ja, ik heb pas geleden ook een jonge knul.Die had allerlei businessplannen liggen om een eigen zaakje te gaan beginnen. Maar die was op de verkeerde plek met de verkeerde mensen op de verkeerde tijd. Is toen opgepakt, moest een aantal maanden zitten. En die vond totaal geen aansluiting bij de jongens op de afdeling. Wat ik net al zei, met een beetje pech kom je in de populatie. Het zijn allemaal stoelde jongens, allemaal van die haantjes. Hij had daar niks mee, kon er niks mee, kon geen aansluiting vinden bij de jongens. En toen moest hij een keer bij mij zijn voor iets. En toen vertelde hij dat, nou dan nodig ik die jongen een keer in de twee weken, als ik tijd heb, even uit. Kan hij even ventileren.Kan hij even zijn verhaal kwijt? En toen hij met ontslag ging, kwam hij speciaal nog even langs om te bedanken dat dat hem echt erdoorheen had geholpen. Ja, dat vind ik dan toch, dat geeft ook voldoening. En dat is niet per se medisch of verpleegkundig, maar toch prettig dat je iemand hebt kunnen helpen op die manier. Ja, psychologische zorg is ook een soort medische zorg. Absoluut, ja. Want zijn er ook psychologen bijvoorbeeld? Ja, zeker. Ja, we hebben drie psychologen bij ons in de schilopen. Daar worden ook echt behandelingen gedaan. Dus je kunt je voorstellen dat er ook echt wel mensen rondlopen die een behandeling nodig hebben. En dat kan van alles zijn, maar ook traumabehandeling, jongens, hebben best wel soms heftige dingen meegemaakt.En het doel is natuurlijk om ze beter naar buiten te laten gaan dan dat ze naar binnen gingen. Daar draagt dat natuurlijk aan bij. Zijn er ook artsen in de BI? Ja. Dat verschilt een beetje per inrichting hoe lang er een arts is per dag of hoeveel dagen. Bij ons is er elke dag een arts en dan een halve dag. Wat ook fijn is, want wij mogen en kunnen gewoon niet alles zelf beslissen. Dus dan verwijzen we door naar de huisarts. En het is fijn, op een gegeven moment heb je een vast team met huisartsen en dan is het ook makkelijk schakelen. Dan zit ik met iemand in een spreekuur waarvan ik denk, oeh, die uitslag op dat been, dat ziet er echt nasty uit. En dan zeg ik, joh.Kom eens even meekijken. Het is heel fijn samenwerken op die manier. Want jullie verstrekken zelf geen medicatie, toch? Klopt dat? Nee, in principe niet. Kijk, heeft iemand zo'n wang van de kiespijn en gaat hij morgen naar de tandarts? Ja, dan krijgt hij wel brufem van mij. Bijvoorbeeld. Dat soort dingen. En een zalfje of een kremetje. Maar wij hebben als verpleegkundigen niet de bevoegdheid om medicatie voor te schrijven. Nee, precies. Kom je wel eens lastige dilemma's tegen in je werk? Bijvoorbeeld als het gaat over waar ligt de grens van je arts-patiëntgeheim? Of hoe werk je samen met verschillende disciplines binnen het team? Ja. Nou, kijk, het beroepsgeheim.Wij hebben daar niet zozeer last van, maar anderen hebben daar last van. Dus het is soms best lastig om te proberen om aan een andere discipline iets uit te leggen. Dan bestempelen ze iemand als een zeikert of weet ik wat. En ik weet meer, maar ik kan daar niks over zeggen. Dus dat is best wel lastig ook aan de afdeling bijvoorbeeld. Van ja, weet je, ik snap waarom je dat denkt. Maar vertrouw er maar op dat wij informatie hebben waardoor we er anders over denken. Ja, dat kan best wel lastig zijn. En dan moet je bijna een soort van gaan verkopen waarom je bepaalde beslissingen neemt. Ja, dat klopt. Ja.En ja, ook in die zin met de politie is het wel heel fijn samenwerken, want de VAR komt hier, Forensisch Arts Rotterdam Rijmond. En daar hebben we ook korte lijntjes mee. Dus als mensen hier, politiebureau, al gezien zijn door de VAR, dan nemen wij contact met ze op en dan krijgen we die informatie, kunnen we vertellen over. Kunnen zij ons vertellen, heeft die die medicatie gekregen van ons of methodon of dat soort dingen? Ja. Wij hebben hier natuurlijk ook een arrestantencomplex, hier boven ons hoofd. Hoe kijkt jij aan tegen de politie, en dan met name als het gaat om mensen die aangehouden zijn? Wat is jouw mening of visie daarop?Ja, dat is een leuke vraag. Nou, ik vind het sowieso leuk om hier een keer te zijn nu. Want ik woon al 40, 42 jaar in Rotterdam. En ik ben hier nog nooit geweest. Wij werken best wel nauw samen. Mensen die bij jullie vandaan komen, komen over het algemeen. Ze komen van het politiebureau, dan worden ze bij ons gebracht. Komen ze binnen bij het bad. De binnenkomstafdeling delinquenten, afkorting. Hoewel ze dan de medewerkers daar ook badmeesters noemen.En dan worden ze daar ingeschreven en 9 van de 10 keer gaan ze lineair recht naar ons. Dus eigenlijk koud vanuit politiebureau komen ze bij ons. En toch is het soort vaag iets. Het is moeilijk te peilen wat er dan gebeurt. Het is wel prettig wat ik dan merk. Soms moeten wij zelf ook even een arrestantcomplex. Als er iets onduidelijk is, dan bellen we even naar het arrestantcomplex om te vragen van joh, wat is daar nou gebeurd? En die samenwerking, dat gaat eigenlijk altijd soepel. Welk arrestantcomplex is altijd relaxed en vriendelijk wordt je geholpen.En ik denk ook dat als je het hebt over het profiel als mens, dat is heel veel overeenkomsten. Dus aan de ene kant moet je een bepaalde mate van dienstverlenend zijn, maar aan de andere kant je ook zeker niet uit het veld laten slaan. Je moet om kunnen gaan met spannende, heftige situaties. Er zit heel veel, denk ik, gelijk in. Ja, dat denk ik ook. En wat, denk ik, ook een hele grote overeenkomst is een stukje culturele sensitiviteit. We zijn allebei, voor zover ik dat kan zien, hebben een Nederlandse route. Maar toch werken we in een wereld waar je natuurlijk ontzettend veel culturele diversiteit hebt. Absoluut. Is dat in jouw werk soms een uitdaging? Moet je daar bewust van zijn? Ja, het is meer.Bepaalde, wat bijvoorbeeld. Ik zie het vaak bij bijvoorbeeld Marokkaanse jongens. Dan zit je met ze te praten en dan stel je ze een vraag waarop het antwoord dan nee is. En dan doen ze dat geluidje maken. En in het begin dacht ik echt, wat doet die nou? Vind je mijn vraag irritant of zo, weet je wel? Maar dat is gewoon hun manier van nee zeggen. Ja, dus dat zijn die verschilletjes. En. Nou, wij zitten natuurlijk wel met een taalding. Dat was in detentiecentrum nog veel erger. Maar er komen natuurlijk mensen binnen die geen Nederlands en geen Engels spreken. En dan spreek ik een heel klein beetje Frans en een heel klein beetje Duits. Oh, dat is een liedje, geloof ik. Maar.Verder kom ik niet. Dus gelukkig hebben we dan een tolkentelefoon. Dus dan kun je met de tolkentelefoon. Toekom je toch een heel wend. Ja, precies. En loop je er dan ook wel eens tegen dat mensen eigenlijk dingen niet willen vertellen? Waarvan je denkt, ja, als je nou even eerlijk bent, dan kan ik je beter helpen. Ja, absoluut. Ja, zeker. En dat is vaak ook wel. Dan claimen ze een bepaalde medicatie bijvoorbeeld te gebruiken. En dan zeg ik, nou oké, hoe kom je daar aan? Ja, van de huisarts. Ja, wie is je huisarts? Dan weet ik niet. Ja, want ik haalde het bij de apotheek. Wie is je apotheek? Ja, weet ik niet.En dan denk je, je weet het wel, je krijgt helemaal niet van Huizert, je koopt het op straat. Ja, dus dat is dan. Maar goed, en bepaalde informatie willen ze niet delen omdat ze dat eng vinden of zich te verschamen. Dat kan natuurlijk ook als jij, noem maar wat, genitale rat hebt. Ja, dat kan best lastig zijn als je daarvoor bij een vrouw komt en daarover moet vertellen. Wat zijn voor jou de moeilijkste momenten in het werk? Nou, wat ik tot de dag van vandaag nog steeds wel eens lastig vind, is dat er soms ook best goede acteurs tussen zitten, die best een gedegen verhaal hebben. En dat ik dan heel moeilijk het moeilijk vind om in te schatten.Ben jij mij nou aan het bedonderen of spreek je nou de waarheid? Dat is ja, en dat is natuurlijk, dat is in jouw werk niet anders. Of voor een rechter of wie dan ook, weet je. Maar dat is in mijn beroep ook. En dat vind ik nog steeds wel eens, ja, dat ik dan echt twijfel van goh. Of dat ik bijvoorbeeld iemand bestempel van, nou, hij geeft er een draai aan, maar dat klopt niet, dit verhaal. En dat vervolgens bijvoorbeeld de huisarts hem spreekt. En die zegt dan van.Ja, ik heb hem gesproken, maar wel wat zielig. En ik denk, wacht even, zit ik er nou zo naast? Ja, ja, ja. Maar kun je wat vertellen over waarin ze je dan zouden bedonderen? Gaat het dan om het verstrekken van medicatie? Ja, voornamelijk. Of iets voor elkaar krijgen. Dat ze zeggen van nou, ik heb daar en daar last van, dus ik moet dit en in dat. Ik kan niet werken. Ze komen natuurlijk ook bij ons voor arbeidsbeperkingen. Dat moet de huisarts dan beslissen. Maar dat, wat ik net ook zei, dat komt eerst bij ons en dan gaan wij beoordelen van oké, dit gaat om een arbeidsbeperking, dit gaat naar de huisarts. Ja, ik kan niet werken, want ik heb dit en in dat.Oké, nou, bewijs het maar dan of zo. Ja, dat is lastig. Dat is echt lastig. Dus je moet echt wel mensenkennis hebben. Ja, en dat komt met de jaren hoor. Ik bedoel, dat had ik twaalf jaar geleden ook niet op die manier. Dus dat komt echt wel met de jaren. Alleen moet je er wel voor waken dat je niet te achterdochtig wordt en iedereen als leugenaar bestempelt. Want dat is natuurlijk lang niet altijd zo. Het dossier. Kan je ons eens meenemen in een zaak of een incident die wat indruk op jou heeft gemaakt? Het was een paar jaar geleden met kerst. Dat was de dag van kerstavond.Toen was er een nieuwe inkomst vanuit politiebureau. Die meneer was, denk ik, begin 50 of zo. En een heel zware alcoholist. En ondanks dat hij al een aantal dagen op politiebureau had gezeten, dus die eerste roes was eraf. Maar dan kunnen er daarna ook nog allerlei dingen ontstaan. Denk aan een korszak of Wernicke, dat soort syndromen. Dat ze eigenlijk gewoon een soort van de wereld zijn door langdurig alcoholmisbruik. En die man werd binnengebracht en dat was op vrijdagmiddag. Ik weet niet meer precies, het was natuurlijk kerstavond.En uiteindelijk, omdat hij zo in de war was, hebben die man op de OBS moeten zetten, op de isoleercel moeten zetten, voor zijn eigen veiligheid. Dat doe ik natuurlijk niet alleen, dat gaat in samenspraak met een huisarts en een afdelingshoofd en de directie beslist daar uiteindelijk over. Maar die man was verder wel gewoon heel vriendelijk, bijna soort kinderlijk vriendelijk. Dus ik ben daarbij gebleven bij die plaatsing en toen zat hij daar zo, en dan krijgt hij zo'n scheurhemd aan, dat is zo'n soort lange jurk die niet kapot gescheurd kan worden. En toen zat hij daar op zijn matrasje, soort zo kinderlijk om zich heen te kijken.Ik vond het gewoon zielig. Het was zo zielig. En dan zit ik s'avonds met kerstavond wel op de bank. Zat ik even aan die man te denken. Ja, het is kerstavond, zit die man daar. En dus met de kerst ook, want wie gaat hem daar uithalen? Dat moet toch een arts of een psycholoog zijn. Dus voor zijn eigen veiligheid heeft hij dus met kerst daar gezeten. Tuurlijk bieden ze hem overdag wel wat aan. Dus laten ze hem wel even recreeren op de afdeling of iets dergelijks. Maar dat vond ik indrukwekkend. En denk, ja, die man zal er uiteindelijk ook niet voor gekozen hebben om hier te zitten. Zo op die manier. En het was echt een klein vergrijp waarvoor die.Binnen was gebracht. Ja, dat vond ik echt zielig. Zoals schrijnend. Schrijnend, ja. Dat is misschien een beter woord, ja. Hoe ga je daar dan vervolgens mee om? Want het kan zich opstapelen en aan je gaan knagen, dat soort dingen. Ja, moet je het niet doen? Nee. Ja, het is hoe ga je daarmee om? Ja, met je collega's toch over praten. Kijk, thuis kan je natuurlijk vrij weinig vertellen, want je zit sowieso met een medisch beroepsgeheim. Maar het feit dat dat binnen justitie gebeurt, dat doet er nog een schepje bovenop. En met je collega's erover praten. Ik heb ook, ja, daarvoor nog wel eens een keer, was ook met een OBS-plaatsing ook een schrijnend geval.En dat maakte ook zo'n indruk op me dat ik terugkwam op kantoor en dat gewoon de tranen in mijn ogen sprongen. Maar ja, dan heb je collega's waar je op terug kan vallen. Dat is weer dat team wat zo belangrijk is. Ja, dan snap je ook wel wat meer. Ja, die snappen mij en die snappen waarom dat zo'n indruk maakt. Ik denk dat het tijd wordt om eens een kijkje te gaan nemen op jouw werk. Ja, leuk. Ja, gaan we doen. Ik ben heel benieuwd. In het veld. We zijn in PI, misschien. Dat klopt, hè? Ja, klopt. Wat gaan we hier doen? Wat wil je hier allemaal laten zien? We staan hier echt in een supermooie gang eigenlijk. Ja, de circulatiegang, zoals dat heet. En hierboven zijn de afdelingen.Dit is één kant van het pand en aan de andere kant hebben we nog zo'n gang. En dan zitten ook weer twee afdelingen boven. En waar wij nu staan in deze gang, is dit ook waar gedetineerden zich ook verplaatsen en bewegen? Ja, de keuken en arbeidssalen zijn hier beneden en al het verkeer, vandaar noemen ze het de circulatiegang, die gaat helemaal rond. En dan kunnen ze via deze gang overal naartoe. Aan de wandel? Ja. Kunnen ze hier ook hardlopen of is dat geen sportruimte? Je mag niet rennen in de PI, dat is altijd de regel. Alleen als er spoedgebouw is. Ja, precies. En kunnen ze hier dan ook gewoon hangen, zeg maar? Of is dit echt alleen een gang om. Het is echt om een doorgang voor de circulatie. En waar gaan we nu naartoe?Ik wil jullie even de isoleercellen laten zien, als dat kan. En misschien even een shortje op de afdeling. Kijken of daar. Dan gaan we even kijken hoe het daar eruit ziet. Ja, super. Kom jij ook altijd binnen aan deze kant van het gebouw? Ja. We hebben allemaal een eigen sleutelbos en een eigen pieper. Ja. En die pieper, ja, die dien je ten alle tijden bij je te dragen. Want er kan elk moment alarm zijn. En dan moet je wel weten waar het alarm is. Niet dat ik erop hoef te lopen, maar als het algemeen alarm is, dan mag je niet door het pand bewegen. Dus dan moet je wel weten hoe of wat. Ja, precies. Oké.Ik hoor een vogel. Ja, dit is extra zorgvoorziening. Dus hier zitten de psychisch wat kwetsbaarder mensen. En die hebben ook vogeltjes die ze dan kunnen verzorgen en dat soort dingen. Kom jij dan ook, als jij aan het werk bent, eigenlijk overal in de PI? Ja, ik moet eerlijk zeggen, aan deze kant wel iets minder, omdat dit niet mijn afdelingen zijn. Ik doe de gevangeniskant. Dus de A-afdeling is van mij. En als mijn collega van de B, dat is ook gevangenis, er niet is, dan neem ik die waar. De C en de D neem ik over het algemeen niet zo vaak waar. Nee, precies. Nou, dit is een leevafdeling. En is het nu.Volle bak druk of staat er heel veel leeg? Nee, het is volle bak. We hebben nu sinds kort ook dubbelcellen. Dus ze zitten ook zelfs met z'n tweeën op een cell. Dus het is echt wel volle bak. En ze kunnen dan aan deze kant ook koken. Als ze hun boodschapjes hebben ontvangen, dan kunnen ze hier eten koken. Met z'n allen. En ook voor zichzelf of is dat altijd een beetje een groepsdynamisch ding? Nou, de een kookt voor zichzelf en de ander. Ze hebben van die groepjes waar ze dan mee koken. Dus dan kookt de ene dag die en de andere dag die. Zo doen ze dat een beetje. En ik zie in tafelvoetbal en in televisie. Ze hebben ook gewoon contact met de normale.Filmseries, televisie? Ja, ze hebben gewoon lineaire tv op hun cel. Dan kunnen ze gewoon kijken wat er op tv is. Het gebouw is een soort acht eigenlijk. En dan heb je dus twee binnenplaatsen. Dit is de sportplaats en de andere binnenplaats is de luchtplaats. Dus als er sport gegeven wordt, dan is het hier. Dan wordt het hier erg sport. Ja, eigenlijk altijd voetbal. Dat is weer klandizi voor ons. Allemaal die enkels en die knieën. Ja, precies. Allemaal sportblessures, voetbal. Wordt er ook gefitnessd? Ja, er is ook een fitnessruimte. En dat wordt dan begeleid door Iloers, instructeur, lichamelijk opvoeding. En die geven de jongens sport.Dit zijn ook twee luchtkooien, dus mensen die op de OBS zitten kunnen dan hier individueel even frisse neus halen. Hier beneden heb je de B-afdeling, de B1, 2 en 3. De B1 is ingericht voor de zelfredzaamheidsafdeling, dus dat zijn mensen die hebben net iets meer interne vrijheden, hebben vaak ook de meest gewilde baantjes, reiniger van het pand, afdelingsreiniger, dat soort dingen. Of in de keuken het eten distribueren, bijvoorbeeld die bakken die dan vandaag geleverd zijn van de winkel.En dat zijn eigenlijk de mannen die zich gewoon voorbeeldig gedragen. En dan kan je dat dus verdienen om op deze ring te komen en hier een soort extra vrijheden te verdienen. En dan hebben we nog een metaalbewerking. Daar wordt alles met metaal gedaan. Dus er is een poederkoterij, er worden dingen van metaal gemaakt. Ja, ze kunnen we even naartoe. Ja, gaan we even kijken. Hier wordt heel veel gemaakt van metaal. Onderdelen van vrachtwagens, lampenkappen, hier hangen ze. En als je hier dan aan het werk bent, krijg je dan ook betaald? Ja, het is een klein bedrag. Ik weet niet precies wat het bedrag is.Maar ze krijgen voor elke uur wat ze werken, krijgen ze betaald. Krijgen ze betaald, ja. Hier kunnen ze ook diploma's halen. Dus als je naar buiten gaat en je wil bijvoorbeeld verder als lasser, dan kun je dus als lasser hier je lastdiploma halen. En metaalbewerking, poederkoterij, lopen we nu naartoe. Dus ja, zo ongeveer alles wat je gespoten wil hebben, dat gaat hier de poederkoterij in, in de kleur die ze willen. Dan wordt het poeder erop gespoten en dan wordt het gemaakt. Ja, dan gaat het inderdaad hier aan deze karusel. En dan gaat het daar erover in, twee keer. En dan.En als iemand hier zijn vingers brandt, dan komt hij weer uit de kamer. Dan komt hij bij mij. Ja, precies. Dit is de medische dienst. Dit is waar wij onze mensen ontvangen. Psychologen zitten ook hier. Ik zal het even laten zien. Ja, dit is dus een spreekkamer. Met name de huisarts zit hier een dag per dag. Ja, hier doen wij onze onderzoeken, behandelingen. Jouw domein. Ja, hier zit ik het grootste deel van de dag eigenlijk. En hoe gaat dat dan in zijn werk? Want iemand heeft bepaalde klachten. Er wordt besloten van je moet inderdaad even bij de verpleegkundigen langs. Ja, vult een briefje in. Wordt hij dan door iemand hierheen gebracht en ook weer opgehaald? Nee, meestal niet.Er zit hier een gangmacht, zoals wij dat noemen. Dat is een complexe beveiliger die hier de boel in de gaten houdt. En die controleert ook alle verkeer, zeg maar. Dus als ik iemand wil spreken, geef ik een briefje aan hem of haar om die persoon op te roepen. En dan regelt die persoon dat die persoon hier komt. En dan weet hij ook precies wie er is. En soms heb je wel eens van, oh, die heb ik al opgeroepen, want die moet voor de case manager komen. Dat soort dingen. Nou ja, dan hebben we hier nog een ruimte, die wordt ook door de visio gebruikt. Je kunt je voorstellen dat ook de mensen die hier zitten wel eens last hebben van hun nek of schouder of blessures hebben of operatie hebben gehad. Dus wij doen hier ook spreker, bloedprikken doen we hier.En de visio komt hier. Ja. Eigenlijk alles wat er in de, ik zou bijna willen zeggen, burgermaatschappij, in de samenleving met de burger. Eigenlijk is het een soort mini-samenleving. Ja, dat klopt. Ja. En dit is een mini huisartsenpraktijkje. Ja. Heb jij dan, en dat is meteen natuurlijk een gevoelige vraag, maar heb je dan het gevoel dat jij voor jouw werk voldoende middelen krijgt vanuit je werkgever om je werk goed te doen? Ja, ik denk het wel. En er is altijd wel ruimte voor gesprek ook, want het blijft maatwerk. Je kan wel bedenken, we leggen alles vast in protocollen, maar zo werkt het niet als het tot medische dingen aankomt. Ja, tot mensen. Dat gaat gewoon niet. Ja.Dus tuurlijk hebben we voor bepaalde ziektebeelden of wat dan ook, hebben we bepaalde protocollen. En dat doen we wel, dat doen we niet. Maar over het algemeen kijk je altijd wel samen met de huisarts en als nodig is met hoger op van joh, wat kunnen we hiermee? Ja, precies. Bepaalde casussen. Zo. Nou, dat zit het erop. Heb je dan ook al dat freedom als je weer bij de huisarts bent? Dat voel ik wel. Dat we zo weer lekker even de frisse lucht. Ja, en dan zo over dat water uitkijken en dan is het toch altijd een soort, ja, altijd wel lekker dat je weer buiten staat.Heel bijzonder om eens in jouw wereld te kijken. En wij hadden het net buiten de camera's om nog even over iets wat eigenlijk ook wel heel erg belangrijk is. Namelijk, wat heb je nou eigenlijk nodig aan opleidingen om jouw werk te doen? Ja, je moet minimaal verpleegkundige zijn. Dat mag habio of embio zijn. En het idee is dat als je in dienst bent, dan krijg je vanuit justitie de opleiding of de specialisatie eigenlijk tot justitieel verpleegkundige aangeboden. Ik weet dat er op het moment wat wijzigingen zijn in die opleiding. Maar in principe is het zo dat je een jaar lang één keer in de twee weken naar school gaat. En dan leer je over verslavingszorg, infectieziekte, psychopathologie, toegeleiding naar de huisarts.Dat soort zaken. Dus dingen die hier wat meer voorkomen. Ja. Interessante wereld. Ja, zeker. Heftige wereld ook wel. Ik heb wel echt het gevoel, want jij bent er natuurlijk aan, maar je stapt wel echt de gevangenis in. En daar ben je zelf dan ook echt. Ja, het is misschien hartstikke logisch ook, maar je wordt daar ook een soort van onderdeel van. Ja, nou ja, maar dat is. En dat heb ik als ik op jouw plek rondloop. Maar dat is wel wat het is. Ja, dat klopt. Gaan wij weer terug naar de studio? We gaan terug. Ja, dankjewel. En dat brengt ons alweer aan het einde van deze, voor mij, super vette podcast. Want ik vond het heel leuk om jouw wereld te duiken. Ja. Je hebt een bijzondere job. Ja.Super cool. Ja, zeker wel. Ik stelde de gast, en dat ben jij in dit geval, altijd nog even in de gelegenheid om een slotwoord met ons te delen. Een soort afsluiter. Heb je nog iets voor ons? Ja, nou ja, ik vind het ook wel belangrijk om dit te vertellen, mijn verhaal te vertellen. Ook waar we het eerder over hadden, dat er best wel oordeel is van de buitenwereld. Van ja, die gasten hangen ze aan de oogstboom, dat. Maar ja, ze zijn al gestraft. Dus wie ben ik om daar nog een keer een straf overheen te gooien? Dus ik vind het ook belangrijk om te laten zien, het is echt niet bij ieder Efteling. Het wordt echt wel serieus gehandhaafd. En ja.En daarnaast, er zit meer achter werken bij DEI. Zo simpel is het ook. Het is echt wel een hele mooie omgeving om te werken. En ja, we zoeken ook nog heel veel mensen. Ik voelde hem al. Je voelde hem aankomen, hè? Ja, we zoeken echt nog heel veel mensen buiten dat we, PEW'ers, complexbeveiligers, ook verpleegkundigen. Dus ja, voor de luisteraars en kijkers die het interessant vinden wat ik vertel, kijk vooral even op werken bij DEI.nl.En mocht je dan toch niks vinden, kijk dan op die video. Kijk dan eens. Die zag ik ook aankomen. Ja, precies. Ja, ik denk inderdaad. In het profiel zitten heel veel overeenkomsten. Absoluut. Ja.Supermooie job. En bedankt dat jij hier was om jouw verhaal met ons te delen. Ja, nou jij dank je wel. En jij bedankt voor het kijken of luisteren naar deze aflevering van Boeiend. Normaal gesproken verschijnt deze podcast één keer in de twee weken op YouTube of in je favoriete podcast-app. Maar in verband met de zomer gaan we er een tijdje tussenuit. We hebben nog wel een hele mooie special gemaakt over een moordzaak. En die verschijnt ergens in de zomer ook op dit kanaal. En daarna gaan we natuurlijk weer verder met de reguliere afleveringen van Boeiend. Mocht je nou in de tussentijd een suggestie hebben voor een onderwerp, stuur mij dan vooral even een DM op Instagram. En daarna zie ik jou na de zomer heel graag terug in de volgende afleveringen van de politiepodcast Boeiend. Als je weet dat je het kan, dan moet je er ook voor gaan.Echt een duidelijke norm richting de samenleving. Wij horen achter onze politiemensen te staan."
