name,category,model,rtfx,transcript
bewegingsapparaat.mp3,Dokter Patient,NVIDIA Canary 1B v2,3.981116614669828,"Goedemiddag, komt u verder? Ik heb voor u de uitspraak van het röntgenonderzoek. Zoals vorige keer besproken was er een sterk vermoeden op een breuk, een ingezakte wervel. Hoe gaat het nu met uw rug? Dankzij de pijnstelling is het wel te doen. De röntgefoto laat zien dat u inderdaad een ingezakte wervel heeft. Verder is het een stabiele breuk waarvoor een operatie niet nodig is. Gelukkig. Het minder goede nieuws is wel dat de breuk veroorzaakt is door osteoporose. Dit houdt in dat de dichtheid van uw botten minder wordt. Weet u wat ik daarmee bedoel? Betekent dit dan dat ik veel vaker botbreuken zal oplopen? Het is vervelend voor u om te horen. Helaas kan dat wel voorkomen. Maar kan ik dan helemaal niet meer gaan wandelen? Want zo is het natuurlijk de vorige keer gebeurd. Het is juist goed om te blijven bewegen. Hierdoor bouwen de botten meer kracht op. Maar ik ben dan bang dat ik ga vallen, waardoor ik weer iets kan breken. Ik kan me heel goed voorstellen dat u hier bang voor bent. Maar er zijn wel manieren om dit te voorkomen. Deze kunnen we later wel bespreken. Oké. U lijkt nog niet echt gerustgesteld. Ja, het voelt gewoon alsof mijn lichaam me in de steek laat. Het is natuurlijk ook vervelend om dit te horen. Maar we kunnen de maatregelen bespreken die de kans op breuken zo klein mogelijk maken. Goed? Ik weet niet of ik daar het nut zo van in zie. En waarom niet? Ja, dan moet ik zeker oefeningen gaan doen of zo. Ik kan me voorstellen dat het wat weerstand oproept, maar de maatregelen kunnen het risico wel degelijk verlagen. Vindt u het goed als we rustig het een en ander doornemen en dan kunnen we daarna kijken wat voor u goed voelt? Oké. Oké, fijn. We kunnen u allereerst aanraden vitamine D-supplementen en calciumtabletten te nemen. Beide stoffen bouwen de botten opnieuw op. Of in plaats van calciumtabletten kunt u minimaal vier zuivelconsumptie's nemen op een dag. Wat denkt u? Ik eet best veel yoghurt en drink eigenlijk ook altijd wel twee glazen melk. Oké, dan kunnen we die calciumtabletten al achterwege laten. U zou dan baat hebben bij de vitamine D-supplementen. Verder is het juist goed om te blijven bewegen en actief te blijven. Wat zou u kunnen doen qua beweging? Het gaat gelukkig wel redelijk om elke dag even te blijven wandelen. Blijf dat vooral doen. Zo blijven de botten gewend aan de belasting. U rookt niet, maar drinkt u wel regelmatig alcohol? Nee, alleen in het weekend. Goed, met uw bloeddrukverlager vormt dat in principe verder geen risico. Verder raad ik u aan fysiotherapie aan te leren en een goede balans en evenwicht te behouden. Zodat u minder kans heeft om te vallen. Wat denkt u daarvan? Ja, dat wil ik wel proberen. Wat denkt u van deze adviezen? Het valt me eigenlijk wel mee. Ik had het erger verwacht om eerlijk te zijn. Gelukkig maar. Dus kort samengevat, u kunt vanaf nu starten met vitamine D supplementen en er vooral voor blijven zorgen dat u genoeg calcium binnenkrijgt. Verder is blijven bewegen belangrijk en maakt u een afspraak met de fysiotherapeut. En qua rugpijn kunt u doorgaan met de pijnstilling zoals we die de vorige keer hebben besproken. Is het zo duidelijk of heeft u nog vragen? Nee, het is wel duidelijk zo en ik ben er ook wel content mee. Zullen we dan over een week of drie een nieuwe afspraak inplannen? Dan kunnen we bespreken hoe het gaat. Dat zou ik fijn vinden. Bedankt voor het prettige gesprek, dokter."
ademhaling.mp3,Dokter Patient,NVIDIA Canary 1B v2,10.825397282924577,"Ik denk dat ik inmiddels voldoende informatie heb over uw klachten. Dan zou ik nu nog even naar uw longen willen luisteren. Dat is prima hoor. Oké, u kunt zich achter het gordijn omkleden en de kleding daaraan een haakje hangen. U hoeft alleen uw bovenlichaam te ontkleden. Oké, dus de broek mag ik aanhouden? Klopt, die mag u aanhouden. U mag plaatsnemen op de onderzoeksbank met uw benen naar deze kant. Ik ga nu even luisteren naar de longen en ik zal op verschillende plekken gaan luisteren. De stethoscoop kan wat koud aanvoelen. Ik zal het even op uw hand laten voelen. Gaat dat zo? Ja hoor, het valt me mee. Fijn. U mag de armen gekruist op uw borst leggen. Zou u eens diep kunnen zuchten met mond open? Het mag u een aantal keren halen in een rustig tempo, terwijl ik naar de longen blijf luisteren. Prima, ik heb het goed kunnen horen. Dank u wel. Mag ik me dan nu weer aantrekken, dokter? Ja, natuurlijk. U kunt zich weer aantrekken achter het gordijn. Doe maar rustig aan, dan bespreken we dadelijk wat ik heb gehoord."
diabetes.mp3,Dokter Patient,NVIDIA Canary 1B v2,4.284625998384441,"Goedemiddag meneer Visser. Goedemiddag. Vertel, waarvoor bent u vandaag gekomen? Nou, ik ben al een tijdje erg moe. Ik heb nergens zin in. Totaal futloos. Echt heel vervelend. Ja, dat kan ik me voorstellen. Moe en futloos zei u. Wat verstaat u hieronder? Ja, ik heb gewoon overdag geen energie om iets te doen. Wat vervelend. En hoe lang heeft u daar al last van? Ja, al een weekje of zes. Zes weken dus. En wat maakt het dat u nu toch na zes weken komt? Ja, ik maak me zorgen. Ik vind het nu echt te lang duren. Ik wil graag weten wat de oorzaak is. Dat kan ik me voorstellen. Dus als ik het goed begrijp, wil u vooral weten wat de oorzaak van uw klachten is. Hoe slaapt u? Heel goed, ja. Snachts ben ik wel een paar keer wakker om eruit om te plassen. Maar daarna slaap ik vrijwel direct weer in. Hoe vaak is een paar keer? Ik denk gemiddeld wel vier keer per nacht. En hoe was het hiervoor qua plassen in de nacht? Oh, dat was minder. En ervaart u dan ook pijn bij het plassen? Nee, dat niet. Drinkt u veel voordat u gaat slapen? Ja, ik drink de hele dag veel. Ik heb vreselijk veel dorst de hele dag. Maar s'avonds probeer ik een beetje minder te drinken, zodat ik niet zo vaak naar het toilet hoef. Duidelijk. Als ik het goed begrijp, heeft u dus sinds ongeveer zes weken veel last van vermoeidheidsklachten. Heeft u veel dorst en moet u vaak plassen, vooral s'nachts. Heeft u verder nog andere klachten? Nee, eigenlijk niet. Alhoewel ik ook een paar wondjes op mijn rug die maar niet willen overgaan. Daar zal ik ook even naar kijken. Ik wil u ook nog wat algemene vragen stellen. Ja, prima. Hoeveel weegt u? Zo'n dikke 100 kilo schattig. Ik weet het niet precies. Dan gaan we u straks even wegen. Hoe is uw eetpatroon? Ik eet het liefst aardappelen met een lekker stukje vlees. Maar mijn vrouw maakt ook wel eens spaghetti en op vrijdag eten we altijd friet. Eet u verder ook nog fruit en groenten? Nou, daar hou ik niet zo erg van. En snoept u ook? Zoete of hartige tussendoortjes? Ach, een koekje bij de koffie en bij de thee. En s'avonds wat chips bij het biertje, maar meer niet hoor. En hoeveel drinkt u gemiddeld? Eigenlijk altijd maar een paar biertjes. Verder geen wijn of sterke drank. Een paar biertjes, zegt u? Hoeveel biertjes per dag ongeveer? Eh, drie of vier, denk ik zo. En rookt u? Ja, een pakje per dag ongeveer. En beweegt u ook dagelijks? Dat probeer ik wel. Af en toe een blokje om, maar veel meer is het echt niet. Oké, en komt er diabetes voor in uw familie? Diabetes? Oh, suikerziekte? Nee, niet dat ik weet. Maar hoe zo? Denkt u dat ik suikerziekte heb? Ik sluit het niet uit, maar we hebben daar een aantal onderzoeken voor nodig. Vindt u het goed als ik u eerst lichamelijk ga onderzoeken? Natuurlijk, geen probleem. U kunt alvast op de onderzoekstafel gaan liggen. Zou u ervoor kunnen zorgen dat het gele bovenlichaam ontbloot is? Dan kunnen we deze goed onderzoeken. Ja, dat is prima."
hartziekten.mp3,Dokter Patient,NVIDIA Canary 1B v2,4.807247709129813,"Goedemiddag, wat heeft u hier gebracht vandaag? Ik heb de laatste tijd wat last van mijn hart. Uw hart, en wat bedoelt u daarmee? Ik merk dat ik steeds vaker hartkloppingen heb. Oké, en hoe lang heeft u daar al last van? Ik denk een paar weken, maar sommige dagen heb ik er ook helemaal geen last van. Dus eigenlijk heeft u bijna iedere dag er last van, en wat voelt u dan precies? Mijn hart klopt dus sneller, en ik voel het echt in mijn borstkas kloppen. Oké, dat is vast een onprettig gevoel. U zegt dat u er al een paar weken heeft. Daarvoor had u het niet. Wat maakt nou dat u vandaag bent gekomen? Ja, het is gewoon een heel naar gevoel. En ik denk dat ik een hartaanval krijg of zo, dus ik wil het een en ander laten checken. Ja, dat begrijp ik helemaal. En op zo'n moment van de aanval, wat doet u dan? Ja, niks speciaals eigenlijk. Voelt u verder nog andere dingen op die momenten in de borstkast of in de rest van je lichaam? Nee, dat niet. Ik denk eigenlijk alleen in de borstkast en niets anders dan dit hoor. En merk je bijvoorbeeld dat het hart ook van tempo wisselt, soms sneller en soms langzamer? Oh ja, dat heb ik wel enkele keren gemerkt, maar dat was niet zo heel erg hoor. Oké. Heeft u verder ook geen klachten van misselijkheid, benauwdheid of zweten? Nee, dat eigenlijk niet, alhoewel ik merk dat ik door de hartkloppingen ook wel een snellere ademhaling krijg. Oké, en heeft u daarbij ook een gevoel van kortademigheid? Nee, dat niet. Oké, dus als ik het goed begrijp, heeft u sinds enkele weken last van hartkloppingen, maar verder niet veel bijkomende klachten? Ja, dat klopt inderdaad. Mag ik iets anders vragen? Heeft u op dit moment ook last van stress? Dat valt wel mee, het is wat drukker, maar ik ga binnenkort op vakantie. Nou, dat is een fijn vooruitzicht. En heeft u zelf al iets aan de klachten gedaan? Ik probeer gewoon even rustig te doen, dan zakken de klachten vaak wel. Lukt dat wel goed om even rustig aan te doen? En wat doet u dan? Nou, ik maak me soms wel druk en dan houden de klachten wat langer aan. En waarover maakt u zich dan druk? Ja, dokter, ik heb in mijn omgeving toch wel mensen gehoord die dezelfde klachten hadden als ik en dan ineens onderuit gingen of waar het dan ineens mee slechter ging. Maar dat wil ik natuurlijk niet. Nee, dat is natuurlijk heel begrijpelijk. U hoeft zich daar geen zorgen over te maken. Dit soort hartkloppingen zijn heel veel voorkomend en zijn vaak onschuldig. Maar ik zal voor de zekerheid zo natuurlijk ook even naar uw hart luisteren. Oh, dat vind ik wel fijn om te horen. Het onderzoeken van het hart vind ik ook wel fijn eigenlijk. Ik krijg de indruk dat nog niet al uw zorgen zijn weggenomen. Kan dat kloppen? Ja, dat klopt misschien wel, dokter, want ik maak me vooral ook zorgen om mijn reis. Uw reis, wat voor reis gaat u maken? Ik ga bij mijn dochter op bezoek in Australië, maar daar moet ik ook veel rijden. En ik ben bang dat ik met deze klachten niet veilig achter het stuur kan zitten en kan deelnemen aan het verkeer. Ja, ik kan me dat goed voorstellen. Maar ik kan u hierin wel geruststellen. Zeker als we dadelijk bij het luisteren naar het hart niets schiks horen. Deze klachten zullen uw rijvaardigheid niet beïnvloeden. Naar mijn mening kunt u dus gewoon veilig op reizen om uw dochter te bezoeken. Dat is goed om te horen, dokter. Dank u wel. Ik zal eerst even naar uw hart luisteren en dan kunnen we de andere dingen ook makkelijk uitsluiten."
oncologie.mp3,Dokter Patient,NVIDIA Canary 1B v2,5.126915403522282,"Fijn dat u vandaag bent gekomen voor het bespreken van de uitslag van de onderzoeken. Zoals u weet hebben we de afgelopen donderdag het aanvullende onderzoek gedaan. En nu heb ik de uitslag. Goedemiddag, dokter. Ik ben wel een beetje bang voor de uitslag. Dat kan ik me goed voorstellen. Ik heb helaas geen goed nieuws voor u. Ik moet u mededelen dat u kanker heeft in de dikke darm. Er is een tumor gezien op de scopie. Wat denkt en voelt u nu? Er gaat wel veel in mij om op dit moment. Ik was er al een beetje op voorbereid, maar ik merk dat het toch wel erg confronterend is wat u mij vertelt. Het is ook heel heftig nieuws om te horen. Betekent dat nou dat ik dood ga, dokter? Bent u daar bang voor? Ja, eigenlijk wel. Ik begrijp dat u zich hierover zorgen maakt, maar zijn er genoeg behandelopties die in dit stadium van de ziekte toegepast kunnen worden? Ik weet even niet zo goed hoe ik hierop moet reageren. Ik vind het wel heel beangstigend allemaal. Hoe gaat het nu verder? Kan ik nog blijven werken? Moet ik het nou aan iedereen vertellen? En hoe ga ik het thuis aan mijn partner en mijn kinderen vertellen? Ik begrijp dat dit veel vragen bij u oproept op dit moment. Heeft u iemand in uw naaste omgeving die u kan steunen? Jazeker, mijn partner. Dat is goed om te horen. Uiteraard hoeft u dit niet alleen te doen. We zullen vanuit hier u en uw familie zoveel mogelijk begeleiden. Oh, dat is wel fijn om te horen. U vraagt zich af hoe u dit aan de familie moet zeggen. Wilt u hier hulp bij? Oh nee, ik denk dat dat wel zal lukken. Goed om te horen. Wilt u nu al de verschillende behandelopties horen of wilt u dat liever op een later moment bespreken? Ja graag. Ik weet alleen niet zeker of ik alles nu kan onthouden. Ik kan u de informatie ook op papier meegeven. En de volgende keer herhalen we alles gewoon nogmaals en kunt u uw verdere vragen stellen. Oh bedankt dokter, dat zou ik heel fijn vinden. Een operatie is sowieso nodig. Hierbij wordt een deel van de dikke darm weggehaald en de rest wordt weer aan elkaar gemaakt. Soms is het tijdelijk nodig om een stoma te gebruiken. Wat vindt u ervan? Ja, het klinkt wel begrijpelijk. Na de operatie moeten we het hebben over chemotherapie. Met de combinatie van een operatie en chemotherapie heeft u in dit stadium 90% kans om de kanker volledig uit uw lichaam te krijgen. Oké, dus ik krijg een operatie en u raadt chemotherapie aan. Dat klopt inderdaad. Wat vindt u ervan? Ja, het is duidelijk en tja, het zal wel moeten. Wilt u een folder met de informatie? Ja, heel graag. Dan zal ik u een folder meegeven met informatie over de behandeling van darmkanker. Kan ik u verder nog ergens mee helpen? Nou, ik ben al heel erg blij met deze informatie, dus dank u wel daarvoor. Fijn om te horen. Als u vragen heeft, kunt u deze opschrijven. Bij de volgende afspraak kunnen we alles nog eens rustig doorlopen. Het zou goed zijn als u dan iemand mee zou nemen. Ja, dat is zeker goed. Ik neem mijn partner mee. Ja, goed zo. Veel sterkte de komende week en we houden contact. Ja, dank u wel."
abdomen.mp3,Dokter Patient,NVIDIA Canary 1B v2,4.708960495082247,"Goedemiddag, neemt u plaats. Dan zullen we de uitspraak van het onderzoek gaan bespreken. Goedemiddag, dokter. Ik ben erg benieuwd. Ja, zoals u weet hebben we net een echo gemaakt. En we konden daarop duidelijk zien dat u een blindedarmontsteking heeft. En dit veroorzaakt ook de buikpijn die u heeft. Oh, dat klinkt niet goed. Wat houdt dat precies in? Ja, er is een ontsteking van een aanhangsel van de blindedarmontsteking, de appendix. Hoe het ontstaat is niet helemaal duidelijk, maar het ontstaat vaak plotseling. Oké, ik snap wel wat u bedoelt, denk ik. U klinkt nog niet overtuigd. Maakt u zich zorgen? Wel een beetje om eerlijk te zijn. Is het wel goed te genezen? Ja, het is eigenlijk zonder ernstige complicaties goed op te lossen. Maar we moeten het wel gaan behandelen. Oké, dat stelt me gelukkig gerust. Wat kan er dan gedaan worden? Nou, eigenlijk zijn er twee opties. Optie 1 is een operatie waarbij het ontstoken deel verwijderd wordt. Dit is de optie waar het meest voor gekozen wordt. De andere optie is behandelen met antibiotica. Die worden dan direct via een infuus in de adels toegediend. En we kunnen samen kijken wat voor u de beste optie is. Dat lijkt me wel fijn, ja. Ja, na de operatie kan de ontsteking nooit terugkomen omdat het ontstoken deel in zijn geheel verwijderd wordt. Het terugkomen van de ontsteking noemen we ook al een recidief. En de kans op recidief na behandeling met antibiotica ligt tussen de 20 en 30 procent in de twee jaar na de behandeling. Maar zitten er niet ook nadelen aan een operatie? Ja, een operatie kan gepaard gaan met complicaties, ook al zijn deze veelal klein. De operatie wordt onder narcose gedaan met een kijkoperatie. Oké, maar is het dan niet zo dat de darm misschien minder goed functioneert omdat je het weghaalt? Nee, gelukkig niet. Dit stukje van de darm heeft geen functie, dus het weghalen heeft verder geen nadelen. Ik ben ook nog wel benieuwd naar wat details over de behandeling met antibiotica. Ja, voor de behandeling met antibiotica moet u een paar dagen opgenomen worden om de antibiotica toe te dienen. De opname duurt korter dan de keuze als je kiest voor een operatie. Na een behandeling met antibiotica herstelt u wel sneller dan na de operatie. Maar een onderliggende oorzaak van de ontsteking kan niet achterhaald worden. Bij een operatie kan dat wel. Wat kunnen die oorzaken dan zijn? De meest ernstige oorzaak is een vorm van kanker. Die komt niet vaak voor, maar bij 1 tot 2 procent van de mensen. Dat is niet veel, maar het lijkt me geen fijn idee om met die onzekerheid te leven. Ja, dat is begrijpelijk dat u dat zegt. Was het verder betreffende behandelopties wel duidelijk wat de voor- en nadelen zijn, of heeft u nog vragen? Nee, dat is eigenlijk al duidelijk. Heeft u op dit moment een voorkeur voor een van beide behandelingen? Ja, voor een operatie. Ondanks dat het herstel misschien langer duurt. Ik vind het wel fijn om zeker te weten dat het niet terugkomt of misschien wel veroorzaakt wordt door een vorm van kanker. Vindt u dat een logische keuze? Ja hoor, ik zou de meeste mensen een operatie adviseren. Oké, kan ik even mijn partner op de hoogte stellen voor we verder gaan? Hij maakt zich namelijk nog wel wat zorgen. Ja, natuurlijk mag dat. En dan bespreken we zo verder de vervolgstappen."
auto-immuunziekten.mp3,Dokter Patient,NVIDIA Canary 1B v2,4.239849792119349,"We hebben het zojuist gehad over uw klachten. U gaf aan sinds een langere periode klachten te hebben van buikpijn en diarree en u bent flink wat kilo's afgevallen. Ook voelt u zich vermoeid en futteloos, waardoor u overdag weinig energie heeft. En u maakt zich daar zorgen over. Klopt dat? Ja, dat klopt inderdaad. Dan zou ik u nu graag wat specifiekere vragen willen stellen over de klachten. Prima. Zou u kunnen omschrijven waar u de buikpijn voelt? Vooral wat lager in de buik. Het is echt een krampende pijn. En is er iets wat u kunt doen om die pijn te verzachten? Het liefst houd ik me rustig. Maar ik moet dan vaak naar het toilet. Op de wc heb ik dan nog wel veel buikpijn, maar na de hand is de buikpijn vaak iets gezakt. Dus nadat u naar het toilet bent geweest, is de pijn minder. En is de pijn verder de hele dag door aanwezig? Nee, dat niet. Het gaat vaak een beetje op en af. Ik merk dat het een paar uur na het eten vaak het pijnlijkste is, hoewel ik er s'nachts ook wel veel last van heb. Ik moet dan ook een aantal keer naar het toilet. En dan na de toiletgang is het weer minder? Ietsjes. Slaapt u verder wel goed? Redelijk, behalve dat ik er dus wel vaak uit moet s'nachts. Het inslapen duurt dan soms ook wel weer even. Ja, dat snap ik. U zei dat u diarree heeft. En kunt u aangeven of de ontlasting altijd zo dun is? Eigenlijk wel. Soms is het wat harder, maar meestal is het gewoon heel dun, tot zelfs waterdun. En hoe vaak gaat u gemiddeld per dag naar het toilet voor de ontlasting? Ik denk gemiddeld wel een keer of 5-6 de afgelopen periode. Dat is inderdaad wel veel. Weet u misschien of er ook bloed of slijm bij de ontlasting zit? Nee, dat gelukkig niet. En heeft u verder nog last van oprispingen of zuurbranden? Ik heb het altijd wel een beetje gehad, maar dat is niet veel erger geworden in de afgelopen periode. En voelt u zich dan ook wel eens misselijk of moet u misschien overgeven? Nee, dat gelukkig niet. Dat is fijn om te horen. En hebt u nog wel een normale eetlust? Nou, ik heb niet vaak zin om te eten, moet ik zeggen. Dus toch wel een afgenomen eetlust, als u het zo zegt? Ja, dat wel. En hoe is uw eetpatroon? Zou u voor mij eens kunnen omschrijven wat u op een dag zoal eet? Ik probeer wel genoeg groente en fruit te eten. Daarnaast eet ik elke dag een stukje vlees of vis. Soms snoep ik wat tussendoor, maar meestal houd ik wel een beetje rekening met wat ik eet. Oké, ik denk dat ik zowel een goed beeld heb. Bent u. Toevallig recentelijk ook nog in het buitenland geweest, voordat de klachten begonnen? Ik ben wel op vakantie geweest naar de camping op Frankrijk, maar verder niet. Duidelijk. Heeft u ooit koorts ervaren bij de klachten? Hmm, dat weet ik eigenlijk niet zo goed. Ik heb soms wel heel koud en dan weer warm, maar dat is niet altijd zo. Oké, we kunnen zometeen ook de temperatuur wel meten. Zou u kunnen aangeven of u medicijnen of pijnstellers gebruikt? Medicijnen niet, maar ik neem wel af en toe een pijnsteller. Soms helpt dat iets tegen de buikpijn. En heeft u verder nog aandoeningen in de voorgeschiedenis? Nee, eigenlijk niet. Heeft u misschien toevallig in de familie ooit gehoord dat iemand dit soort klachten heeft? Volgens mij had mijn tante hier ook wel eens last van. Ik zou het eens kunnen navragen. En weet u misschien over verder erfelijke ziektes in de familie zetten? Hmm, ik weet dat mijn oma een vorm van reuma had, maar ze is al een tijdje terug overleden. Verder denk ik het eigenlijk niet. Oké, als u het goed vindt, wil ik u graag lichamelijk onderzoeken. Is dat goed voor u? Natuurlijk. Zou u dan voor mij de buik willen ontbloten? Dat kunt u daar, achter het gordijn doen. En uw BH mag u aanhouden. Oké, dat is goed."
neurologie.mp3,Dokter Patient,NVIDIA Canary 1B v2,4.01952730740958,"Goedemorgen, wat kan ik voor u betekenen vandaag? Ik heb last van heel ernstige hoofdpijn. Heel ernstig? Wat is ernstig? Ik heb gewoon hele hevige hoofdpijnsaanvallen. Hoe lang heeft u hier al last van? Ik denk al enkele maanden, maar de laatste weken wel steeds vaker. Oh, dat is al best wel lang. Wat maakt dat u vandaag naar mij bent gekomen? Ik ben er klaar mee, ik wil er nu vanaf, want het heeft echt invloed op mijn dagelijkse leven. Hoe bedoelt u? Ik wil echt iets tegen de pijn. Dat begrijp ik. Heeft u al iets geprobeerd om de pijn te verlichten? Ik ligt dan het liefst gewoon op mijn kamer in het donker, maar soms word ik ook echt misselijk als ik moet opstaan. Heeft u zelf een idee waar het vandaan kan komen? Ik ben eigenlijk wel bang dat het iets ernstigs is. Waar denkt u dan aan? Iemand in de familie is na dezelfde klachten gestorven aan een hersentumor. Ik ben er eigenlijk wel bang voor dat ik dat ook heb. Ik kan me voorstellen dat u zich dan zorgen maakt. Wie was dat in de familie? Dat was een neef van mijn moeder. Dus als ik het goed begrijp, is dat ook de reden dat u vandaag bent gekomen? Ja, eigenlijk wel. En natuurlijk ook iets tegen de pijn. Als ik kijk naar de hoofdpijn, waar in het hoofd voelt u de hoofdpijn? Meestal een beetje voor in het hoofd, meer aan de linkerzijde. En hoe zou je de soort pijn omschrijven? Het is vooral een bonzende pijn. En hoe lang is de pijnaanval dan meestal? Soms is het na één dag al minder, maar het kan soms ook drie dagen duren. Wat doe je dan als je zo'n aanval hebt? Ik ga dan in bed liggen, meestal de deuren en de gordijnen dicht. Begrijp ik goed dat je ook last hebt van licht- en geluidovergevoeligheid? Ja, inderdaad. Heeft u verder nog bijkomende klachten? Ja, soms ben ik misselijk. En als u misselijk bent, moet u dan soms ook braken? Heel soms, maar gelukkig niet zo vaak. Heeft u tijdens de aanvallen ook last van slechter zicht? Tijdens de aanvallen merk ik wel dat ik het soms niet goed kan zien, maar ik wil het liefst ook mijn ogen dicht houden vanwege het verre licht. Gebruikt u verder medicatie? Soms een pijnstiller voor de hoofdpijn. En helpt dat tegen de pijn? Ja, meestal wel. Dus nog even kort om samen te vatten: het is dus een bonzende hoofdpijn die in aanvallen komt, vrij ernstig van karakter, vooral aan één zijde van het hoofd. Soms bent u ook misselijk met braken en meestal helpt rustig aandoen in een donkere kamer en soms een pijnstiller. U bent ook best bang dat het iets ernstigs is en wil graag iets tegen de pijn. Heeft u zo nog aanvullingen? Nee, dat is eigenlijk wel compleet. Uw hoofdpijn doet me sterk denken aan migraine. Bent u bekend met deze term? Ik heb er wel eens van gehoord. Maar u denkt dus niet aan een tumor? Nee, eigenlijk niet. Het komt bijna precies overeen met het schoolvoorbeeld van migraine. Oh, ik wist niet dat die pijn zo hevig kon zijn. Dat kan helaas wel heel verhinderend zijn. De aanvallen zullen helaas blijven terugkomen, maar er zijn wel wat dingen die je kunt doen om de hoofdpijn te verzachten. Op het moment dat de pijn opkomt, is het aan te raden rust te nemen. De pijn kan versterkt worden door stress, onrust en weinig slaap. Dit zijn dus elementen waar je op kan letten om de hoofdpijn te verminderen. Ervaart u veel stress? Soms wel, dokter, maar het wordt wel rustiger op mijn werk binnenkort. We krijgen een extra collega. Dat is fijn om te horen. Hopelijk neemt de stress dan ook af. Verder kunt u zodra de pijn opkomt, beginnen met twee paracetamol. Je kunt dit dan consequent de dag door op maximaal vier momenten nemen, totdat je merkt dat de pijn minder wordt. Een paracetamol, gaat dat wel helpen tegen deze heftige pijn? Een paracetamol is een medicijn dat verder niet heel schadelijk is, maar het kan wel heel effectief zijn, zeker als het zo op vaste tijdstip wordt genomen. Mocht het niet helpen, kunnen we altijd overgaan naar een andere pijnstiller. Vindt u dat een goed idee? Dat klinkt wel redelijk. Ik ga het in ieder geval eens proberen. Zullen we dan afspreken dat we over ongeveer vier weken een uur consult plannen en kijken hoe het gaat? Mocht het dan niet voldoende helpen, kunnen we dan overgaan op een andere behandeling. Dat is goed. Bedankt, dokter. Heeft u verder nog vragen? Nee, het is wel duidelijk zo. Dan zie ik u graag over vier weken."
misbruik.mp3,Psychologische gespreksvoering,NVIDIA Canary 1B v2,2.214057889523262,"Nou, goedemiddag Sarah. Mijn naam is Sarah. En ik heb je even apart genomen omdat ik bij binnenkomst zak dat je woordelijk overstuur was. Ik stel voor om even gewoon een kwartiertje samen te gaan praten. Gewoon even kijken wat er aan de hand is. Dat jij even je verhaal kan doen en dat we samen kunnen kijken wat we eventueel voor jou kunnen tekenen hier. In dat goed plan? Ja. Oké. Allereerst, waarom ben je gekomen vandaag? Omdat ik niet naar huis kan gaan. Ik kan niet naar huis. Oké. En waarom kan je niet naar huis? Ja, ik durf gewoon liever naar huis niet te gaan eigenlijk. Daarom ben ik ook weggegaan. Oké, mag ik niet gaan. Ja. Dus je bent weggegaan van huis omdat je niet meer naar huis durft. Daar komt het op neer. En waarom durf je niet meer naar huis? Ja, dat vind ik een beetje moeilijk om over te praten. Dat vind ik niet mogelijk. Kan je eerst iets vertellen over je thuissituatie dan? Ja, mijn ouders zijn twee jaar geleden gescheiden. En daar zit mijn vader eigenlijk niet zoveel meer. Ik ben een beetje een nieuw vriendin, maar ik kan het eigenlijk niet meer vinden. Een beetje een vies mannetje. Oké. Je ouders zijn gescheiden twee jaar geleden. Ja. En hoe is de scheiding gegaan? Ja, best wel rot eigenlijk. Want daardoor zie ik mijn vader eigenlijk helemaal niet meer. Maar één keer in de twee weken en het weekend. En dan, ja, hij heeft helemaal geen tijd voor mij als ik er dan ben. Ik vind het wel leuk. Ja. En ja, wat voor gevoel werkt dat bij je op dan? Dat je je vader zo weinig ziet? Ja, dat hij verwaarloosd of zo. Dat hij geen zin heeft om me dan te zien. Ja. Dus bij je vader voel je je een beetje verwaarloosd. En bij je moeder wil je eigenlijk niet meer zijn. Nee. En is dat omdat je moeder er is? Nee, door die vriend. Ja, en mijn moeder gaat helemaal met hem mee en dan rijdt hij weer nooit naar mij. Ja. Anders wat hij zegt is er waarheid of zo. Ja, ik snap dat dat erg vervelend is, inderdaad. Maar hoe lang zijn je moeder en haar vriend nu samen? Ik weet niet, een half jaar of zo. Oké. En jij hebt een beetje het gevoel dat hij eigenlijk alles al bepaalt in huis. Ja. Dat zij gaat gewoon een beetje met haar mee. Oké. Ja. En, nou, je zegt, je vindt het een beetje een vies mannetje. Kan je daar een voorbeeld van geven? Ja, ik heb gewoon het idee dat hij altijd naar me zit te kijken. En dan als ik uitga of zo, zegt hij, oh, je ziet er echt sexy uit. En dat is gewoon echt heel vervelend. Dus ik kan eigenlijk wel zeggen dat je hem erg ongepast vindt. Ja. Ja, en ook als ik langsloop of zo, gaat hij net even zijn hand op mijn schouder leggen of net op mijn hup of zo. Dan mag ik blijven. Maar is dat vandaag ook gebeurd? Ja, en ik had, nou, niet per se vandaag, maar ik had het tegen mijn moeder gezegd. En toen zei ze dat ik me gewoon niet zo aan moest stellen en dat ik gewoon normaal moest doen. Oké. Ja. Dus je weet eigenlijk niet zo goed wat je nu moet doen? Nee, een beetje ja. Ik ga daar echt niet meer naar terug als zij me niet geloven of zo. En dat hij dan dat gewoon kan doen door mijn moeder echt gewoon te zeggen dat ik het zit te verzinnen of zo. Ja. En heb je er al met iemand anders over gepraat? Nee, ik vind hem best wel. Moeilijk om over te praten. Bovendien vindt iemand anders ook dat ik advies moet. Het is een lastig onderwerp, inderdaad. Daar heb je helemaal gelijk in. Nou ja, dan moet ik zeggen dat ik erg blij ben dat je naar ons toe bent gekomen. En om het even voor mezelf op een rijtje te krijgen. Je ouders zijn gescheiden. Je vader zie je vrij weinig. En je vader hebt eigenlijk het gevoel dat hij geen omkijk naar je heeft. Je moeder heeft sinds een half jaar een nieuw vriend. En die vriend is nu gewoon ongepast tegenover jou. Daar heb je je moeder mee geconfronteerd. Ja. Oké. En ik kan je voorbeelden noemen. Je hebt al gezegd dat hij zegt dat je sexy bent. Ja, maar seksuïtie. Teg toch niet? Nee. Ja, dat is een lastig onderwerp. Ik moet zeggen dat ik zelf even moet nadenken hoe we hier verder mee moeten. Wat ik in ieder geval uit jouw verhaal begrijp, is dat je je gewoon niet veilig voelt thuis. Daar komt het uiteindelijk op neer. Ik moet het even concreet maken voor mezelf. Heb je zelf een idee wat er aan gedaan kan worden? Ja, hij moet gewoon weggaan eigenlijk. Want anders kan ik niet naar huis. Oké. Hij moet weg, gewoon. Ja, het moet gewoon opgelost worden. Ik wil gewoon thuis kunnen zijn, maar het kan niet dat hij er is. Ja. En heb je dat ook met je moeder besproken? Nee, nog niet, want ze gelooft hem meteen nog niet. Dus dan heeft het niet echt zin om dat te zeggen. Ja. Maar hoe ben je tegen je moeder daarover begonnen? Ja, als ik daar naartoe ga, zeg ik: Momentjes hoor, die vriend van jou. Ik kan gewoon echt niet hoor wat hij doet. Dat hij zegt dat ik sexy ben en dat hoort hij niet echt met je te zeggen. Ik zie dat je tussendoor een beetje begint te grinnen op een andere manier. Een beetje van zingen, denk ik. Ja. Zo'n beetje een gemakkelijke situatie. Ja. Oké, maar we zijn hier natuurlijk om jou, want ik merkte sowieso in het begin al dat je je een beetje ongemakkelijk voelde en niet helemaal uit jezelf dingen durfde te vertellen. Heb je wel het gevoel dat je hier een beetje veilig bent? Ja, dat vind ik graag. Ja, dat ik hier ook ben. Oké. En nou ja, ik wil graag met jou gaan kijken naar een oplossing voor dit probleem in ieder geval. Jij zegt zelf, ik wil dat hij weggaat. Nou, denk ik, als ik even zo bij mezelf denk, dat is een beetje een lastige oplossing. Zijn er andere dingen waarvan je zegt, dat zou ik willen proberen? Ik zou er wel gewoon goed met mijn moeder over willen praten, zonder dat ze meteen gaat roepen dat het niet waar is en dat ik me aanstel en zo. Dus gewoon even naar luisteren. Ja. Oké. Dus met je moeder praten, maar zou je dat willen doen thuis of zeg je doe maar een andere situatie? Nou, dan liever niet thuis, maar gewoon. Ergens zou je gewoon rustig kunnen praten. Dat hij er ook niet ineens binnen kan lopen of zo. En zou je er iemand bij willen hebben? Ja, dat denk ik dat toch. Ja, ik kan me voorstellen. Dat ik erbij ben. Dus dat we met je moeder een afspraak maken. En dat we met z'n allen even gaan zitten. Want je bent hier natuurlijk niet voor niks gekomen. Dat is één ding dat we vast kunnen stellen. Dan lijkt het me verstandig als we dat doen. Als jij je daar veilig bij voelt als ik erbij ben. Tenzij je zelf zegt. Nou, ik vind het wel fijn als je erbij bent. Oké. Wat wil je tijdens het gesprek van mij dan? Misschien gewoon een beetje mij de kans geven om uit te laten praten. Niet dat moeder tegenover je gaat. Ja, dus. Dat je verwacht, of nou ja, je verwacht van mij, je wil dat ik erbij ben om een beetje de orde eigenlijk te houden en jou de kans te geven dat je je ding kan zeggen en dat je moeder je niet onderbrengt. Ja. Oké, nou dat vind ik. Ik vind het fijn dat je zelf ook bedacht hebt van dit wil ik. En daar kunnen wij je hartstikke goed bij helpen en daar zal ik je ook zeker bij helpen. Als jij zometeen het nummer van je moeder even achterlaat bij mij, dan ga ik haar een belletje geven en dan ga ik even uitleggen wat wij net besproken hebben, namelijk gezondheid. Namelijk dat je je niet veilig voelt thuis door het feit dat je vader of je vader zie je eigenlijk niet en dat je moeder de nieuwe vriend gewoon. naar jouw gevoel gewoon geen normale dingen doet bij jou. Zoals dat hoort als vriend van je moeder en niet als vriend van jou. Dan zal ik je moeder daar even een belletje over geven. Ik zal nog niet te veel daarvan zeggen. Ik zal aangeven dat je hier behoorlijk overstuur bent gekomen.en dat ik graag een mogelijkheid wil om met haar te praten en met jou. En dan stel ik voor dat ik met je moeder een afspraak maak.en met jou dat we hier volgende week rond dezelfde tijd nog een keertje afspreken. En dan bespreken we alles nog een keertje met je moeder. Ja, dat is goed. Ja? Kan je daar aan vinden? Mooi zo. Dan zie ik je volgende week. Oké, dankjewel. Hij spreekt."
intake-bedrijf.mp3,Psychologische gespreksvoering,NVIDIA Canary 1B v2,1.3756218732512917,"Frank, fijn dat je bent gekomen. Ben je wel eens eerder bij een psycholoog geweest? Nee, dit is de eerste keer. Oké, dan is het misschien goed als ik even iets vertel over de manier waarop ik graag werk. Ik wil dit eerstgesprek graag gebruiken voor kennismaking en kijken met welke vragen je rondloopt en wat er daarbij voor jou meespelt. Dan kunnen we eventueel daarna vervolggesprekken inplannen waarin we wat beter en dieper in kunnen gaan op de belangrijke aspecten. En ook misschien concreet kunnen kijken naar wat we kunnen doen om je verder te helpen. Hoe lijkt je dat? Ja, dat is goed. Als je nog vragen hebt, dan kun je die nu geruststellen. Nee. Oké, zullen we dan maar gewoon beginnen? Dat is goed. Oké, kun je me vertellen wat je hier heeft gebracht? Nou, ik ben hier eigenlijk op aanraden van een vriend van mij. Daar heb ik eens mee gesproken en die zei tegen me, zoals je nu net zelf, de kringetje ronddraait, dat kan gewoon niet meer. En hij vond dat ik maar eens moest gaan praten. Een kringetje ronddraait? Nou, ik loop al een tijdje met het idee rond om een eigen bedrijf te beginnen in automatisering. Ik doe automatiseringsprojecten. Ja, en dan ga je wel eens denken hoe je dat wilt. En toen. Nou, ik heb nu ook best een leuke baan, maar op een gegeven moment ga je wel denken, ik moet maar eens wat anders. Dus je hebt het wel een beetje gezien in je huidige baan? Ja, en dan ga je op zoek naar een nieuwe uitdaging. En een eigen bedrijf leek me eigenlijk een hartstikke goed idee. Dus toen heb ik er met mijn vriendinnen over gesproken en met mijn ouders en met vrienden. Was iedereen ontzettend enthousiast. Dus je kreeg veel steun uit je omgeving. Ja, en dan zet je een volgende stap, dan ga je naar de Kamer van Koophandel. En daar heb ik een startpacket aangevraagd, een cursus gevolgd, een compleet ondernemingsplan geschreven en met banken gepraat. Dus de plannen zijn eigenlijk best al vergevorderd. Ja, ik ben zo al een tijdje bezig. Een jaar of wat bezig met het opzetten van een eigen bedrijf, misschien nog wel iets langer. Oké. En sinds een paar maanden zijn er wat dingen veranderd. En daardoor vraag ik me nu af of die plannen die ik had, of die nog wel kunnen of niet. Je zegt dingen veranderd? Nou, sinds een maand of wat is bekend dat mijn vriendin zwanger is. En dan verandert er wel veel, ja. Daar schrok je van, die verandering. Nou ja. Daar schrokken we allebei nogal van. Daar hadden we niet op gerekend. En dan verandert er gewoon heel erg veel. Jullie hadden het allebei niet verwacht. Kun je daar iets meer over vertellen? Hoe ging dat? Tja, Caroline had keurig de pil geslikt. Had hem niet vergeten of te laat ingenomen of zo. En toen werd ze niet ongesteld. Dus toen hebben we een zwangerschapstest gedaan. En toen zaten we naar die uitslag van die test te kijken. Je kon eigenlijk je ogen niet geloven. Nee, dat was te gek voor woorden. Oké. Om even kort samen te vatten. Je hebt eigenlijk hele serieuze plannen om een eigen bedrijf te beginnen. Daar kreeg je veel steun uit je omgeving en daar was je ook echt al een eind mee. En nu is je vriendin plotseling zwanger en nu komt het even op losse schroeven te staan. Klopt dat? Misschien is het goed om nog even terug te pakken over je plannen voor een eigen bedrijf, om daar iets dieper op in te gaan. Je zei net dat je ouders er enthousiast over waren en je vriendin ook. Ja, mijn ouders hebben een eigen bedrijf. Mijn vader geeft autorijles en heeft zelf een hele rijschool opgezet. Dus ik ben als het ware groot geworden met dat idee van een eigen bedrijf. Dus toen ik bij mijn vader met dat idee aankwam, had hij zoiets van ja, natuurlijk, dat is een hartstikke goed idee. En je vriendin? Ja, die was eigenlijk ook heel enthousiast. Ze werkt fulltime. Ze is unithoofd van de verpleegafdeling. En zij vindt een goede baan en een uitdaging ook heel belangrijk. Dus toen ik bij haar met die plannen aankwam, had zij zoiets van, ja, dat is echt iets voor jou. Dus vanuit je omgeving kreeg je steun voor die plannen. Je gaf net aan dat de zwangerschap onverwacht was, was echt een verrassing. Kun je me vertellen wat dat verder teweeg heeft gebracht? Nou ja, het was voor Caroline ook wel even schrikken. Ze werkt fulltime. En ja, als ik dat dan zo mag zeggen, dan komt die zwangerschap ook niet echt goed uit. En dan nu met die plannen, dan is het eerst wel even schrikken. Oké, even schrikken. Maar hoe is dat nu? Nou ja, het zet de dingen wel een beetje op zijn kop. En Caroline is nu langzamerhand wel zover dat ze het ziet zitten. Die heeft zoiets van: dan gaan we allebei vier dagen werken en dan vangen we het samen wel op. Oké, dus Caroline ziet het nu wel zitten. Ja. En heeft ook al wat concrete ideeën over hoe jullie het zouden kunnen aanpakken? Ja, die begint er onderhand wel warm voor te draaien. En jij? Nou ja, kijk, het feit dat die zwangerschap er is, dat eigen bedrijf kan ik nu wel vergeten. Ik moet nu helemaal het nieuw beginnen. Dat klinkt een beetje bitter, zoals je dat nu zegt. Ja. En ik hoorde je ook zeggen: als het kind komt, dan kan je eigen zaken gewoon niet doorgaan. Nee, ik vind dat als je iets doet, dan moet je het wel goed doen en anders niet. Dat doe ik binnen mijn werk nu ook. En een eigen zaak moet je helemaal zelf doen. En een kind moet je juist goed doen. Nou, dat botst. Ja, dat kan voor jou niet samen gaan, een eigen zaak en een kindje. Nee, dan raffel je het af. En dat kan met een eigen zaak niet en met een kind al helemaal niet. Je voelt je verantwoordelijk. Ja, een kind is niet iets wat je ernaast neemt. Nou, je zegt van dan moet ik helemaal opnieuw beginnen. Wat bedoel je dan? Ja, wat bedoel ik eigenlijk? Dat weet ik eigenlijk niet. Die baan die ik nu heb, daar heb ik in zekere zin al afscheid van genomen. Dus daar blijven, dat heeft geen zin meer. En een nieuwe baan, dan werk ik weer onder een baas en dat wil ik juist niet meer. Ik wil eigen baas zijn, eigen bedrijf beginnen en iets van de grond af aan opbouwen. Iets waar je trots op kunt zijn. Ja, precies. Oké, om het even op een rijtje te zetten. Je wilde een eigen bedrijf starten, kreeg daarbij ook veel steun van onder andere je ouders en ook van Caroline. Sinds de zwangerschap een feit is, loop je eigenlijk rond met het idee dat het eigenlijk niet meer kan, want je zegt een kindje en een eigen bedrijf, dat kan niet samen. Want dan heb je het gevoel dat je een van de twee niet goed zou doen en dat zou je heel erg vinden. Dat betekent dus eigenlijk dat je het eigen bedrijf niet door kunt zetten en dat is voor jou heel onbevredigend, want je had echt behoefte aan een nieuwe uitdaging, aan die voldoening. Klopt dat? Ik zit te denken, heb je het onlangs nog met Caroline over die plannen gehad? Je zei van nou, ze was eerst heel enthousiast ook. En hoe is dat nu? Ja, ze steunen me nog wel steeds. Maar ze is steeds meer bezig met dat kind. Oké, je zegt ze steunen me nog steeds. Hoe bijvoorbeeld? Nou, zij vindt dat idee van een eigen bedrijf nog steeds een heel goed idee. Ze verklaar me niet voor gek of zo. Dat noem ik wel steun. Oké, maar de manier waarop je het zegt, dan heb ik het gevoel dat je het er misschien niet echt onlangs meer over gehad hebt. Klopt dat? Nee, de laatste tijd niet meer zo. Hoe komt dat, denk je? Nou, dat heeft niet zoveel zin meer. We hebben er heel veel over gesproken. En zij is heel erg met die zwangerschap bezig. We hadden gewoon heel erg zin in dat bedrijf samen. En we zijn er heel lang mee bezig geweest. En ik had het gevoel dat we. Dat we er echt aan toe waren. Samen, Caroline ook. En dat vind ik eigenlijk nog steeds, dat wij dat bedrijf moeten. Nou, dat maakt het nu erg lastig. Misschien is het goed om even in te gaan op de gevoelens die deze situatie eigenlijk teweeg hebben gebracht. Kun je me vertellen hoe je je nu voelt, nu je in deze situatie zit? Ja, ik vind het gewoon erg vervelend, het hele idee dat dat bedrijf niet door zou kunnen gaan. En ik begrijp ook niet waarom zij niet zo enthousiast meer is. Want ik vind wel, als je zoiets doet, dan moet je het samen doen en anders niet. En ik had het gevoel dat dat zo was, maar blijkbaar niet. En je voelt je in de kou staan? Ja, ik heb nu het gevoel dat ik alles alleen moet doen. Als het al zou kunnen, zo'n eigen bedrijf. En dat had ik niet verwacht. Je bent teleurgesteld? Ja. Ik vind dat als je iets doet, dan moet je het gewoon goed doen en anders niet. En ja, het eigen bedrijf, dat kan ik nu wel vergeten. Ben je ook boos op Caroline? Dat zij het er makkelijk over doet en jij wil eigenlijk nog wel heel graag door? Ja, natuurlijk ben ik boos. Ze zetten me voor het blok. Hoe bedoel je? Nou, toen we het net wisten, toen heb ik het over een abortus gehad. En helemaal niet zo van dat ze het weg moest laten halen, maar toen werd zij ontzettend kwaad. En ze maakte me uit voor idioot en egoïst. En het was helemaal niet zo dat ik die abortus gewild had. Caroline en ik hebben het wel eens over kinderen gehad. Ik hou gewoon heel veel van haar. Alleen, we wonen net samen. En we hebben plannen om een eigen huis te gaan kopen. We hadden wel allebei het gevoel dat het een stukje compleet zou zijn als we daar ook een kleintje bij zouden hebben. Alleen niet nu. En door hoe zij nu reageert heb ik het gevoel dat ik daar geen inspraak in heb. Je voelt je machteloos. Ja, en daar baal ik van. Ik denk dat dat ook het kringetje is waar we het aan het begin over hadden. Je wil een eigen zaak, daar was je ook al ver mee, ook samen met Caroline. Je kreeg steun van je omgeving, dat was erg prettig. Nu is Caroline plotseling zwanger en is er voor jou geen ruimte meer voor die eigen zaak. Dat maakt je teleurgesteld en boos, ook op Caroline. En tegelijkertijd hou je ook heel veel van haar en hebben jullie echt plannen om samen een toekomst op te bouwen? Waardoor jij het gevoel hebt dat je geen kant op kan, dat je klem zit. Zie ik dat goed? Hoe zie je dat zelf? Ja. Ik heb nu gewoon niet het gevoel dat. Ik weet nu gewoon niet hoe dat nu verder moet. Enig idee hoe je uit het krintje zou kunnen komen? Heb je daar zelf ideeën over? Nou, nee. Ik had geloof ik dat jij misschien wat ideeën aan de hand zou kunnen doen. Oké, nou je vraagt nu eigenlijk aan mij een pasklare oplossing. Ik denk dat het goed is dat ik daar iets over zeg. Ik kan geen pasklare oplossingen of suggesties aanbieden omdat ik. Ik weet niet wat voor jou, Caroline, het beste of het belangrijkste is. Wat ik wel kan doen is met jou kijken naar dingen die me opvallen in het gesprek, een aantal punten. En dat we het daarover hebben en kijken of daar misschien iets in zit waarmee je verder kunt komen. Wat vind je daarvan? Ja, dat klinkt goed. Oké. Gezien de tijd lijkt het me goed als we gaan afronden. Ik heb net al even kort samengevat. Een aantal dingen die me zijn opgevallen is dat je heel stellig zegt: van ja, een eigen zaak en een baby, een kind, dat gaat niet samen. Voor de volgende keer zou ik graag willen dat je nadenkt over eventueel een manier is waarop een kind en een eigen zaak toch gecombineerd zouden kunnen worden. Misschien dat daar iets in zit waar we mee verder kunnen komen. Is dat goed? Ja. En verder, we hebben het ook even gehad over Caroline en dat je de laatste tijd het niet meer zo gehad hebt over die eigen zaak. Misschien kun je eens nadenken over wat je zou willen zeggen nog tegen Caroline in zo'n gesprek en hoe je ook denkt dat zij daarop zou reageren. Ja? Ja, dat is goed. Oké. Het doel van ons eerste gesprek was eigenlijk om kennis te maken en wat zicht te krijgen op wat er speelt. In hoeverre denk je dat dat is gelukt? Ja. Dat weet ik niet. Ik heb wel het idee dat het goed is geweest om erover te praten en hier te komen en er niet zelf mee aan te zitten modderen. Er is inderdaad nog geen pasklare oplossing boven komen drijven, maar misschien is dat ook al te veel gevraagd voor nu. Dat denk ik ook. Het lijkt me goed om voor volgende week misschien een afspraak in te plannen en dat we er dan een uur voor uittrekken. Zou een donderdag bijvoorbeeld om vier uur goed zijn? Ja. Oké."
baan.mp3,Psychologische gespreksvoering,NVIDIA Canary 1B v2,1.0880412948507676,"Hallo, welkom. Goedemiddag. Hoi. Goedemiddag. Je bent vandaag gekomen omdat je mogelijk moet kiezen tussen twee banen. Je hebt in ieder geval een nieuwe baan aangeboden gekregen. Ja, klopt. En wat zijn je twee banen precies? Nou goed, ik werk nu bij het distributicentrum van de Albert Heijn. Die bevindt zich op het industrieterrein in Zwolle. En ik heb een baan aangeboden gekregen als luchtverkeersleider op Schiphol in Amsterdam. Aangeboden gekregen omdat ik contact heb op Schiphol. Ik heb daar al eerder een keer gewerkt, maar dan een andere tak. En nou goed, via via heb ik contact gehouden en toen is me dit eigenlijk boven gekomen. Super tof. Kijk, het gesprek van vandaag gaat ongeveer 10 à 15 minuten duren. Het doel van het gesprek is niet best dat je een keuze moet gaan maken of zo in je baan, want dat zul je uiteindelijk toch wel zelf moeten doen. Het zal vooral zijn dat je iets meer voor jezelf een idee krijgt wat jij voor jou belangrijk is. En aan de hand daarvan een keuze kunt gaan maken, mogelijk. Oké. Dat weet ik leuk. Dus aan het eind van het gesprek kan zijn, als je nog iets gaat willen bespreken, zal ik even aangeven dat we een paar minuten hebben. Ja, fijn. Sowieso de eerste vraag vandaag. Hoe sta je vandaag erin op die schaal van 0 tot 10? Hoe gelukkig je erover bent vandaag? Ben je heel gelukkig, heel ongelukkig? Ja, eigenlijk een vier, denk ik. Ik heb net een drukke werkweek gehad in Zolle bij de Albertijn. En daar is het eigenlijk best wel stressvol. Nu vanwege corona staat er natuurlijk heel veel druk op het distributiecentrum. Maar ik heb echt van de weken niet zo'n leuk gesprek gehad met een van mijn collega's. Dus ja, ik heb een drukke werkweek gehad die niet zo leuk is geëindigd. En daar ben ik eigenlijk. Ik voel me niet echt lekker over in mijn hum. Nou, oké. Kun je uitleggen hoe je dit met voelde toen net gedaan? Als je nu een keuze moet maken op je gevoel, wat zou je dan doen? Voor welke baan zou je dan gaan? En waarom zou je dan die keuze maken? Nou, daar zit ik dus heel erg mee. En dat vind ik best wel moeilijk. Want het liefst, ik ben een type die het fijn vindt om verder te kijken dan waar ze nu zitten. Maar ik vind het leuk om nieuwe uitdagingen op te zoeken, et cetera. Maar daar tegenover ben ik ook best wel een beetje onzeker. Dus ik zit bijvoorbeeld dan nu gewoon goed. Waarom zou ik dat voor mijn gevoel mijn eigen ruiten ingooien? Dat is dus een beetje waar ik tussen schommel. Bijvoorbeeld dat ik net zo'n drukke werkweek heb gehad en geen leuke gesprekken heb gehad en opzootje heb gehad daar. Dan is eigenlijk de keuze voor mij wel vrij duidelijk om voor die andere baan te kiezen. Maar goed, dat is zoveel meer verantwoordelijkheden, zo'n grotere uitdaging. Dan ga ik daar dus ook weer over twijfelen. Dat heeft dus ook te maken met mijn vier. Ik zit daar gewoon heel erg mee in een dilemma bij jezelf. Ja. Oké, dat is wel duidelijk. Heb je voor jezelf een lijstje gemaakt, toevallig, met de voor- en tegens of zo? Wat dan mee zou kunnen werken? Nee, ik krijg dat wel vaak als tip. Ik heb ook al met mijn thuisgefront erover gepraat. Maar ik vind het altijd een beetje lastig. Ik doe dat vaak in mijn hoofd. Wat resulteert dat ik dus helemaal vol in mijn hoofd zit. En dat het. We houden het echt niet echt overzichtelijk, zeg maar. Dus nee, op papier heb ik eigenlijk nog niks gezet. Als je sowieso nu zou kunnen benoemen, wat zou je dan het belangrijkste vinden aan je werk? Nu bij de Albertijn of in het algemeen? In het algemeen. Wat bijvoorbeeld nou vroeger heb je misschien wel bijbaantjes gehad? Ja. Wat vond je vroeger nou leukste bijbaantje en zou je dat kunnen uitleggen waarom je dat dan leukste bijbaantje vond? Ik denk dat mijn leukste bijbaantje degene was tijdens mijn studie, MISMPLAS. Dat was namelijk een bedrijf die heel erg in de krachten van de mens geloofde, zeg maar. Als in van als je ergens voor wil gaan, want als je iets leuk vindt, dan wil je er ook voor gaan. Dus wij geloven jou, zeg maar. Dus we geven je die kans en dat vond ik eigenlijk het leukste. Dus ik vind het leukste om mezelf te kunnen bewijzen ergens, want daar haal ik mijn eigen energie en motivatie vandaan. Altijd een beetje te willen presteren. En dat is dus eigenlijk ook waar ik wel op zoek naar ben. Maar wanneer een uitdaging dus te groot wordt, dat ik me MISMPLAS. Ook wel eens heb ik gehad dat ik toen toch iets te veel hoop me voor ik nam. Krijg je dat toch ook wel snel in een privé situatie te voelen eigenlijk te verduren. Ja, dus je wil graag heel veel presteren, maar je wil het eigenlijk ook niet over je max heen gaan en daar wel goed controle in kunnen houden voor jezelf. Juist. Ja, tof. En hoe zit het nu dan bij je huidige baan? Heb je het gevoel dat dat allemaal kan? Nou, eigenlijk niet echt, want het is daar goed georganiseerd nu en alles loopt, maar het is best wel een beetje ouderwets geworden. En ze werken nog niet echt met de nieuwe systemen die nu bijvoorbeeld bedacht zijn. Hoe bedoel je ouderwets qua hiërarchie? Ook, ja, ze hebben best wel veel, ja, inderdaad gewoon echt een piramide qua hiërarchie. Maar ook best wel verouderde systemen al. Er is al genoeg nieuw ontwikkeld in de logistieke wereld, maar daar maken ze nog geen gebruik van. Terwijl ik denk van als je dat wel gebruikt, dan kun je het veel sneller en veel beter. Maar mijn mening wordt daarin niet echt gehoord. Dus ze blijven een beetje achter of zo. En dan kan ik mezelf ook niet meer verder ontwikkelen. En dan kan ik mezelf niet meer bewijzen. Want ik word niet serieus genomen in die zin. Vind ik vervelend? Ja, eigenlijk wel. Dan denk ik ook een beetje van, nou ja, weet je, als jullie het niet belangrijk vinden, dan vind ik het ook niet belangrijk. En dan ben ik een type die dan snel met petten aan gaat gooien. En dat is niet hoe ik wil zijn. Nee, oké, dat is wel duidelijk. Dus je weet van jezelf eigenlijk wel hetgene wat je graag zou willen. Ja. Maar je weet niet zo goed of je dat uiteindelijk gaat krijgen bij een ander bedrijf. Is het vooral de zekerheid die je op dit moment nog hebt binnen een eigen bedrijf, wat je niet zomaar wil weggooien? Een beetje van beide. Ik weet natuurlijk nu dat ik hier eigenlijk in principe goed zit. En als ik naar een ander bedrijf ga waarvan de uitdaging veel te groot is, of dat het toch te veel op mijn pad komt, dan kan ik me daar niet gelukkig voelen. Nog ongelukkiger dan ik me misschien op dit moment nog ga voelen daar waar ik nu zit. Maar goed, dat is juist ook hetgene wat ik vervelend vind, wat er dus nu om die reden staat, dus altijd heen ook stil. Wat is de reden dat je überhaupt aan het werk bent? Is daar een speciale reden voor dat je werkt? Ik vind het fijn om bezig te zijn, om mijn kennen kunnen ergens laten zien. Ik vind het ook fijn om van toevoeging te zijn. Dus gewoon dat je geaccepteerd wordt binnen een bepaald iets en ook dat je daadwerkelijk het idee hebt dat je nuttig bent in de maatschappij. Daarnaast is geld natuurlijk ook belangrijk, maar ja. Ja, snap ik. Oké. Maar het is ook wel een deel van het geld. Hoe ver zit de extrasieke motivatie daar dan bij, denk je? Zodat je van buitenaf middelen krijgt, toegang hebt tot dat geld. Hoe ver vind je dat belangrijk? Of vind je het belangrijk dat je dat werk leuk hebt op je werk? Of is het echt het loon wat je dan krijgt? Nee, extrasieke motivatie vind ik echt veel belangrijker. Want als het qua loon lager zit of hoger zit, ja, dat is natuurlijk lekker, maar daar haal ik mijn energie niet uit. Dus dat zit verder geen keuze in voor jezelf. Nee. Oké. Zijn er bepaalde dingen die je moet ondernemen om dat werk aan de slag te kunnen bij Schiphol? Ik woon nu natuurlijk in Hardenberg. En Schiphol is in Amsterdam. En er staan elke dag ontzettend veel file en de treinen zitten bomvol. Dus eigenlijk is de enige manier wanneer ik daar met gemak wil werken, dat ik daar ook daadwerkelijk ga wonen. Op Schiphol verdien ik wel meer. Er zit wel een verschil in. Maar goed, ik ga dan natuurlijk naar Amsterdam toe. Dus daar is dan de huizenprijs en het leven is daar een stuk duurder. Dus in die zin ga ik eigenlijk een stapje omhoog. Ja, oké. En hoeveel vind je dat lastig om mogelijk een leven hier achter te laten en daar een nieuw leven op te moeten starten? Nou ja, dat vind ik dus ook best wel ingewikkeld. Omdat ik weet dat ik dus hier nu gelukkig ben en ik moet daar totaal nieuwe mensen gaan leren kennen. Een hele andere omgeving, met andere dynamiek tussen mensen en andere. Het zijn allemaal andere types daar, althans, dat denk ik. Heb je al eens eerder wat te doen? Een nieuw leven ergens op te bouwen of zo? Nou ja, toen ik op kamers ging. Maar goed, dan ga je een studie beginnen. Dus dan kom je automatisch in een hele grote groep met mensen die daar allemaal nieuw zijn. Dat is dan toch anders dan wanneer jij voor het gevoel als laatste ergens bij een bedrijf binnenkomt. Of ergens in een straat binnenkomt met allemaal mensen die je niet kent. terwijl zij daar al 30 jaar zitten bij spreken. Ja, dat is ook psychologisch. Als je zo gezond praat, heb je dan enig idee of je al een voorkeur hebt voor een bedrijf? Of moet je daar echt nog wel over nadenken? Nee, als ik het uitspreek en als ik er ook over nadenk, dan overheerst toch wel de gedachte om naar Amsterdam te gaan. Maar. Ik heb altijd een engeltje en een duiveltje op mijn schouder zitten en die schreeuwen allebei tegelijk op mijn oor. Dus wanneer ik dan blij ben met het idee over dat ik dus dan, wanneer ik dan een ene of zes keer een keuze heb gemaakt om gewoon toch naar afstand te willen gaan, schreeuwt die duivel altijd in mijn oor met nee, dat moet ik niet doen, dat je er niet goed genoeg voor bent. Ja, dus vooral de prestatiedruk is ook wel hetgene wat je misschien tegenhoudt, dat je daar meer verantwoordelijkheid zou krijgen. Juist. Dat is op zich wel lastig voor jezelf. Ja. En die prestatiedruk is dat nu ook hetgene wat je bij de Albert Heijnen niet hebt voor je gevoel. Dus dat je daar aan het top van je kunnen zitten of heb je daar juist de idee van, ik kan nog wel meer als ik die kansen er maar voor krijg? Een beetje van beide. Ja, een beetje van beide, want ik kan daar veel meer en ik kan mezelf veel meer laten zien, maar zij houden mij tegen. Zij staan er niet voor open, ze willen me niet. Die kansen bieden. Dus dan zit ik nu aan de top van mijn kunnen. Namens hen, zeg maar. Maar als zij wel openstaan voor nieuwe ideeën, dan kan ik daar ook mee aan de slag. Maar goed, ik werk daar nu inmiddels al tien jaar. En ik heb er al vijf jaar over gespaard met mensen en die ideeën ingebracht. En er wordt gewoon al vijf jaar niks mee gedaan. Op een gegeven moment dachten wij mezelf van, nou ja, joh. In hoeverre heb je er zelf wel tegen aangelopen dat er dingen gebeuren die voor jezelf misschien boven je pet gaan. En denkt, ik kan het op dit moment even niet aan. Hoe ga je daarmee om, normaal gesproken? En heb je het idee dat het binnen een bedrijf wel zou kunnen? Binnen Schiphol? Nou ja, ik denk ook binnen Schiphol, daar werken natuurlijk zo ontzettend veel mensen. Met allemaal verschillende disciplines. Staan denk ik veel meer mensen open voor nieuwe ideeën, andere gedachten, andere structuren en zo. Dus ik denk dat ik daar wel mee aan de slag kan. Andere vragen die ik heb vergeten? Ja, in mijn geval, dan moet ik niet twee vragen tegelijk stellen. Nee, of jij denkt dat mensen in Schiphol jou kunnen opvangen en hoe zullen ze daarmee omgaan op het moment dat jij wel iets te veel gooipje voor neemt? Nou ja, daar is natuurlijk wel de werkdruk erg hoog. Ik ben vast niet de enige die op Schiphol wil werken. En daar is de prestatiedruk misschien nog een stuk hoger. Dus ik denk in die zin dat ik daar wel moet presteren en misschien mezelf ook een keertje op een tweede plek moet zetten om mijn werk op een eerste plek te zetten, om mezelf in ieder geval te bewijzen. Ja, en hoe sta je daarin dan? Vind je dat lastig? Vind je dat moeilijk? Nee, ik vind het eigenlijk best wel leuk als ik maar weet dat er een bepaalde. dat het een keertje ook voorbij is of zo. Dat ik voor mijn gevoel dat wel een keertje kan inhalen. Niet dat ik altijd achter de feiten aanloop. Oké, en zijn er dingen waar je al gespannen hebt toevallig met het bedrijfsgroep? Of je daar al over gehad hebt? Ja, ik ben al een keer op een kennismakingsgesprek geweest. En ik denk dat het wel pittig wordt en ook wel aan poten wordt. Maar wel op een leuke manier. Dat het wel iets is waar ik ook voor zou willen gaan. Maar goed, dat ik daardoor wel het eerste jaar dat ik daar ben, wel iets harder moet werken dan de mensen om me heen. Ja, en zou je zo'n investering willen en kunnen maken? Ja, maar dan is het daarentegen wel lastig om dan ook nog in een nieuwe omgeving te zitten met al die mensen die je niet kent. Want dan is je werk, privébalans daarmee ineens heel anders. Dus daarin moet ik dan voor mezelf een goede structuur gaan aanbrengen in mijn agenda. Ja. Denk ik, om daar ook ruimte te maken voor mijn privétijd. Dus eigenlijk discipline vereist is vereist. Ja, heb je het voor jezelf discipline of niet? Ik denk het wel, eigenlijk. Heb je voor jezelf een beetje duidelijk gekregen wat voor jou de belangen zijn en wat jij belangrijk vindt binnen een baan? Tijdens het gesprek? Ja, denk het wel. Ja. Wat zou dat zijn voor jezelf? Nou ja, dat ik gehoord word en dat ik in ieder geval mezelf kan laten zien tijdens mijn werk. Ja. Als ik het zo een beetje mag samenvatten aan het einde, dan merk ik vooral dat je het belangrijk vindt om verder te kunnen voor jezelf, voor je eigen ontwikkeling. Dat je niet wil worden tegengehouden in bepaalde ideeën en gedachten die je hebt. Dat er in ieder geval naar geluisterd wordt. En of het werkelijk een keuze wordt gemaakt, dat is dan weer aan het bedrijf zelf natuurlijk. Maar dat je het ook wel spannend vindt om ergens weer wat nieuws in te stappen. Maar dat het uiteindelijk veel voor kan gaan zorgen dat je uiteindelijk gelukkiger wordt en dat je daarvoor wel flink moet investeren. Als ik zou denken, zou dat de overweging moeten zijn voor jezelf die je moet maken. En dan goed bij jezelf blijven en nadenken wat jij zelf zou willen. En zorgen dat je in ieder geval bij jezelf blijft en daar een keuze van gaat maken. Oké. Zijn mijn tips en ik ben heel benieuwd wat je daarin gaat kiezen? Je begon net het gesprek met of ik al zo'n lijstje heb gemaakt op papier. Denk je dat het nog iets is om nog eens te kunnen doen? Dat zou altijd kunnen werken voor jezelf. Maar zoals ik jou nu al praat, zijn vooral de gevoelens die je zelf hebt het belangrijkste. Dus of we daadwerkelijk de feiten die je in zo'n lijstje gaat zetten, daar tegenover zetten, of dat heel relevant is, dat weet ik niet. Dat weet je vooral voor jezelf. Als je zoiets zou doen, moet je niet gaan nadenken of de feiten een directe voor of tegen is. Maar meer het gevoel dat jij bij dat feit hebt en daar de waarde aan geven. Want voor de een kan een loodsvolg voor duizend euro heel veel toegevoegde waarde hebben. En voor jou is blijkbaar het heel veel toegevoegde waarde om. Jezelf te kunnen uiten en jouw ideeën door te kunnen laten komen. Dus als je zoiets doet, ga dan niet een voor- tegen-een-tegen afstrepen, maar geef het lege waarde aan je voor- of tegen- die jij hebt neergezet. Oké. Ja? Ja. Nou, bedankt voor vandaag en tot de volgende keer. Ik zie het wat tuurlijk al voorbij komen. Ik vond het helemaal goed."
angststoornis.mp3,Psychologische gespreksvoering,NVIDIA Canary 1B v2,5.554506554825808,"Dank je wel. Martine, hoe was het voor jou om hulp te zoeken? Eigenlijk was het hulp zoeken voor mij niet zo'n probleem. Maar de juiste hulp vinden, dat was echt mijn probleem. Ja. En waar liep je tegen aan? Ja, ik liep tegen aan dat ik dus bij heel veel therapeuten ben geweest, mindfulness, van alles geprobeerd. Maar eigenlijk werd het niet beter. En ging steeds meer achteruit en ging steeds meer dingen vermijden. En uiteindelijk durfde ik bijna niets meer. En toen kwam je uiteindelijk bij ons bij een intensieve behandeling, een driedaagse dagbehandeling. En hoe was dat voor jou? Heel spannend. Ja. Vooral het begin. Want ik had nog nooit in een groep eigenlijk therapie gehad. Dus dat vond ik heel spannend. Maar dat beviel eigenlijk heel erg goed. En het einde vond ik juist spannend, omdat ik dan dacht: oh, nou moet ik het alleen doen. En dat je vangnet eigenlijk een beetje wegvalt. Zo voelde dat een beetje. Maar dat is allemaal goed gekomen. En tijdens die behandeling, wat vond jij toen het meest spannende stukje? Of wat vond je het meest spannende moment of het moeilijkste moment? Nou, de exposure sessies, individueel en met groep, vond ik heel spannend. Je zoekt dan echt je angst en je paniek op. Maar daarin word je heel goed begeleid. Je wordt heel goed begeleid om met die angst om te gaan en daardoor merk je eigenlijk, ik kan dit gewoon aan. Ik kan dit gewoon. Ja. Wat voor soort dingen heb jij dan bijvoorbeeld gedaan? De lift. Ja. Ja, de lift was voor mij echt een ding. Ja. En dat vond ik verschrikkelijk. De eerste dag dat ik hier was, zei ik, kan ik niet met de trap naar boven? Nee, we gaan de lift in. Ja. Met het openbaar vervoer zijn we geweest. Ja, ik heb zoveel dingen gedaan die ik normaal gesproken niet durfde. Medicijnen slikken, dat klinkt raar, paracetamol slikken. Ja, dus dat was heel spannend. Hé, en wat heeft jou nou het meest geholpen tijdens die behandeling? Toch wel ook die exposure, maar eigenlijk alle therapieën wel. Je krijgt van andere therapieën, krijg ik heel goed inzicht waar mijn valkuilen liggen en hoe ik in elkaar zat. Waarvan ik eigenlijk dacht, dat heeft gewoon iets met mijn angststoornis te maken. Maar dat heeft het dus duidelijk wel. Dus dat heeft me heel goed om inzicht te krijgen. Waar moet ik aan werken? Ja. En hoe gaat het nu met je? Het gaat heel goed met mij. Er blijven altijd uitdagingen, maar die ga ik gewoon aan. En mijn leven is nu gewoon weer leuk. En ik heb mijn vrijheid weer terug. Ik doe leuke dingen. Ik onderneem van alles. Ik stap in liften. En dus het gaat eigenlijk heel erg goed met me nu. Ja, wat fijn. Ja, zeker. Super."
antidepressiva.mp3,Psychologische gespreksvoering,NVIDIA Canary 1B v2,2.1409754379347197,"Hé Loon. Hé Kim. Ik wil even iets met je bespreken. Want ik denk ergens nog een tijdje over na. En ik weet niet zo heel goed wat ik moet doen. Oké. Nou ja, tuurlijk kan je dat met me bespreken. Dat klinkt wel serieus. Wat is er aan de hand? Nou het gaat over mijn antidepressiva. Want eigenlijk wil ik ermee gaan stoppen. Oké. Nou ja, je overdonderde me wel een beetje ermee. Ja, je antidepressiva. Ik weet dat je dat wel heel lang slikt. Ja, hoe komt het dat je ineens zou stoppen? Ja, ik slik ze nu al bijna drie jaar. En toen ik ze begon te nemen, was ik echt in een hele depressieve periode in mijn leven. En alles voelde zwaar en hopeloos. Ik had gewoon echt het gevoel dat ik niet verder kon. De pillen hebben me toen wel echt doorheen geholpen, maar ik weet nu niet. Ik voel me anders. Oké, ja. Ik snap dat je daar wel over na hebt gedacht. Kan je mij wel vertellen wat je bedoelt met anders? Ik voel me gewoon niet meer echt zoals ik me toen voelde. Toen ik ze begon te nemen. Het is moeilijk om uit te leggen, maar het is alsof ik afgevlakd ben. Begrijp me niet verkeerd. Ik ben niet meer zo somber als toen, maar het is ook niet. Alsof ik echt blij of enthousiast kan voelen over dingen. Alles is gewoon neutraal en dat kan best wel frustrerend zijn. Soms voel ik alsof ik een deel van mezelf kan crepen. Ja, dat klinkt best wel moeilijk loon. Maar denk je niet dat het soms juist goed is om stabiel te zijn? Want ja, die neutraliteit misschien helpt je ook wel weer om niet weer in zo'n zware depressie te komen. Dat dacht ik eerst ook. Maar naarmate de tijd verstreek, begin ik me af te vragen of ik niet gewoon gewend ben geraakt aan het gevoel van stabiel zijn. Zonder echt te ervaren wat ik wil ervaren. Het voelt een beetje alsof ik niet meer volledig mezelf ben. Weet je, ik kan me de laatste tijd, de laatste keer dat ik echt oprecht gelukkig was, gewoon niet meer herinneren. En daar maak ik me een beetje zorgen om. Ja, Loon, dat klinkt inderdaad best wel moeilijk. Heb je dit ook al met je arts besproken? Want het lijkt me niet echt iets wat je zomaar zelf even kan of zou moeten beslissen. Ja, ik heb binnenkort een afspraak staan. Maar tegelijkertijd wil ik wel met iemand praten die me beter kent, zoals jij. Die begrijpt wat ik doormaak. Mijn dokter ziet me echt maar een paar keer in het jaar en hij ziet het alleen maar medisch. Maar jij ziet me ook wel. Ja, dat klopt wel. Ja, en ik zie ook wel hoe je ermee bezig bent, hoe je een beetje worstelt ermee. Maar ja, ik heb ook wel gezien van hoe ver je gekomen bent. Ja, dat is echt al een paar jaar geleden. Maar ik kan het me nog heel goed herinneren. Want het was best wel moeilijk om je zo te zien dat je zoveel pijn had. En het idee dat je daar misschien wel weer naar terug zou kunnen vallen, in zo'n depressie. Ja, als ik daarover nadenk, vind ik dat toch wel heel erg mooi dat ik. Ja, dat begrijp ik ook. En ik wil echt niet terug naar het gevoel, maar ik vraag me af, als ik niet eens meer echt kan voelen, wat voor leven is dat dan? Wat is het verschil tussen pijn niet voelen en helemaal niets voelen? Ik wil het risico nemen om weer het voelen, zelfs als dat betekent dat ik ook verdriet kan doen. Jeetje. Ja, nogmaals, het klinkt gewoon allemaal best wel heftig. Zeg je nou dat je het gevoel hebt dat je denkt dat je bepaalde emoties niet kan voelen? Nou, precies dat eigenlijk. Ik zie mensen om me heen genieten van de kleine dingen. Zelfs hun verdriet lijkt echt. En ik voel me gewoon afgeplakt. Ik weet dat dat een deel is van hoe de medicijnen werken. Maar soms heb ik het gevoel dat ze me meer wegnemen dan dat ze me helpen. Lone, het klinkt alsof je worstelt met de vraag of het mogelijk is om jezelf terug te vinden. En dan zonder de medicijnen. Maar heb je wel een beetje nagedacht wat er kan gebeuren als je wel stopt? Want het is niet zomaar iets. Er kunnen veel dingen bijkomen, zoals ontwenningsverschijnselen. Ja, en dan is er ook het risico dat je je toch wel slechter kan gaan voelen. Ja, ik heb wel gelezen over de ontwenningsverschijnselen. En daar ben ik ook best wel bang voor eigenlijk. Ik wil niet van de een op de andere dag gelijk stoppen. Maar er is ook een deel van mij dat zegt dat ik op een gegeven moment moet leren om zonder de medicijnen te kunnen leven. Gewoon het leven zelf aangaan zonder dat chemische gangnet. Anders hoe weet ik dan ooit wie ik echt ben. Ja, zoals je het nu zegt, ik begrijp wel wat je bedoelt. Ja, volgens mij wil je gewoon weten wie jezelf bent, wie je eigen ik is, zonder al die medicijnen in je lichaam. Maar ja, dan blijft het toch de vraag, is dat nu wel het juiste moment om dat uit te zoeken? Ja, kijk, je bent net met een opleiding gestart. En ja, je hebt een nieuwe relatie net. Er zijn wel heel veel dingen die heel veel aandacht van je vragen. Ja, ik weet niet of het ooit echt een goed moment is. Want er zullen altijd dingen zijn die druk op je uitoefenen, toch? Misschien moet ik gewoon de sprong wagen. En kijk hoe het gaat. Ik kan altijd weer beginnen als het echt niet lukt. Ja, maar soms. Ja, dat is ook wel. Nee, laat ik het anders zeggen. Zo eenvoudig is dat niet. Kijk, antidepressiva hebben toch wel de tijd nodig om weer volledig te werken. Als je gestopt bent en weer opnieuw wil gaan beginnen. Het is niet echt zoals een paracetamol die meteen werkt. Het kan echt wel weken gaan duren voordat je weer effect voelt als je weer start met de antidepressiva. Ja, en in die tijd kan je toch echt wel heel erg kwetsbaar voelen. Ja, nogmaals, dat wil ik je niet. Zie meemaken. Ja, dat is wel waar. En dat is ook precies waarom ik me zo vastgelopen voel. Want aan de ene kant wil ik stoppen om te zien of ik zonder kan. Maar aan de andere kant ben ik bang voor wat er gaat gebeuren als het niet lukt. Het voelt een beetje alsof ik een soort van vastzit in een gevangenis. Hoe langer ik wacht, hoe meer ik me afvraag of ik ooit zonder zal kunnen. Ja, ik begrijp je zorg ook wel. Dat is één ding wat zeker is. Misschien moet je niet zo denken in termen als voor altijd. Dat is echt niet zo, denk ik. Als je nou denkt aan wat het beste voor jou is nu, op dit moment. Ik weet hoe sterk je bent en wat je allemaal al hebt doorstaan. Dus misschien is het nu inderdaad wel tijd om even stil te staan bij jezelf. En inderdaad ook te overleggen met je arts wat nu het beste is. Je staat er echt niet alleen voor. Bedankt, Kim. Dat helpt me al. Ik voel me zo in twee strijdzones. En ik weet dat jij het beste met me voor hebt. Misschien moet ik inderdaad niet zo ver vooruit denken en gewoon stap voor stap kijken wat er nodig is. Ja, dat is zeker zo. Weet je, wat je ook besluit, Luna, ik sta wel achter je. Ja, dat betekent dat, kijk, als je wilt stoppen, prima, dan gaan we dat samen doen. We komen er echt wat doorheen. En ja, ga je door, is dat ook goed. Ik vind gewoon het belangrijkste is, ja, weet je, ik. Ik wil dat jij je goed voelt. Dat is het belangrijkste. Ik heb wel pijn om te horen. Ik denk dat ik deze week eerst met de dokter ga praten en een plan ga maken. Want ik wil niet overhaast een beslissing nemen. Misschien kunnen we eerst de doses langzaam afbouwen en kijken hoe dat verder gaat. Ja, nou ja, weet je, dat klinkt gewoon als een goed idee. Ja, doe het wel vooral op jouw tempo. Maar niet overhaast. En we gaan het samen doen. En ja, ik vind het fijn dat je hulp vraagt. En dat is altijd oké. Ja, daar sta ik altijd open voor. Dat weet ik. Dankjewel dat je me begrijpt. Ja, Loen, ik doe mijn best daarin om je te begrijpen met alles. En dat zou ik blijven doen. Dankjewel voor je tijd en dat je zo open warm naar me was. Dankjewel. Oké, dankjewel."
ge.mp3,Psychologische gespreksvoering,NVIDIA Canary 1B v2,1.477517445205261,"Hallo, je bent Chinese? Ja, klopt. Ja, maar ben je Chinese? Heb je iets kunnen vinden? Ja, ja, zo gaaf, Sadhana. Laten we eens kijken wat ze zeggen. Ik zal misschien even beginnen met mezelf kort voor te stellen. Ik ben Emma en ik ben de psychologische consultant hier binnen de studie in de leerlingbeheer. Is het de eerste keer dat je naar een roofverlening komt? Ja, dat klopt, ja. Oké, dat is voor mij wel belangrijk om te weten. Dan beginnen we een allereerst gesprek, geven we altijd zo'n beetje informatie mee, wat kijken we, wat verwachten we van mij en wat gaan we allemaal doen, zodat je dat zeker goed weet. Dus zoals ik al daarnet zei, gaan we een gesprek hebben. Dat gaat ongeveer vijftigtal minuten duren. En tijdens dat gesprek ga ik vooral luisteren. Dat is zodat ik jou en jouw verhaal beter wil leren kennen. En ja, je gaat me ook wel wat dingen zien dateren. Dat is vooral voor mezelf van, wat heb jij al verteld? Waar wil ik nog wat meer over weten? En als het gesprek klaar is, leg ik die notities ook weg. Niemand kan eruit, niemand weet waar die zijn. Is dat oké voor jou? Ja, natuurlijk. Misschien ook heel belangrijk om te weten dat alles wat jij tegen mij vertelt, dat is heel vertrouwelijk. Daarom discretie plicht. Ik ga het tegen niemand zeggen. En als er iets zouden zijn waarvan ik denk van... Het is misschien wel belangrijk of handig dat anderen dat weten. Zal ik dat ook altijd eerst aan jou vragen? Dus ik vraag het altijd aan jou eerst. Er is alleen één uitzondering wanneer ik die discretieplicht ga moeten verbreken. En dat is wanneer ik denk dat jij in gevaar bent. Alleen ja, dan ga ik om jou in veiligheid te moeten brengen. Ga ik dat moeten verbreken? Maar zolang ik dat niet denk, gebeurt dat niet en vraag ik het ook altijd eerst aan jou. Heb je daar om te beginnen nog vragen over? Nee, nee, alles is. Oké, dat is al goed. En ja, je gaf ook aan, je bent er nooit naar hulpverlening geweest. Het is wel de eerste keer het gesprek. Ja, heb je bepaalde verwachtingen? Verwachtingen, nee, gewoon de keer mijn hart lichten. Vooral. Ben iemand aan mijn weekend? Dat is goed voor mij mee te nemen en ik hoop dat ik daaraan kan voldoen. Dan zal ik hier wel eens kijken, want we hebben via mailtje al, al heb je mijn mailtje gestuurd, ze hebben al kort contact gehad. En daar heb je zo al kort tegen gezet dat je het op last van falen hebt. Je doet nu logopedie, denk ik. Klopt, dat is het eerste jaar. En ja, dan liepen de examens ook nog niet zo goed. Dat zal wijken een beetje beter. Dan kan je daar misschien wat meer over vertellen. Ja, dus ik zit in mijn eerste jaar logopedie, klopt. En bij mijn eerste examens had ik vier buizen van de zes examens. Dus ja, dat is echt slecht. En nu met dat examens naderen, binnen twee maanden zijn het examens, en heb ik opeens superveel paniek. En ik probeer te studeren, maar ik heb geen concentratie. Ik hang over mijn boeken en ik weet niet wat ik. Allee, ik krijg daar paniek van. En dan doe ik maar andere dingen, nutteloze dingen. Dus het geeft mij vooral veel angst dat nog eens gaat gebeuren, dat ik nog eens zoveel buizen heb. Ja, het lijkt niet zo fijn als je heel veel moeite in een examen steekt en dat je dan vier pauzes terugkrijgt. Dat kan ik heel erg begrijpen. En ook dat je daar paniek voor hebt, dat kan ik ook wel begrijpen. Ja, je gaf daar net ook aan. Je kan niet zo goed concentreren. Je gaat dan andere dingen doen. Kan je misschien vertellen wat die andere dingen zijn? Dat zijn echt nutteloze taakjes. Alle, nutteloos. Als mama zou het niet nutteloos vinden. Maar stofzuigen of mijn kleren op Vinted zetten. Of alle, totaal niks van wat met mijn studie te maken heeft. En heb je ooit eerder zo'n studiebegeleiding op het schaal? Nee, nee. Of zo het middelbare? Nee, ook niet in het middelbaar. Ik zat in de humane wetenschappen en ging daar supergoed mijn punten waren. Ik was de beste, dus mijn familie en mijn vader vooral had zijn lat hoog gelegd. Dus nu is die druk oké hoog bij hem. Hij verwacht dat het allemaal vlot gaat, Rotha. Absoluut niet vlot gaat, maar ik weet niet hoe dat komt. Ik hoor dat je zegt dat je vader een lat hoog voor je hebt gelegd. Zijn er nog andere personen waar je heel druk aan je voelt? Ja, mijn mama sowieso ook. Maar van mijn papa voel ik wellicht de meeste druk. En heb je het daar al eens met hem over gehad? Nee, alleen met mama ook nog niet. Gewoon, ik doe alsof als hij vraagt hoe gaat het studeren, dan zeg ik goed. Terwijl dat totaal niet zo is. En zijn er andere vriendinnen waar je daarover kan praten? Nee, want bij hen gaat het allemaal goed. Maar of zo advies vragen, daar doe ik misschien ook wel minder bij. Ja, ik wil dat wij die vragen omdat ik niet wil weten, omdat ik niet wil tonen dat het bij mij niet gaat. En zijn er nu bepaalde dingen die je onderneemt om je bezig te kunnen concentreren? Nee, ik ga op tijd slapen en ik probeer wel, ik zit wel voor mijn boeken, maar het komt niet. En dan krijg ik paniek en dan denk ik, ja, het komt toch niet goed, dus waarom zou ik nog studeren? Of waarom zou ik nog mijn best doen? Ja, ik merk dat je heel hard in zit dat je je best doet. Ja, dat is enorm. Ja, je gaat dan aan tijdens studeren en krijg je paniek omdat het niet direct leuk is? Ervar je dat ook bij andere dingen? Nee, eigenlijk enkel bij mijn studeren. Want ik voetbal bijvoorbeeld ook. Daar heb ik die druk dan niet, want dat is wel een competitie sport. Het is echt enkel die falangst en die paniek voor het studeren, voor je die zwaar tegen loopt. En had je dit voor de eerste examenprobe ook al? Nee, ik had het totaal niet in het middelbaar. Ik zeg het, daar liep het zo vlot dat ik daar totaal geen problemen mee had. Het is echt juist na dat ik te horen had gekregen dat ik vier buizen had van de zes. In het begin zei je ook al, je krijgt je verhaal al vrij te veel bij mij. En ik hoor nu ook heel veel, wat is dit dan falen? Zijn er dan daar dingen die ik voor jou kan betekenen? Ik wil vooral die falen samen verkennen en weten hoe ik daarmee kan omgaan. Hoe ik dat zelf onder controle kan houden en kan doen verminderen. En zijn daar dan dingen in. Heb jij daar als eerder dingen over opgezocht? Nee, dat nog niet. Maar ik dacht, ik kom dan bij u en u weet daar. Het allerbeste over op Google vind je ook veel fake news. Dus ja, daar ga ik wachten totdat ik bij je ben. Dat begrijp ik ook wel. Soms lees je dingen op Google en dan denk je, oei, ja, dat snap ik ook. We hebben allemaal veel. Ja. Ja. En terwijl zij dan zo aan het studeren bent, is het ook niet zo goed. Dus ja, wat denk je dan op dat moment? Ik voel mij dan een slechte student, nutteloos. Ik denk dan, waarom studeer ik nog? Hoeft het wel? Zit ik wel in de juiste richting? Ik zal mijn ouders teleurstellen, ik zal mezelf teleurstellen. Vooral negatieve gedachten. Ik merk en ik zie ook dat heel veel negatieve dingen. Want je noemt dan op aan, ik voel me een slechte student, ik voel me nutteloos, ik zal teleurstellen. Ja, tijdens het studeren ervaar je dat dan. Maar ervaar je dat dan ook op andere vlakken dan dat je dat doet? Nee, niet op andere vlakken. Dus dan zou ik graag nog wel een paar dingetjes willen weten. Want je zegt dan, over twee maanden zijn er nu wel de examen. Hoeveel examen heb je? Zeven, direct. En heb je bij alle examen zoiets van, het gaat moeilijk of het gaat niet zo goed lukken? Ik zit eigenlijk op alles achter. Ik moet nog zoveel dingen inhalen. Veel lessen zijn alleen online. Waardoor ik mij direct ook eenzaam voel. Maar ik moet keihard inhalen en daar schiet ik dan ook van in paniek. Want als ik die klusjes aan het doen ben, denk ik ook, maar ik heb nog zoveel te doen, maar moet ik dit. Maar toch zet ik mij er niet aan, omdat er dan zo'n ventje zegt van, ja, het maakt toch niet uit. Dus ja, voor alle vakken erg, maar het is zo. Nee, nee, het is goed dat je dat aangeeft, hè? Dat jij dat vaker hebt ervaren. Alleen is het goed voor mij om te weten. Jij zegt ook net, ik heb dat ventje dan in mijn hoofd. En ja, wat voel je dan op dat moment als je dat dan wordt, dat stemmetje in je hoofd wordt? Ja, verdrietig ook, boos. Want ik weet dat als het een stemmetje is, dat ik daar niet ben. Dat ik beter weet. En ja, paniekerig is echt mijn grootste gevoel. Ik hoor paniek inderdaad veel terugkomen bij jou. En zijn er dan dingen waarbij je denkt van, daar kan mij op dat moment helpen om je te ontspannen wat meer? Gewoon, ik lees veel en ik doe zo ademhoefeningen. En dat helpt wel. En dan ga ik eens gaan wandelen of zo met mijn hond. En dat helpt wel, maar dat kan niet constant. Ja, ik zie je net op mijn. Dat de tijden 50 minuten bijna allemaal zijn. Op het einde van een gesprek geef jij ook altijd een korte samenvatting waarover wij het allemaal hebben gehad. Dus ja, even kijken. Dus ja, je hebt zoals bij de aanmelding vermeld: van ja, ik heb helemaal niks aan faal. Het lukt ook niet zo goed met studeren. Mee concentreren tijdens leerlingen lukt niet goed. Ik ben dan met andere dingen bezig die je op dat moment niet zo nuttig vindt. Er zijn wel een aantal dingen die je tijdens als je paniek voelt, die dan toch wel helpen. Want paniek oriëst al heel erg, heb ik het indruk. En dan lees je al veel, wandel je veel. Maar je blijft wel nog steeds met die paniek zitten. En ja, je hebt ook, je mama en je papa waren heel druk bij ervaren. Want in het middelbaar loopt eigenlijk alles beter. En ben ik aan zelf. En nu is het toch wel lastiger. En ja, dan wil je toch wel verder met mij verkennen van, ja, de falenkst. Hoe oud is die dan allemaal bij mij? Hoe kan ik daarmee omgaan? En hoe kan ik het zelf controleren? Ja, dat zijn zowat de voornaamste. En dan voel je soms ook nog, ja, het is zoiets van, ja, op dat moment van dan denk je altijd van, ik voel me slechte student, ik voel me nutteloos, ik stel iedereen in die leu. Dat je ook heel veel van die gedachten hebt. Dus ja, dat zijn vooral de dingen die wij nu besproken hebben. Ja, omdat het nu de eerste keer is dat jij hier bent geweest, hoe heb jij dit gesprek zo ervaren? Ja, wel goed. Ik heb mijn arts kunnen richten en ik hoop, zoals ik zei, dat we dat met de volgende sessies wat uitgebreider kunnen hebben over hoe dat kan en niet kan. Dus je zou nog wel eens een keer zo over. Ja, graag. Ah ja, oké, super. Dan zie ik je hem volgende keer. Ja, tot de einde."
studie.mp3,Psychologische gespreksvoering,NVIDIA Canary 1B v2,2.401167974158853,"Ik ben Martina Eftin-Hijstra, ik ben een assessor op de Hogeschool Leiden. Ik heb begrepen dat jij wat vragen hebt met betrekking tot je studiekeuze en daarom ben je vandaag hier. Vandaag wil ik eigenlijk het doel van het gesprek is om wat meer informatie te verzamelen over wat er precies bij jou speelt en hoe ik jou verder kan helpen, wat de gewenste stappen zijn om je verder te helpen bij je studiekeuze. Oké. Wat wij hier bespreken is vertrouwen, dat blijft tussen ons. Mocht het nodig zijn om gegevens te delen, dan zal ik dat eerst met jou bespreken. Dit gesprek duurt ongeveer een uur, we hebben ongeveer een uur de tijd voor, ik hou de tijd in de gaten. Mogelijk maak ik wat aantekeningetjes voor mezelf, maar die zijn ook gewoon alleen voor mijn eigen gebruik. Nou, vandaag zal ik je wat vragen over de opleiding, hoe dat gaat, eventuele activiteiten die je naast de opleiding hebt, zoals werk of hobby's, sport, je thuissituatie. Dus dat komt allemaal aan bod vandaag en dan aan het eind zal ik kijken wat. Wat dit gesprek heeft opgeleverd en wat we voor je verder kunnen doen. Oké. Is dat duidelijk voor jou? Ja, ja. Maar ik had ook begrepen dat er iets met testen zou zijn. Oké, ja. Nou, het zou kunnen dat we inderdaad dat het nodig is om testen af te nemen, maar dat hangt eigenlijk helemaal af van dit gesprek. Wat er uit naar voren komt, wat het eigenlijk precies jouw vraag is. En mogelijk volger dan testen, dat zal ik dan aan het einde van het gesprek laten weten. Maar het kan ook zijn dat ik je beter kan doorverwijzen, misschien naar iemand anders, of dat we tijdens het gesprek al tot een bepaalde duidelijkheid kunnen komen en dan is het misschien helemaal niet nodig. Oké. Dus vandaag gaan we niet testen, maar dat zou een eventuele vervolgstap zijn. Oké, prima. Goed, dan gaan we beginnen. Kun je iets vertellen over de opleiding, hoe het gaat? Ja, het gaat op zich wel goed. Ik haal mijn vakken wel, maar meestal met een zesje, dat haal ik niet heel erg over, maar ik haal ze wel. Oké, dus je zegt het gaat wel, maar ik haal voldoendes. Maar het zijn niet hele ruime voldoendes. Hoe komt dat? Ik merk toch dat het moeite kost om heel erg gericht met die studie bezig te zijn, om te leren, om die boeken te pakken. Dan besteed je gewoon minder aandacht aan zo'n tentaal en dan hou je lagere cijfers. Dus ik merk dat ik het wel kan, maar ik kan mezelf niet helemaal toezetten. Je kan er niet zo goed toe zetten om echt te gaan leren. En heb je een idee waar dat mee te maken heeft? Hoe dat komt dat je het moeilijk vindt om jezelf daarvoor te motiveren? Het lastige is, ik dacht altijd van toegepaste psychologie, van oké, daarmee kan ik dan mensen helpen. Alleen merk ik dat dat er niet zo heel erg in zit. We moeten een voorlichting maken. Ik snap ook wel dat dat er ook wel bij hoort. Maar ik zou liever mensen echt ook gewoon willen helpen. Ik denk dat dat ook een beetje bezorgd is dat ik het. Dat ik het niet altijd even leuk vind. Dus als ik het goed begrijp, dan voldoet de studie niet helemaal aan de verwachtingen die je vooraf van de studie had. Nee, dat klopt. Ik vind het wel leuk, want ik vind het allemaal heel interessant, alle onderwerpen. Maar met die projecten, dan heb ik zoiets, ja, daar doe ik het niet voor, moet je zo moeten zeggen. Ja, oké. En wat mis je waar je eigenlijk wel van tevoren verwacht had tegen te komen? Waar ben je naar op zoek? Dat je echt mensen kunt helpen. Zoals dit, gewoon dat je in gesprek gaat met iemand om te kijken, wat is dat probleem, waar kan je mee helpen? Dat vind ik het leukst om te doen. Vrienden van mij zeggen dat ik dat zo goed kan. Ik kom altijd naar me toe. Maar dat zit er nu nog niet zoveel in. Dus je zou eigenlijk liever met mensen één op één in gesprek gaan en kijken hoe je mensen zou kunnen helpen. Heb je het ook besproken met je Escobedo-scene? Ja, daar heb ik wel over gehad. Die zegt dat komt nog wel in andere stukken van de studie dat dat aan bod komt. Maar ik merk dat ik het nu zo tegenaan loop dat ik daar nu niks van merk. En hoe lang ben je nu precies bezig met de opleiding? Ik zit nu bij een derde blok. In derde, ja, ja. Dus we gaan een half jaar. Ja, we gaan een half jaar. Goed. Wat is zelf jouw idee over, wat je twijfelt, wat zijn je gedachten op dit moment over je studie en hieraan en verder weer? Of ik dit wel moet doen of dat er niet iets anders is wat dan beter past bij wat ik wil. Want ik zeg altijd het niveau, dat kan ik wel aan, maar ik moet er toch ook wel voor willen inzetten. En ik merk dat het daarin is kort. andere opleidingen beter bij passen, maar misschien is dit ook wel juist wel de beste. Dat vind ik heel lastig. Zonder dit weg te gooien, als dit misschien toch wel goed zou zijn. Ja, dus je wilt eigenlijk nog eens even goed kijken of er een andere opleiding is die beter bij je past. Ja. Waarin je dit element. Of dat dit het is. Of dat dit het is. Goed, dat is me duidelijk. Oké. Dan gaan we verder, dan wil ik je nog iets vragen over wat je eigenlijk je activiteiten naast. Nou, we zijn aan het eind gekomen eigenlijk van dit gesprek. Ik heb genoeg informatie verzameld. Oorspronkelijk is je vraag geweest, past deze studie goed bij mij? Je mist het individuele contact bij de opleiding, individuele gesprekken, mensen echt concreet kunnen helpen. Dus je wil weten, is er misschien een opleiding die beter bij me past? Dat is eigenlijk jouw vraag. Klopt dat? Of een opleiding die beter bij me past, of deze opleiding? Of dat deze opleiding toch de beste keuze is geweest. Of dat er misschien een opleiding is die nog beter past bij jouw interesse. Precies. Goed. Nou, ik ga mijn gegevens verwerken en dan ga ik kijken welke testen ik het beste bij jou af kan nemen om een antwoord te krijgen op deze vraag. Is er een studie die... Misschien beter bij mijn interesses past. Ik ga je daarvoor apart nog een uitnodiging sturen. En dan kan je de testen maken. Op basis daarvan maak ik dan een rapport ervan, een verslag met een advies richting jou. En daarvoor zal ik je dan nog een keertje uitnodigen om dat rapport te laten zien en om je een advies te geven. Oké. En die afspraak komt dan nog? Ja, eerst gaan we maken een afspraak voor de testafname en daarna maken we nog een afspraak om de uitslagen te bespreken. Oké. Is het duidelijk? Ja, prima. Wat de volgende stappen zijn? Ja, zeker. Oké, goed. Dan ontvang je van ons een uitnodiging. Bedankt voor dit gesprek. Bedankt."
vrijheden.mp3,Psychologische gespreksvoering,NVIDIA Canary 1B v2,2.4883457143388483,"Goedemiddag Lisa. Hoi, ik ben Lisa. Ik ben de verkeerszindige vandaag. En ik heb gehoord dat jij een gesprek hebt aangevraagd om te rekenen op je vrijheden. Nou, laten we het daar eventjes over hebben samen. Laten we het lekker kort en bondig houden, zodat we hier niet te lang mee bezig hoeven te zijn. We komen er wel uit van waar we mee bezig willen zijn. Laten we het op een kwartier ongeveer doelen en dan kunnen we het ook lekker verklapt houden. Ja, dat is goed. Ja. Laat ik beginnen met vragen waarom je dit gesprek hebt aangevraagd. Ja, ik wilde graag over mijn vrijheden hebben, want die zijn ingetrokken vorige week. En nu moet ik telkens met iemand van de begeleiding boodschappen doen. En dat komt heel vaak niet uit. Dus ja, ik zou graag weer mijn vrijheden terug willen. En waarom zijn jouw vrijheden ingetrokken toen de tijd? Ja, ik. Ik had mezelf gesneden. En waarom heb je dat toen gedaan? Was er een aanleiding voor? Herbeleving en ik stemmetje zei dat ik dat moest doen. En welk stemmetje? Het stemmetje waar ik altijd last van heb als ik te weinig heb geslapen. En is er dan een tijd weg geweest dat je daarmee je vrijheden weer terug had gekregen? Ja, het ging een tijdje weer goed. Alleen nu, vorige week werd het weer slechter en ben ik me meer gaan snijden. En toen heeft de wandelaar mijn vrijheden weer ingetrokken. En wat is er gebeurd tussen dat het wel goed ging en dat het opeens weer minder goed ging? Is er een omslag geweest? Is er iets in je persoonlijke leven gebeurd? Ben je misschien middelen, alcohol gaan drinken, gaan gebruiken? Nee. Heb je slecht contact met een van onze medeboders? Nee, dat gaat eigenlijk allemaal wel goed. Nee, daar heb ik geen na. Je kan niet bedenken wat er aanleiding is geweest voor de inslag. Nee. Ik slaap wel wat slechter en dan heb ik meer last van herbelevingen. Herbelevingen waarvan? Ja. Daar heb ik het liever niet heel erg over, maar meer. Ja, wat er vroeger is gebeurd na de herbeelden. Ja, dus wat er in het verleden, in je jeugd is gebeurd eigenlijk. Ja. Oké, daar wil ik het liever niet over hebben. Nee. Weem aan. Nee. Heb je daar met andere mensen wel over? Ja, met mijn psycholoog heb ik het ergens over. Met Finiza heb ik het erover. Als je met de psycholoog erover hebt, dan kan je daar niet... Zij begrijpt me in ieder geval wel. En we proberen er samen wel uit te komen. Oké. Wat je zegt is heel erg graag boodschappelijk en doen alleen. Ja. En ik wil eigenlijk aan jullie vragen hoe dat weer een beetje kan doen. Ja. Als wij niet weten wat er precies gebeurt in jouw hoofd, dan vinden we het moeilijk om jou zo weer naar buiten te laten gaan. Dus ik denk dat we pas jou weer echt vrij kunnen laten als we er weer vertrouwen dat er niks misgaat. En als je het er niet over wil hebben, dan begrijp ik dat heel goed. Dan zou je het misschien toch wel weer echt goed met je psycholoog moeten gaan bespreken. En zouden wij samen met de psycholoog misschien kunnen gaan bedenken wanneer je weer klaar bent om zelf naar buiten te gaan. Want ben je bereid om eraan te gaan werken? Ja. Ja. Maar wat het is, ik snij bijvoorbeeld niet. Ik doe het niet. Als ik buiten ben, doe ik het altijd op mijn kamer. Dus ik snap niet zo goed waarom ik dan niet boodschappen mag doen. Ja, er is altijd een risico. Als je dus suïcidaal bent. Dat het op een gegeven moment op een andere manier gaat gebeuren. En dat is wat wij willen voorkomen. Want je doet het alleen op je kamer. Waarom alleen op je kamer? Ja, dat is het meest veilige plekje voor mij hier. Dan zodat niemand het ziet. Of is het omdat je het eigenlijk niet wil doen? Nee. Het komt gewoon eenmaal op en ik doe dat. Dan moet ik dat doen. Dan is de drang zo groot. Meestal probeer ik het ook wat tegen te houden. Maar de drang wordt zo groot dat ik het toch moet gaan doen. Ja, de drang kan ook een keertje buiten komen. Dan kan het ook buiten gebeuren. Ja, en dan ga ik eigenlijk altijd nog lang naar binnen. Oké. Zoals ik het goed begrijp is, je denkt dat je voor jezelfstandig naar buiten komt. Ja. Dat het gewoon lukt. Alleen voor ons mag het nog niet. Wat denk je zelf, hoe je die vrijheid terugkomt te krijgen? Hoe heb je dat voorheen gedaan? Ja, door te laten zien dat ik mezelf niet sneed, dan kreeg ik het wel weer terug. Maar hoe lang sneed je dan niet? Ja, dat verschilde wel eens. De bandenluiden zijn niet echt regels voor. Ja, en als ik eigenlijk liet zien dat het goed ging met me, maar dat hoefde nog niet te betekenen dat het goed ging, toen het echt goed ging met me. En dan kreeg ik ze wel terug. Maar ik vind het moeilijk om daar afspraken over te maken, over het snijden, omdat dat zo in mij opkomt. En ik zou wel graag gewoon alleen even boodschappen willen doen. En ik denk dat we wel misschien wat kleine afspraakjes kunnen maken om het op te bouwen. Ik snap ook wel dat jullie misschien wat meer vertrouwen in mij moeten krijgen. Vind je het goed als ik dit ook met een psycholoog bespreek? Wil je dat absoluut niet? Want dan heb ik in ieder geval iemand die weet wat er precies aan de hand is. Ik heb het gevoel dat je daar niet met mij over te hebben. Misschien vertelt hij mij niet alles, maar in ieder geval weet ik een beetje de achtergrond. Ja, dat vind ik wel goed. Dan kan ik met hem gaan kijken hoe we dit verder gaan aanpakken. Ik wil het liefst met jou natuurlijk ook zelfstandig naar buiten gaan. Dus dat ik eerst met hem ga praten. Hij kent je ook wat beter. En dan ga ik met hem bespreken hoe we misschien weer een stappenplan kunnen opbouwen om jou weer zelfstandig naar buiten te laten gaan. Maar dat we dat gewoon langzaam opbouwen. Met kleine stapjes. Dat je allereerst eventjes een hoedje gaat lopen om het gebouw heen. Dan maak ik er twee en vervolgens uiteindelijk, ja, hoop ik natuurlijk, wil ik dat jij gewoon je eigen boodschapjes kan doen. Dus het is een idee dat ik volgende week met jou weer op terugkom, dat ik deze week eventjes de psycholoog spreek. Of vind je dat te lang duurt? Ik kan het ook nog proberen. Ik zou het wel fijner vinden als het eerder komt. Ik moet ook een nieuwe sjamp komen en zo. Na het weekend kom ik bij jou erop terug, want nu is hij er niet. Dan spreek ik maandag met hem en dan maandagmiddag, maandagavond kom ik naar hem toe. En dan weer naar hem toe. En dan heb ik het psycholoog besproken en dan kunnen we even kijken hoe we het gaan aanpakken. En dan bespreken we het verder. Dat is goed? Ja, dat is goed. Oké, maar laten we het voor nu hierbij. Fijn weekend. Dankjewel. Of zie ik je op maandag. Oké, fijn weekend."
interview-113.mp3,interviews,NVIDIA Canary 1B v2,2.107481409637487,"Hallo viewers. Ik zit nu bij 113 met Maike tegenover mij. Maike is psycholoog bij 113. En jullie houden zich bezig met de vullenvragen die binnenkomen. Ja, dat klopt. Hoe komen de bellers of de mensen met jullie in contact? Via ons telefoonnummer, dat is 0900-0113. Die vinden ze soms op de website. Dat is ook voor de hand legend www.113.nl. Of soms hebben ze ons voorbij horen komen op de radio via een commercial en dan hebben ze ons nummer gehoord of de website gehoord. En zo kunnen ze ons vinden en kunnen ze alleen bellen. Nee, ze kunnen ook chatten. Ook via de website. Er staat dan ergens bovenin, wil je nu hulp? Met een wolkje met chatten. Dan ga je daar klikken en dan kom je meteen in een chatroom. En op dat moment is er iemand die dan meet je. Ja, dat is het idee. Dan zijn er vrijwilligers beschikbaar die dan de chats aannemen en ook de telefoontjes. Komen er veel hulpvragen binnen? Ja, er komen best wel wat mensen binnen. Op sommige momenten van de dag is het drukker dan op andere momenten van de dag. Dan hebben we het bijvoorbeeld vooral voor avonds en nachts. Overdag is het soms wat rustiger, maar soms kan het overdag ook heel druk zijn. Maar we hebben in ieder geval op elk dagdeel wel ongeveer zeven of acht mensen die echt in de lijnen zitten. Nou ja, zo druk is het dus wel. Ja, dat is het. En zijn dat lange gesprekken? De chatgesprekken duren ongeveer een uur, dat is het streven, maar het kan ook korter. Het hangt er een beetje vanaf wat de vraag is. De telefoontjes een half uur, maar ook dat kan korter. Stel dat iemand nu in nood verkeert of zichzelf al iets heeft aangedaan, is het zaak om het kort te houden zodat iemand 1-2 kan bellen. Ja. Kun je iets vertellen van met wat voor vragen mensen komen? Ja, dat kan. Dat is echt heel erg uiteenlopend. Dat varieert van meisjes die het slachtoffer zijn geworden van sexting en zich ontzettend schamen omdat die foto de hele school rond is gegaan tot... Van oudere mensen die ongelooflijk eenzaam zijn tot mensen die opgenomen moeten worden of in een opname zitten of mensen die in een instelling zitten en niet opgenomen worden. Ja, kan. Of die wordt aangedaan om opgenomen te worden omdat het echt niet goed gaat. En die daarvan van ellende niet meer weten wat ze moeten doen en daardoor sociale gedachten hebben. Dus het is echt... Alle leeftijden en alle soorten problemen komen bij ons voorbij. Ja, dat lijkt me aangrijpend. En krijgen jullie ook cultuurspecifieke vragen? Ja. Wat ik daarover kan zeggen, wat ik zelf daarin meemaak, is eerder dat je merkt dat in sommige culturen er anders wordt omgegaan met bijvoorbeeld praten over emoties. Dat daar een beetje een taboe op ligt, dat mensen dat moeilijk vinden. En dat je daarom ook moeilijk kan praten over jezelfmoord gedachten als jongere bijvoorbeeld met je ouders. Of als het in bepaalde culturen niet oké is om homoseksueel te zijn. Dat je daar niet over kan praten en dat je daar zo door in de knoop zit met jezelf dat je suïcidaal wordt en dat je daar dus ook weer niet over kan praten. Wat voor adviezen geven jullie aan mensen? Bijvoorbeeld, je noemde net een meisje die op school dan met... een seksschandaal te maken krijgen. Dat dan alles kan gebeuren. Wat vinden jullie de betekenis voor zo iemand? Ja, het hangt er sowieso een beetje van af hoe oud zo iemand ook is. Dus als het gaat om iemand die minderjarig is, dan proberen wij zo snel mogelijk ervoor te zorgen dat iemand er een volwassene bij betrekt. Dat kan een ouder zijn, maar dat kan ook een docent zijn of een mentor of een lievelingstante. Maar ze zijn een beetje vertraagd. Precies, want als je het hebt over die meisjes die het slachtoffer zijn van seks, dan zijn die vaak wat jonger. En dan proberen we zo snel mogelijk daar iemand anders bij te betrekken. Want wij kunnen het hebben over die zelfmoord gedachten, want we zitten natuurlijk op een afstand, want we zien die mensen niet. Dus we proberen altijd wel zo snel mogelijk aan te sturen op nog wat meer hulp van buitenaf. Maar die moeten ze ook zelf benaderen. Ja, nou ja, als het om een minderjarig is, probeer je er een volwassene bij te betrekken die dichtbij staat. Terwijl die samen met dat meisje in dit geval was. Maar dan hebben jullie contact met de volwassenen? Nee, we hebben daar geen contact mee. Dat probeer je gewoon door die persoon zelf te laten. Ja, dat is de bedoeling. Het is belangrijk dat mensen dat zelf doen. En dat is ook omdat wij garanderen anonimiteit en vertrouwelijkheid. Wij weten niet wie jij bent en daar gaat het ook niet om het bemoeien met mensen om de mensen heen. En dat zorgt er juist voor dat mensen ook naar ons toe durven te komen met die problemen. Omdat het zo anoniem blijft. En zijn er bepaalde leefgebieden die eruit zien waar men het meest kwetsbaar is? Situaties waarin mensen verkeren, bedoel je dan? Ik denk dat het belangrijkste is toch wel eenzaamheid. Dus als iemand heel erg alleen is en zich niet verbonden voelt met anderen, dan zijn mensen heel erg kwetsbaar. En zijn dat meer oudere mensen? Want noemde je dat van... Dat kunnen ouderen zijn, maar dat kunnen ook jongeren zijn die gepest worden of die weinig vrienden hebben bijvoorbeeld. Iedereen kan natuurlijk eenzaam zijn. En zijn het ook dan per se zoomen? Bijvoorbeeld met eenzaamheidsproblemen. Nu gaan we naar de winter toe. Donkere maanden, veel mensen die toch vaak thuis blijven. Is het in die periode meer de eenzaamheid? Ja, daar durf ik niet zo heel veel over te zeggen. Eigenlijk, je zou verwachten rond periodes zoals kerstmis bijvoorbeeld dat het dan ongelooflijk druk is. Maar daar kan je niet zoveel over zeggen. Het blijft het hele jaar een beetje hetzelfde. Het is in de lente bijvoorbeeld net zo druk als in de winter. Oké, dus dat is niet zo druk. Je zou denken het wordt donker, het regent, het weer is somber, misschien is dat dan. Dat maakt mensen ook somber. Maar in de lijnen zie je daar niet zo heel veel verschil in. Dus niet zij zijn zo opgebonden of zo. En hoe kunnen jullie hun ondersteunen, mensen die met hulpvragen komen? Nou, in eerste instantie heb je dus de crisislijnen, waar mensen in eerste instantie naartoe bellen of waar ze met vrijwilligers kunnen chatten. Die gesprekken heb je, maar die gesprekken zijn in principe eenmalig. Mocht iemand dan daarna nog meer hulp nodig hebben, dan kan iemand zich aanmelden voor therapie, ook via onze website. En dan kom je met een van de psychologen in contact. Maar dan ook online. Ook online, ja, via de chat, via de telefoon of via de mail. Dat mag iemand zelf kiezen wat die persoon zelf het fijnst vindt. En dan heb je maximaal acht gesprekken met een vaste psycholoog. Waar je dus ook al meer tijd hebt om uit te zoeken wat er nou precies aan de hand is en hoe je kan leren omgaan met jezelf, met je gedachten en alles wat eronder zit. En lukt het in die acht sessies die jullie hebben met de mensen om iemand weer op een andere gedachte te brengen? Ja, soms wel. Soms heb je er maar vijf nodig. Soms is het zo dat je acht sessies doet en dat je denkt, nou het lijkt me verstandig als je ook nog eventjes naar de huishoudstaat en je aanmeldt bij een therapeut, zodat je wat face-to-face contact hebt. Maar dat verschilt heel erg. Ja, oké. Wat zou jij zeggen tegen degene die het moeilijk hebben, maar niet durven te bellen of contact op te nemen met een juridicutel? Ja, als je het zo moeilijk hebt dat je echt aan zelfmoord denkt, zou ik je toch willen vertellen. Ik weet dat het heel erg moeilijk is, maar wij zijn er bij Enemarie. Wij weten dat praten over zelfmoord helpt. En je bent anoniem, het is een veilige omgeving. Dus we treden niet naar buiten met wat jij vertelt aan ons. Dus ik zou toch zeggen, neem de stap, want je hoeft het niet alleen te doen. Dankjewel Maike. Dank je wel. Nou, kijkers, jullie hebben gehoord, wat je vraag ook is, er is altijd wel iemand die hier staat om een antwoord op te geven. Dus zit je met iets, kun je altijd contact opnemen met 1in3.nl."
verzorgings-staat.mp3,interviews,NVIDIA Canary 1B v2,1.0339943915113314,"De verhoging van de AOW-leeftijd is onder druk van politiek protest en vakbonden van de baan. Maar het kabinet heeft de ruim 6 miljard aan bezuinigingen op onze sociale zekerheid nog niet opgegeven. We hebben het over de WW en de arbeidsoongeschiktheidsverzekering. Onacceptabel, zeggen vakbonden. En dus zal de polder weer om de tafel moeten. En de vraag is dan, wat voor een samenleving willen we nou, wetende dat Nederland is gebouwd op een sterke verzorgingsstaat? En wie betaalt uiteindelijk de prijs? Daarover praat ik deze week met vijf kopstukken in Beners Big Five van de Verzorgingsstaat onder druk. En vandaag is dat niemand minder dan Koen van Oostrom, sinds 1 mei de nieuwe voorzitter van de werkgeversvereniging VNO NCW. Van harte welkom. Goedemorgen. En heel leuk dat je weer terug bent bij de Big Five. Het is een paar jaar geleden dat ik hier was bij jou. Ja, zeker. En dat ging toen over de zelfmeet man en vrouwen. Want je bent iemand die zelfmeet is. Met eigenlijk weinig welvarend opgegroeid. En uiteindelijk ben je helemaal binnen als vastgoedman en projectontwikkelaar. En daar hebben we toen uitgebreid over gesproken. Is nog terug te luisteren. Ik heb het ook even teruggeluisterd. Het was echt hartstikke leuk. Mooi. Mooi. We gaan het nu over hele andere zaken hebben natuurlijk. Ook leuk. Ja, overigens ben je ook nog invloedrijk VVD, maar nu snurkend lid hè. Ja, dat werkt niet. Mijn achterbannen zitten duizenden bedrijven en die hebben hele verschillende politieke kleuren. En dus laat ik de kleur van de VVD even liggen. Want daar sta ik nu niet voor. Ik sta nu voor de bedrijven in Nederland. Maar is dat moeilijk? Want het lijkt me heel moeilijk om ermee eens snorken te zijn. Nee hoor, dat vind ik niet. En ik vind het eigenlijk ook heel erg leuk om nu de andere partijen beter te leren kennen. En ik heb wel een periode gehad dat ik daar een beetje soms naar keek en dacht: goh, wat gebeurt daar nou allemaal in die partijen? Maar als je dan beter kennis maakt, zelfs met mensen als Jesse Klaver en CDA D66, dan krijg je toch ook iets meer gevoel bij hun standpunten en hun achterbannen en hun gedachten. Dus dat is eigenlijk hartstikke leuk. Ja, leuk om daar meer over te horen. Ook over bijvoorbeeld Hans Peckman, die we ook later deze week te gast hebben, overigens. En we gaan natuurlijk over die verzorgingstraat praten, die onder druk staat. Maar eerst toch even het laatste nieuws waar de Telegraaf gisteren over heeft bericht. En dat is dat alle supermarkten het lidmaatschap van VNO en CV hebben opgezegd. Klopt het? Ja, dat klopt. Dat is vorig jaar gebeurd. Zoals je weet is WNO een enorme vereniging. Er zitten duizenden en duizenden leden. En er komen elk jaar heel veel leden bij. En er gaan helaas ook elk jaar wel weer een paar leden af. Dat had in dit geval te maken met een nieuw contributiestelsel. Nou, dat zijn dingen die gebeuren. En we zijn met z'n gesprek. Het is een beetje van voor mij tijd. Je wist dit al bij de overdracht. Bij de overdracht wist ik dit. En ik ben ermee aan het werk gegaan. En ik heb toevallig vorige week ook met vertegenwoordigers van de supermarkten gesproken. Eigenlijk een heel positief gesprek. En wat ik ontzettend leuk vind, dat zijn natuurlijk. Kruideniers zijn enorme ondernemers. En die vechten om elke euro al. En dat gebeurt ook. En ik ben ermee aan het werk gegaan. En ik heb toevallig vorige week ook met vertegenwoordigers van de supermarkten gesproken. Als je als lobbyorganisatie. Dit deel kwijtraakt, dan ben je echt wel kleiner in omvang. Dat is aan de ene kant waar. Aan de andere kant zien we een enorme toestroom van technologiebedrijven binnen ons huis. En daar is ook heel veel dynamiek. Daar werken ook heel erg veel mensen. Dus bij Saldo is het niet zo dat het een ramp is. Het is in het verleden overigens vaak gebeurd dat supermarkten wel of niet lid waren bij ons. Dus het is ook niet zo dat het nou de pijler is waar VNO op draagt. Maar wat ik wel wil zeggen is dat volgens mij het zo ontzettend belangrijk is in deze periode dat er een beetje eenheid is. Eenheid aan de werkgeverskant en ook eenheid aan de vakbondenkant. We hebben gezien dat daar in het verleden gedoe was. Als er rust is in de polder is het makkelijker om met elkaar te praten. Maar je wilt ze gewoon erbij houden. Dat is niet goed voor de beeldvorming. Ik denk dat hoe vollediger wij zijn namens het Nederlandse bedrijfsleven, hoe beter het is. Dus het was ook niet onze keuze om ze eruit te zetten. Ze zijn er zelf uitgegaan. En ik denk dat het in ieder geval niet verstandig is om het via de media te spelen. Ik denk dat het goed is om het gewoon in het juiste. Misschien was het zo hoog dat ze dachten: nu moeten we dit wel doen, want ze luisterden niet. Ja, klapelijk is dat dan vorig jaar gebeurd. En ik was toen nog niet de voorzitter, dus ik weet nu ook niet precies wat de dynamiek was. En of er sprake was van teleurstelling of zelfs boosheid op dat moment. Ik heb gezien dat er nu eigenlijk best wel wat productieve gesprekken met elkaar begonnen. En ik heb het ook een van de dingen gehoord, ik ben een zelfmeet ondernemer, en dan heb ik het wel goed voor ons gezorgd. En dan heb ik het heel anders ingezet. Ja, dus dat is een heel leuk verhaal, ik heb het ook een beetje een beetje een beetje een beetje een beetje een beetje een beetje een beetje een beetje een beetje een beetje een beetje een beetje een beetje een beetje een beetje een beetje een beetje een beetje een beetje een beetje een beetje een beetje een beetje een beetje een beetje een beetje een beetje een beetje een beetje een beetje een beetje een beetje een beetje een beetje een beetje een beetje een beetje een beetje een beetje een beetje een beetje een beetje een beetje een beetje een beetje een beetje een beetje een beetje een beetje een beetje een beetje een beetje een beetje een beetje een beetje een beetje een beetje een beetje een beetje een beetje een beetje een beetje een beetje een beetje een beetje een beetje een een een beetje een beetje een een beetje een beetje een beetje een een beetje een beetje een beetje een beetje een een een een een een een een een een een beetje een beetje een beetje een beetje een beetje een beetje een beetje een een beetje een beetje een beetje een een beetje een beetje een een een een beetje een beetje een beetje een een beetje een beetje een een een een een beetje een een een een een een een een een een een een een beetje een beetje een een een beetje een een een een een een een beetje een beetje een een een beetje een beetje een beetje een een een een beetje een beetje een beetje een een een een beetje een een een een een een een een En bij hem was het zo dat hij zei, ik heb daar een social business van gemaakt. Dus de opbrengsten daarvan gingen terug naar allerlei goede doelen. En dat typeert de ondernemer Hans Beckman. En ik ben de ondernemer Koe van Oostrom die andere keuzes heeft gemaakt. En die zijn niet goed of fout. Die zijn gewoon anders. En ik vind het wel heel erg leuk dat er nou eigenlijk twee ondernemers in de podden zitten. Ja, ontzettend leuk. En hij zat dus niet naar je te kijken, want ik weet dat je een hekel hebt aan het woord vastgoedmiljonair. Dat ben je. Heb je toch gezegd? Heb ik toch gezegd? Ja, dat is echt gemeen. Maar zo zat hij dus niet naar je te kijken. Nou, ik denk dat hij ook wel natuurlijk met belangstelling kijkt van, hé, wie zit daar nou? En dit is duidelijk geen bestuurder aan de kant van Venode. Dit is een ondernemer. Maar wat voor type ondernemer? En ik denk dat er altijd wel een beetje dan een vraag is: is het een ondernemer die alleen maar bezig is met een groot mogelijk vermogen? Of is het iemand die maatschappelijk betrokken is? Ik denk, ik wil geen jury over mezelf zijn, maar ik heb altijd geprobeerd, ook met de duurzaamheidszaken die ik gedaan heb, waar wij ook een aantal jaar geleden over hebben gesproken. Om juist ook een breder ondernemer te zijn die onderdeel is van de oplossing, niet van het probleem. Je vertelde toen dat je echt een switch hebt gemaakt. Dus dat je eerst wel was voor winnen, winnen, winnen en zoveel mogelijk omzetten. En uiteindelijk toch ook hebt geleerd dat je er anders naar moet kijken. Het leuke als ondernemer. Is als je succesvol bent dat je in een soort nieuwe wereld terechtkomt. Bij mij was dat dat ik mensen leren kennen zoals Peter Bakker, Vijke Siebesma, Paul Polman. Die op dat moment het Nederlandse bedrijfsleven leiden. En dat niet deden alleen maar met de agenda shareholder value. Maar ook met de agenda hoe kunnen we zorgen dat we een land sterker maken. Dat we sociale cohesie hebben. En dat we grote maatschappelijke problemen oplossen. En dat is altijd onderdeel geweest. Sorry, dat moet ik goed zeggen. Nadat ik hen heb leren kennen. Is dat onderdeel geworden van mijn portefeuille. En daarvoor was dat minder zo. Ik vind dat ook niet per se slecht. Ik kan me voorstellen dat een startende ondernemer. Eventjes een fase heeft dat hij eindimensionaal is. Hij moet namelijk een product bedenken wat beter is dan de producten om hem heen. En op het moment dat je daar een stap verder in bent, dan heb je iets meer ruimte om ook na te denken over hoe ik daar dan ook een positieve impact mee kan maken. En is dat misschien ook de reden dat je deze baan als voorman van VNO en CW juist zo mooi vindt? Omdat je dus daarmee ook meer kan creëren voor Nederland? Ja, in die zin is het een beetje een bekroning op dat werk wat ik heb gedaan. En ik was een beetje op zoek naar zoiets. Het is eigenlijk een beetje een beetje een beetje een beetje een mentor voor me in dat maatschappelijke. Ik weet het. Ik weet het. Ik weet het. Ik weet het. Ik weet het. Ik weet het. Ik weet het. Ik weet het. Ik weet het. Ik weet het. Ik weet het. Ik weet het. Ik weet het. Ik weet het. Ik weet het. Ik weet het. Ik weet het. Ik weet het. Ik weet het. Ik weet het. Ik weet het. Ik weet het. Ik weet het. Ik weet het. Ik weet het. Ik weet het. Ik weet het. Ik weet het. Ik weet het. Ik weet het. Ik weet het. Ik weet het. Ik weet het. Ik weet het. Ik weet het. Ik weet het. Ik weet het. Ik weet het. Ik weet het. Ik weet het. Ik weet het. Ik weet het. Ik weet het. Ik weet het. Ik weet het. Ik weet het. Ik weet het. Ik weet het. Ik weet het weet het. Ik weet het. Ik weet het. Ik weet het. Ik weet het. Ik weet het. Ik weet het. Ik weet het. Ik weet het. Ik weet het. Ik weet het weet het. Ik weet het. Ik weet het. Ik weet het. Ik weet het. Ik weet het. Ik weet het. Ik weet het. Ik weet het. Ik weet het weet het weet het. Ik weet het. Ik weet het. Ik weet het. Ik weet het. De Big Five. Diana Matroos. Mijn gast vandaag is Koen van Oostrum. Hij is de voorzitter van VNO NCW. En we gaan het natuurlijk hebben over de verzorgingsstaat onder druk. En in relatie daartoe ook de sociale zekerheid. Want dat is enorm actueel. Eerst even de vraag: wat heb jij überhaupt met de verzorgingsstaat? Wat natuurlijk drie pijlers heeft: de sociale zekerheid, gezondheidszorg, onderwijs, dat soort zaken. Ik vind dat wij in Nederland oprecht het allermooiste land in de hele wereld zijn. Ik vind dat dit zo'n bijzonder land is waar het zo. Waanzinnig goed gaat met heel veel zaken. En dan is die sociale zekerheid gewoon een van de pijlers die daaronder staat. En voor de goede orde, ondernemerschap is ook een pijler. En daar maak ik me op dit moment echt zorgen over. Maar die pijler sociale zekerheid, die pijler, het fatsoen wat wij hebben in Nederland. Dat als je om allerlei redenen uitvalt, en dat kan definitief zijn en dat kan tijdelijk zijn. Dat er dan een systeem is wat probeert om je te begeleiden, om je weer op je voeten te zetten. En weer zo mogelijk ook weer aan het werk te krijgen. Dat vind ik briljant dat we dat hebben. De vraag is wel een beetje of het systeem wat we vandaag hebben, met bijna een miljoen mensen in de via. Of dat nou het systeem is wat we nog steeds ons kunnen veroorloven. En of dat systeem is waar ik net van droomde, dat dat onderdeel is van dat hele mooie Nederland. Daar ben ik ook wel een beetje kritisch over. Toch, als het gaat over een aantal punten van de sociale zekerheid, hebben jullie natuurlijk met de AOW-leeftijd verhogen. Zijn jullie echt achter de bonden gaan staan? Ja, nou ik weet niet of het achter de bonden is. We staan vooral achter onszelf. Maar VNO heeft zijn handtekening gezet onder een groot akkoord. Die ging over de verhoging van die pensioenleeftijd. Dat heeft mijn voorgangster Ingrid Thijssen gedaan. Daar sta ik 100% achter. En ik vind ook dat als je zo'n lange termijn afspraak maakt. Waarbij het voor een aantal tijden ook echt wel pijn heeft gedaan. Dat was voor de bonden ook niet makkelijk om dat te slikken destijds. Ja, maar dan vind ik ook dat je dan ook een zekere loyaliteit aan zo'n transactie moet doen. Nou, een beetje als ondernemer is ook gewoon afspraak is afspraak. Dat is gewoon een helder beginsel in Nederland. En dat vind ik ook eigenlijk in dit geval. Weet je, is het dan nooit bespreekbaar? Natuurlijk, als de wereld helemaal zou veranderen, dan op een keer komt alles te bespreken. Maar je hebt misschien een alternatief, fiscalisering vandaag? Ja, de verwachtingen die we destijds hadden, toen we deze deal gedaan hebben, zijn ongeveer uitgekomen. Dus eigenlijk sterker nog, de leeftijdsgroei is iets minder geworden dan we hadden gedacht. Er is COVID doorheen gegaan, et cetera. En dan vind ik dat niet het onderwerp waar we nu over moeten praten. Dus daarvan heb je ook gezegd, het moet gewoon in de, wat was het, in de vrijezer of zoiets. Dat is veel meer dan de landen om ons heen. En daar moeten we eens goed naar kijken. En dan snappen we voldoende waar dat komt, want je ziet ook dat er heel veel jongeren daarbij vertegenwoordigd zijn, met psychische klachten. Want waarom zijn al die mensen zo. Als het om de psyche gaat. Ik vind dat precies de vraag die wij ons moeten stellen. En ik heb nog niet alle antwoorden. Wij werken keihard op dit moment binnen VNO, maar ik weet ook dat binnen de CER, Sociale Zaken als ministerie, is hiermee bezig. Kim Putter zou ik later deze week de gasten laten komen. Ook even een formidamelijk denker die heel goed en heel scherp kan formuleren waar dan echt het probleem zit. Maar jij noemde bijvoorbeeld de jonge mensen. Het is natuurlijk doodzonde dat iemand die dertig is en dat die in een burn-out terechtkomt en dat het niet lukt om die dan naar ander werk te begeleiden. Maar het kan zijn dat er sprake is van toch ook een beetje een arbeidsconflict of te veel druk. En misschien in de samenhang tussen privéleven en het werkende leven, dat daar dingen misgaan. Maar dat mensen dan in een situatie komen dat de kans bestaat dat ze nooit meer gaan werken, dat vind ik verschrikkelijk. Dat vind ik voor die mensen verschrikkelijk. Maar het bedrijfsleven heeft ook heel hard deze mensen nodig, omdat er nog steeds een tekort is aan arbeidskracht. Als we het voor elkaar krijgen dat deze groep, en niet allemaal, want er zitten mensen bij die andere dingen hebben waardoor ze echt niet meer inzetbaar zijn. Maar andere mensen zijn wel inzetbaar en die moeten benaderd worden. Maar is er dan een goede weg om te zeggen wat het kabinet wil, om daar dan 20% van af te halen? Kijk, wat ik heb geleerd in mijn zes weken dat ik al voorzitter ben, het is nog kort, maar wat ik in die zes weken heb geleerd, is dat op het moment dat je het woord bezuiniging hanteert, dan gaan overal de loopgraven dicht en dan gaan mensen met een hak in het zand en dan stopt een beetje de discussie en dan verhardt de discussie. Snap je daarin ook de bonden? Want die zijn heel blij met dat cadeau van die AOW-leeftijd, maar zeggen toch, ja, nee, we gaan toch weer staken, want dit moet ook van tafel. Straks heb ik het nog wel over de. De WW ook. Nou, over dat staken wil ik het zo nog even hebben. Want wat mij betreft was dat niet nodig geweest. Maar ik wil geen uitspraken doen over wat de bonden dan denken. Dat is misschien een vraag van vrijdag aan de Hongaarse. Nee, niet wat zij denken, maar dat je denkt, nou ja, ik begrijp het wel. Ik had het toch liever het gesprek wat meer open gehouden. Nogmaals, ik denk dat die stakingen niet nodig waren geweest. Maar waar het echt over gaat en waar ik denk dat ook Hans Beckman een partner gaat worden. Een miljoen mensen in de VIA is niet goed. Niet, laten we zeggen, voor zijn achterban, voor de werkende in Nederland. Niet voor de bedrijven en helemaal niet voor de overheid die daar helemaal geen geld voor heeft. Dan moeten we met elkaar kijken. Wat is nou de reden, precies de vraag die jij stelde, waarom gaan er zoveel mensen. Die via in. Wat is daar nou aan de hand? Is dat COVID geweest? Maar waarom zijn de getallen dan zoveel groter dan in andere landen waar ook COVID was? Heeft dat te maken met zijn veel vrouwen die net bevallen zijn, die in een burn-out terechtkomen? Wat is daar dan de problematiek? En kunnen werkgevers daar ook beter handelen? Ik neem de verantwoordelijkheid op mij om echt aan die werkgeverskant te kijken. Doen wij nu voldoende aan preventie? Hebben we goede regelingen? Wat is daar de discussie die wij aan kunnen? Het is helemaal niet zo dat wij alleen maar zeggen dat het probleem ligt bij het UWV. Ik denk overigens wel dat we het nu minder snel gaan op de begroting van de overheid. Als we in de tussentijd die economische groei. Aan kunnen zetten. En we kunnen zorgen dat we weer naar 2% economische groei gaan. En ik ben een beetje ondeugend, heel onambitieus. Ik denk zelfs dat we naar 3% economische groei zouden kunnen. Als we dat voor elkaar krijgen, dan hebben we die verhoging van de AOW-leeftijd helemaal niet meer nodig. Dus je zegt bezuinigingen, dat is nu het verkeerde woord. Maar sluit je bezuinigingen uit? Want er komt. Dat sluit helemaal niets uit. En ik vind ook dat. Ja, dat je realistisch moet zijn. Maar ik hoop in ieder geval dat we fundamentele veranderingen in de sociale zekerheid voor elkaar kunnen krijgen. Veel meer mensen aan het werk kunnen helpen. En als we dat kunnen doen, dan hebben we misschien, daar ben ik open in, Diana, dat misschien is er dan op korte termijn inderdaad nog wel een vraagstuk over de financiën. Maar die discussie wordt heel veel makkelijker als we weten dat er op termijn veel minder mensen in de BIA zitten. En ook in andere regelingen. En als we zien dat op termijn de economische groei hoger is. Want dan heb je misschien voor 2028 of 2029 dan nog eens een jaar waar er dan bijvoorbeeld een miljard tekortkomt. Ik noem maar even een willekeurig getal. En dan heb je misschien voor 2028 of 2029 dan nog eens een jaar waar dan ook echt een miljard te kort komt. Ik noem maar even een willekeurig getal. En dan heb je misschien ook nog eens een jaar waar dan ook een miljard te kort komt. Ik noem maar even een willekeurig getal. En dan heb je misschien voor 2028 of 2029 dan nog eens een jaar waar dan ook echt een miljard te kort komt. Ik noem maar even een willekeurig getal. Ja, en dan heb je misschien dat dan ook weer een heel veel meer. Ja, wellicht zijn er dan ook mogelijkheden. Maar ik ga niet op de stoel van de minister van Financiën zitten. Die is buitengewoon intelligent, weet heel goed hoe het spel werkt. Hij zegt gewoon, er moet rust komen in de polder en daarom is dit zo belangrijk. Dat is ook wel belangrijk. En ja, dan weet je wat ik ook vind, dat is dat als er dan toch nog een bezuiniging over zou blijven, en nogmaals, ik denk dat dat veel en veel kleiner zou kunnen worden, dan is het ook een beetje aan het kabinet. Want dan komen er allerlei woorden rond, van Venusgasbelasting tot allerlei andere termen. Ook het idee van Spekman, winstbelasting omhoog. Dat soort dingen, maar dan zou ik ook zeggen, nou dan is het ook even, als er dan toch nog ergens een gaatje zit, dat gaat dus dan vele malen kleiner. Als er dan nog iets over is, dan zou ik zeggen, nou dan is het ook even, als er dan toch nog ergens een gaatje zit, dan is het gat dus dan vele malen kleiner. En dan wordt het politiek. En ik vind dat de polder niet op de rol van de politiek moet overnemen. Om dat in te vullen."
hulpverleners.mp3,interviews,NVIDIA Canary 1B v2,1.2550553445559767,"Menal, zou je iets verder willen introduceren? Ja, mijn naam is Menal Amat. Ik werk als onderzoeker aan de Vrije Universiteit Amsterdam. Ik heb zelf een achtergrond in culturele antropologie. En in de afgelopen jaren heb ik dus een promotieonderzoek gedaan aan de Universiteit voor Humanistiek. Dankjewel. En kun je iets vertellen over de focus van het onderzoek en de noodzaak hiervan? Ja, in de afgelopen jaren, zoals ik al zei, heb ik onderzocht hoe mantelzorgers met een migratieachtergrond de zorg ervaren voor een familielid met dementie. En ik heb daarbij met name gekeken naar hoe de zorg gedeeld wordt binnen families en hoe de zorg gedeeld wordt tussen families en formele zorg. Daar was nog niet zoveel over bekend. Mantelzorgers met een migratieachtergrond worden heel weinig en te weinig meegenomen in dit soort onderzoek. De vergrijzing en toenemende diversiteit in westerse samenlevingen maakt de urgentie van dit onderzoek dus groot. Ik heb daarom een kwalitatief onderzoek uitgevoerd, vooral onder mantelzorgers en voor een kleiner deel onder zorg- en hulpverleners. Wat was er al wel bekend over zorg bij mensen met een migratieachtergrond en wat voegt jouw onderzoek daaraan toe? Wat al wel bekend was uit voorgaande onderzoeken is dat mantelzorgers met een migratieachtergrond minder gebruik maken van formele zorg. Dat kan te maken hebben met taalbarrières, discriminatie of bijvoorbeeld een gebrek aan kennis over dementie. In die voorgaande onderzoeken suggereren dan ook dat deze mantelzorgers vaak intensievere zorg geven en daardoor vaker overbelast zijn. Waar wij nog niet zoveel onderzoek naar gedaan hebben is hoe mantelzorgers met een migratieachtergrond het delen van de zorg ervaren en hoe die ervaringen gevormd worden door hun sociale omgeving. En door hun contacten met formele zorg. Zoals Savitri en Evelien in de video al vertelden, het geven van zorg is een complexe ervaring, vaak een emotionele en morele ervaring, die beïnvloed wordt door verschillende factoren. En binnen dit onderzoek heb ik dus geprobeerd om daar inzicht in te geven. En in je onderzoek ga je dus ook in op die emotionele ervaring van het geven van zorg. Wat zegt je onderzoek over het ervaren gevoelswereld van deze man de zorgers? De bevindingen laten zien dat het geven van zorg gedaan wordt vanuit twee sociale opvattingen of morele kaders, kun je zeggen. Die stellen dat je voor een ouder familielid hoort te zorgen. Het ene morele kader stelt dat je zorg geeft aan een ouder familielid uit liefde voor je ouders bijvoorbeeld, omdat ze bijvoorbeeld ook voor jou hebben gezorgd als kind. En het andere morele kader stelt dat je zorg geeft vanuit een verantwoordelijkheidsgevoel. Dus ook als je geen fijne relatie hebt gehad met je ouders. Deze opvattingen of morele kaders zijn al aanwezig in een samenleving. Maar vaak geeft slechts één vrouw in een gezin of in een familie je gehoor aan. Dat is vaak een dochter of een schoondochter. En met die morele kaders in gedachten neemt zij dus de meeste of alle zorg op zich. En doordat ze aan die morele kaders kan voldoen, geeft dat een gevoel van trots en kracht ook, dat ze de zorg kan geven. En dat zorgt er ook voor dat ze de zorg kan blijven geven. Dus het gehoor kunnen geven aan het morele kader van liefde voor je ouders en het morele kader van verantwoordelijkheidsgevoel geeft dus een gevoel van trots en kracht. En wat betekent dit voor delen van de zorg? Het betekent dat met die morele kaders in gedachten, de zorg of de mantelzorgrol langzaamaan een belangrijk deel van de identiteit van de mantelzorger wordt. Dat is zeker het geval wanneer de zorg niet gedeeld wordt binnen de familie. Om daarmee om te gaan, dus met een gebrek aan dat de zorg niet gedeeld wordt in de familie, wordt de mantelzorgrol afgezet tegen familieleden die geen zorg geven. Een mantelzorger kan dan denken van ik ben in ieder geval wel een betere dochter of een betere gelovige. dan familieleden die geen zorg geven. En dat is eigenlijk een manier van omgaan met gevoelens van overbelasting, maar vooral ook met gevoelens van teleurstelling in familieleden die geen zorg geven. Het onderzoek laat daarmee dus ook zien dat het geven van zorgen een hele emotionele en morele ervaring is. En om de ervaringen en behoeften van mantelzorg te begrijpen, heb je ook gebruik gemaakt van intersectionaliteit. Wat zijn hierbij de belangrijkste bevindingen? Wat vooral naar voren komt, is dat iemands migratiegeschiedenis, dus hoe iemand gemigreerd is. En de sociale klasse waarin iemand is opgegroeid, zal een grote invloed zijn op het verkrijgen van vaardigheden die van belang zijn bij het organiseren en het delen van de zorg. Maar wat dit in de praktijk betekent, verschilt per mantelzorger. Omdat andere sociale factoren of andere aspecten van iemands identiteit en iemands levensgeschiedenis ook beïnvloeden hoe de zorg ervaren wordt, hoe de zorg gedeeld wordt. Denk bijvoorbeeld aan iemands positie in de familie, of er een sociaal netwerk is of niet. En bijvoorbeeld wat voor rol religie speelt in iemands leven. Dus je zegt dus eigenlijk dat iedere mantelzorger andere levenservaringen heeft en daardoor dus ook andere behoeftes heeft bij het delen van zorg. Klopt dat? Ja, dat klopt. Het onderzoek laat daarmee dus ook zien dat we ons niet moeten blind staren op de cultuur en etniciteit van mantelzorgers. Maar in plaats daarvan iedere mantelzorger te zien als een uniek individu met verschillende ervaringen heeft en waarvan de achtergrond eigenlijk heel complex is. En die beïnvloeden de manier waarop. De zorg ervaart en de behoefte die iemand nodig heeft. Dus het is heel belangrijk om te kijken naar de persoon die tegen je over zit als professional. In plaats van labels te plakken op mantelzorgers door ze te zien als onderdeel van een culturele groep. Ja, en je hebt ook met zorg- en hulpverleners gesproken. Wat kwam hieruit naar voren? Wat vooral naar voren kwam is dat zorg- en hulpverleners in het contact met mantelzorgers en families het vooral belangrijk vinden dat er een gevoel van nabijheid is. Want dat is nodig om de zorg te kunnen delen. Is het heel belangrijk dat er ook een gevoel van begrip en vertrouwen is tussen mantelzorger en professional. Maar bij mantelzorgers met een migratieachtergrond, in hun contacten daarmee, wordt dit gevoel van nabijheid vaak verhinderd. Ook mantelzorgers ervaren vaak een gevoel van afstand, waardoor nabijheid en vertrouwen eigenlijk niet mogelijk is. En dat leidt er dus vaak toe dat professionals deze mantelzorgers niet verder kunnen helpen en dat ze dus vast raken in hun werk. Daarnaast kwam naar voren dat professionals in hun werk heel erg uitgaan van een vragensturen benadering. Evelien vertelde het ook al eventjes. En in deze benadering wordt de regie heel erg bij de mantelzorger gelegd. Dus het is aan de mantelzorger om de hulpvraag te formuleren. Maar vaak werkt dat gewoon niet zo. En ik weet nog dat een paar professionals me ook vertelden dat wanneer een mantelzorger de hulpvraag niet formuleert of aangeeft geen hulp nodig te hebben, dat de professional het dan ook moeilijker vindt om een mailtje te sturen of om even te bellen om te zien hoe het gaat. Want dan zou je misschien als professional opdringerig overkomen, want het past niet binnen een vraagstuurde aanpak. Maar deze aanpak werkt vaak niet wanneer er geen vertrouwen is. Want iemand zal de hulpvraag gewoon minder snel formuleren wanneer er geen gevoel van vertrouwen is en nabijheid. Daarnaast werkt deze aanpak ook niet wanneer een mantelzorger bijvoorbeeld geen kennis heeft van dementie. Dus ze gewoon niet weet wat dementie is. En ook niet op de hoogte is van wat de mogelijkheden voor ondersteuning zijn. In de breakout sessie zal ik daar wat verder op ingaan. Maar wat vooral naar voren komt uit het onderzoek is dat deze aanpak er echt vaak toe leidt dat professionals vast komen te zitten in hun werk. Waardoor vervolgens mantelzorgers ook niet. ondersteund worden in het delen van de zorg. Ja, dus je gaat in op die nabijheid en vraaggerichte aanpak. En als dat niet wordt bereikt, wat gebeurt er dan? Ja, wanneer dat gebeurt, zag ik dat het vaak gerelateerd wordt aan culturele verschillen. Dus het contact lukt niet. Het eerste waar professionals vaak aan denken, niet altijd, maar vaak wel, dat het te maken heeft met culturele verschillen. Dat gebeurt doordat professionals het contact met mantelzorgers met een migratieachtergrond vaak vergelijken met mantelzorgers uit de meerderheidspopulatie, waarbij het contact vaak wat makkelijker gaat. Maar op die manier worden deze mantelzorgers als de ander gezien, waarmee het heel moeilijk is om contact mee te maken, omdat ze de cultuur niet zouden kennen. Zo is die gedachtegang dan. Daarnaast wordt ook vaak aangenomen, wat Evelien al eigenlijk vertelde en Salitri, dat wanneer mantelzorgers niet om formele hulp vragen, ook al snel wordt aangenomen dat dat niet gebeurt, omdat mantelzorgers met een migratieachtergrond nou eenmaal liever zelf zorg geven of nou eenmaal liever binnen het eigen sociale netwerk hun probleem oplossen of op zoek gaan naar ondersteuning. Behalve dat dat niet overeenkomt met de ervaringen van de mantelzorgers die ik sprak, leidden deze manieren van denken er vaak toe dat professionals vastlopen in hun manier van werken. En ze ervaren daardoor ook vaak een soort handelingsverlegenheid, waardoor ze ook een beetje terughoudend zijn in het doorvragen bijvoorbeeld. En daardoor komen veel vraagstukken niet op tafel en wordt het delen van de zorg dus verder belemmerd. En een paar professionals die ik sprak hadden wel andere manieren gevonden om toch verbinding te maken met mantelzorgers en obstakels te overkomen. De meeste professionals die ik sprak hadden het toch vaak over dit soort obstakels die ze tegenkwamen in hun contact met mantelzorgers met een migratieachtergrond. En dan komen we al bij de laatste vraag. Hoe kunnen zorg- en hulpverleners die nu ook meekijken, mantelzorgers met een migratieachtergrond ondersteunen? Vaak wordt gedacht dat er gezocht wordt naar concrete formules of concrete handvatten bij het delen van de zorg met families en mantelzorgers met een migratieachtergrond. Maar die zijn er niet en die kunnen er volgens mij ook niet zijn, want het gaat altijd om maatwerk. Van een aantal professionals hoorde ik bijvoorbeeld dat ze het fijn zouden vinden als er een boek was met een overzicht van verschillende culturele gebruikers per culturele groep, zodat ze hun contacten met mantelzorgers met een migratieachtergrond daar vervolgens op kunnen afstemmen. Maar zoiets werkt niet. Dat zou gewoonweg niet werken omdat mensen veel meer zijn dan de culturele groep waar ze toe behoren. Wat wel kan helpen is om geen culturele labels op mantelzorgers te plakken, maar om open en nieuwsgierig het gesprek aan te gaan. En zoals ik al zei, het is altijd heel belangrijk om te kijken naar de mens die tegenover je zit en je af te vragen hoe iemand is opgegroeid, hoe lang woont iemand in Nederland, zijn er sociale netwerken of niet, et cetera. Er zijn heel veel vragen die belangrijk zijn om de achtergrond en de levensgeschiedenis van de mantelzorger helder te kunnen krijgen. Dit soort aspecten spelen allemaal mee in hoe de behoeften zijn. En daarin bedoel ik ook dus dat het belangrijk is om contact of verbinding te maken met de leefwereld van mantelzorgers, want zij zijn een enorme bron aan kennis. En zij weten als geen ander hoe de ouderen met dementie geleefd heeft en wat de behoeften zijn in de zorg. Dus vooral het gesprek aangaan met mantelzorgers. Wat daarna heel belangrijk is, is dat professionals zich ook bewust zijn van hun eigen referentiekader. Wanneer we het hebben over mantelzorgers met een migratieachtergrond, gaat het vaak over de cultuur van de ander. Maar professionals hebben ook een cultuur natuurlijk. Ze hebben ook een professionele bagage en ze nemen ook zichzelf mee in het werk dat ze doen. Dus het is heel belangrijk dat ze daar bewust van zijn, want objectieve hulpverlening is er niet. We komen allemaal ergens vandaan, zijn allemaal met bepaalde normen en ervaringen opgegroeid en die kleuren de manier waarop je zorg situaties in dit geval ziet en benadert. Dus in het contact met mantelzorgers denk ik dat het heel belangrijk is dat professionals zich constant afvragen met welke bril kijk ik naar deze zorg situatie of naar deze mantelzorger. Het is natuurlijk ook belangrijk dat professionals gesteund worden hierin door de organisaties waar ze werken. En dat zou kunnen door diversiteit en inclusie als aandachtspunten nemen. Dankjewel, Medal, voor dit gesprek. We kijken heel erg uit naar jouw promotie half november. Mocht je daarbij willen zijn, stuur dan ook een berichtje naar Vares en dan linken we je door voor de online sessie."
ouderen-zorg.mp3,interviews,NVIDIA Canary 1B v2,0.4961713533013543,"Welkom Sherine bij de podcast van Degzorg. Leuk dat je er bent, dat ten eerste. Kan je uitleggen wat jij doet in de ouderenzorg en hoe je er destijds bent begonnen? Ja, gewoon even een kort voorstel rondje eigenlijk. Ja, nou mijn naam is Sherine, ik ben 31 jaar en ik werk al 13 jaar in de ouderenzorg. Toen de tijd begonnen als receptioniste, als voedingsmedewerker en ook in de keuken. Ik was toen best wel jong, ik was uit mijn hoofd 17 toen ik daar kwam te werken, want ik heb mijn middelbare schooldiploma niet gehaald. En ik merkte al heel gauw aan mezelf dat ik ouderszorg heel erg leuk vond. En toen ben ik opleidingen gaan doen. Toen ik op de middelbare school zat, deed ik zorg en welzijn. En dan moet je natuurlijk stages gaan lopen. En ik vond het met kinderarbeid ook heel erg leuk. Maar toen heb ik stage gelopen in de ouderenzorg. Voor een soort dunfestage voor twee weken. En toen merkte ik heel gauw aan mezelf dat ik het heel erg interessant vond. En gewoon leuk om met mensen te mogen te werken. Zeker op die leeftijd. Want ze hebben vaak een heel mooi verhaal met zich mee. En toen was ik inderdaad 17 dat ik al kwam te werken in de ouderenzorg. Alleen vond ik het heel spannend. En er werd al heel snel gezegd van ja. Ga je nou echt willen wassen? Want dat is dan waar het werk uit bestaat volgens heel veel mensen. Dus dat heeft me toen de tijd wel heel erg tegengehouden eigenlijk. Tot ik inderdaad een jaar of twintig was en dat ik toen eigenlijk wel gewoon de stap heb gemaakt. Ik dacht, ik wil gewoon wel echt meer kunnen betekenen voor deze doelgroep. Ja, begrijpelijk. Want zeg maar, toen jij zo jong in de oudere zorg begon, voelde je dat de begeleiding toen best goed was? Of viel dat wel echt vies tegen? Nee, dat viel toen de tijd wel een beetje tegen inderdaad. Want ik wist dat er bij mij veel meer in mijn mars zat en zo iedereen om me heen eigenlijk die dat wel inzag. Alleen dat werd best wel tegengehouden omdat het heel erg werd gezegd, ja maar je gaat willen wassen. Het werd daar zo erg de focus op gelegd en het is zoveel meer dan dat. Tuurlijk, het hoort erbij, absoluut, maar het is zoveel meer dan dat. Dus ik ben wel blij dat ik uiteindelijk gewoon mijn eigen plan heb getrokken en dat ik stapsgewijs hoger op ben gekomen. Zelf ben je nu werkende als IGR en EVVR. En wat houdt er dan op zich precies in? De functie verzorgen in IG bestaat voor individuele gezondheidszorg. Dat houdt in dat je de cliënt benadert naar zijn of haar wens en behoefte. Dat je diegene echt als een individu ziet. Verzorgen in IG houdt in dat je verplichtheidshandelingen mag uitvoeren, dat je daarvoor bevoegd en bekwaam bent. Ook medische handelingen, persoonlijke verzorging, ADL zoals wij dat noemen. Dat betekent algemene dagelijkse levensrichtingen. Dus dat houdt in van het wassen en aankleden tot iemand douchen en alles wat ertussen invalt. Ik mag medicijnen uitzetten en ook uiteraard toedienen aan de bewoners. Wij zeggen graag bewoners. Je singuleert en observeert ook je bewoner. En bij bijzonderheden rapporteer je dat in het dossier. Elke bewoner heeft een eigen dossier met een eigen plan, met doelen daarin. En wat het verschil dan is met EVVR, wat ik dan ook ben, is. Ja, dat betekent eerst de verzorgende verantwoordelijke. Dat ik verantwoordelijk ben voor een x aantal bewoners en daarvan dan ook de dossiers bijhoud. En dat ik het aanspreekpunt ben voor de bewoner, maar ook voor de familie. En daarnaast, ik zorg ervoor dat de plannen ook in orde blijven. Dat ik daarvoor ook gesprekken inplan, zorg-leefplangesprekken zoals dat heet. Voorafgaand heb je dan vaak een MDO, een multidisciplinair overleg. En daar betrek je dan ook de arts bij, SOG-specialist, oudere geneeskunde. Maar ook bijvoorbeeld een fysiotherapeut, een ergotherapeut, een logopedist. Die hebben we ook allemaal rondlopen bij mij in het huis. Die daarvoor kan benaderen. En dan zorg ik er ook voor dat als er bijzonderheden zijn, dat het wordt vernoemd in het zorgplan. Ja, want ik hoorde jou net over dat jij ook zelf de dossiers bijhoudt. En ik hoorde jou net ook praten over doelen. Bedenk jij ook de doelen voor de cliënten? Dus wat ze willen bereiken en waar ze aan moeten werken. En wat voor doelen zijn dat dan? Onze organisatie is er zo op ingericht dat je de vier levensdomeinen hebt. Eentje daarvan is bijvoorbeeld woning-leefomstandigheden, ook participatie. Ik kan wel een voorbeeld geven. Stel iemand die komt binnen met een CVA in de volks. Volgens Broerte. Kan het een doel zijn dat iemand weer 10 meter wil lopen met een rollaator? Stel iemand kan helemaal niet meer lopen of moeilijk lopen. Dan heb je natuurlijk gelukkig je ergoninvisio die daarin meekijken. Maar dan is bijvoorbeeld een doel dat iemand 10 meter kan lopen met een rollaator. Ja, dat zijn wel mooie dingen. En zeg maar, in wat voor omstandigheden zijn dat allemaal? Want ik denk, ik neem aan als iemand niet meer kan lopen, dat het in een instelling is of in een organisatie is. Maar doe jij ook buiten de organisatie dingen, bijvoorbeeld in huis? Of wat is eigenlijk jouw werkomgeving? Mijn werkomgeving is een woonzorgcentrum, verpleeghuis, verzorghuis. En onze bewoners die wonen ook echt bij ons en krijgen ook 24 uur per dag zorg. En als jij bijvoorbeeld die cliënt hebt die dan bijvoorbeeld wat jij aangaf niet meer kan lopen en hij kan wel in één keer door goed doorzettingsvermogen wel weer 10 meter lopen, wat voor voor toeling haal jij dan dan zeg maar uit? Ja, trots wel. Ja, het maakt dat je echt trots bent. Ja, zeker, zeker. De bewoners die wij binnenkrijgen, die komen niet voor niks bij ons binnen. En soms komen ze uit hele schijnende situaties. Vaak vanuit thuis, ook wel vanuit de revalidatie dat ze doorstromen naar ons. Je ziet iemand helemaal opbloeien. Je ziet dat het goed doet voor diegene dat ze onder de mensen zijn en dat ze maaktjes kunnen vinden op de afdeling. Zowel met personeel, maar ook met medebewoners. En ik heb al vaak al heel veel gevallen gezien. Gevallen, dat klinkt zo negatief. Ik heb al heel vaak gezien dat iemand dan binnenkomt en gewoon met de maanden heel erg opbloeit en inderdaad weer hele stukken kan lopen. Of stel iemand die is binnengekomen met ondervoeding. Dat iemand gewoon bij ons flink aan het eten is en goed aan het aankomen is. In overleg over die diëtisme natuurlijk. Dat is mooi. Want je zegt, ze zoeken onderling ook wel contact met elkaar tussen de cliënten. Dus je ziet ook wel dat er echt banden worden gelegd tussen de cliënten zelf. Met andere cliënten. Is dat belangrijk in de organisatie zelf, dat dat veel gebeurt, dat er echt ook samenhang is? Zeker, zeker. Iedereen is natuurlijk wel een individu en we proberen wel de bewoner daarin vrij te laten, wat diegene zelf wil. Maar als je inderdaad inziet of het is ook benoemd bij het eerste gesprek of tussendoor dat iemand behoefte heeft aan een praatje of spelletjes te doen of contacten te leggen met medebewoners, dan willen wij daar wel in sturen inderdaad. En ook kijken van nou, waar willen we dan diegene in de huiskamer neerzetten, dat ze aanspraak hebben. We hebben ook heel veel activiteiten bij mij in huis, dus dat is ook wel heel erg fijn. Dat ze dan ook contacten kunnen leggen, ook met andere etages in het huis. Wat voor activiteiten moet ik dan aan denken? Oeh, heel erg verschillend. We hebben wekelijks een wandelgroep waarvoor je kan opgeven. Maar we hebben ook een soort van miniconcertjes, als het ware. Dat er inderdaad artiesten komen optreden. Gewoon een gezellige activiteit om samen ook contact te leggen, gokken of niet. Want zodra er zo'n activiteit is, zijn er sommige activiteiten, bijvoorbeeld wandelen, zijn die activiteiten dan ook echt gericht om met bijvoorbeeld een cliënt goed even sprek te gaan? Ja, niet per se. Ook natuurlijk gewoon beweging en lekker buiten zijn. Maar je kan ook gelukkig zeer zeker mee in een rolstoel. Maar je gaat natuurlijk wel een leuk praatje maken. Ja, zeker. Want dan zal jij ook wel vast wel, ben je al geweigerd dat cliënten heftige verhalen vertellen aan jou? Hoe kijk jij daar tegenaan? En hoe neem je dat mee in je werk? Als een bewoner aan mij een persoonlijk verhaal vertelt, bied ik altijd een luisterende oor. Ik oordeel niet. Ik hoop altijd dat ik de zekerheid geef aan een bewoner dat het pijnlijk is bij mij. Dat ze dit delen. En dat vind ik ook wat mooi van mijn werk. Kan dat soms zwaar zijn, denk je? De werk, niet de werkdruk, maar meer de druk die opstaat omdat het best een heftig beroep is. En je het niet mee naar huis gaat nemen. Ook zei ik, heb je dat niet ervaren zo? Ja, nee, je wel, je wel zeker. We zijn natuurlijk allemaal mensen. Je kan het wel eens meenemen naar huis, zeker. Ja, absoluut. Maar ik probeer wel altijd voor mezelf, zodra ik dan de deur uitstap, dat ik denk: oké, de werkdag is voorbij. Ik probeer het af te sluiten, inderdaad. Ik heb gelukkig een heel fijn team waarin ik werk. Je kan het ook onderling bespreken. Stelt dus echt heel erg heftig. Wordt dat ook genoeg gedaan, zeg maar, onderling nog gepraat? Nadat het bijvoorbeeld een heftige casus is geweest? Of wordt dat goed besproken? Ja, zeker. We weten elkaar altijd wel goed te vinden daarin. Ja, en elk gevoel mag er dan ook wel zijn, zeg maar. Ja. Wat kan je als ons meenemen in, zeg maar? Hoe jouw typische werkdag er een beetje uitziet. De zorg is natuurlijk altijd anders. En werkdag is nooit hetzelfde. Maar kan je ons ongeveer een beetje omschrijven hoe een typische werkdag voor jou eruit ziet? Ja, zeker. Geen enkele werkdag is inderdaad hetzelfde. Ik draai voornamelijk avonddiensten. Dan begin ik om kwart voor drie in de middag. En dan begin ik vaak gewoon met een kopje koffie achter de computer. En dan ga ik me inlezen in de dossiers, de rapportages. Ik zet natuurlijk mijn werktelefoon aan, zodat ik de belletjes in de gaten kan houden die binnen kunnen komen. Dan hebben we de mondelingenoverdracht met de dagdienst. En zodra hun vertrokken zijn, dan doe ik mijn ronde. Soms moet je bewoners uit bed halen of heb je een toiletronde. Dan tegen vijf uur om erbij begin je met medicijnen uitzetten. En die deel je dan ook gelijk uit op dat moment. Dan gaan de bewoners eten en wij helpen dan ook de voedingsassistent met het uitdelen van het eten. Dan hebben wij pauze van de zorg. En dan heb je de eerste ronde, zoals wij dat altijd zeggen. Met bewoners naar bed helpen en begeleiden. Op mijn etage heb je best wel een hele complexe zorgsituatie. Met heel veel bewoners die wij het liefst met z'n tweeën helpen. Want dat is voor ons wel zo prettig, maar ook voor de bewoner. Om daar met z'n tweeën aan het bed te staan. Dus dan maken we ook een verdeling wie de tweetjes doet, zoals wij dat zeggen. En wie dan de lopertjes doet. Ja, zo noemen wij dat. En ik denk dat heel veel mensen dat ook wel herkennen, hoe ik het nu benoem. Dan heb je de eerste ronde. Je evalueert dus door van hoe gaan we? Gaan we goed? Zijn er bijzonderheden? Dan hebben we koffiepauze. En na de koffiepauze heb je dan de laatste ronde. Dan ga ik vaak ook weer medicijnen delen, om een uurtje of negen. Gaan mijn collega's dan de zorg in? En soms andersom, soms ga ik de zorg in en doe ik mijn collega de medicijnen. En dan. Uiteindelijk rapporteer je al je bevindingen in het dossier en sluit je alles af en laat je alles netjes achter. Ja, en dit klinkt zeg maar wel als een beroep die nog wel. Doen is en dat jij niet veel stress ervaart, zoals je het nu vertelt. Zijn er factoren waardoor dit voor jou echt een stressvolle baan is eigenlijk? Ja, zeker. Het personeeltekort, en dat is natuurlijk landelijk. Hebben niet alleen wij als organisatie mee te maken. En dat is lastig, want mijn afdeling is officieel een somatische afdeling, zoals dat heet. Het houdt in dat bewoners zouden komen te wonen met lichamelijke aandoeningen. Maar inmiddels is dat een mengelmoesje met vaak toch wel PG, psychogeriatrie. Dementia. Elke afdeling in de ouderenzorg is erop ingericht dat je een x aantal medewerkers nodig hebt voor de zorgzwaarte die op dat moment is op de afdeling. Roosters zijn soms heel lastig rond te boxen. En wat het dan inderdaad niet makkelijker maakt, is dat mijn afdeling inderdaad wel heel complex is momenteel. Dat je niet met vast personeel werkt, dus wel vaak uitzendkrachten of zZP'ers. En zeg maar, als jij zegt je werkt met uitzendkrachten en zZP'ers, merk je dan ook dat die zZP'ers die dan in de instellingen komen, minder goed zijn opgeleid en minder goed in een functie passen dan iemand die daar bijvoorbeeld wel is opgeleid. Dat je dienst is bij zo'n organisatie? Nee, dat niet. Want in principe heeft elke CSP-er dezelfde opleiding genoten. Mits je bijvoorbeeld helpende bent of verpleegkundige, natuurlijk stap je hoger. Maar je merkt wel dat je het liefst iemand wilt hebben die bekend is op de afdeling. Dus ook bekend is met de bewoners. Dat je ook echt goed op de zorgvragen kan inspelen. Mijn verantwoordelijkheidsgevoel is best wel hoog tegenover de bewoners. Dus ik probeer vaak alle ballen hoog te houden. Uiteraard wel te delegeren, maar soms moet je loslaten. En dat is moeilijk inderdaad. Want dan hoop je maar gewoon inderdaad dat alle zorg goed verloopt. Ondanks dat je bijvoorbeeld een looproute meegeeft of het een en ander vertelt over de bewoner. Eigenschappen die je eigenlijk moet hebben om echt wel jouw beroep goed uit te voeren? Empathisch vermogen. Inleving vermogen ook. Een zorghard. Dat je ook echt zorg draagt voor je bewoner. Je moet goed met mensen kunnen werken, uiteraard. Goed samen kunnen werken. Maar ik vind toch wel meest empathisch. Hoe ga je om met situaties of agressief gedrag van een cliënt? Rustig te blijven en professioneel te handelen. Vaak komt agressiviteit voort uit onbegrepen gedrag. Stel iemand is demeterend, maar ook vaak uit frustratie vanuit die bewoner. Ik probeer het niet te bagatelliseren, ik probeer een luisteraar het oor te bieden. Uiteraard wel mijn grenzen aan te geven. Mijn organisatie geeft ook training hiervoor, weer bijstrainingen. En je hebt ook e-learnings die je hiervoor kan volgen, om het wel meer onder de aandacht te brengen. Wij werken ook met MIC-meldingen, melding incident client. Die melding maak je online in het dossier van de bewoner wanneer het te ver gaat. Mocht een melding vaak voorkomen, dan gaat de leider even hiermee aan de slag, of de verpleegkundige, of allebei. Waar dan het eufel precies ligt en wat we hiermee kunnen. Maar het voornaamste is uiteindelijk toch wel gewoon rustig blijven en professioneel. Gebeurt het veel dat er agressie op de werkvloer voorkomt? En gebeurt het dan op wekelijkse basis, maandelijkse basis? Waar moeten we zeggen, waar wees je aan denken? Ja, in mijn organisatie waar ik werk, gelukkig niet heel vaak. Het is wel voorgekomen. Ik heb zelf ook wel wat in het verleden meegemaakt. Een voorbeeld doen? Ja, praat ik wel over een aantal jaar geleden dat er een bewoner bij ons kwam te overlijden. En familie was het niet eens met mijn handelen, terwijl ik het wel in overleg had gedaan met familie in eerste instantie en uiteraard met de arts. Arts is altijd leidend. Ik doe nooit zomaar iets zonder dat een arts daar zich overheen heeft gebogen. En achteraf was familie dus niet blij hiermee. En ja, dat is toen wel een beetje uit de hand gelopen en dat ik ook wel flink ben uitgescholden op dat moment. Dat is wel heftig. Maar je hebt heel erg te maken natuurlijk ook met de familie wat je aangeeft. Zeker, ja. Hoe ga je daarmee om? Want soms heb jij misschien het beste voor met een cliënt en denkt de familie dan anders over wat je of zij al aangeeft. Ik probeer altijd de situatie te begrijpen waar iemand vandaan komt. Ik kan het me ook voorstellen dat het lastig is als je moeder of vader, je oom of je tante, noem het, bij ons komt te wonen en dat je samen moet werken. Ik probeer altijd een luisteraar te bieden. Ja, horen wat de wensen zijn, maar ook wel wat haalbaar is. Ja, en het gesprek aangaan, want je wil het samen doen. Ja, dat zijn natuurlijk hele heftige situaties waar je, zeg maar, in belandt. toen jij begon met je zorgopleiding. Had jij verwacht dat dit ook bij de zorg komt kijken? Of was je er totaal niet van bewust? Ik ben toen de tijd begonnen met mijn helpenopleiding in de thuiszorg. En daar heb ik gelukkig geen agressieve cliënten gehad. Dat kwam inderdaad pas een beetje dat ik intramuraal ging werken, dus echt in een verzorgingshuis. Je hoort het wel, want er wordt echt wel over gesproken, maar ik had het zelf nog nooit meegemaakt. En totdat je het zelf niet hebt meegemaakt, dan is het ook wel een beetje een grijs gebied. Maar ik merk wel dat er steeds meer aandacht voor is. Stel iemand luistert dit en die denkt, ah, dat vind ik een toch beroep. die wat de route gaan volgen om IGR te gaan worden. Hoe kunnen ze die route gaan volgen? En daar kun je al wat dingen over uitleggen? Je kan de route belopen die ik heb gedaan toen de tijd. Ik was natuurlijk 17 toen ik kwam te werken in ouderenzorg, maar ik had geen middelbare schooldiploma. Dus ik had eerst mijn niveau 1 afgerond, dat is gewoon zorg en welzijn. Tegenwoordig heet dat zorgassistent. Toen vervolgens niveau 2, dat is dan de helpende. En dan heb je ook de helpende plus. Dat houdt in dat je medicijnen mag verstrekken, bakstermedicatie, dat is dan al voorverpak vanuit de apotheek. Dan heb je inderdaad de verzorgende opleiding, dat is dan niveau 3, wat ik dan inderdaad heb gedaan. En ik heb er gewoon stapsgewijs me zo omhoog gewerkt. Ik neem aan dat er genoeg hele grote organisaties zijn die vaak wel heel veel reclame maken. En het zorgpersoneel, ja, die heeft dan een tekort. En ik merk wel dat organisaties toegankelijker zijn en ook kijken naar de persoon zelf dan naar het papiertje, die ze wellicht niet hebben. Trek gewoon de stoute schoen aan en loop naar het huis binnen, stuur een mailtje, vind het telefoonnummer. Deels door het grote personeelstekort dat ze gewoon walkkracht tekort komen, waardoor ze ook wellicht binnen de hoogopgeleide mensen ook aannemen. Ja, maar ook de vergrijzing, die is natuurlijk enorm in Nederland. En ik merk bijvoorbeeld wel heel erg in mijn organisatie dat. Een zorgassistent of een voelingsmedewerker zich aan het opwerken is tot helpende of verzorgende en soms zelfs verpleegkundige. Ja, wat zou je zeggen tegen mensen die twijfelen om in de zorg te gaan werken? Ja, kom een dagje meelopen. De oudere zorg is echt heel erg leuk. Het is enorm voldoende werk om te doen. Trek gewoon de stouten schoenen aan en ga naar de eerste, beste grote organisatie die je in de buurt hebt. Ja, kom vooral een dagje meekijken, want dan zie je denk ik echt wel het beste wat ons werk inhoudt en wat je zo doet op een dag, wat je kan betekenen voor een bewoner. Ja, en gewoon doen. Wat kunnen organisaties. Volgens jou beter doen om nieuwe mensen aan te trekken dan? Hoe kunnen organisaties zichzelf nog aantrekkelijker maken om nieuw personeel of studenten te werven? Ik merk dat mijn organisatie tegenwoordig op social media toch wel zit. Dat je ze voorbij ziet komen op Instagram. Met ook echt wel een hele leuke quote. Die ze dan gebruiken om echt jongeren aan te trekken. Zo ook op Facebook natuurlijk. En dat doen ze goed, want ik denk dat de jongeren inderdaad, laten we zeggen 16 plus, totaal geen weet heeft. En ik wil natuurlijk niet iedereen over één kam scheren. Wat de zorg nou precies inhoudt. En dan in mijn geval oudere zorg. Dus ik denk dat het op die manier wel aantrekkelijk wordt gemaakt van, hé, kom werken bij ons. Om even terug te komen naar het stukje, zeg maar, social media waar je net over vertelde. Wat voor content plaatst jouw organisatie dan om wel zichtbaar te zijn en waar moeten we dan aan denken? Stories. Tenminste, als je dan stories aanklikt, dan heb je natuurlijk reclame tussendoor, dan zag ik mijn organisatie voorbij komen. Ook in je feed, als je aan het scrollen bent, heb je natuurlijk ook reclame, dan zag ik ze ook voorbij komen. Hoe belangrijk denk jij, zeg maar, dat bijvoorbeeld een foto ten opzichte van een video is voor jouw organisatie? Ik denk dat een video wel iets meer kan laten zien wat het inhoudt. Ja, een foto is natuurlijk maar een foto. Stel je hebt een kort filmpje van misschien 10 tot 15 seconden, denk ik wel dat je iemand wat sneller over de streep kan halen. Waar loop jij in de praktijk het meest tegenaan als het gaat om goede zorg geven? Ja, het meest zeggen aanlopen, om eerst aan de positieve kant te bekijken. Ken je bewoner? Leer je bewoner ook echt kennen? Dus praat met de bewoner, leer de familie kennen, spitte dossiers door. Doe je dat niet of heb je inderdaad minder kennis, of nou nee, niet minder kennis, maar ben je inderdaad de CSSP bijvoorbeeld, ja, dan kan je daar wel tegen aanlopen dat je minder goede zorg kan bieden. Ja, lastig. Ja, en dat is een probleem wat niet op te lossen is, maar gewoon het personeeltekort toch, ja, maar dat kan je niet veranderen. Nee. Ja, want jij denkt, zeg maar, als het personeelstekort opgelost zou zijn, dan zou je werkelijk ook een stuk minder hoog zijn. Dat denk ik wel inderdaad, ja. Kijk, een organisatie is erop ingericht dat je een x aantal verzorgende rondlopen op de afdeling, op een dagdienst, een x aantal helpende of assistenten, zorgassistenten. Dus je kan wel zeggen van, ga je opleiden, ga je opleiden. Maar helpen hebben we ook net zo hard nodig als een verzorgende. En een zorgassistent hebben we ook net zo hard nodig als een verzorgende. Wat doen organisaties volgens jou te weinig om medewerkers goed te ondersteunen? Op zich doet mijn organisatie dat eigenlijk al best wel goed. Maar wat het lastig kan maken, is toch het uursalaris, als ik al eerlijk ben. Op zich kan ik dat hier ook al eerlijk bekennen, is dat ik natuurlijk avonddienst de draai, dus dan verdien je ook meer, want dan krijg je je ORT, onregelmatigheidstoeslag. Doe je dat niet, dan krijg je gewoon je standaarduurloon. Maar wanneer merk je dat iemand op het punt staat om af te haken? En wat speelt er dan meestal? Ik denk dat dat komt omdat de zorg gewoon een zwaar beroep is. Zowel lichamelijk als geestelijk. Ik denk dat je dan op dat moment misschien toch te weinig kan verdienen voor hetgeen wat je wel niet doet. Werkende zorg is best bittig. Zowel lichamelijk, maar ook mentaal. En voor hetgeen wat wij doen. Want we zijn wat dat betreft wel echt een manager van alles. Je bent niet alleen zorgverlener, maar je bent soms ook gewoon politieagent. En je bent psycholoog. En je bent voedingsmedewerker. En je bent van alles en nog wat tegelijkertijd inderdaad in je functie. Het is ook wat je werk heel erg mooi maakt. En ook boeiend. Maar ik kan heel goed begrijpen dat het dan. Dus waar valt voor hoeveel je dan verdient op dat moment? Wat vind jij dat een organisatie dan op zo'n moment kan doen? De organisatie als zich niet zoveel, maar meer vanuit de overheid, inderdaad. Er komen bijvoorbeeld wel weer loonspogingen aan en ze proberen het ook echt wel goed recht te trekken. Maar als je het mij vraagt, vind ik het nog steeds wel dat het onderbetaald, inderdaad. En hoe mooi ik mijn werk ook vind, ik zal nooit de zorg uitstappen. Maar voor hetgeen wat je wel niet doet, verdien je eigenlijk wel te weinig. Hoe vind jij dat de capaciteit van het personeel op jouw werk beter of slimmer geregeld kan worden? Onze afdeling en zo elke afdeling is ingericht op de zorgzwaarden van alle bewoners. En daar wordt dan een potje van gemaakt en dan gaan ze kijken hoe je ingezet kan worden. Dus dan gaan ze ook kijken naar de niveaus die ze nodig hebben. Ik ben wel van mening dat je meer gediplomeerd personeel mag hebben rondlopen. En met gediplomeerd bedoel ik echt verzorgend of hoger. Want doe je dat niet, dan kan je ook niet de zorgkwaliteit bieden die je wel graag zou willen bieden. En ik weet dat mijn organisatie echt wel zijn best daarvoor doet, maar het is niet altijd haalbaar. En dan praat ik bijvoorbeeld ook over werken met onbekende uitzendkrachten of CZP'ers. Ja, en die mogen dan wel soms gediplomeerd zijn, maar dan ben jij wel de enige bekende die dan alle touwtjes in handen heeft. Waar gaat volgens jou nog veel tijd verloren in de dagelijkse zorg? Ik denk dan toch wel de administratie. Om een voorbeeld te geven, ik werk acht uur op een dag en ik ben natuurlijk EVVR, dus dat houdt in dat ik mijn mail moet bijhouden, kijken of inderdaad familie mij benaderd heeft. Ik moet dan ook de zorgplannen daarop aanpassen als het nodig is. Ik wil de arts spreken. Dat is allemaal werk wat ik moet verrichten in mijn acht uursdienst. Wat dan mijn collega, die naast me staat op dat moment, die bijvoorbeeld geen EVVR is, die moet dan bijvoorbeeld weer een stapje harder lopen in de zorg op dat moment. Dus hoe het efficiënter zou kunnen durf ik niet in mijn mouw te zeggen. Maar ik merk wel dat administratie wel een groot aspect daarin is. Want je geeft aan, je werkt veel met collega's. Wat maakt voor jou een fijne team om in te werken? Humor. Humor, ja zeker. Je kunt de hele dag lachen, twee uur. Ja, continu. Ik vind humor wel echt heel erg belangrijk. Onderling vertrouwen, dat je naar elkaar toe durft te komen. Dat je open bent naar elkaar en eerlijk bent naar elkaar. Ja, en durf ook te zeggen waar je het echt aanloopt. Maar ook bijvoorbeeld hele heftige casussen die je dan mee kan maken. En zeker wanneer je inderdaad toch wel wat jongeren hebt die nog niet de ervaring hebben, bijvoorbeeld. Dat je daar wel voor open staat om dat bespreekbaar te maken. Hoe wordt er volgens jou leiding gegeven in de zorg, in de oudere zorg? In mijn organisatie goed. Ja, wij hebben een teambegeleider en een teamleider. Die weet ik uiteraard wel te vinden wanneer het nodig is. Maar we zijn ook echt gewoon heel erg zelfstudend team. En dat vind ik zelf persoonlijk wel fijn. Dat ik inderdaad daarin wel word vrijgelaten. En dat er voor mijn gevoel niet op mijn vingers wordt gekeken. En dat ik ook echt wel het idee heb dat ik. Serieus wordt genomen in mijn handelen en hoe bekwaam ik ben en hoe professioneel ik ben. Ja. Want hoe zorg je ervoor dat je jezelf blijft in de zorg, ook al heb je met zulke heftige casus te maken? Op mezelf blijf. Ja. Ik denk dat dat misschien ook wel komt met de jaren. Want met de jaren ben ik natuurlijk ook wel gewoon meegegegroeid. Ik durf wel het gesprek aan te gaan met mijn collega's, maar ook met de bewoners. Ik doe me niet anders voor op mijn werk dan hoe ik privé ben. En dat is ook gewoon meer omdat je dan het beste zorg kan leveren. Want als ik inderdaad mezelf ga lopen wegcijferen, bijvoorbeeld in heftige casus, of ik zie dat iets beter kan dan. Dan laat ik wel van me horen. Wat zie je bij andere organisaties die het wel goed doen met personeel? Als het gaat om behoud van personeel en de mensen die blijven. Ja, vind ik een lastige, want ik werk al zeven en een half jaar voor dezelfde organisatie. Dus ik weet ook niet zo heel goed hoe andere organisaties dat precies doen. Ik heb wel vriendinnen die inderdaad werken voor andere organisaties. Maar ik merk wel dat hun ook een beetje tegen hetzelfde aanlopen. En dan ga je toch weer terug naar het landelijke probleem, denk ik. Wat zou er volgens jou dan beter geregeld moeten worden om mensen duurzaam inzetbaar te maken? Ja, toch het vast de personeel aantrekken, inderdaad. Dus niet je CCPR's en je eisenkrachten. Ik bedoel, fijn dat ze er zijn, maar inderdaad, ze zijn duur. En ik denk dat je op die manier efficiënter kan maken dat je ook meer poppetjes op de werkvloer kan zetten met de juiste diploma's. En op het gebied van de trainingen, waar denk jij zeg maar dat er nog veel winst te behalen valt? Ik denk dat er landelijk wel meer training gegeven kan en mag worden, inderdaad. Je hebt natuurlijk je e-learnings, maar dat is online. Ik denk dat daar wel verbetering in zit, om je scholing inderdaad up-to-date te houden. Jij vindt een training krijgen fysiek? Fijn dat het een training online krijgt? En waar zit dat voor jou, zeg maar, dat grote verschil dan? Als ik een e-learning maak, merk ik aan mezelf dat ik wel snel afgeleid raak. Sommige zijn interessant en ook echt wel leerzaam. Maar als je het fysiek meemaakt, of dat je fysiek aanwezig bent en het is ook nog eens een interactieve training, dan heb je mij helemaal. Want dan vind ik het ook interessant en dan doe je het samen met degene die naast je staan op dat moment. Hoe belangrijk is ruimte voor ontwikkeling en autonomie voor jou? Belangrijk. Ik moet elke drie tot vijf jaar mijn technische handelingen opnieuw laten aftoetsen. Mag ik ook uiteraard zelf aangeven als ik merkte dat ik niet meer bevoegd of me bekwaam voel? En autonomie, ja, ik merk dat mijn werkgever dat toch zeer goed doet. Bijvoorbeeld als je kinderen hebt, dat je later mag beginnen om je kinderen naar school te brengen. Of dat je kortere diensten mag werken, om welke reden dan ook. Dat doet mijn werkgever wel al, gelukkig. Om inderdaad samen tot een goed rooster te komen. Wat wordt er volgens jou onderschat in de zorg als je kijkt, huur daar in stroom hebben gehouden? Ik merk bij mijn werkgever dat er al meer wordt gemoderniseerd. Om een heel goed voorbeeld te geven, wij hebben passieve tillliften, zoals dat heet, zodat wij bewoners passief uit bed kunnen halen. Dat houdt in dat de zorgvrager geen looffunctie meer heeft. En wij hebben sinds kort plafondliften. Dus dat zit dan vastgemaakt aan het plafond. En dat is ideaal. Want je hoeft niet meer de gang op te rennen om je passieve teellift te vinden. Hij werkt hartstikke licht, dus dat is ook fijn voor je rug. En ik denk dat daar andere organisaties, en nogmaals, ik werk niet bij andere organisaties, maar dat ze daar misschien wel nog wat in kunnen leren om inderdaad dat behoud te hebben. Om ons werk makkelijker te maken en efficiënter. En ook ergonomischer uiteraard. En wat mijn organisatie ook heel goed doet, is uitjes organiseren. Net zoals aankomende week hebben we een kroeggetocht door Haarlem heen voor het personeel. Ja, hoe leuk is dat? Gezellig met je collega's. Ja, gezellig, precies. Ja, en je leert elkaar kennen dan buiten werk om en je bouwt een band. Ja, dat doet mijn werkgever wel echt enorm goed. Waar ben jij het meest trots op als je kijkt binnen je werk? Het meest trots, ja. Het kan echt van alles zijn, van een cliënt er nog ben tot avond. Ja. Nou, ik heb dan wel een heel mooi voorbeeld van gisteren tijdens mijn avonddienst, dat een bewoner van oor tot oor glinsterd, omdat hij mij ziet binnenkomen en dat hij blij is dat ik dan de avonddienst heb. En dat hij dan ook vraagt aan mij: van wie ben jij degene die mij naar bed komt helpen? En wat ben ik blij dat je er bent. En het is iets heel kleins, maar dat maakt mij wel enorm trots dat ik het verschil kan maken voor een bewoner. Wat hoop je dat anderen ervaren door jouw werk? Dat ik wel heel erg betrokken ben en dat ik de bewoner ook echt zie voor wie hij of zij is. Het is gewoon een persoon met vaak een grote levensachtergrond. Dat je verder kijkt naar dan alleen de aandoening die degene heeft. En dat je daardoor het verschil kan maken. Ja, mooi gezegd. Er zijn waarschijnlijk andere zorgorganisaties die het luisteren. Wat zou je ze willen meegeven om het behoud van kwade personeel? Luisteren naar je personeel. Luisteren waar de behoeftes liggen. En natuurlijk wel binnen alle beperkingen, uiteraard. Op die manier behoud je toch wel je goede personeel, denk ik. En wat hoop je dat de kijkers, zeg maar, die nu luisteren, mee kunnen nemen uit jouw verhaal? Ik hoop dat ik duidelijk heb kunnen vertellen wat de ouderenzorg inhoudt. Wat een werkdag is voor mij, hoe dat eruit ziet. Ik hoop dat ik mensen hetzelfde gevoel geef als wat ik heb: dat je heel veel voldoening kan halen uit je werk. En dat elke dag anders is, maar je biedt hartstikke mooi werk. En je kan echt een verschil maken voor de bewoner. Dankjewel, Sherile, voor het delen van jouw verhaal. En voor je openheid en het eerlijk vertellen van jouw verhaal in de zorg. Ik wil je hierbij bedanken. Dankjewel voor het luisteren naar deze podcast. Tot volgende aflevering. Tot volgende."
ouder-worden-2040.mp3,interviews,NVIDIA Canary 1B v2,1.315095162345073,"Goedendag en hartelijk welkom bij weer een nieuwe aflevering van het programma Ouder worden 2040. Vandaag bij mij in de studio te gast is Jan Smelik. Welkom Jan, goed dat je hier bent. Je hebt heel veel functies. Je bent lid van de kwaliteitsraad, je bent algemeen coördinator van Nederlands Zorgt voor elkaar en ook nog voorzitter van Oostenlieds Zorgt. Dat heeft ook allemaal met elkaar te maken, toch? Ja, dat klopt. Ik begon met mijn vrijwilligersbaantje bij mijn eigen zorgcoöperatie in het dorp Oostenlieds waar ik woon. En dat bestaat een jaar of tien, ik ben sinds een jaar of drie voorzitter ervan. En vanuit Auschwitz zijn we de beweging, het netwerk Nederlands Zorg voor elkaar begonnen. Dat is het landelijk netwerk voor al dit soort initiatieven. En zo ben ik in die functie van algemeen coördinator gerold. En van daaruit ook weer in de kwaliteitsraad terechtgekomen. Nou, heel veel verschillende functies. En nu heb je ook nog besloten om je te gaan verbinden aan het programma Ouder worden 2040. Wat spreekt jou daar zo in aan? Nou, ik moest in eerste instantie wel even nadenken toen ze me vroegen: van goh, wil je meepraten over dat programma? Want er zijn natuurlijk al behoorlijk wat praatclubjes of denktanks in de zorg en eromheen. Maar ik vond dit wel een interessant initiatief, omdat het echt heel breed gaat. Dus het kijkt niet alleen maar naar het zorgaspect, maar alle aspecten van het leven van de verrijzende samenleving komen daarin aan de orde. Dus de thematiek sprak me in die zin aan, omdat ik denk dat alles echt ook met elkaar verbonden is. Je kan niet alleen maar het zorgenaspect eruit halen, want dan vind je niet de oplossingen die je nodig hebt. En het tweede aspect wat ik aantrekkelijk vond, is dat ook in de deelnemers, degenen die erover gaan meedenken, of nu op dit moment dus in die verschillende gremia zitten, is gekozen voor een heel breed palet aan mensen vanuit allerlei hoeken van de samenleving. En ik denk dat dat ook sterker maakt. Dus niet alleen zorgbobo's die met elkaar praten, maar ook echt mensen uit de samenleving, bedrijfsleven, actieve burgers zijn er allemaal bij betrokken. Ja, nou ja, actieve burgers, daar hebben meteen ook het onderwerp waar jij in gespecialiseerd bent, zullen we maar zeggen. We staan voor nogal een opgave met het ouder worden in 2040. Wat is het belang van burgerparticipatie in de komende 20 jaar bij die ouder wordende samenleving? Ja, ik denk dat we niet zonder kunnen. Ik denk dat als we de zorg blijven organiseren zoals we dat nu eigenlijk de laatste 50 jaar gedaan hebben, waarbij we dus de. Alle aspecten van het zorgen en het ondersteunen van mensen eigenlijk uitbesteed hebben aan professionals, aan organisaties, welzijnsorganisaties, zorgeorganisaties, woningbouwverenigingen. Alle partijen bestaan uit professionals die allemaal hele nuttige dingen doen natuurlijk. Maar er is natuurlijk al door allerlei mensen die er verstand van hebben berekend dat dat allemaal op termijn niet meer houdbaar is, omdat de druk op dit soort organisaties steeds groter gaat worden door de vergrijzing, door de toenemende hulpvraag. Dus we zullen echt moeten nadenken over alternatieven. Hoe kunnen wij een deel van die formele zorg en hulp over kunnen dragen naar het informele circuit? Ja, in feite gebeurt dat al wel op behoorlijke schaal. We hebben gezien dat het aantal initiatieven op lokaal niveau binnen hun eigen dorp of wijk dit soort dingen organiseert, dat neemt enorm toe. We zitten nu al op 1500 die we kennen. Een paar jaar geleden waren het er nog maar 500, dus dat gaat echt heel hard. Dus de basis is er om dat te gaan doen. Maar nu moeten we alleen nog de structuren vinden om dat op een goede manier in te bedden. Want nu zijn het eigenlijk twee parallelle trajecten. Je hebt het formele zorgtraject en je hebt wat ik dan even noemde nuldelijnzorg. Dus dat is de georganiseerde zorg door burgers. In sommige plekken gaat dat goed samen, maar op heel veel plekken loopt het eigenlijk nog parallel aan elkaar. En we moeten dat eigenlijk met elkaar zien te verbinden. En dat is best wel een opgave, want er zijn natuurlijk allerlei elementen in hoe we de zorg en ondersteuning nu georganiseerd hebben, die dat best wel bemoeilijken. Dus de verschotting die we hebben met alle verschillende. En daar hebben niet alleen professionals last van onderling, maar ook in de samenwerking met burgers maakt dat best wel ingewikkeld. Dus daar moeten we echt nieuwe modellen voor gaan ontwikkelen. En daar hebben we ook wel echt aan gewerkt op dit moment. Onder andere vanuit Nederland zorgt het voor elkaar. Maar daar zijn we nog volop in ontwikkeling eigenlijk. Maar die nieuwe modellen zijn wel nodig. Want als we nu kijken, merk je toch heel veel berichten over overbelaste mantelzorgers bijvoorbeeld. De manier waarop we het nu georganiseerd hebben, ook voor die informele zorg, is ook niet houdbaar, denk ik. Nee, dat klopt. Ongeveer een half miljoen en inmiddels misschien zelfs wat meer structureel overbelaste mantelzorgers in Nederland. Ik denk dat dat echt een probleem van de toekomst gaat worden als we daar niet veel meer op gaan inspelen. Dat is iets wat je heel goed lokaal kunt organiseren, zonder dat je het systeem daarbij nodig hebt, om even zo te zeggen. Bijvoorbeeld bij ons in Oostenrijk hebben wij meer dan 100 vrijwilligers op een bevolking van ongeveer 1700. We hebben een dorpsondersteuner, een professional die wij aansturen. Die houdt echt die mantelzorgers in de gaten bij ons in het dorp. Die worden dus gemonitord, om even zo te zeggen. En zij kan heel makkelijk vrijwilligers inschakelen om respect te bieden of om te ondersteunen. Om even op adem te komen. Maar ook gewoon structurele ondersteuning. Dat is eigenlijk heel makkelijk lokaal te organiseren. Maar ik denk dat we ook moeten kijken naar meer verbindingen tussen informeel en formeel. Dat ook in het hele zorgtraject, als het wat meer professionele kenmerken gaat bevatten, dat we daar ook een betere samenwerking gaan krijgen. Dat is nog wel een aardige opgave waar we voor staan. Ja, want dan is het ook wel van belang om te kijken naar hoe wordt die formele zorg georganiseerd. En dat zal ook moeten veranderen. Ja, ik denk dat we nu eigenlijk wat we gezien hebben in de afgelopen periode is dat we steeds meer schaalvergroting hebben gekregen. Dus dat we veel meer op een regionaal niveau of op gemeentelijk niveau zijn gaan organiseren. De hele WMO is bijvoorbeeld op een gemeentelijk niveau georganiseerd. Die hebben dan wel eens wel weer wijkteams, maar ook die wijken zijn vaak niet ingedeeld op de manier waarop bewoners zelf naar hun wijk kijken. Auschwitz is ingedeeld samen met de wijk in Zijst, waar we eigenlijk helemaal niks mee te maken hebben. In Auschwitz hebben we het zo geregeld dat wij een eigen dorpsteam hebben. Dus de WMO is daar afgesplitst van de reguliere WMO. Omdat wij gezegd hebben: wij willen dat ook die ondersteuning via dezelfde patronen loopt als de informele zorg. Dus diezelfde dorpsondersteuning regelt ook de WMO. Dus die regelt het vrijwilligerswerk, maar je regelt ook de formele ondersteuning. En eigenlijk kun je dat ook doorvertalen aan de wijkverpleeging. Die kun je ook veel beter op datzelfde niveau organiseren. Dus we hebben ook een wijkverpleegkundige die heel nauw samenwerkt met die dorpsondersteuner. En eigenlijk als je dat op die kleine schaal van een paar duizend mensen organiseert, dan is het heel simpel. En dan, zolang je maar vanuit het belang van die gemeenschap gaat redeneren en gebruik maakt van de kracht die er in die gemeenschap zit, bij vrijwilligers, zijn er ook heel vaak bestuurders die in zo'n dorp wonen of in zo'n wijk wonen, die daar best ervaring mee hebben om dat te organiseren. Maak daar gebruik van. En maak ook gebruik van de zilveren generatie waar de RVS het over heeft. Het enorme potentieel aan jonge pensionado's die nog heel actief kunnen zijn en dat ook graag wel willen. En ik denk dat we daar nog veel te weinig gebruik van maken om die ook in te schakelen bij de zorg en ondersteuning voor de mensen die nog ouder zijn en die echt zorg en ondersteuning nodig hebben. Er zijn nog genoeg zaken om aan te pakken. Maar als dat allemaal op die manier ook aangepakt wordt, hoe ziet jouw ideale zorgzame samenleving bijvoorbeeld over tien jaar eruit? Ja, nou ik hoop dat over tien jaar overal zorgzame gemeenschappen zijn in Nederland. Met een zorgzame gemeenschap bedoel ik een dorp of een wijk waar ze. Als bewoners ook eigenaarschap hebben genomen voor het zorgen voor elkaar. En dat zal in de ene wijk of dorp altijd heel anders uitzien dan in de andere. Dat mag ook. Dat moet je vooral zo inrichten dat het past binnen de gemeenschap. En dan hoop ik dat de formele zorgpartijen en ondersteuningsorganisaties zich daarop gaan aansluiten. Dus dat die niet meer leidend worden, maar dat de lokale processen leidend worden en dat daar ondersteuning wordt geboden vanuit de gemeente, vanuit woningbouwverenigingen. En als laatste punt, wat ik denk heel belangrijk vind, is dat we ook qua oudere huisvesting op een manier moeten gaan werken dat we dat ook helemaal lokaal gaan organiseren. Dus ieder dorp of wijk. Wat mij betreft zou een kleinschalige woonvoorziening voor ouderen moeten hebben. Dat heeft twee grote voordelen. Eén is dat ouderen dan niet ontworteld worden uit hun eigen netwerk. We hebben in Auslicht gemerkt, toen we nog geen zorgwoningen hadden, dat mensen op laatste fase van hun leven. Vaak nog moesten verhuizen naar een verpleeghuis in de buurt, in Zijst of in Drieberg of zo. En dat had meestal vrij dramatische gevolgen. Het is maar een paar kilometer verderop? Ja, maar je wordt toch echt ontworteld en je raakt je netwerk kwijt. En er zijn mensen ook echt uit de heimwee overleden. Die kennen wij ook gewoon, die dat gewoon heel kort volgehouden hebben. Dus dat is één. Het tweede voordeel is dat als mensen hun sociale netwerk kunnen blijven houden, is dat die mantelzorgers ook intact blijven en dat die nog steeds kunnen blijven zorgen. Dus je krijgt veel meer informele steun op het moment dat je mensen in hun eigen woonomgeving kunt opvangen, ook als ze wat zwaardere zorg nodig hebben. Zeker. Er is nog een grote opgave, er moet veel gebeuren. Daar ga jij je ongetwijfeld ook hard voor inzetten, samen met een aantal andere mensen. Hartelijk dank Jan voor uw komst naar de studio. En u weer hartelijk dank voor het kijken naar deze aflevering van het programma Oude Worden 2040. Tot ziens."
seksuele-voorlichting.mp3,interviews,Cohere Labs Transcribe,153.32137199004129," Uit nieuwe cijfers blijkt dat het aantal infecties, zoals chondreu en syphilis, in tien jaar tijd fors is gestegen. Ook in Nederland maken deskundigen zich zorgen. Volgens onderzoekers spelen meerdere factoren een rol. Het condoomgebruik daalt, mensen laten zich steeds minder snel testen. En betrouwbare informatie over SOA's wordt steeds minder gevonden. Maar hoe staat het er eigenlijk voor in studentenstad Groningen? Welke SOA's komen het meest voor? En wanneer is het verstandig om je te laten testen? Daarover ga ik vandaag in gesprek met Mariette van de GGD Groningen. Ik ga er even op bellen. Mariette van de GGD Groningen. Met Mariette, afdeling Seksuele Gezondheid, GG Groningen. Hi Mariette, je spreekt met Madelief van Spot TV Groningen. Hi, hoi. Ten eerste heel erg bedankt dat je even tijd voor ons hebt vandaag. Zou je jezelf kort kunnen voorstellen en vertellen wat jouw rol is binnen de GGD? Zeker. Ik ben dus Mariette en ik ben werkzaam als verpleegkundige op de afdeling Seksuele Gezondheid hier van de GGD. Waar wij ons bezighouden met alles wat met seksuele gezondheid te maken heeft voor de gehele provincie. Dus dat kan gaan om het doen van SOA-testen, seksualiteitsproblematiek. Seksuele gezondheid, noem maar op. We zien de laatste tijd berichten over een stijging van het aantal SOA's. Is dat iets wat jullie ook opvalt? Ja, er is inderdaad heel wat aandacht momenteel voor het feit dat er meer SOA's zijn. Het is wel iets wat wij zien, maar wij zien het al wel een wat langere tijd. En wat daar misschien wel goed is om te benoemen, is dat we nog steeds dezelfde SOA's zien. En het is ook nog steeds zo dat de grootste SOA die gevonden wordt, dat is Chlamydia. Dus die vinden we nog steeds het meest. Maar er zijn een bepaald aantal zoals waar we nu wat meer besmettingen van zien dan voorheen. Dus daar is wel een lichte stijging in te zien. Zou je daar eens wat meer over kunnen vertellen? Ja, tuurlijk. We zien voornamelijk dat gonoreu en syphilis nu wat aan het stijgen zijn. Dus voorheen zien we eigenlijk altijd al wel veel chlamydia-besmettingen. Maar we zien dus nu ook al wat meer gonoreu en syphilis. En dat is eigenlijk sowieso landelijk wel te zien, maar ook al in heel Europa. Het is ook al wel van het afgelopen jaar dat dat aan het spelen is. Dus het is niet dat er nu opeens een enorme uitbraak is of zo. Het speelt al wat langer en het is gewoon een geleidelijke stijging. Dus het is ook niet dat er nu in Groningen een enorme uitbraak van SOAS is. Maar ja, het is wel iets wat wij opmerken. Ja, en waarom denk je dat dat nu dan pas zo onder de aandacht komt in het nieuws? Als je zegt van het is eigenlijk al een jaar gaande? Ja, dat is wel een hele goede vraag. Dat is ook wel interessant. Ik denk omdat er een Europees onderzoek is uitgekomen waarin dit wordt benoemd. En dat dat dan toch iets is waar mensen op aanstaan, wellicht ook wel wat angst voor hebben. En dat er daardoor ook dan gewoon media-aandacht voor komt. Dat het dus eigenlijk al iets is wat wij al wel wat langer zien. En hoe staat het er op dit moment voor in Groningen? Want je zei al even dat die stijging is hier ook te zien. We hebben natuurlijk een studentenstad met een studentencultuur. Hoe staat het ervoor hier bij ons? Ook in Groningen wel dat gondereu wat meer stijgt onder jongeren, maar überhaupt onder mensen. En de syphilis ook wel wat. Nu is syphilis nog steeds iets wat we voornamelijk vinden bij mannen die seksen met mannen. En gondereu wel onder alle doelgroepen die wij zien. Maar ik denk dat, kijk, het is altijd vervelend dat zoas stijgen. We willen het liefst dat er zo min mogelijk zoas zijn. Want zoas, nou, die brengen zorgen met zich mee. Die kunnen gezondheidsrisico's met zich meebrengen. Dus dat is natuurlijk. Nooit wenselijk. Maar het is niet dat het nu zo de spuigaten uitloopt dat wij het hier in Groningen, denk ik, heel slecht doen. Maar ja, wat je zegt, wij zijn wel een studentenstad. Het kan zijn dat er natuurlijk hier veel onveilige seks plaatsvindt. Maar het is nou niet zo dat wij als Groningen het zo veel slechter doen. Of dat het hier heel opmerkelijk is dat het hier extra is dan in de rest van Nederland of van Europa. Dat is een geruststellende gedachte, denk ik. Dat het hier niet zodanig uitloopt dat men alleen maar naar Groningen kijkt. Nee, dat is helemaal niet nodig. Want zijn er bepaalde leeftijdsgroepen waarin de stijging het hoogst is of het meest te merken is? Ja, daar kunnen wij eigenlijk niet heel veel over zeggen. Kijk, jij ziet eigenlijk alle leeftijden wel vanaf dat mensen een beetje seksueel actief worden. Dus dat kan beginnen vanaf 14 en dat gaat echt door tot in 90. En al die leeftijdsgroepen zien wij ook. Dus wij kunnen niet per se, en heel veel wordt natuurlijk ook nog steeds bij de huisarts gezien, of mensen doen thuis online testen. Dus wij kunnen niet echt per se iets zeggen over in welke leeftijdsgroep dat nou meer voorkomt. We zien overal wel dat zo'n wat meer stijgen. Dus dat is bij studenten, maar dat is ook bij mensen die ouder zijn en bij volwassenen. Ja. Oké. Want merk je dat jongeren dan anders omgaan met seks en bescherming dan bijvoorbeeld een aantal jaar geleden? Nou, we zien wel vanuit cijfers dat condoomgebruik echt al wat aan het afleggen. Is. Dus er wordt onder zoveel jaar een onderzoek uitgevoerd dat heet seks ongeveer 25ste. Nou, dan pijlen ze een beetje hoe het ervoor staat met de seksuele gezondheid van jongeren. En daarin zien we wel dat er een daling te zien is in het gebruik van condooms. En dat kan natuurlijk ook weer met zich meebrengen dat we nu meer psoas zien. Dat zou wel een logisch gevolg zijn, natuurlijk. Dus voorheen was het toch wel wat gebruikelijker om een condoom te gebruiken. Ik denk dat dat voorheen en al helemaal jaren geleden sowieso al wat normaler was. Maar dat wordt dus. Toch steeds wat minder sexy. Terwijl eigenlijk heel veel van deze dingen voorkomen kunnen worden als mensen wat meer condooms zouden gebruiken. Maar ook dat het niet gebruik van condooms, dat zien we eigenlijk ook weer bij bijna alle leeftijden wel terug. Dus het is niet zo dat studenten daar echt het grote probleem in zijn. We zien überhaupt dat condoomgebruik wat aan het afnemen is en wat minder sexy wordt gezien. Wat denk je dat de verklaring is dat condoomgebruik zo afneemt? Dat vind ik best wel moeilijk om te zeggen. Ik denk dat het voornamelijk wellicht te maken heeft met het feit dat er minder. Campagne op wordt gevoerd. Dus vroeger had je echt grote condoomcampagnes. Er werd heel veel aandacht aan besteed tijdens seksuele voorlichting. Was het dus veel meer een besproken onderwerp. Echt wel een beetje een hot topic. En dat ging zo goed dat ze toen gedacht hebben: denk ik van nou dat is niet meer nodig. En nu zien we dus ook dat er al best wel een tijd niet echt condoomcampagnes hebben plaatsgevonden. Dat wellicht ook de seksuele voorlichting wat aan het veranderen is. En dat dat dus wellicht nu tot gevolgen heeft dat mensen minder condooms gebruiken. Op wat voor manier verandert de seksuele voorlichting dan? Ik weet niet. Ik denk dat we er voorheen gewoon wat meer aandacht aan besteden. Dus misschien dat scholen er steeds meer voor kiezen om de seksuele voorlichting zelf te geven. Wij hebben überhaupt ook in Groningen minder capaciteit om langs alle scholen te gaan, natuurlijk. Maar er is ook wel een beetje verschuiving te zien dat het wellicht allemaal wat preutser wordt. En eigenlijk is er dat er wel van alle tijden: dat er tijdens seksuele voorlichting op school zo heel veel aandacht voor de praktische zaken. Zoals bestaan, je kan zwanger worden. Seks is dus eigenlijk hartstikke eng. Begin er maar niet aan. En veel minder, hoe bereid je jezelf goed voor en hoe zorg je ervoor dat seks leuk is? En wij zeggen ook wel: leuke seks is seks zonder zorgen. Maar daar is eigenlijk weinig aandacht voor. Wat eigenlijk heel jammer is, want wellicht als jongeren toch beter voorbereid hun seksuele carrière ingaan. En daarmee ook meer oog hebben voor: nou, ik vind het belangrijk om mezelf te beschermen. Ik vind het ook leuk om zorgloze seks te hebben. Dus ik pak er vaker een condoom bij. Is er dan wel voldoende kennis over SOAS? Of zien jullie ook nog vaak misverstanden? Nou, ik heb wel het idee dat er op zich best wel wat kennis is. Maar ja, helaas zien we ook nog steeds wel wat misverstanden. En dat heeft dan voornamelijk te maken met hoe kan je een SOAS oplopen? We horen soms echt nog wel verhalen van: nou, kan ik dan een SOAS krijgen van de wc-beel? Of ontvoeren. Dat zijn hele goede vragen om te stellen. En we zien toch ook wel nu met de verschuiving van het test op glamidia. Heel veel jongeren dan nu opeens denken: Nou, glamidia is helemaal niet meer gevaarlijk, dus daar hoef ik me helemaal niet meer voor te testen. Terwijl dat is eigenlijk niet waar. Het is wel nog steeds belangrijk om je te testen als je klachten hebt. Of als je pas de partner bijvoorbeeld glamidia heeft. Want een glamidia met klachten kan nog steeds wel gevolgen hebben voor je gezondheid. Wanneer is het verstandig om je te laten testen? Nou, dat is voornamelijk verstandig als je klachten hebt. Dus merk je iets op, denk je: Dit vond ik niet helemaal pluis. Ga dan zeker testen, maar ook als je bijvoorbeeld een waarschuwing hebt gekregen. En ik denk dat het überhaupt verstandig is om je bijvoorbeeld elk half jaar of elk jaar wel te testen. als je onveilige seks hebt. Dus heb je regelmatig onveilige seks? Nou, dan is het misschien toch verstandig om je elk half jaar tot jaar te testen op ZoA. Om er zeker van te zijn dat je niks hebt. Maar het is voornamelijk belangrijk om te komen testen als je ook echt daadwerkelijk klachten hebt of een waarschuwing hebt gekregen. Wat gebeurt er als een SOA niet op tijd wordt ontdekt of behandeld? Ja, dat is een hele goede vraag. Dat verschilt een beetje per SOA. Een glamidia zonder klachten kan niet heel veel kwaad. Dat ruimt het lichaam ook gewoon vanzelf op. Heeft ook niet meer die hele schadelijke gezondheidsrisico's die voorheen wel verteld werden. Dat is wel wat anders met een gonoreux. Kan nog steeds bestaan ook zonder klachten. Maar een gonoreu besmetting wordt eigenlijk niet zo goed door het lichaam zelf opgeruimd. Dus daarvoor is het wel belangrijk om te testen. En loop je heel lang rond met een gonoreu of heb je een glamidia met klachten? Ja, dat is voornamelijk gewoon vervelend voor de cliënt zelf. We zien eigenlijk pas dat zoas echt invloed kunnen gaan hebben op je gezondheid. Als je meermaals een zoa hebt gehad met klachten, en dan kan het zijn dat dat voornamelijk bij vrouwen wat effect kan hebben op de vruchtbaarheid, maar ook op de gezondheid. Daarom is het ook wel zo belangrijk om je te beschermen tegen zoals door middel van condooms. Dat er toch heel veel mensen zijn die toch wel echt een kinderwens hebben. Maar het is dus wel niet zo. We willen wel een beetje weghalen van. Oh, wees maar superbang. Want het is echt niet dat je in één klap onvruchtbaar wordt. Dat denken ook wel heel veel mensen. Maar het is zeker wel belangrijk om je te beschermen, omdat dus vaker een zoa hebben, wel daadwerkelijk daar effect op kan hebben. Ja, ik denk dat het goed is dat je dat ook zo benoemt. Omdat ik inderdaad ook in mijn omgeving dan hoor van. Met glamidia, dan hoef je nu niet meer te behandelen, hoef je geen kuurtje meer. Dus het kan allemaal niet zoveel kwaad als je een keer glamidia krijgt. Maar dat is dus niet waar. Nee, dat is toch wel wat genuanceerder dan die uitspraak van. Oh, ik heb glamidia, dat boeit allemaal niet meer. Want ook al heb jij zelf geen klachten, dan kan je het nog steeds aan iemand anders geven en die kan wel klachten krijgen. En heb je dus een glamidia met klachten, dan kan het nog steeds zeker wel gezondheidsrisico's met zich meebrengen. Ja, ik denk heel goed om te weten. Dan zou ik graag willen afsluiten met de vraag: Wat is volgens jou de belangrijkste boodschap over veilig seks hebben? Je laat testen op SOA's voor de mensen die hier misschien naar kijken. Ja, ik denk eigenlijk dat het heel goed is dat we condooms weer een beetje gaan promoten. En ik weet dat heel veel jongeren, maar überhaupt mensen denken: Oh, maar condooms, daar is toch helemaal niks aan. Maar daar is echt nog heel veel in te experimenteren, en ook heel veel in te doen als bijvoorbeeld zitten niet lekker. Kijk een keer naar een andere breedte maat. Ben je bang voor de kosten? Je hoeft echt niet altijd de Durex-condooms te doen. Kruidvat-eigenmerk is net zo goed. En dan meen je hem voor 3,50 euro. Heb je al een pakje condooms? En voornamelijk ook leuke seks is seks onder zorgen. En heb je seks gehad en heb je toch die zorg van: heb ik misschien een SOA? Dat heeft toch invloed op die hele ervaring. Doe je het veilig? Heb je het vaak ook leuker? Hoef je die zorgen niet mee te dragen? En heb je toch een keer dat je denkt: dit is niet helemaal goed gegaan? Ik wil me toch even laten checken. Nou, dan kan je altijd bijvoorbeeld op onze website kijken voor meer informatie. En dan kunnen we altijd met mensen meekijken of ze bij ons kunnen komen SOA-testen, natuurlijk. Ja, want waar kunnen mensen terecht voor betrouwbare informatie of een test? Nou, betrouwbare informatie sowieso altijd op onze website. Dus als je gewoon naar GGD Groningen gaat en dan klikt op seksualiteit, dan kom je bij onze pagina. Nou, daar staat heel veel informatie. Je kan altijd bij huisarts terecht voor gewoon goede SOA-testen. Je kan ook bij sommige. Online aanbieders, dus bijvoorbeeld Zoapoly Noord is een hele goede, die wij veel aanraden. En dus val je bij ons in onze doelgroep, dan kan je ook bij ons komen testen. Alleen bij ons is er gewoon maximale capaciteit. Wij kunnen helaas niet heel Groningen zien, dus maak je echt heel veel zorgen. Wil je zo snel mogelijk terecht, dan kan je altijd naar de huisarts, maar wij kunnen ook altijd met je meedenken. Nou super, ik denk dat dat heel goed is om te weten voor een hele hoop mensen. Ik wil je heel erg bedanken voor je tijd en je wijze woorden. Dat is geen probleem. Super. Wil jij nou niet met een duiper lopen deze zomer? Gebruik dan toch gewoon weer een condoom. Want fijne seks is zorgeloze seks. Mocht je nou toch denken dat je iets hebt opgelopen, laat je dan testen bij de lokale GGD, via de huisarts of via een kit die je zelf kan bestellen op het internet. Bedankt voor het kijken en tot de volgende keer."
GGZ-exposure-therapie.mp3,interviews,NVIDIA Canary 1B v2,0.6364090669306849,"In deze aflevering heb ik Maika de gast en zij is psycholoog en ze gaat ons alles vertellen over wat een psycholoog voor jou kan betekenen als je last hebt van een hyperventilatie, paniekklachten, andere stressgerelateerde klachten. Dus welkom Maika, kan je je even kort voorstellen? Ja, dankjewel Nicole. Goedemiddag, goedemiddag luisteraars ook. Mijn naam is Maika Gro, ik ben 38 jaar en ik ben oprichter van Vrijzijn met Eet. Ik begeleid vrouwen met een eetstoornis. En ik heb hiervoor heel lang gewerkt als psycholoog, 16 jaar gewerkt als psycholoog en onder andere ook bij angststoornissen, waaronder dus ook paniek aanvallen, paniekstoornissen, zeg maar, voorkwam. Ja, dus dat is even kort over mij. Ja, ik kan. Fijn dat je tijd vrij kan maken om ons te gaan vertellen wat een psycholoog voor jou zou kunnen doen als luisteraar. Want vaak als je naar een huisarts gaat met deze klachten, met ik heb last van paniekanvallen, angststoornissen of vage onverklaarbare klachten zoals hyperventilatie, dan krijg je vaak een doorverwijzing naar een psycholoog. En wat ik heel graag van jou wil weten is, wat gebeurt er nou eigenlijk? Je krijgt zo'n verwijzing en dan bel je op om een afspraak te maken. En hoe gaat dat hele proces dan eigenlijk in zijn gang? Ja, allereerst zou je waarschijnlijk met de secretariaat aan het worden, ligt overigens aan of we het hebben over een GGZ-instelling of een vrijgestelde psycholoog, dat kan natuurlijk ook nog altijd, daar kan je ook nog met een verwijsbrief naartoe. Maar als het een GGZ-instelling betreft, dan zou je in eerste instantie met de secretariaat een afspraak in kunnen plannen. En vervolgens wordt er dus een intake in gepland, een intakegesprek, waarin eigenlijk zo volledig mogelijk een beeld van jou wordt verkregen. Dus hoe ziet dan jouw panikaanvallen eruit? Hoe vaak komt het voor? Frequentie? Is dat altijd al zo geweest? Of is dat pas geleden gestart? Zijn er andere problemen bijvoorbeeld? Alcoholproblematiek bijvoorbeeld? Dat is een contra-indicatie, noemen we dat. Dus dat betekent dat er eerst aan de alcoholproblematiek gewerkt moet worden voordat we dus aan de paniekstoornis dan eventueel kunnen werken. En zo wordt er dus eigenlijk een volledig beeld gekregen van de persoon om te weten van ja, wat gaan we nou precies doen? En is dat nu ook het moment om de behandeling in te zetten voor een paniekstoornis? Ja, dus ze gaan eerst gaan jullie eigenlijk dan kijken van hé, maar waar komt het een beetje globaal vandaan? Oftewel, wat heb je andere klachten? Bijvoorbeeld ook, misschien zit er een depressie bij of zit er een trauma achter. Dus er wordt eigenlijk even breder gekeken. Misschien zijn er natuurlijk ook veel mensen met PTSS of autisme. Of er wordt eigenlijk gekeken van hé, maar wie is deze persoon eigenlijk? En dan wordt het dus pas een traject in gang gezet. Dus dat wordt dan een beetje op de persoon afgesteld, denk ik. Dus niet een klare oplossing. Nee, dat klopt inderdaad, er wordt per persoon gekeken en ook welke problematiek staat op de voorgrond. Dus als inderdaad andere problematiek op de voorgrond staat, dan dient dat eerst behandeld te worden. Bijvoorbeeld trauma is een goed voorbeeld wat je net noemt. Als dat echt meer op de voorgrond staat, dan moet dat eerst behandeld worden voordat dus dan bijvoorbeeld de paniekstoornis behandeld zou kunnen worden. Dus daar wordt eigenlijk een overwogen keuze ingemaakt. Ja, maar ik kan me ook voorstellen dat als jij dan een afspraak maakt, dat je zelf helemaal niet zo duidelijk hebt waar het dan vandaan komt. En dat in één gesprek zal dat dan ook niet altijd allemaal duidelijk zijn, toch? Wat er op dit moment is aan klachten is meestal wel duidelijk. Dat kan de psycholoog ook vragen met een soort van ja-nee-vragen, bijna van is er sprake van dit? Heb je nog andere klachten? Of loop je hier nog tegenaan? Dat is op zich, kan je dat of bevestigen of ontkrachten. Dus dat is op zich wel helder. Waar het precies vandaan komt, dat is inderdaad niet altijd helemaal helder. Wat bijvoorbeeld uit onderzoek blijkt, is dat vaak de enige samenhang is bijvoorbeeld met verlaten of verlies in de jeugd. Daar komt vaak paniekstoornis, dat heeft daar vaak wel koppeling mee, dat zien we dan vaak. En met agorafobie, dus dat betekent niet naar buiten durven gaan of voor bepaalde plekken, dus ook voor mij dat dat er ook combinatie bij is. Dat zien we dan ook bijvoorbeeld. Precies, ja, de straatvrees. Zien we dat dat vaak dan bijvoorbeeld weer juist gerelateerd is aan problemen met zelfstandig gaan wonen. Dus rond de 20, 30 jaar zo'n beetje ontstaat vaak ook. Maar het is ook soms niet helemaal helder te krijgen waar komt het precies vandaan. En op zich is dat voor behandeling ook niet zozeer relevant. Dus daar gaan we eigenlijk niet heel erg naar graven of wat dan ook. We gaan echt meer in het praktische aan de slag ermee. Maar dat is wel belangrijk, want ik kan me voorstellen dat er ook mensen zijn die denken: nou, ik heb helemaal geen zin om over mijn jeugd te praten. Of ik had best een prima jeugd, dus het is helemaal niet relevant. Of ik heb geen zin om mijn ouders de schuld te geven. Die hoorde ik ook nog wel eens. Dus het is echt niet altijd het geval dat daarin gegraven wordt. Nee, tenminste, bij ons was dat dan met name gewoon heel licht vragen: zijn er nog bijzonderheden in de jeugd? Zijn er nog dingen wat we moeten weten? Want kijk, zou er nou heel ernstige trauma's zijn in de jeugd? Dan is het natuurlijk wel belangrijk om te weten, want dan moet daar misschien op ingegrepen worden in plaats van de paniekstoornis mee te starten, bijvoorbeeld. Maar anders is dat inderdaad. Vooral wordt er gevraagd naar bijzonderheden en wordt er eigenlijk daarmee afgewogen van is de paniekstoornisbehandeling dus nu ook het beste om nu in te zetten. Ook om eerlijk te zijn, want stel dat er een hele heftige trauma is geweest in de jeugd, ja dan kunnen we misschien wel werken op die paniekstoornis, maar als we verwachten dat we het trauma behandelen, dat dan de paniekstoornis vanzelf overgaat, dan heeft het misschien niet zoveel nut om aan die paniekstoornis te werken. Tenminste, dan verwachten we dus dat er meer effect zal zijn door aan het trauma te werken. Maar er kan nog altijd overwogen worden van nou weet je, dan gaan we toch al met de paniekstoornis aan de slag als je niet met het trauma aan de slag wil gaan. En gaan we kijken, maar we zijn wel eerlijk, we gaan kijken hoe ver we daarmee gaan komen. Ja, dus dat gaat wel in overleg natuurlijk. Ja, zeker. Er wordt niks geforceerd sowieso. Het is geen verplichte behandeling of wat dan ook. Dus het is allemaal vrijblijvend. En de cliënt is daar zelf ook bij. Dus die mag zelf inderdaad ook aangeven: Nou, dit is precies wat ik zoek. Of dit is totaal niet waar ik naar op zoek ben. Nee, ja, logisch natuurlijk. Want het gaat natuurlijk om jouw herstel. Dus het is belangrijk dat je daar iets over te zeggen hebt, natuurlijk. Ja, zeker. Soms moet je natuurlijk ook wel het advies aannemen van degene die daarvoor geleerd heeft. Die er natuurlijk in gespecialiseerd is. Ja, zeker. Ja, en tegelijkertijd weten we ook niet alles. Dus soms. Denken we dat het inderdaad dan beter is om aan de trauma te werken. Maar uiteindelijk is de wil zo groot bij de cliënt en de motivatie dat het dan wel lukt om aan de paniekstoornis te werken. Gewoon met het paniekstoornis protocol. En soms zie je dat dat dan weer juist maar voor korte termijn heeft gewerkt. Dus dan zie je dan toch een cliënt weer terugkomen. Dat hij na een aantal jaren dan weer zegt van nou, het is toch weer terug. Het was toch onvoldoende. En dan toch alsnog wel de traumabehandeling doen of wat dan ook. Ja. En wat je benoemt nu, de paniekstoornis protocol. Want stel, we gaan er gewoon van uit dat jij hebt, we hebben natuurlijk over paniekstoornis, maar daar valt hyperventilatie natuurlijk ook onder bij jullie als psycholoog. Is het waar dat we het zo noemen nu? Nou, het is mooi dat je dat zo noemt, want we maken echt wel onderscheid tussen panika-aanval en paniekstoornis. Panika-aanval is echt die kortademigheid, het gevoel hebben te stikken, transpireren, duizelig, beven, trillen op je benen, misselijk. Nou, al die symptomen hoort bij panika-aanval. Maar een panika-aanval, ongeveer bij 23% van de bevolking, komt wel eens een panika-aanval voor. Dus een panika-aanval op zichzelf is eigenlijk niet zozeer het probleem. Het probleem zit er meestal in dat de persoon bang wordt, heel erg. Overmatig bezorgd wordt dat het weer eens voorkomt, die panika-aanval. En dat wordt een paniekstornis. Want dan wordt het hele leven, zeg maar, hoe zeg je dat, opgebouwd rondom het vermijden van dat het nog eens gebeurt. Met behoorlijke angsten enzovoort. Dus daar maken we wel een verschil in tussen, hebben we het over een panika-aanval, hebben we het over een paniekstornis. Ja, en dus vooral de angst voor de angst. En daar komt dan bijvoorbeeld die straatvrees bij. Of het vermijden van de supermarkt. Of dat je niet meer een verjaardag durft. Of auto rijden is natuurlijk ook zoiets wat heel veel volkomt. Precies, dus vermijding komt daar inderdaad heel erg bij voor. Ook veiligheidsgedrag. Dus alleen maar nog met je partner durven gaan bijvoorbeeld. Of dat soort dingen. Of altijd toch een medicatie nemen van tevoren om wat rustiger te zijn. Of dat soort dingen. Dat bevestigt ook weer van, het is inderdaad een angst. Tenminste, het is inderdaad een angstige situatie. Ik kan het alleen maar aan als ik met mijn partner daar ben. Dus dat zijn dingen die uiteindelijk dan ook in de behandeling doorbroken moeten worden. Om te zien van, hé, maar die panika-aanval komt niet altijd voor. Het is inderdaad angst voor de angst. Het is angst om daar dus weer in te geraken. Vaak is dat een soort van controleverlies geweest wanneer dat is gebeurd of wat dan ook. En is vooral grote angst dat dat weer eens voorkomt. En dan hebben we de intake gehad en dan wordt er een plan opgesteld. En wat voor therapie is dan eigenlijk de meest gangbare? Wat voor behandelingen krijg je dan? Ja, dat is best een hele reeks eigenlijk. Allereerst wordt altijd gestart met het registreren. Dus we gaan even bijhouden hoe verloopt dat nou precies, zo'n paniek aanval? Wat gaat er aan vooraf? Is dat in bepaalde situaties? Is dat altijd op een bepaald tijdstip? Of kunnen we daar iets in terugvinden in het registreren? En vervolgens wordt gestart met interoceptieve exposure, heet dat. En dat betekent dat je dus gaat nabootsen van een paniek aanval. En daar hebben we dan bijvoorbeeld meerdere oefeningen voor. Dus dat gaat dan bijvoorbeeld over 30 seconden je hoofd tussen je benen zetten en dan weer heel snel omhoog komen. Of zoveel keer draaien op een stoel. Of heel hard rennen op de plek. Je gaat dus al die sensaties die wel eens voorkomen bij een paniekaanval, ga je nabotsen. Om dus te kijken: hé, kan een cliënt daar dus inderdaad van leren? Van dit betekent niet dat ik. Doodgaat. Dit betekent niet dat ik gek word. Noem maar op wat voor ernstige iets er aan gekoppeld is. Vaak dat dat iets ernstigs betekent. Daar wordt dus aan gewerkt. Tenminste, daar wordt mee geoefend in eerste instantie om te leren dat die lichaamssignalen op zichzelf niet zozeer gevaarlijk zijn. Dus daar eigenlijk een soort van gewenning al aan te krijgen. Als het dan heel angstig is, wordt dat dan altijd gedaan? Of kan je dan ook zeggen: van nou, dit slaan we nu eventjes over, want het zit zo hoog in de angst dat hij dit echt niet wil? Ja, en dan angstig is voor deze, bijvoorbeeld een hart dat sneller klopt, of het warm krijgen, of het trillen op de benen. Dat bedoel je dus dan angstig? Ja, inderdaad. Als je dit al hoort, je denkt van, nou ik ga niet naar een psycholoog, want dan moet ik dat gevoel opwekken. Ja, er zit heel veel spanning al, dat je denkt, nou dat begin ik niet aan. Ja, snap ik. Wat eigenlijk dan gebeurt is, we gaan het niet vermijden, want juist die vermijding zorgt ervoor dat je juist bevestigt van, ja, een harder kloppend hart, dat betekent dat ik doodga. Dus eigenlijk als we dat meegaan in die vermijding, die vermijding bevestigt eigenlijk jouw. Nou ja, gedachten, jouw gedachten daarover. Dus het doorbreken gaat echt met het doen. Maar we kunnen zeker kijken of we het dus misschien wat korter kunnen maken. Dus dan hebben we niet over 30 seconden hoofd tussen de benen bijvoorbeeld, maar dan doe je het maar twee seconden. Zeg maar wat, dan begin je gewoon heel licht. En op die manier dat heel langzaam dan verhogen. Dus dat is dan wel een mogelijkheid. En altijd kan er ook gestart worden met wat dan wel gedurfd wordt. En dan kunnen we dan kijken naar datgene wat echt wel spannend is. Overigens is wel datgene wat dus juist spannend is belangrijk om dan wel te gaan herhalen. Het is niet van het één keer, dus twee seconden je hoofd tussen je benen te hebben gedaan en dan dus die sensatie van bijvoorbeeld misselijk in het hoofd. Doordat je vervolgens nooit meer te doen in je leven, dat je dus gaat leren van er gebeurt inderdaad helemaal niks als ik een beetje misselijk voel in mijn hoofd. En we kijken dan ook heel erg van tevoren van wat verwacht je dat er gaat gebeuren? Ga je flauwvallen, wat dan ook? Oké, hoe ziet dat er precies uit? Want dan hebben we het niet alleen over een gevoel van flauwvallen, want ja, misselijk voelen in het hoofd kan heel erg verward worden van ja, dit is ook wel een gevoel van flauwvallen bijvoorbeeld. Nee, wat is flauwvallen precies? Nou, op de grond liggen eigenlijk, dus echt gevallen zijn. Dan pas kunnen we zeggen, nou, dit was echt inderdaad, nu ben je echt flauwgevallen. En dan gaan we dus continu naar zo'n oefening kijken van is er gebeurd waar je nou eigenlijk voor vreest? Nou, wat eigenlijk nooit gebeurt. Vooral flauwvallen gebeurt pas wanneer jouw bloeddruk verlaagt, juist, en niet verhoogt. Dus dat eigenlijk nooit gebeurt wat gevreesd wordt. Dus daarmee kan je eigenlijk de verwachtingen teniet doen. Dus door zo vaak oefenen te hebben merken van ja, eigenlijk gebeurt het niet. Waardoor dus ook in jouw hoofd dus hersteld wordt die verwachting die jij hebt opgeslagen. En daarmee dus uiteindelijk dus ook dat kan gaan doorbreken. Overigens is dan ook de volgende stap, dus het gaan doen. Dus door middel van gedragsexperiment of exposure in vivo. In de realiteit. Dus nu hebben we het over gehaald over oefeningen, die dus zorgen dat je die symptomen oproept. Maar uiteindelijk ga je dus ook in het werkelijke leven, dus bijvoorbeeld ook oefenen. Dus bijvoorbeeld als je bang bent, dus bijvoorbeeld dat het in de trem gebeurt, dat je dus dat je dan misselijk wordt en dat je dan flauwvalt en een panika-aanval krijgt of wat dan ook. Dan gaan we dus oefenen met dus ook in de trem stappen en kijken of dat dan weer gebeurt. En of je dan ook werkelijk inderdaad de panika-aanval hebt gekregen. Ja, maar dat gaat geleidelijk aan natuurlijk. Het is niet bij de eerste behandeling meteen dat je je op. In die tram of in die drukke supermarkt of in de auto op de snelweg zetten. Dat gaat natuurlijk heel geleidelijk, stapje voor stapje. En het gaat dan echt om dat je vertrouwen leert krijgen weer in je lichaam. Dat er niks gebeurt, dat er echt niet iets heel ernstigs is. En waardoor je dan stapje voor stapje dat vertrouwen krijgt. En het dus ook dan steeds die exposure therapie wat verder gaat uitbreiden. Ja, zeker. En dat is inderdaad ook, het gevoel moet dan ook langzaam meegaan. Het gevoel is altijd wel lastig, want soms weet je het met je hoofd. Ja, ik weet dat het inderdaad niet echt gaat gebeuren. Maar het duurt altijd wat langer voordat dat gevoel ook meegaat. Het is helaas altijd het geval dat je hoofd gaat sneller dan je gevoel. Dus de angst. Het kan nog steeds wel opkomen, ondanks dat je met je hoofd weet van ja, maar dit kan eigenlijk niet meer. En daarvan geldt dat echt het doen, het blijven oefenen. Dus het is niet door thuis achter een geranium te gaan zitten dat het dan opgelost wordt, maar het is echt door het gaan doen dat je dus gaat merken van inderdaad, er gebeurt helemaal niks. En dan gaat jouw gevoel dus dat ook mee. Dus die angst gaat daardoor dus ook verminderd worden. Je zou het eigenlijk ook een beetje kunnen vergelijken met een kind dat valt van de fiets. En na het vallen van de fiets gaat hij nooit meer op een fiets zitten. Nou, zijn angst voor een fiets wordt dan enorm groot, want het laatste wat hij opgeslagen heeft is die val voor die fiets. En die verwacht alleen maar als ik weer op een fiets ga zitten, dan val ik weer. Maar terwijl als je hem dan direct na zo'n val weer op de fiets zet en de dag erna weer op een fiets, dan wordt het een van de vele herinneringen. En het is één keertje gebeurd, maar het is ook vele keren niet gebeurd. En daardoor krijgt het kind wel vertrouwen, zeg maar, van ja, meestal gebeurt het niet. En zo werkt dat dus met angst. Ja, want soms is er maar één keer iets gebeurd en dan slaat dat heel erg vast in ons systeem. Terwijl het al honderden keren dat het wel goed is gegaan. En toch blijf je dan angstig voor die ene situatie. Het is heel bijzonder hoe dat werkt eigenlijk in ons systeem. Daar gaan we het niet over hebben, want dan zitten we nog twee uur te kletsen. We gaan het nu even over de praktische kant hebben. En dan heb je dus over exposure therapie. Zijn er ook nog andere? Krijg je dan nog meer oefeningen en dingen om te doen? Zij, een dagboek bijhouden. Tenminste, ik noem het altijd een dagboek bijhouden. Eentje opschrijven. Wanneer treedt het op? Wanneer gaat je kijken of je patronen kunt herkennen? Ja, dus het registreren van je paniekaanvallen. Daar start je eigenlijk mee. Dus dat is aan het begin, daar meer inzicht in krijgen. En verder is dan ook nog wat stukje wat meer cognitief uitdagen. Dus echt meer kijken van, nou, wat voor gedachten heb je daar nou bij? En helpt het je echt om zo te denken? Klopt het ook deze gedachten? En dat ga je dan vervolgens in het doen, dus inderdaad. Dus dit is vanuit de CGT, de cognitieve gedrachtstherapie, hoe deze dus aangepakt wordt. Ja, nou, ik vind zelf cognitief wat het best wel een lastig woord is. Dus ik kan me voorstellen dat je luistert en je denkt, nou wat betekent dat nou eigenlijk? Wat is het, dat betekent nou in gewoon jeep, Janik het al. Ja, ja, ja. Nou, het is cognitief gedrachtstherapie, dus dat zijn ook echt wel twee verschillende woorden. En cognitief betekent dus inderdaad in het hoofd, wat speelt zich in gedachten af. En dat dus aanpakken. En het gedrag is dus ook echt in het doen. En juist die combinatie van die twee, dus zowel de gedachten uitdagen als het ook echt in het doen gaan veranderen, blijkt dus super effectief te zijn. Dus de cognitieve gedachtstherapie zijn vaak ook de therapie, de meest effectieve therapieën voor de meeste stoornissen. Ja, dus het is echt niet zo, want vaak vroeger, vooral dachten we, je gaat naar een psycholoog en dan moet je alleen maar praten over wat je dwars zit en wat er allemaal speelt. Maar eigenlijk noem je het, het is eigenlijk een hele actieve therapie. Je bent er wel bezig, er zal natuurlijk ook veel gepraat worden. Ja, het ligt er wel aan wat voor psycholoog je hebt, want je hebt diverse therapeuten. Dus de psycholoog die werkt volgens. De cognitieve gedrachtstherapie, CGT, die werkt dus inderdaad op die manier. Maar je hebt bijvoorbeeld ook therapeuten die meer op de psychotherapie zitten. Die zullen dan wat meer op het praten zitten en het graven naar het verleden en dat soort dingen. Dus het ligt echt wel aan wat voor therapeut je hebt en wat voor therapie dat is. Maar de cognitieve gedrachtstherapie staat echt voor inderdaad zowel uitdagen van de gedachten. Hoe denk je erover en helpt dat je nou vaak dus niet. En dus hoe kan je anders leren denken? En kloppen je gedachten überhaupt wel? En het ook gedragsmatig anders gaan handelen. En hoe. Dus natuurlijk, ook misschien heb je daar, er is helemaal geen antwoord op, maar hoe lang duurt dan gemiddeld zo'n behandeld traject? Nou, vaak staat daar zo'n beetje elf sessies voor, volgens het protocol. De GGZ houdt zich daar ook vaak wel echt wel aan. Dus die hebben ook wel een soort van maximum aantal sessies wat ze kunnen besteden. Dus dat is een beetje wel de leidraad. En is dat dan gemiddeld meestal één keer per week? Of is dat om de week? Of ga je juist vaker? Ga je bijvoorbeeld twee keer in de week? Of is dat echt afhankelijk van de persoon? Dat zal meestal één keer per week zijn. Dat kan misschien per instelling nogal verschillen, maar meestal zal dat één keer per week zijn. Dan gaan we bijvoorbeeld naar de tram, want als dat jouw situaties waar hij heel erg spannend vindt, ik kan me ook voorstellen dat ik al zei, supermarkt, auto rijden. Maar gaat de psycholoog dan echt met je mee in die situatie? Dat kan zeker. Dus er zijn psychologen die dat doen, dat is niet allemaal, maar er zijn psychologen die dat doen, dus die met jou meegaan. En dat is overigens dan wel voor het begin. Dus bijvoorbeeld, het kan ook zijn als je angst hebt voor lift, in de lift dat zoiets gebeurt. En er is een lift dus ook in het gebouw waar de psycholoog zit. Nou, dan waarschijnlijk gaat die psycholoog jou dan voorstellen van, joh, ze zullen het ook even gaan oefenen en ik ben bij, ik ga je hierbij begeleiden. En dan in eerste instantie zal dat dan met een psycholoog zijn, maar uiteindelijk. Zoals met de, ik durf het alleen maar met mijn partner. Het moet niet alleen maar zijn dat je dan alleen maar durft met de psycholoog. Het moet uiteindelijk ook dat je straks zelfstandig op eigen benen kan staan en dat ook durft zonder de psycholoog. Dus het is als een opstapje als het ware om dat te leren. Het kan overigens ook zijn, sommige psychologen werken daar dus ook mee, dat ze dan via beeldbellen dan bijvoorbeeld aanwezig zijn. Dan bel je ze even in op het moment dat je normaal bijvoorbeeld de sessie hebt. Jij bent dan op dat moment bij de metro en je gaat daar dan je oefening doen terwijl de psycholoog erbij is. Metro is overigens wel een lastige, want vaak heb je daar dan niet goed gevraagd. Dat je zegt, oh, maar dat is wel iets wat ik nog wat kwijt wil. Het is vooral dus inderdaad, ik denk dat we het belangrijkste besproken, dus echt de angst voor de angst, dat is echt vooral wat een paniekstoornis is. Want nogmaals, panika-aanvallen komt dus bij 23% van de bevolking voor. Dus vrij normaal is dat eigenlijk wel. Alleen andere mensen die merken misschien dat er iets gebeurt, maar die hechten er niet zoveel waarde of niet zoveel angst. Het wordt niet zo'n angstencomponent als het ware. Dus het wordt vooral belangrijk om dat als wat meer normaal te bekijken. En dus echt inderdaad door het doen. Dus het vermijden is ook echt een voeding voor angst. Een voorbeeld kan ik ook geven voor degene die angstig is voor spinnen bijvoorbeeld. Als die telkens de kamer uitrent zodra hij een spin ziet, die bevestigt ook ontzettend dat die spin een ontzettende monster is. Terwijl het moment dat hij beslist, oké, ik ga niet de kamer uitrennen, ik blijf gewoon zitten in de kamer bijvoorbeeld. Ja, dan merkt hij, die spin die beweegt helemaal niet. Er gebeurt eigenlijk helemaal niks engs. Eigenlijk is het misschien wel zelfs op een gegeven moment een beetje saai, want ja, die beweegt maar niet en jij zit er maar naar te staren. Dus dan ga je dus beseffen door te doen van, er zit geen werkelijke angst. Het is allemaal in mijn hoofd, maar in werkelijkheid is dat niet zo angstig. Dus dat is vooral ook een belangrijke om. Want vaak weten we verstandelijk best dat die spin je niet opeet. Dat je als er wat is, dat je best die supermarkt uit kan rennen. Dus er zit best wel veel. Je weet het vaak wel. Ja. Er zit daar dat stemmetje in je hoofd. Je zegt ja, maar wat als je het heel erg opblaast. En in dat geval, als je dat dus herkent van jezelf. Dat je dingen bent gaan vermijden. Dat je dingen niet meer durft. Of dat je het wel doet. Maar met heel veel spanning in je lichaam. Dan is het natuurlijk gewoon echt heel goed om toch eens een doofverwijzing te halen voor een psycholoog. Ja, zeker. Die kan je er echt heel goed doorheen begeleiden. Dus dat maakt het een stuk makkelijker dan dat je het alleen gaat doen. Nou, bedankt. Ik denk dat het heel duidelijk is voor iedereen van wat een psycholoog met vooral cognitieve gedrachtstherapie kan betekenen. Als je last hebt van hyperventilatie, maar ook van paniekstoornissen. Ja, want ik denk net als ze, is er nog iets wat je toe wil voegen? Of is het voor mij hebben we alles wel echt besproken? Ja, in de notendom hebben we inderdaad wel besproken hoe dat een beetje gaat binnen de cognitieve gedrachtstherapie, de behandeling. Mooi. Nou, dan wil ik je heel erg bedanken voor je tijd en je moeite en voor al het delen van deze uitleg. Maika, kun je je volgen onder de naam? Dat gaat ze zelf allemaal even opnoemen. Vrij zijn met eten, dus dat is inderdaad rondom de begeleiding die ik bied voor vrouwen met een AIDS-stoornis. En je kunt mij momenteel op Facebook en op Instagram vinden, op Vrij zijn met eten. De link zal nog toegevoegd worden onder de podcast. Zeker. Dus als je hier vragen over hebt, dan mogen ze zeker natuurlijk ook contact met jou opnemen. Zeker weten. Mooi. Nou, heel erg bedankt voor je tijd. En jij bedankt als luisteraar om weer te luisteren naar ons."
