name,category,model,rtfx,transcript
bewegingsapparaat.mp3,Dokter Patient,NVIDIA Parakeet TDT 0.6B v3,128.32993847877415,"Goedemiddag, komt u verder. Ik heb voor u de uitslag van het rundonderzoek. Zoals vorige keer besproken was er een sterk vermoeden op een breuk: een ingezakte wervel. Hoe gaat het nu met uw rug? Dankzij de pijnstilling is het wel te doen. De rundgefoto laat zien dat u inderdaad een ingezakte wervel heeft. Verder is het een stabiele breuk waarvoor een operatie niet nodig is. Gelukkig. Het minder goede nieuws is wel dat de breuk veroorzaakt is door osteoporose. Dit houdt in dat de dichtheid van uw botten minder wordt. Weet u wat ik daarmee bedoel? Betekent het dan dat ik veel vaker botbreuken zal oplopen? Het is vervelend voor u om te horen. Helaas kan dat wel voorkomen.Maar kan ik dan helemaal niet meer gaan wandelen? Wzo is het natuurlijk de vorige keer gebeurd. Het is juist goed om te blijven bewegen. Hierdoor bouwen de botten meer kracht op. Ik ben dan bang dat ik ga vallen, waardoor ik weer iets kan breken. Ik kan me heel goed voorstellen dat u hier bang voor bent, maar er zijn wel manieren om dit te voorkomen. Deze kunnen we later wel bespreken. Oké. U lijkt nog niet echt gerustgesteld. Ja, het voelt gewoon alsof mijn lichaam me in de steek laat. Het is natuurlijk ook vervelend om dit te horen, maar we kunnen de maatregelen bespreken die de kans op breuken zo klein mogelijk maken. Goed?Tja, ik weet niet of ik daar het nut zo van in zie. En waarom niet? Ja, dan moet ik zeker oefeningen gaan doen of zo. Ik kan me voorstellen dat het wat weerstand oproept, maar de maatregelen kunnen het risico wel degelijk verlagen. Vindt u het goed als we rustig het een en ander doornemen, en dan kunnen we daarna kijken wat voor u goed voelt. Oké, fijn. We kunnen u allereerst aanraden vitamine D-supplementen en calciumtabletten te nemen. Beide stoffen bouwen de botten opnieuw op. Of in plaats van calciumtabletten kunt u minimaal vier zuivelconsumpcties nemen op een dag. Wat denkt u? Ik eet best veel yoghurt en drink eigenlijk ook altijd wel 2 glazen melk.Oké, dan kunnen we die calciumtabletten al achterwege laten. U zou dan baat hebben bij de vitamine D-supplementen. Verder is het juist goed om te blijven bewegen en actief te blijven. Wat zou u kunnen doen qua beweging? Het gaat gelukkig wel redelijk om elke dag even te blijven wandelen. Blijf dat vooral doen. Zo blijven de botten gewend aan de belasting. U ook niet, maar drinkt u wel regelmatig alcohol? Nee, alleen in het weekend. Goed, met uw bloeddrukverlager vormt dat in principe verder geen risico. Verder raad ik u aan fysiotherapie aan te leren en een goede balans en evenwicht te behouden, zodat u minder kans heeft om te vallen.Wat denkt u daarvan? Ja, dat wil ik wel proberen. Wat denkt u van deze adviezen? Het valt me eigenlijk wel mee. Ik had het erger verwacht om eerlijk te zijn. Gelukkig maar. Dus kort samengevat, u kunt vanaf nu starten met vitamine D-supplementen en er vooral voor blijven zorgen dat u genoeg calcium binnenkrijgt. Verder is blijven bewegen belangrijk en maakt u een afspraak met de fysiotherapeut. En qua rugpijn kunt u doorgaan met de pijnstilling zoals u de vorige keer hebben besproken. Is het zo duidelijk of heeft u nog vragen? Nee, het is wel duidelijk zo en ik ben er ook wel content mee. Zullen we dan over een week of drie een nieuwe afspraak inplan? Dan kunnen we bespreken hoe het gaat.Dat zou ik fijn vinden. Bedankt voor het prettige gesprek, dokter."
ademhaling.mp3,Dokter Patient,NVIDIA Parakeet TDT 0.6B v3,145.0249510203159,"Ik denk dat ik inmiddels voldoende informatie heb over uw klachten. Dan zou ik nu nog even naar uw longen willen luisteren. Dat is prima hoor. Oké, u kunt zich achter het gordijn omkleden en de kleding daar aan een haakje hangen. U hoeft alleen uw bovenlichaam te ontkleden. Oké, dus de broek mag ik aanhouden? Klopt, die mag u aanhouden. U mag plaatsnemen op de onderzoeksbank met uw benen aan deze kant.Ik ga nu even luisteren naar de longen en ik zal op verschillende plekken gaan luisteren. De stetoscoop kan wat koud aanvoelen. Ik zal het even op uw hand laten voelen. Gaat dat zo? Ja hoor, het valt me mee. Fijn. U mag de armen gekruist op uw borst leggen. Zou u eens diep kunnen zuchten met mond open? Dat mag u een aantal keren herhalen in een rustig tempo, terwijl ik naar de longen blijf luisteren.Prima, ik heb het goed kunnen horen. Dank u wel. Mag ik me dan nu weer aankleden, dokter? Ja, natuurlijk. U kunt zich weer aankleden achter het gordijn. Doe maar rustig aan hoor, dan bespreken we dadelijk wat ik heb gehoord."
diabetes.mp3,Dokter Patient,NVIDIA Parakeet TDT 0.6B v3,158.35886483478754,"Goedemiddag meneer Visser. Goedemiddag. Vertel, waarvoor bent u vandaag gekomen? Nou, ik ben al een tijdje erg moe. Ik heb nergens zin in. Totaal futloos, echt heel vervelend. Ja, dat kan ik me voorstellen. Moe en futloos, zei u. Wat verstaat u hieronder? Ja, ik heb gewoon overdag geen energie om iets te doen. Wat vervelend. En hoe lang heeft u daar al last van? Ja, al een weekje of zes. Zes weken dus. En wat maakt het dat u nu toch na zes weken komt? Ja, ik maak me zorgen. Ik vind het nu echt te lang duren.Ik wil graag weten wat de oorzaak is. Dat kan ik me voorstellen. Dus als ik het goed begrijp, wilt u vooral weten wat de oorzaak van uw klachten is. Hoe slaapt u? Heel goed ja. S'nachts ben ik wel een paar keer wakker om eruit om te plassen, maar daarna slaap ik vrijwel direct weer in. Hoe vaak is een paar keer? Ik denk gemiddeld wel vier keer per nacht. En hoe was het hiervoor qua plassen in de nacht? Oh, dat was minder. En ervaart u dan ook pijn bij het plassen? Nee, dat niet. Drinkt u veel voordat u gaat slapen? Ja, ik drink de hele dag veel. Ik heb vreselijk veel dorst de hele dag. Maar s'avonds probeer ik een beetje minder te drinken, zodat ik niet zo vaak naar het toilet hoef. Duidelijk.Als ik het goed begrijp, heeft u dus sinds ongeveer zes weken veel last van vermoeidheidsklachten, heeft u veel dorst en moet u vaak plassen, vooral s'nachts. Heeft u verder nog andere klacht? Nee, eigenlijk niet. Alhoewel, ik heb ook een paar wondjes op mijn rug die maar niet willen overgaan. Daar zal ik ook even naar kijken. Ik wil u ook nog wat algemene vragen stellen. Ja, prima. Hoeveel weegt u? Zo'n dikke honderd kilo, schat ik, ik weet het niet precies. Dan gaan we u straks even wegen. Hoe is uw eetpatroon? Ik eet het liefst aardappelen met een lekker stukje vlees. Maar mijn vrouw maakt ook wel eens spaghetti en op vrijdag eten we altijd friet. Eet u verder ook nog fruit en groenten? Nou, daar hou ik niet zo erg van.En snoept u ook? Ach, een koekje bij de koffie en de thee en s'avonds wat chips bij het biertje, maar meer niet hoor. En hoeveel drinkt u gemiddeld? Eigenlijk altijd maar een paar biertjes. Verder geen wijn of sterke drank. Een paar biertjes, zegt u? Hoeveel biertjes per dag ongeveer? Drie of vier denk ik zo. En rookt u? Ja, een pakje per dag ongeveer. Beweegt u ook dagelijks? Dat probeer ik wel. Af en toe een blokje om, maar veel meer is het echt niet. Oké, en komt er diabetes voor in uw familie? Diabetes. Oh, suikerziekte. Nee, niet dat ik weet. Maar hoezo? Denkt u dat ik suikerziekte heb?Ik sluit het niet uit, maar we hebben daar een aantal onderzoeken voor nodig. Vindt u het goed als ik u eerst lichamelijk ga onderzoeken? Natuurlijk, geen probleem. U kunt alvast op de onderzoekstafel gaan liggen. Zou u ervoor kunnen zorgen dat dit gehele bovenlichaam ontbloot is? Dan kunnen we deze goed onderzoeken. Ja, dat is prima."
hartziekten.mp3,Dokter Patient,NVIDIA Parakeet TDT 0.6B v3,162.60585552542074,"Goedemiddag, wat heeft u hier gebracht vandaag? Ik heb de laatste tijd wat last van mijn hart. Uw hart, en wat bedoelt u daarmee? Ik merk dat ik steeds vaker hartklopingen heb. Oké, en hoe lang heeft u daar al last van? Ik denk een paar weken, maar sommige dagen heb ik er ook helemaal geen last van. Dus eigenlijk heeft u bijna iedere dag er last van? En wat voelt u dan precies? Mijn hoort klopt sneller, en ik voel het echt in mijn borst kloppen. Oké, dat is vast een onprettig gevoel. U zegt dat u het al een paar weken heeft.Daarvoor had u het niet. Wat maakt nou dat u vandaag bent gekomen? Ja, het is gewoon een heel naar gevoel. En ik denk dat ik een hartaanval krijg of zo. Dus ik wil het een en ander laten checken. Ja, dat begrijp ik helemaal. En op zo'n moment van de aanval, wat doet u dan? Niks speciaals eigenlijk. Voelt u verder nog andere dingen op die momenten in de borstkast of in de rest van je lichaam? Nee, dat niet. Ik denk eigenlijk alleen in de borstkas en niets anders dan dit hoor. En merk je bijvoorbeeld dat het hart ook van tempo wisselt, soms sneller en soms langzamer? Oh ja, dat heb ik wel enkele keren gemerkt, maar dat was niet zo heel erg hoor. Oké.Heeft u verder ook geen klachten van misselijkheid, benauwdheid of zweten? Nee, dat eigenlijk niet. Alhoewel, ik merk dat ik door de hardkloppingen ook wel een snellere ademhaling krijg. Oké, en heeft u daarbij ook een gevoel van kortademigheid? Nee, dat niet. Dus als ik het goed begrijp, heeft u sinds enkele weken last van hartkloppingen, maar verder niet veel bij komende klachten. Ja, dat klopt inderdaad. Mag ik iets anders vragen? Heeft u op dit moment ook last van stress? Dat valt wel mee. Het is wat drukker, maar ik ga binnenkort op vakantie. Dat is een fijn vooruitzicht. En heeft u zelf al iets aan de klachten gedaan? Ik probeer gewoon even rustig te doen. Dan zakken de klachten vaak wel.Lukt dat wel goed om even rustig aan te doen? En wat doet u dan? Nou, ik maak me soms wel druk en dan houden we de klachten wat langer aan. En waarover maakte u zich dan druk? Ja, dokter, ik heb in mijn omgeving toch wel mensen gehoord die dezelfde klachten hadden als ik en dan ineens onderuit gingen, of waarmee dan ineens slechter ging. Maar dat wil ik natuurlijk niet. Nee, dat is natuurlijk heel begrijpelijk. U hoeft zich daar geen zorgen over te maken. Dit soort hartkloppingen zijn heel veel voorkomend en zijn vaak onschuldig. Maar ik zal voor de zekerheid zo natuurlijk ook even naar uw hart luisteren. Dat vind ik wel fijn om te horen. Het onderzoeken van het hart vind ik ook wel fijn, eigenlijk.Ik krijg de indruk dat nog niet al uw zorgen zijn weggenomen. Kan dat kloppen? Ja, dat klopt misschien wel, dokter, want ik maak me vooral ook zorgen om mijn reis. Uw reis? Wat voor reis gaat u maken? Ik ga bij mijn dochter op bezoek in Australië. Maar dan moet ik ook veel rijden. En ik ben bang dat ik met deze klachten niet veilig achter het stuur kan zetten en kan deelnemen aan het verkeer. Ja, ik kan me dat goed voorstellen. Maar ik kan u iedere wel geruststellen, zeker als we dadelijk bij het luisteren naar het hart niets schriks horen. Deze klachten zullen uw revaardigheid niet beïnvloeden. Na mijn mening kunt u dus gewoon veilig op reis om uw dochter te bezoeken. Dat is goed om te horen, dokter. Dank u wel. Ik zal eerst even naar uw hart luisteren, en dan kunnen we de andere dingen ook makkelijk uitsluiten."
oncologie.mp3,Dokter Patient,NVIDIA Parakeet TDT 0.6B v3,161.2815029436414,"Fijn dat u vandaag bent gekomen voor het bespreken van de uitslag van de onderzoeken. Zoals u weet, hebben we de afgelopen donderdag het aanvullende onderzoek gedaan. En nu heb ik de uitslag. Goedemiddag dokter, ik ben wel een beetje bang voor de uitslag. Dat kan ik me goed voorstellen. Ik heb helaas geen goed nieuws voor u. Ik moet u mededelen dat u kanker heeft in het dikke darm. Er is een tumor gezien op de scopie. Wat denkt en voelt u nu? Er gaat wel veel in mij om op dit moment. Ik was er al een beetje op voorbereid, maar ik merk dat het toch wel erg confronterend is wat u mij vertelt.Het is ook heel heftig nieuws om te horen. Betekent dat nou dat ik doodga, dokter? Bent u daar bang voor? Ja, eigenlijk wel. Ik begrijp dat u zich hierover zorgen maakt, maar er zijn nog genoeg behandelopties die in dit stadium van de ziekte toegepast kunnen worden. Ja, ik weet even niet zo goed hoe ik hierop moet reageren. Ik vind het wel heel beangstigend allemaal. Hoe gaat het nu verder? Kan ik nog blijven werken? Moet ik het nou aan iedereen vertellen? En hoe ga ik het thuis aan mijn partner en mijn kinderen vertellen? Ik begrijp dat dit veel vragen bij u oproept op dit moment. Heeft u iemand in uw naaste omgeving die u kan steunen? Jazeker, mijn partner.Dat is goed om te horen. Uiteraard hoeft u dit niet alleen te doen. We zullen vanuit hier u en uw familie zoveel mogelijk begeleiden. Oh, dat is wel fijn om te horen. U vraagt zich af hoe u dit aan de familie moet zeggen. Wilt u hier hulp bij? Nou, nee, ik denk dat dat wel zal lukken. Goed om te horen. Wilt u nu al de verschillende behandelopties horen of wilt u dat liever op een later moment bespreken? Ja, graag. Ik weet alleen niet zeker of ik alles nu kan onthouden. Ik kan u de informatie ook op papier meegeven. En de volgende keer herhalen we alles gewoon nogmaals en kunt u uw verdere vragen stellen. Oh, bedankt dokter. Dat zou ik heel fijn vinden. Een operatie is sowieso nodig.Hierbij wordt een deel van de dikke darm weggehaald en de rest wordt weer aan elkaar gemaakt. Soms is het tijdelijk nodig een stoma te gebruiken. Wat vindt u ervan? Ja, het klinkt wel begrijpelijk. Na de operatie moeten we het hebben over chemotherapie. Met de combinatie van een operatie en chotherapie heeft u in dit stadium 90% kans om de kanker volledig uit uw lichaam te krijgen. Oké, dus ik krijg een operatie en u raadt chemotherapie aan. Dat klopt inderdaad. Wat vindt u ervan? Ja, het is duidelijk. Het zal wel moeten. Wilt u een folder met de informatie? Ja, heel graag.Dan zal ik u een folder meegeven met informatie over de behandeling van darmkanker. Kan ik u verder nog ergens mee helpen? Nou, ik ben al heel erg blij met deze informatie, dus dank u wel daarvoor. Fijn om te horen. Als u vragen heeft, kunt u deze opschrijven. Bij de volgende afspraak kunnen we alles nog eens rustig doorlopen. Het zou goed zijn als u dan iemand mee zou nemen. Ja, dat is zeker goed. Ik neem mijn partner mee. Ja, goed zo. Veel sterker de komende week, en we houden contact. Ja, dank u wel."
abdomen.mp3,Dokter Patient,NVIDIA Parakeet TDT 0.6B v3,171.34545043442068,"Goedemiddag, neemt u plaats. Dan zullen we de uitslag van het onderzoek gaan bespreken. Goedemiddag, dokter, ik ben erg benieuwd. Ja, zoals u weet, hebben we net een echo gemaakt. We konden daarop duidelijk zien dat u een blinde darmontsteking heeft, en dit veroorzaakt ook de buikpijn die u heeft. Oh, dat klinkt niet goed. Wat houdt er precies in? Ja, er is een ontsteking van een aanhangsel van de blinde darm, de appendix. Hoe het ontstaat, is niet helemaal duidelijk, maar het ontstaat vaak plotseling. Oké, ik snap wel wat u bedoelt, denk ik. U klinkt nog niet overtuigd. Maakt u zich zorgen? Wel een beetje om eerlijk te zijn. Is het wel goed te genezen?Ja, het is eigenlijk zonder ernstige complicaties goed op te lossen. Maar we moeten het wel gaan behandelen. Oké, dat stelt me gelukkig gerust. Wat kan er dan gedaan aan worden? Nou, eigenlijk zijn er twee opties. Optie 1 is een operatie waarbij het ontstoken deel verwijderd wordt. Dit is de optie waar het meest voor gekozen wordt. De andere optie is behandelen met antibiotica. Die worden dan direct via een infuus in de aardels toegediend. En we kunnen samen kijken wat voor u de beste optie is. Dat lijkt me wel fijn, ja. Na de operatie kan de ontsteking nooit terugkomen omdat het ontstoken deel in zijn geheel verwijderd wordt. Het terugkomen van de ontsteking noemen we ook wel een recidief.De kans op recidief na behandeling met antibiotica ligt tussen de 20 en 30 procent in de twee jaar na de behandeling. Maar zitten er niet ook nadelen aan een operatie? Ja, een operatie kan gepaard gaan met complicaties, ook al zijn deze veelal klein. De operatie wordt onder narkoose gedaan met een kijkoperatie. Oké, maar is het dan niet zo dat de darm misschien minder goed functioneert omdat je het weghaalt? Nee, gelukkig niet. Dit stukje van de darm heeft geen functie, dus het weghalen heeft verder geen nadelen. Ik ben ook nog wel benieuwd naar wat details over de behandeling met antibiotica. Ja, voor de behandeling met antibiotica moet u een paar dagen opgenomen worden om de antibiotica toe te dienen.De opname duurt korter dan de keuze als je kiest voor een operatie. Na een behandeling met antibiotica herstelt u wel sneller dan na de operatie, maar een onderliggende oorzaak van de ontsteking kan niet achterhaald worden. Bij een operatie kan dat wel. Wat kunnen die oorzaken dan zijn? Nou ja, de meest ernstige oorzaak is een vorm van kanker. Die komt niet vaak voor, maar bij 1 of tot 2% van de mensen. Ja, dat is niet veel, maar het lijkt me geen fijn idee om met die onzekerheid te leven. Ja, dat is begrijpelijk dat u had zegt. Was het verder betreft op behandelopties wel duidelijk wat de voor- en nadelen zijn of heeft u nog vragen? Nee, dat is eigenlijk al duidelijk. Heeft u op dit moment een voorkeur voor een van beide behandelingen?Ja, voor een operatie. Ondanks dat het herstel misschien langer duurt. Ik vind het wel fijn om zeker te weten dat het niet terugkomt, of misschien wel veroorzaakt wordt door een vorm van kanker. Vindt u dat een logische keuze? Ja hoor, ik zou de meeste mensen een operatie adviseren. Oké, kan ik even mijn partner op de hoogte stellen voor we verder gaan? Hij maakt zich namelijk nog wel wat zorgen. Ja, natuurlijk mag dat. En dan bespreken we zo verder de vervolgstappen."
auto-immuunziekten.mp3,Dokter Patient,NVIDIA Parakeet TDT 0.6B v3,180.7090458040522,"We hebben het zojuist gehad over uw klachten. U gaf aan sinds een langere periode klachten te hebben van buikpijn en diarree en u bent flink wat kilo's afgevallen. Ook voelt u zich vermoeid en futtloos, waardoor u overdag weinig energie heeft en u maakt zich daar zorgen over. Klopt dat? Ja, dat klopt inderdaad. Dan zou u nu graag wat specifiekere vragen willen stellen over de klachten. Prima. Zou u kunnen omschrijven waar u de buikpijn voelt? Vooral wat lager in de buik. Het is echt een krampende pijn. En is er iets wat u kunt doen om die pijn te verzachten? Het liefst houd ik me rustig.Maar ik moet dan vaak naar het toilet. Op de wc heb ik dan nog wel veel buikpijn, maar na de hand is de buikpijn vaak iets gezakt. Dus nadat u naar het toilet bent geweest, is de pijn minder. En is de pijn verder de hele dag door aanwezig? Nee, dat niet. Het gaat vaak een beetje op en af. Ik merk dat het een paar uur na het eten vaak het pijnlijst is, hoewel ik er s'nachts ook wel veel last van heb. Ik moet dan ook een aantal keer naar de wc. En dan na de toiletgang is het weer minder. Slaapt u verder wel goed? Redelijk, behalve dat ik er dus wel vaak uit moet s'nachts. Het inslapen duurt dan soms ook wel weer even.Ja, dat snap ik. U zei dat u diarree heeft. En kunt u aangeven of de ontlasting altijd zo dun is? Eigenlijk wel. Soms is het wat harder, maar meestal is het gewoon heel dun, tot zelfs waterdun. En hoe vaak gaat u gemiddeld per dag naar het toilet voor de ontlasting? Ik denk gemiddeld wel een keer of 5 asses de afgelopen periode. Dat is inderdaad wel veel. Weet u misschien of er ook bloed of slijm bij de ontlasting zit? Nee, dat gelukkig niet. En heeft u verder nog last van oprispingen of zuurbranden? Ik heb dat altijd wel een beetje gehad, maar dat is niet veel erger geworden in de afgelopen periode.En voel u zich dan ook wel eens misselijk, of moet u misschien overgeven? Nee, dat gelukkig niet. Dat is fijn om te horen. En hebt u nog wel een normale eetlust? Nou, ik heb niet vaak zin om te eten, moet ik zeggen. Dus toch wel een afgenomen eetlust als u het zo zegt. Ja, dat wel. En hoe is uw eetpatroon? Zou u voor mij eens kunnen omschrijven wat u op een dag zoal eet? Ik probeer wel genoeg groenten en fruit te eten. Daarnaast eet ik elke dag een stukje vlees of vis. Soms snoep ik wat tussendoor, maar meestal houd ik wel een beetje rekening met wat ik eet. Oké, ik denk dat ik zo wel een goed beeld heb. Bent u?Toevallig recentelijk ook nog in het buitenland geweest voordat de klachten begonnen. Ik ben wel op vakantie geweest naar de camping op Frankrijk, maar verder niet. Duidelijk. Heeft u ooit kort ervaren bij de klachten? Dat weet ik eigenlijk niet zo goed. Ik heb soms wel heel koud en dan weer warm, maar dat is niet altijd zo. Oké, we kunnen zo meteen ook de temperatuur wel meten. Zou u kunnen aangeven of u medicijnen of pijnstillers gebruikt? Medicijnen niet, maar ik neem wel af en toe een pijnstiller. Soms helpt dat iets tegen de buikpijn. En heeft u verder nog aandoeningen in de voorgeschiedenis? Nee, eigenlijk niet.Heeft u misschien toevallig in de familie ooit gehoord dat iemand dit soort klachten heeft? Volgens mij had mijn tante hier ook wel eens last van. Ik zou het eens kunnen navragen. En weet u misschien of we verder erfelijke ziektes in de familie zitten? Ik weet dat mijn oma een vorm van reuma had, maar ze is al een tijdje terug overleden. Verder denk ik het eigenlijk niet. Oké, als u het goed vindt, wil ik u graag lichamelijk onderzoeken. Is dat goed voor u? Natuurlijk. Zou u dan voor mij de buik willen ontbloten? Dat kunt u daar achter het gordijn doen, en uw bH mag u aanhouden. Oké, dat is goed."
neurologie.mp3,Dokter Patient,NVIDIA Parakeet TDT 0.6B v3,179.3872047208857,"Goedemorgen, wat kan ik voor u betekenen vandaag? Ik heb last van heel ernstige hoofdpijn. Heel ernstig? Wat is ernstig? Ik heb gewoon hevige hoofdpijnsaanvallen. Hoe lang heeft u hier al last van? Ik denk al enkele maanden, maar de laatste weken wel steeds vaker. Oh, dat is al best wel lang. Wat maakt dat u vandaag naar mij bent gekomen? Ik ben er klaar mee. Ik wil er nu vanaf, want het heeft echt invloed op mijn dagelijkse leven. Hoe bedoelt u? Ik wil echt iets tegen de pijn. Dat begrijp ik. Heeft u al iets geprobeerd om de pijn te verlichten? Ik lig dan het liefst gewoon op mijn kamer, in het donker, maar soms word ik ook echt misselijk als ik moet opstaan. Heeft u zelf een idee waar het vandaan kan komen?Ik ben eigenlijk wel bang dat het iets ernstig is. Waar denkt u dan aan? Iemand in de familie is na dezelfde klachten gestorven aan een hersentumor. Ik ben er eigenlijk wel bang voor dat ik dat ook heb. Ik kan me voorstellen dat u zich dan zorgen maakt. Wie was dat in de familie? Dat was een neef van mijn moeder. Dus als ik het goed begrijp, is dat ook de reden dat je vandaag bent gekomen? Ja, eigenlijk wel. En natuurlijk ook iets tegen de pijn. Als ik kijk naar de hoofdpijn, waar in het hoofd voelt u de hoofdpijn? Meestal een beetje voor in het hoofd, meer aan de linkerzijde. En hoe zou je de soort pijn omschrijven? Het is vooral een bonzende pijn. En hoe lang is de pijnaanval dan meestal?Soms is het na één dag al minder, maar het kan soms ook drie dagen duren. Wat doe je dan als je zo'n aanval hebt? Ik ga dan in bed liggen, meestal de deuren en de gordijnen dicht. Begrijp ik goed dat je ook last hebt van licht en geluid over gevoeligheid? Ja, inderdaad. Heeft u verder nog bijkomende klachten? Ja, soms ben ik misselijk. En als u misselijk bent, moet u dan soms ook braken. Heel soms, maar gelukkig niet zo vaak. Heeft u tijdens de aanvallen ook last van slechter zicht? Tijdens de aanvallen merk ik wel dat ik het soms niet goed kan zien, maar ik wil het liefst ook mijn ogen dicht houden vanwege het felle licht. Gebruikt u verder medicatie?Soms een pijnstiller voor de hoofdpijn. En helpt dat tegen de pijn? Ja, meestal wel. Dus nog even kort om samen te vatten, het is dus een bonzende hoofdpijn die in aanvallen komt, vrij ernstig van karakter, vooral aan één zijde van het hoofd. Soms bent u ook misselijk met braken en meestal helpt u rustig aandoen in een donkere kamer en soms een pijnstiller. U bent ook best bang dat het iets ernstigs is en wilt graag iets tegen de pijn. Heeft u zo nog aanvullingen? Nee, dat is eigenlijk wel compleet. Uw hoofdpijn doet me sterk denken aan migraine. Bent u bekend met deze term? Ik heb er wel eens van gehoord. Maar u denkt dus niet aan een tumor? Nee, eigenlijk niet. Het komt bijna precies overeen met het schoolvoorbeeld van migraine.Oh, ik wist niet dat die pijn zo hevig kon zijn. Dat kan helaas wel heel verhinderend zijn. De aanvallen zullen helaas blijven terugkomen, maar er zijn wel wat dingen die je kunt doen om de hoofdpijn te verzachten. Op het moment dat de pijn opkomt, is het aan te raden rust te nemen. De pijn kan versterkt worden door stress, onrust en weinig slaap. Dit zijn dus elementen waar je op kan letten om de hoofdpijn te verminderen. Ervaart u veel stress? Soms wel, dokter, maar het wordt wel rustiger op mijn werk binnenkort. We krijgen een extra collega. Dat is fijn om te horen. Hopelijk neemt de stress dan ook af. Verder kunt u zodra de pijn opkomt, beginnen met twee paracetamol.U kunt dit dan consequent de dag door op maximaal vier momenten nemen totdat u merkt dat de pijn minder wordt. Een paracetamol gaat dat wel helpen tegen deze heftige pijn? Een paracetamol is een medicijn dat verder niet heel schadelijk is, maar het kan wel heel effectief zijn, zeker als het zo op vaste tijdstippen wordt genomen. Mocht het niet helpen, kunnen we altijd overgaan naar een andere pijnstiller. Vindt u dat een goed idee? Dat klinkt wel redelijk. Ik ga het in ieder geval eens proberen. Zullen we dan afspreken dat we over ongeveer vier weken een nieuw consult plannen en kijken hoe het gaat? Mocht het dan niet voldoende helpen, kunnen we dan overgaan op een andere behandeling? Dat is goed. Bedankt, dokter. Heeft u verder nog vragen? Nee, het is wel duidelijk zo. Dan zie ik u graag over vier weken."
misbruik.mp3,Psychologische gespreksvoering,NVIDIA Parakeet TDT 0.6B v3,179.99715751603657,"Nou, goedemiddag Sarah. Mijn naam is Sarah. Ik heb je even apart genomen omdat ik bij binnenkomst stap dat je behoorlijk overstuur was. Ik stel voor om even gewoon een kwartiertje samen te gaan praten. Gewoon even kijken wat er aan de hand is. Dat jij je verhaal kan doen en dat we samen kunnen kijken wat we eventueel voor jou kunnen tekenen hier. Vind je dat een goed plan? Ja? Oké, allereerst, waarom ben je gekomen vandaag? Omdat ik niet naar huis gaat. Je kan niet naar huis. En waarom kan je niet naar huis? Ja, ik durf gewoon niet meer naar huis niet te gaan eigenlijk. Daarom ben ik ook weggegaan. Oké,Dus je bent weggegaan van huis omdat je niet meer naar huis durft. Daar komt het op neer. En waarom durf je niet meer naar huis? En waar in het huis. Het vind ik heel moeilijk om over te praten. Dat vind je moeilijk om over te praten. Kan je eerst iets vertellen over gewoon over je thuissituatie dan? Ja, mijn ouders zijn twee jaar geleden gescheiden. En daar zit mijn vader eigenlijk niet zoveel meer. Mijn moeder heeft nu nieuwe vrienden, maar ik moet het eigenlijk ook helemaal niet meer vinden. Dat is een beetje vies mannetje. Je ouders zijn gescheiden twee jaar geleden. En hoe is de scheiding gegaan?Ja, best wel rot eigenlijk. Want daardoor zie ik mijn vader eigenlijk helemaal niet meer. Maar één keer in twee weken, in het weekend. En dan hij heeft helemaal geen tijd voor mij als ik er dan ben en vind ik leuk. Wat voor gevoel werkt dat bij je op dan? Dat je je vader je zo weinig ziet? Ja, ben je verwaarloos of zo? Dat hij geen zin heeft om het dan te zien. Dus bij je vader voel je je een beetje verwaarloos. En bij je moeder wil je eigenlijk niet meer zijn? Nee. En is dat omdat je moeder er is of nee, door die vriend. Ja, en mijn moeder gaat helemaal met hem mee en dan ruiken er niet naar mij. Anders wat hij zegt is er waarheid ofzo?Ja, ik snap dat dat erg vervelend is, inderdaad. Maar hoe lang zijn je moeder en haar vrienden nu samen? Ik weet niet, een half jaar of zo trouwens. Oké, en jij hebt een beetje het gevoel dat hij eigenlijk alles al bepaalt in huis. Ja, dat zij gaat gewoon een beetje met haar mee. En je zegt, je vindt het een beetje een vies mannetje. Kan je daar een voorbeeld van geven? Ja, ik heb gewoon het idee dat hij de hele tijd naar me zitten kijken. En dan als ik uitga of zo zegt hij, oh, hij ziet er echt sexy uit. Het was gewoon echt heel vervelend. Dus je kan eigenlijk wel zeggen dat je hem erg ongepast vindt.Ja, en ook als ik langsloop of zo, ga hij net even zijn hand op mijn schouder leggen of net op mijn heup of zo, dan moet ik hem afblij. Maar is dat vandaag ook gebeurd? Ja, en ik had nou niet per se vandaag, maar ik had tegen mijn moeder gezegd. En toen zei ze dat ik me gewoon niet zo aan moest stellen en dat ik gewoon normaal moest doen. Oké. Dus je weet eigenlijk niet zo goed wat je nu moet? Nee, een beetje ja, ik ga er echt niet meer naar terug als zij me niet geloven ofzo. En dat hij dan dat gewoon kan doen door mijn moeder er gewoon zegt dat ik het zit te verzinnen of zo. En heb je er al met iemand anders over gepraat? Nee, ik vind het best wel.Moeilijk om over te praten. Straks vindt iemand anders ook dat ik het voor je vind. Het is een lastig onderwerp, inderdaad. Ja, daar heb je helemaal gelijk in. Nou ja, dan moet ik zeggen dat ik erg blij ben dat je naar ons toe bent gekomen. En om het even voor mezelf op een rijtje te krijgen, je ouders zijn gescheiden, je vader zie je vrij weinig. En je vader heb je eigenlijk het gevoel dat hij geen omkijk naar je heeft. Je moeder heeft sinds een half jaar een nieuwe vriend. En die vriend is nogal nog past tegenover jou. En daar heb je je moeder mee geconfronteerd. Oké. En ik kan je voorbeelden noemen van ja, je hebt al gezegd dat hij zegt dat je sexy bent ofJa, maar sexy uitzien. Teg ik toch niet? Ja, dat is een lastig onderwerp. Ik moet zeggen dat ik zelf ook even moet nadenken hoe we hier verder mee moeten. Wat ik in ieder geval uit jouw verhaal begrijp, is dat je je gewoon niet veilig voelt thuis. Daar komt het uiteindelijk op neer om het even concreet te maken voor mezelf. Heb je zelf een idee wat eraan gedaan kan worden? Ja, het moet gewoon weggaan eigenlijk. Want anders kan ik niet naar huis. Nee, oké.Hij moet weg gewoon. Ja, het moet gewoon opgelost worden. Ik wil gewoon thuisker zijn. Maar ik kan niet dat hij er is. En heb je dat ook met je moeder besproken? Nee, nog niet. Want ze gelooft hem meteen nog niet. Dus dan weet je niet dat ze hem dat zeggen. Maar hoe ben je tegen je moeder daarover begonnen? Ja, ik was gewoon naartoe gaan en zeg, ja, mama, die vriend van jou. Dat kan gewoon echt niet hoor, wat hij doet. Dat hij zegt dat ik sexy ben en dat hoort er niet echt mee te zeggen. Ik zie dat je tussendoor een beetje begint te grinken op een of andere manier. Een beetje van zingen, denk ik. Ongemakkelijke situatie.Oké, dus maar even, we zijn hier natuurlijk om jou, want ik merkte sowieso in het begin al dat je dat je een beetje ongemakkelijk voelde en niet helemaal uit jezelf dingen durfden te vertellen. Heb je wel het gevoel dat je hier een beetje veilig bent? Ja, vind ik toch een beetje keer ook ook. En ik wil graag met jou gaan kijken naar een oplossing voor dit probleem in ieder geval. Jij zegt zelf, ik wil dat hij weggaat. Nou denk ik, als ik even zo bij mezelf denk, dat is een beetje een lastige oplossing. Zijn er andere dingen waarvan je zegt, dat zou ik willen proberen?Ja, ik zou er wel gewoon een keer goed met mijn moeder over willen praten. Zonder dat ze meteen gaat roepen dat het niet waarde is en dat ik me aanstel en zo. Het is gewoon even naar luistert. Oké. Dus met je moeder praten. Maar zou je dat willen doen thuis of zeg je, doe maar een andere situatie? Nou, dan liever niet thuis. Maar gewoon erg zo gewoon rustig kunnen praten. Dat hij er ook niet ineens binnen kan lopen of zo. En zou je daar iemand bij willen hebben? Ja, ik denk dat dat wel fijn is. Ja, ik kan me voorstellen.Dat ik erbij ben. Dus dat we met je moeder een afspraak maken en dat we met z'n allen even gaan zitten. Want je bent hier natuurlijk niet voor niks gekomen. Dat is één ding dat we vast kunnen stellen. Dan lijkt het me verstandig als we dat doen. Als jij je daar veilig bij voelt als ik erbij ben, tenzij je zelf zegt nou fijn vind als je erbij bent. Wat wil je tijdens het gesprek van mij dan? Misschien gewoon een beetje mij de kans ook geven om uit te laten praten, zeg maar, niet aan moeder tegen. Ja, dus.Dat je je verwacht of je verwacht mij. Je wil dat ik erbij ben om een beetje de orde eigenlijk te houden. En jou de kans te geven dat je je ding kan zeggen en dat je moeder je niet onderbrengt. Nou, ik vind het fijn dat je zelf ook bedacht hebt van dit wil ik. En daar kunnen wij je hartstikke goed bij helpen. En daar zal ik je ook zeker bij helpen. Als jij zometeen het nummer van je moeder even achterlaat bij mij, dan ga ik haar een belletje geven. En dan ga ik even uitleggen wat wij net besproken hebben, namelijk gezondheid. Namelijk dat je je niet veilig voelt thuis door het feit dat je je vader of je vader, zie je eigenlijk niet en dat je moeder de nieuwe vriend gewoon.Na jouw gevoel gewoon geen normale dingen doe bij jou. Zoals dat hoort als vriend van je moeder en niet als vriend van jou. Dan zal ik je moeder daar even een belletje over geven. Ik zal nog niet te veel daarvan zeggen. Ik zal aangeven dat je hier behoorlijk over stuur bent gekomen en dat ik graag een mogelijkheid wil om met haar te praten en met jou. En dan stel ik voor dat ik met je moeder een afspraak maak en met jou dat we volgende week rond dezelfde tijd nog een keertje afspreken. En dan bespreken we alles nog een keertje met je moeder. Ja? Kan je eraan vinden? Mooi zo. Dan zie ik je volgende week."
intake-bedrijf.mp3,Psychologische gespreksvoering,NVIDIA Parakeet TDT 0.6B v3,171.12966218966451,"Frank, fijn dat je bent gekomen. Ben je wel eens eerder bij een psycholoog geweest? Nee, dit is de eerste keer. Oké, nou dan is het misschien goed als ik iets vertel over de manier waarop ik graag werk. Ik wil dit eerste gesprek graag gebruiken voor kennismaking en kijken met welke vraag je rondloopt en wat er daarbij voor jou meespeelt. Dan kunnen we eventueel daarna vervolggesprekken inplannen waarin we wat beter en dieper in kunnen gaan op de belangrijke aspecten. En ook misschien concreet kunnen kijken naar wat we kunnen doen om je verder te helpen. Hoe lijkt je dat? Ja, dat is goed. Als je nog vragen hebt, dan kun je die nu gerust stellen. Nee. Oké, zullen we dan maar gewoon beginnen? Dat is goed. Oké, kun je me vertellen wat je hier heeft gebracht? Nou, ik ben hier eigenlijk op aanraden van een vriend van mij.Daar heb ik eens mee gesproken en die zei tegen me, zoals je nu net zelf, de kringetje rondraad. Dat kan gewoon niet meer. En hij vond dat ik maar eens moest gaan praten. Een kringetje rondraad? Ik loop al een tijdje met het idee rondom een eigen bedrijf te beginnen in automatisering. Ik doe automatiseringsprojecten ja en dan ga je wel eens denken hoe je dat wilt. En toen. Ik heb nu ook best een leuke baan, maar op een gegeven moment ga je wel denken, ik moet maar eens wat anders. Dus je hebt het wel een beetje gezien in je huidige baan? Ja, dan ga je op zoek naar een nieuwe uitdaging. En een eigen bedrijf leek me eigenlijk een hartstikke goed idee. Dus toen heb ik er met mijn vriendin over gesproken, en met mijn ouders en met vrienden, en eigenlijk.Was iedereen ontzettend enthousiast. Dus je kreeg veel steun uit je omgeving. Ja, dan zet je een volgende stap: dan ga je naar de Kamer van Koophandel. En daar heb ik een starterspakket aangevraagd een cursus gevolgd, een compleet ondernemingsplan geschreven en met banken gepraat. Dus de plannen zijn eigenlijk best al ver gevorderd. Ja, ik ben zo al een tijdje bezig. Een jaar of wat bezig met het opzetten van een eigen bedrijf, misschien nog wel iets langer. Sinds een paar maanden zijn er wat dingen veranderd. En daardoor vraag ik me nu af of die dingen die, die plannen die ik had, of die nog wel kunnen of niet. Je zegt dingen veranderd? Nou, sinds een maand of wat is bekend dat mijn vriendin zwanger is. En dan verandert er wel veel, ja. Daar schrok je van, die verandering. Nou, ja.Da schrokken we allebei nogal van. Daar hadden we niet op gerekend. En dan veranderde er gewoon heel erg veel. Jullie hadden het allebei niet verwacht. Kun je daar iets meer over vertellen? Hoe ging dat? Tja, Caroline had keurig de pil geslikt, had hem niet vergeten of te laat ingenomen of zo. En toen werd ze niet ongesteld. Dus toen hebben we een zwangerschapstest gedaan. En toen zaten we naar die uitslag van die test te kijken. Je kon eigenlijk je ogen niet geloven. Nee, dat was te gek voor woorden. Oké, om even kort samen te vatten, je hebt eigenlijk hele serieuze plannen om een eigen bedrijf te beginnen.Daar kreeg ik veel steun uit je omgeving en daar was je ook echt al een eind mee. En nu is je vriendin plotseling zwanger. En nu komt het even op losse schroeven te staan. Klopt dat? Misschien is het goed om nog even terug te pakken over je plannen voor een eigen bedrijf, om daar iets dieper op in te gaan. Je zei net dat je je ouders waren daar enthousiast over, en je vriendin ook. Ja, mijn ouders hebben een eigen bedrijf. Mijn vader geeft autorijles en heeft zelf een hele rijsschool opgezet. Dus ik ben als het ware groot geworden met dat idee van een eigen bedrijf. Dus toen ik bij mijn vader met dat idee aankwam, had hij zoiets van ja, natuurlijk, dat is een hartstikke goed idee. En je vriendin? Ja, die was eigenlijk ook heel enthousiast.Ze werkte fulltime, ze is unithoofd van een verpleegafdeling. En zij vind een goede baan en een uitdaging ook heel belangrijk. Dus toen ik bij haar met die plannen aankwam, had zij zoiets van ja, dat is echt iets voor jou. Dus vanuit je omgeving kreeg je steun voor die plannen. Je gaf net aan dat de zwangerschap was onverwacht, was echt een verrassing kun je me vertellen wat dat verder teweeg heeft gebracht? Het was voor Caroline ook wel even schrikken. Ze werkt fulltime. En ja, als ik dat dan zo mag zeggen, dan komt die zwangerschap ook niet echt goed uit. En nu met die plannen is het eerst wel even schrikken. Oké, even schrikken. Maar hoe is dat nu? Nou, het zetten dingen wel een beetje op z'n kop.En Carolien is nu langzaam rand wel zo ver dat ze net ziet zitten. Die heeft zoiets van dan gaan we allebei vier dagen werken en dan vangen we het samen wel op. Oké, dus Carolien ziet het nu wel zitten. En heeft ook al wat concrete ideeën over hoe jullie het zouden kunnen aanpakken? Ja, die begint er onderhand al warm voor te draaien. En jij? Nou, kijk, het feit dat die zwangerschap er is, dat eigen bedrijf kan ik nu wel vergeten. Ik moet nu helemaal opnieuw beginnen. Het klinkt een beetje bitter zoals je dat nu zegt. En kon je ook zeggen, als het kind komt, dan kan eigen zaak gewoon niet doorgaan. Nee, ik vind dat als je iets doet, dan moet je het wel goed doen en anders niet. Dat doe ik binnen mijn werk nu ook.En een eigen zaak moet je helemaal zelf doen. En een kind moet je juist goed doen. Nou, dat botst. Ja, dat kan voor jou niet samen gaan, een eigen zaak en een kindje. Nee, dan raffel je het af. En dat kan met een eigen zaak niet en met een kind al helemaal niet. Je voelt je verantwoordelijk. Ja, een kind is niet iets wat je ernaast neemt. Je zegt van dan moet ik helemaal opnieuw beginnen. Wat bedoel je dan? Ja, wat bedoel ik eigenlijk? Dat weet ik eigenlijk niet. Die baan die ik nu heb, daar heb ik in zekere zin al afscheid van genomen, dus daar blijft en dat heeft geen zin meer. En een nieuwe baan, dan werk ik weer onder een baas, en dat wil ik juist niet meer. Ik wil eigen baas zijn, eigen bedrijf beginnen en iets van de grond af aan opbouwen. Iets waar je trots op kunt zijn. Ja, precies.Oké, om het even op een rijtje te zetten. Je wilde een eigen bedrijf starten, je kreeg daarbij ook veel steun van onder andere je ouders en ook van Carolien. Sinds de zwangerschap in feit is, loop je eigenlijk rond met het idee dat het eigenlijk niet meer kan, want je zegt een kindje en een eigen bedrijf kan niet samen. Want dan heb je het gevoel dat je een van de twee niet goed zou doen en dat zou je heel erg vinden. Dat betekent dus eigenlijk dat je het eigen bedrijf niet door kunt zetten en dat is voor jou heel onbevredigend, want je had echt behoefte aan een nieuwe uitdaging, aan die voldoening. Klopt dat? Ik zit te denken, heb je het onlangs nog met Caroline over die plannen gehad? Je zei van nou, ze was eerst heel enthousiast ook. En hoe is dat nu?Ja, ze steunen nog wel steeds, maar ze is steeds meer bezig met dat kind. Oké, je zegt ze steunen nog steeds. Hoe bijvoorbeeld? Nou, zij vind dat idee van een eigen bedrijf nog steeds een heel goed idee. Ze verklaaren niet voor gek of zo. Dat noem ik wel steun. Oké. Maar de manier waarop je het zegt, dan heb ik het gevoel dat je het er misschien niet echt onlangs meer over gehad hebt. Klopt dat? Nee, de laatste tijd niet meer zo. Hoe komt dat, denk je? Dat heeft niet zoveel zin meer. We hebben er heel veel over gesproken en zij is heel erg met die zwangerschap bezig. We hadden gewoon heel erg zin in dat bedrijf samen. En we zijn er heel lang mee bezig geweest. En ik had het gevoel dat we.Dat we er echt aan toe waren. Samen, Carolien ook. En dat vind ik eigenlijk nog steeds. Dat wij dat bedrijf moeten. Dat maakt het nu erg lastig. Misschien is het goed om even in te gaan op de gevoelens die deze situatie eigenlijk teweeg hebben gebracht. Kun je me vertellen hoe je je nu voelt nu je in deze situatie zit? Ja, ik vind het gewoon erg vervelend, het hele idee dat dat bedrijf niet door zou kunnen gaan. En ik begrijp ook niet waarom zij niet zo enthousiast meer is. Want ik vind wel, als je zoiets doet, dan moet je het samen doen en anders niet. En ik had het gevoel dat dat zo was, maar blijkbaar niet. Je vond je in de kou staan? Ja, ik heb nu het gevoel dat ik alles alleen moet doen. Als het al zou kunnen, zo'n eigen bedrijf. En dat had ik niet verwacht. Je bent teleurgesteld? Ja.Ik vind dat als je iets doet, dan moet je het gewoon goed doen en anders niet. En ja, het eigen bedrijf kan ik nu wel vergeten. Ben je ook boos op Caroline? Zij doet het er eigenlijk makkelijk over en jij wil eigenlijk nogal heel graag door. Ja, natuurlijk ben ik boos. Ze ze me voor het blok. Hoe bedoel je? Nou, toen we het net wisten, toen heb ik het over een abortus gehad. En helemaal niet zo van dat ze het weg moest laten halen, maar toen werd zij ontzettend kwaad en ze maakten me uit voor idioot en egoïst. Het was helemaal niet zo dat ik die abortus gewild had. Caroline en ik hebben het wel eens over kinderen gehad. Ik hou gewoon heel veel van haar. Alleen we wonen net samen en we hebben plannen om een eigen huis te gaan kopen en dan.Ja, we hadden wel allebei het gevoel dat het een stukje compleet zou zijn als we daar ook een kleintje bij zouden hebben. Alleen niet nu. En door hoe zij nu reageert, heb ik het gevoel dat ik daar geen inspra in heb. Je voelt je machteloos. Ja, en daar baal ik van. Ik denk dat dat ook het kringetje is waar we het aan het begin over hadden, je wil een eigen zaak. Daar was je ook al ver mee. Ook samen met Carolien. Je kreeg steun van je omgeving. Dat was erg prettig. Nu is Carolien plotseling zwanger en is er voor jou geen ruimte meer voor die eigen zaak. Dat maakt je teleurgesteld en boos, ook op Carolien. En tegelijkertijd hou je ook heel erve van haar en hebben jullie echt plannen om samen een toekomst op te bouwen?Waardoor jij het gevoel hebt dat je geen kant op kan en dat je klem zit. Hoe zie ik dat goed? Hoe zie je dat zelf? Ja, ik heb nu gewoon niet het gevoel dat ik weet nu gewoon niet hoe dat nu verder moet. Enig idee hoe je uit het kringje zou kunnen komen, heb je daar zelf ideeën over? Nee. Ik had geloof dat jij misschien wat ideeën aan de hand zou kunnen doen. Oké, nou je vraagt nu eigenlijk aan mij een pasklare oplossing. Ik denk dat het goed is dat ik daar iets over zeg. Ik kan geen pasklare oplossingen of suggesties aanbieden, omdat ik.Ik weet niet wat voor jou en Carolien het beste of het belangrijkste is. Wat ik wel kan doen, is met jou kijken naar ja, dingen die me opvallen in het gesprek een aantal punten. En dat we het daarover over hebben en kijken of daar misschien iets in zit waarmee je verder kunt komen. Wat vind je daarvan? Ja, dat klinkt goed. Oké, gezien de tijd lijkt het me goed als we gaan afronden. Ik heb net al even kort samengevat. Een aantal dingen die me zijn opgevallen is dat je heel stellig zegt: van ja, een eigen zaak en een baby, een kind, dat gaat niet samen.Voor de volgende keer zou ik graag willen dat je nadenkt of er eventueel een manier is waarop een kind en een eigen zaak toch gecombineerd zouden kunnen worden. Misschien dat daar iets in zit waar we mee verder kunnen komen. Is dat goed? En verder, we hebben het ook even gehad over Caroline en dat je de laatste tijd het niet meer zo gehad hebt over die eigen zaak. Misschien kun je eens nadenken over wat je zou willen zeggen nog tegen Caroline in zo'n gesprek en hoe je ook denkt dat zij daarop zou reageren. Het doel van ons eerste gesprek was eigenlijk om kennis te maken en wat zicht te krijgen op wat er speelt. In hoeverre denk je dat het is gelukt?Dat weet ik niet. Ik heb wel het idee dat het goed is geweest om erover te praten en hier te komen en er niet zelf mee aan te zitten modderen. En er is inderdaad nog geen pasklare oplossing boven komen drijven, maar misschien is dat ook al te veel gevraagd voor nu. Dat denk ik ook. Het lijkt me goed om voor volgende week misschien een afspraak in te plannen en dat we er dan een uur voor uittrekken. Zou een donderdag bijvoorbeeld om vier uur goed zijn? Ja."
baan.mp3,Psychologische gespreksvoering,NVIDIA Parakeet TDT 0.6B v3,163.61786318027683,"Hallo, welkom. Goedemiddag. Hoi. Goedemiddag. Je bent vandaag gekomen omdat je mogelijk moet kiezen tussen twee banen. Die is in ieder geval een nieuwe banen aan geworden gekregen. Ja, klopt. En wat zijn die twee banen precies? Nou goed, ik werk nu bij het distributiecentrum van de Albert Heijn, die bevindt zich op het industrieterrein in Zwolle. En ik heb een baan aangeboden gekregen als luchtverkeersleider op Schiphol in Amsterdam. Aangeboden gekregen omdat ik contacten heb op Schiphol. Ik heb daar al eerder een keer gewerkt, maar dan een andere tak. Nou goed, via via heb ik contact gehouden. En toen is me dit eigenlijk overgekomen. Nou, super tof. Kijk, het gesprek van vandaag gaat ongeveer 10 à 15 minuten duren. En het doel van het gesprek is niet best dat je een keuze moet gaan maken of zo in je baan. Want dat zul je uiteindelijk toch wel zelf moeten doen. Ja.Het zal vooral zijn dat je iets meer voor jezelf idee krijgt, wat jij voor jou belangrijk is. En dan daarvan een keuze kunt gaan maken mogelijk. Oké, dat is leuk. Aan het einde van het gesprek kan zijn. Als je nog iets graag wil bespreken, zou ik aangeven om een paar minuten hebben. Ja, fijn. Sowieso de eerste vraag vandaag. Hoe sta je vandaag erin? Op je schaal van 0 tot 10. Gelukkig om je bent vandaag, ben je heel gelukkig, heel ongelukkig? Ja, eigenlijk een vier, denk ik. Ik heb net een drukke werkweek gehad, dus in Zolle bij de Albertijn. En daar is het eigenlijk best wel stressvol. In ieder gevalwege corona staat er natuurlijk heel veel druk op het distributiecentrum. Maar ik heb echt van de week niet zo'n leuk gesprek gehad met een van mijn collega's. Dus ja, ik heb een drukke werkbeek gehad die niet zo leuk is geëindigd. En daar ben ik eigenlijk.Voel me nergera over in mijn hum. Kun je uitleggen hoe je dit met voelde heb je natuurlijk net gedaan. Als je nu een keuze moet maken op je gevoel, wat zou je dan doen? Voor welke baan zou je dan gaan en waarom zou je dan die keuze maken? Nou, daar zit ik dus heel erg mee. En dat vind ik best wel moeilijk. Wit liefst. Ik ben een type die het fijn vindt om verder te kijken dan waar ze nu zit. Ik vind het leuk om nieuwe uitdagingen opzoeken. Maar daar tegenover ben ik ook best wel een beetje onzeker. Dus ik zit bijvoorbeeld nu gewoon goed. Waarom zou ik dat voor mijn gevoel mijn eigen ruiten ingooien? Dat is dus een beetje waar ik tussen schommel. Bijvoorbeeld dat ik net zo'n drukke werkwerk heb gehad en geen leuke gesprekken heb gehad. En op zootje heb gehad daar.Dan is eigenlijk de keuze voor mij wel vrij duidelijk om voor die andere baan te kiezen. Maar goed, dat is zoveel meer verantwoordelijkheden, zo'n grote uitdaging, dan ga ik daar dus ook weer over twijfelen. Dat heeft dus ook te maken met mijn vier. Ik zit gewoon heel erg mee in een dilemma bij jezelf. Dat is wel duidelijk. Heb je voor jezelf een lijstje gemaakt toevallig met de voor's en tegens ofzo? Wat dan mee zou kunnen werken? Nee, ik krijg het wel vaak als tip. Ik heb ook al met mijn thuisgevondig over gepraat, maar ik vind dat altijd een beetje lastig. Ik doe dat vaak in mijn hoofd. Wat resulteert dat ik dus helemaal vol in mijn hoofd zit en dat ik het niet echt overzichtelijk is. Dus nee, op papier heb ik eigenlijk nog niks gezet. Als je zo nu zou kunnen benoemen, wat zou je dan het belangrijkst vinden aan je werk?Nu bij de Albertijn of in het algemeen? In het algemeen. Wat bijvoorbeeld, nou vroeger heb je misschien wel bijwandjes gehad. Wat vond je vroeger nou het leukste bijbeantje? En zou je het kunnen uitleggen waarom je dat dan het leukste bijbandje vond? Ik denk dat mijn leukste bijwandje degene was tijdens mijn studie, Missum Plas. Dat was namelijk een bedrijf die heel erg in de krachten van de mens geloven. Als in van als je ergens voor wil gaan. Om als je iets leuks vindt, dan wil je er ook voor gaan. Dus wij geloven jou. Dus we geven je die kans. En dat vond ik eigenlijk het leukst. Dus ik vind het leukst om mezelf te kunnen bewijzen ergens. Want daar haal ik mijn eigen energie en motivatie vandaan. Altijd een beetje te willen presteren. En dat is dus eigenlijk ook waar ik wel op zoek naar ben. Maar wanneer een uitdaging dus te groot wordt, dat ik me mis pas,Ook wel eens heb gehad dat ik toen toch iets te veel hoorde voor ik nam. Dan krijg je dat toch ook wel snel in je privé situatie te voelen, eigenlijk te verduren. Ja, dus je wilt graag veel presteren, maar je wil uiteindelijk ook niet over je maen gaan en daar wel goed controle in kunnen houden van jezelf. Juist. En hoe zit het nu dan bij je huidige baan? Heb je het gevoel dat dat allemaal kan? Nou, nee, eigenlijk niet echt. Want het is daar goed georganiseerd nu en alles loopt, maar het is best wel een beetje ouderwets geworden. En ze werken nog niet echt met de nieuwe systemen die nu bijvoorbeeld bedacht zijn. Hoe bedoel je ouderwets qua hiërarchie? Ook ja, ze hebben best wel veel, ja, inderdaad gewoon echt een piramide, qua hiërarchie.Maar ook best wel verouderde systemen al. Er is al genoeg nieuw ontwikkeld in de logistieke wereld, maar daar maakt zich nog geen gebruik van. Terwijl ik denk: als je dat wel gebruikt, dan kun je het veel sneller en veel beter. Maar mijn mening wordt daarin in die zin niet echt gehoord. Dus ze blijven een beetje achter of zo. En dan kan ik mezelf ook niet meer verder ontwikkelen en dan kan ik niet meer mezelf bewijzen. Want ik word niet serieus genomen in die zin. Vind je het vervelend? Ja, eigenlijk wel. Dan denk ik ook een beetje van, nou ja weet je, als jullie het niet belangrijk vinden, dan vind ik het ook niet belangrijk. En dan ben ik het type die dan snel met de petten aan gaat gooien. En dat is niet hoe ik wil zijn. Oké, dat is wel duidelijk. Dus je weet van jezelf eigenlijk wel hetgene wat je graag zou willen. Ja, maar je weet niet zo goed of je dat daadwerkelijk gaat krijgen bij een ander bedrijf? of?Is het vooral de zekerheid die je op dit moment nog hebt binnen je eigen bedrijf wat je niet zomaar wil weggooien? Een beetje van beide. Ik weet natuurlijk nu dat ik hier eigenlijk in principe goed zit. En als ik naar een ander bedrijf ga waarvan de uitdaging veel te groot is, of dat het toch te veel op mijn pad komt, dan kan ik me daar niet gelukkig voelen. Nog ongelukkiger dan ik me misschien op dit moment nog ga voelen, daar waar ik nu zit. Maar goed, dat is juist ook hetgeen wat ik vervelend vind, wat er dus nu om die reden staat dus de altijd ook stil. Wat is de reden dat je überhaupt aan het werk bent? Is daar een speciale reden voor dat je werkt? Ik vind het fijn om bezig te zijn, om me kennen en kunnen ergens te laten zien. Ik vind het ook fijn om van toevoeging te zijn.Dus gewoon het geaccepteerd worden binnen een bepaald iets en ook daadwerkelijk het idee hebben dat je nigder bent in de maatschappij. Daarnaast is geld natuurlijk ook belangrijk, maar oké. Maar dat is ook wel een deel van het geld. Hoe ver zit dat de extra zieke motivatie zit daar dan bij, denk je? Als je van buitenaf middelen krijgt, toegrijp bijvoorbeeld in dat geld. Hoe ver vind je dat belangrijk of vind je het belangrijk dat je daadwerkelijk leuk hebt op je werk? Of is het echt het loon wat je dan vaak hebt? Nee, intrinsieke motivatie vind ik echt veel belangrijker. Want als het qua loon lager zit of hoger zit, ja dat is natuurlijk lekker, maar daar haal ik mijn energie niet uit. Dus dat zit verder geen keuze in voor jezelf? Nee. Zijn er bepaalde dingen die je moet ondernemen om daadwerkelijk aan de slag te kunnen bij Schiphol? Ik woon nu natuurlijk, in Hardenberg.En Schiphol is in Amsterdam. En er staat elke dag ontzettend veel file en de treinen zitten bom vol. Dus eigenlijk is de enige manier wanneer ik daar met gemak wil werken, is dat ik daar daadwerkelijk ga wonen. Op Schiphol verdien ik wel meer er zit wel een verschil in. Maar goed, ik ga dan natuurlijk naar Amsterdam toe, dus daar is dan de huizenprijs en het leven is dan stuk duurder. Dus in die zin ga ik eigenlijk een zelfs stapje omhoog. Ja, oké, en hoe ver vind je dat lastig om mogelijk een leven hier achter te laten en daar een nieuw leven op te moeten starten? Nou ja, dat vind ik dus ook best wel ingewikkeld. Puur omdat ik weet dat ik dus hier nu gelukkig ben en ik moet daar totaal nieuwe mensen gaan leren kennen. Een hele andere omgeving. Met andere dynamiek tussen mensen en andere.Toch allemaal andere types daar. Althans, dat denk ik. Heb je dat eerder om te doen? Een nieuw leven ergens om de opbouw toevallig? Nou ja, toen ik op kamers ging. Maar goed, dan ga je een studie beginnen. Dus dan kom je automatisch in een hele grote groep met mensen die daar allemaal nieuw zijn. Dat is dan toch anders dan wanneer jij voor gevoel als laatste ergens bij een bedrijf binnenkomt of ergens in een straat binnenkomt met allemaal mensen die je niet kent, terwijl zij er al 30 jaar zitten bij spreken. Ja, dat op zich wel logisch. Als je zoveel zorgen hoort praten, heb je dan een enig idee of je al een voorkeur hebt voor een bedrijf, of moet je daar echt nog wel over nadenken? Nee, als ik eigenlijk, als ik het uitspreek en als ik er ook over nadenk, dan overheerst toch wel de gedachte om naar Amsterdam te gaan. MaarIk heb altijd een engeltje en een duigeltje op mijn schouder zitten. En die schreeuwen allebei tegelijk op mijn oor. Dus wanneer ik dan blij ben met het idee over dat ik dus dan, of wanneer ik dan enigszins keuze heb gemaakt om gewoon toch naar Amsterdam te willen gaan. Maar schreeuwt die daar altijd in mijn oren met nee, moet je niet doen, want je bent niet goed genoeg ervoor. Ja, dus vooral de prestatiedruk is ook wel hetgene waar je misschien tegenhoudt, omdat je daar meer verantwoordelijkheid zou krijgen. Juist. Dat is op zich wel lastig voor jezelf. En die prestatiedruk, is dat nu hetgene ook wat je bij de Albert Heijn dan niet hebt voor je gevoel? Dus dat je daar aan het top van je kunnen zit of heb je daar juist het idee van ik kan nog wel meer als ik de kansen er maar voor krijg? Een beetje van beide. Een beetje van beide. Want ik kan daar veel meer en ik kan mezelf veel meer laten zien. Maar zij houden mij tegen. Zij staan er niet voor open. Ze willen me niet.Die kansen bieden, dus dan zit ik nu aan de top van mijn kunnen. Namens hen, zeg maar. Maar als zij wel openstaan voor nieuwe ideeën, dan kan ik daar ook mee aan de slag. Maar goed, ik werk daar nu inmiddels al tien jaar en ik heb er al vijf jaar over gespart met mensen en die ideeën ingebracht. En daar wordt gewoon al vijf jaar niks mee gedaan. Op een gegeven moment dachten bij mezelf van nou ja, joh. In hoe ver jezelf al tegen aangelopen dat je dat er dingen gebeuren die voor jezelf misschien boven je pet gaan en denkt. Ik kan op dit moment even niet aan. Hoe ga je daarmee om, normaal gesproken? En heb je dat binnen een bedrijf wel zou kunnen? Binnen een Schipel? Nou ja, ik denk dat binnen een Schiphol daar werken natuurlijk zo ontzettend veel mensen met allemaal verschillende disciplines. Dus daar.Staan denk ik veel meer mensen open voor nieuwe ideeën, andere gedachten, andere structuren en zo. Dus ik denk dat ik daar wel mee aan de slag kan. Andere vraag wat ik heb vergeten. Mijn fout, ik moet niet twee vragen tegelijk stellen. Of jij denkt dat mensen een schip wel kunnen opvangen. En hoe zullen ze daarmee omgaan op het moment dat jij wel iets te veel gooi voor je neemt? Nou ja, daar is het natuurlijk wel, de werktruk ligt daar erg hoog. Ik ben vast niet de enige die op Schiphol wil werken. En daar is de prestatiedruk misschien nog een stuk hoger. Dus ik denk in die zin dat ik daar wel moet presteren. En misschien mezelf ook een keertje op een tweede plek moet zetten om mijn werk op de eerste plek te zetten. Om mezelf in ieder geval te bewijzen.Ja, en hoe sta je daarin dan? Vind je dat lastig? Vind je dat moeilijk? Nee, ik vind het eigenlijk best wel leuk. Als ik maar weet dat er een bepaalde, dat het een keertje ook voorbij is ofzo. Of dat ik voor mijn gevoel dat wel een keertje kan inhalen. Niet dat ik altijd achter de feiten aanloop. Oké, en zijn er dingen waar je mee al gespankt hebt toevallig met je bedrijfsschuppel? Of je daar al over gehad hebt? Ja, ik ben al een keer op een kennismakingsgesprek geweest. En ik denk dat het wel pittig wordt en ook wel aanpoten wordt, maar wel op een leuke manier. Dat het wel iets is waar ik ook voor zou willen gaan. Maar goed dat ik daardoor wel het eerste jaar dat ik daar ben wel iets harder moet werken dan de mensen om me heen. En zou je zo'n investering willen en kunnen maken?Ja, maar dan is het daar mentegen wel lastig om dan ook nog in een nieuwe omgeving te zitten met allemaal mensen die je niet kent. Want dan is je werk, privébalans, daarmee ineens heel anders. Dus daarin moet dan moet ik voor mezelf dan een goede structuur gaan aanbrengen in mijn agenda. Denk ik, om daar ook ruimte te maken voor mijn privétijd. Dus eigenlijk een discipline vereist, is vereist. Ja, heb je het voor jezelf discipline of niet? Ik denk het wel, eigenlijk. Heb je voor jezelf een beetje duidelijk gekregen wat voor jou de belangen zijn en wat jij belangrijk vindt binnen een baan? Tijdens het gesprek? Ja, ik denk het wel. Wat zou dat zijn voor jezelf? Nou ja, dat ik gehoord word en dat ik in ieder geval mezelf kan laten zien tijdens mijn werk. Ja.Als ik het zo een beetje mag samenvatten aan het einde, dan merk ik vooral dat je het belangrijk vindt om verder te kunnen voor jezelf, voor je eigen ontwikkeling. Dat je niet wil worden tegengehouden in bepaalde ideeën en gedachten die je hebt. Dat er in ieder geval nou geluisterd wordt. En of het werkelijke keuze wordt gemaakt, dat is dan weer aan het bedrijf zelf natuurlijk. Maar dat je het ook wel spannend vindt om ergens weer wat nieuws in te stappen. Maar dat het uiteindelijk veel voor kan gaan zorgen dat je uiteindelijk gelukkiger wordt en dat je daarvoor wel flink moet investeren. Als ik zou denken, zou dat de overweding moeten zijn voor jezelf die moet maken. En goed bij jezelf blijven en nadenken wat jij zelf zou willen. En zorg dat je in ieder geval bij jezelf blijft en daar een keuze van gaat maken. Oké. Dat is.Dat zijn mijn tips en ik ben heel benieuwd wat je daarin gaat kiezen. Je begon net het gesprek met of ik al zo'n lijst heb gemaakt op papier. Denk dat dat nog iets is om nog te kunnen doen? Dat zou altijd kunnen werken voor jezelf. Maar zoals ik jou nu al praat, zijn vooral de gevoelens die je zelf hebt het belangrijkste. Dus of je daadwerkelijk de feiten die je in zo'n lijntje gaat zetten, daar tegenover gaat zetten. Of dat heel relevant is, dat weet ik niet. Vooral voor jezelf, als je zoiets zou doen, moet je niet gaan nadenken of het feit een directe voor of tegen is, maar meer het gevoel dat jij bij dat feit hebt om daar de waarde aan geven. Want voor de een kan een loodvolging van 1000 euro heel veel toegevoegde waarde hebben. En voor jou is blijkbaar het heel veel toegevoegde waarde om.Jezelf te kunnen uiten en jouw ideeën door te kunnen laten stromen. Dus als je zoiets doet, ga dan niet een één voor tegen één tegen afstrepen, maar geef daadwerkelijk waarde aan je voor of tegen die jij hebt neergezet. Oké, bedankt voor vandaag en hoop tot de volgende keer. Ik zie het factuur wel voorbij komen. Dat komt helemaal goed."
angststoornis.mp3,Psychologische gespreksvoering,NVIDIA Parakeet TDT 0.6B v3,175.513671581616,"Dankjewel. Martine, hoe was het voor jou om hulp te zoeken? Nou, eigenlijk het hulp zoeken was voor mij niet zo'n probleem. Maar de juiste hulp vinden, dat was echt mijn probleem. Waar liep je tegenaan? Ja, ik liep tegenaan dat ik dus bij heel veel therapeuten ben geweest, mindfulness, van alles geprobeerd. Maar eigenlijk werd het niet beter. En ging ik steeds meer achteruit en ging steeds meer dingen vermijden. En ja, uiteindelijk durfde ik bijna niets meer. En toen kwam je uiteindelijk bij ons, bij een intensieve behandeling, een driedaagse dagbehandeling. En hoe was dat voor jou? Heel spannend, ja. Vooral het begin.Want daar. Ik had nog nooit in een groep eigenlijk therapie gehad. Dus dat vond ik heel spannend. Maar dat viel eigenlijk heel erg goed. En het einde vond ik juist spannend omdat ik dan dacht, oh, nu moet ik het alleen doen. En dan dat je vangnet eigenlijk een beetje wegvalt, zo voelde dat een beetje. Maar dat is allemaal goed gekomen. En tijdens die behandeling, wat vond jij toen het meest spannende stukje? Of vond je het meest spannende moment of het moeilijkste moment? Na de exposure sessies, individueel en met groep, vond ik heel spannend. Je zoekt dan echt je angst en je paniek zoek je op. Maar daarin word je heel goed begeleid dat jeJe wordt heel goed begeleid om met die angst om te gaan. En daardoor merk je eigenlijk, oh, ik kan dit gewoon aan. Ik kan dit gewoon. Wat voor soort dingen heb jij dan bijvoorbeeld gedaan? De lift. De lift was voor mij echt een ding. En dat vond ik verschrikkelijk. De eerste dag dat ik hier was, zei ik kan ik niet met de trap naar boven. Nee, we gaan de lift in. Met het openbaar vervoer zijn we geweest. Ik heb zoveel dingen gedaan die ik normaal gesproken niet durfde, medicijnen slikken. Dat klinkt raar, paracettenmol slikken. Ja, dus dat was heel spannend. En wat heeft jou nou het meest geholpen tijdens die behandeling?Toch wel ook die exposure. Maar eigenlijk alle therapieën wel. Je krijgt een andere therapie, krijg ik heel goed inzicht waar mijn valkuilen liggen en hoe ik in elkaar zat. Waarvan ik eigenlijk dacht, dat heeft niets met mijn angstoornis te maken. Maar dat heeft het dus duidelijk wel. Dus dat heeft me heel geholpen om inzicht te krijgen, waar moet ik aan werken? Ja. En hoe gaat het nu met je? Het gaat heel goed met mij. Er blijven altijd uitdagingen, maar die ga ik gewoon aan. En mijn leven is nu gewoon weer leuk en ik heb mijn vrijheid weer terug. Ik doe leuke dingen. Ik onderneem van alles, ik stap in liften.En dus het gaat eigenlijk heel erg goed met mij nu. Wat fijn. Ja, zeker. Super."
antidepressiva.mp3,Psychologische gespreksvoering,NVIDIA Parakeet TDT 0.6B v3,177.487047450988,"Hey Loen. Hey Kim. Ik wil even iets met je bespreken. Want ik denk ergens al een tijdje over na en ik weet niet zo heel goed wat moet doen. Oké, nou ja, tuurlijk kan je dat met me bespreken. Je klinkt wel serieus, wat is er aan de hand? Het gaat over mijn antidepressiva, want eigenlijk wil ik ermee gaan stoppen. Oké. Nou ja, je overdonderde me wel een beetje ermee. Ja, je antidepressiva. Ik weet dat je dat wel heel lang slikt. Hoe komt het dat je ineens wil stoppen? Ja, ik slit zo nu al bijna drie jaar.En toen ik ze begon te nemen, was ik echt in een hele depressieve periode in mijn leven. En alles voelde zwaar en hooploos. Ik had gewoon echt het gevoel dat ik niet verder kon. De pillen hebben me toen wel echt doorheen geholpen, maar ik weet nu niet voor me anders. Oké, ja. Ik snap dat je daar wel over na hebt gedacht. Kan je mij wel vertellen wat je bedoelt met anders? Ik voel me gewoon niet meer echt zoals hoe ik me toen voelde. Toen ik ze begon te nemen. Het is moeilijk om uit te leggen, maar het is alsof ik afgevlakt ben. Begrijp me niet verkeerd. Ik ben niet meer zo somber als toen, maar het is ook niet.Alsof ik echt blij of enthousiast kan voelen over dingen. Alles is gewoon neutraal en dat kan best wel frustrerend zijn soms voelt alsof ik een deel van mezelf kan krijgen. Ja, dat klinkt best wel moeilijk. Maar denk je niet dat het soms juist goed is om stabiel te zijn? Want ja, die neutraliteit, misschien helpt hij je ook wel weer om niet weer in zo'n zware depressie te komen. Dat dacht ik eerst ook. Maar naarmate de tijd versteed, begin ik me af te vragen of ik niet gewoon gewend ben geraakt aan het gevoel van stabiel zijn.Zonder echt te ervaren wat ik wil ervaren. Het voelt een beetje alsof ik niet meer volledig mezelf ben. Weet je, ik kan me de laatste tijd de laatste keer dat ik echt oprecht gelukkig was, gewoon niet meer herinneren. En daar maak ik me een beetje zorgen om. Ja, Long, dat klinkt inderdaad best wel moeilijk. Heb je dit ook al met je arts besproken? Want het lijkt me niet echt iets wat je zomaar zelf even kan of zou moeten beslissen? Ja, ik heb voor binnenkort een afspraak staan. Maar tegelijkertijd wil ik wel met iemand praten die me beter kent, zoals jij.Die begrijpen wat ik doormaak. Mijn dokter ziet me echt maar een paar keer in het jaar en hij ziet het alleen maar medisch. Maar jij ziet me ook wel. Ja, dat klopt wel. Ja, en ik zie ook wel hoe je ermee bezig bent, hoe je een beetje worstelt ermee. Maar ja, ik heb ook wel gezien van hoe ver je gekomen bent. Ja, dat is echt al een paar jaar geleden. Maar ik kan het me nog heel goed herinneren. Want het was best wel moeilijk om je zo te zien dat je zoveel pijn had. En het idee dat je daar misschien wel weer naar terug zou kunnen vallen. Ja, in zo'n depressie. Hmm.Ja, als ik daarover nadenk vind ik dat toch wel heel erg moeilijk. Ja, dat begrijp ik ook. En ik wil als niet terug naar het gevoel. Maar ik vraag me af als ik niet eens meer echt kan voelen. Wat voor leven is dat dan? Wat is het verschil tussen pijn niet voelen en helemaal niets voelen? Ik wil het risico nemen om weer te voelen, zelfs als dat betekent dat ik ook verdriet kan doen. Jeetje. Ja, nogmaals, het klinkt gewoon best wel heftig. Zeg je nou dat je het gevoel hebt dat je denkt dat je bepaalde emoties niet kan voelen?Nou, precies dat eigenlijk. Ik zie mensen omheen genieten van de kleine dingen. Zelfs hun verdriet lijkt echt. En ik voel me gewoon afgeplakt. Ik weet dat dat een beel is van hoe de medicijnen werken, maar soms heb ik het gevoel dat ze me meer wegnemen en dat ze me helpen. Het klinkt alsof je worstelt met de vraag of het mogelijk is om jezelf terug te vinden. En dan zonder de medicijnen. Maar heb je wel een beetje naar gedacht wat er kan gebeuren als je wel stopt? Want ja, het is niet zomaar iets. Ja, je.Kunnen veel dingen bijkomen zoals ontwettingsverschijnselen. Ja, en dan is er ook het risico dat je je toch wel slechter kan gaan voelen. Ja, ik heb wel gelezen over de ontweningsverschijnselen. En daar ben ik ook best wel bang voor eigenlijk. Ik wil niet van de een op de andere dag gelijk stoppen. Maar er is ook een deel van mij dat zegt dat ik op een gegeven moment moet leren om zonder de medicijnen te kunnen leven. Gewoon het leven zelf aangaan zonder dat chemische vannet. Anders hoe weet ik dan ooit wie ik echt ben.Ja, zoals je het nu zegt, ik begrijp wel wat je bedoelt. Volgens mij wil je gewoon weten wie je zelf bent, wie je eigen ik is. Zonder al die medicijnen in je lichaam. Maar dan blijft het toch de vraag: is dat nu wel het juiste moment om dat uit te zoeken? Ja, kijk, je bent net met een opleiding gestart. En ja, je hebt een nieuwe relatie net. Er zijn wel heel veel dingen die heel veel aandacht van je vragen. Ik weet niet of er ooit echt een goed moment is. Want er zullen altijd dingen zijn die druk op je uitoefenen, toch? Misschien moet ik gewoon de sprong wagen.En kijken hoe het gaat. Ik kan altijd weer beginnen als het echt niet lukt. Ja, maar dat is ook wel. Nee, laat het anders zeggen. Zo eenvoudig is dat niet. Antidepressiva, hebben toch wel de tijd nodig om weer volledig te werken als je gestopt bent en weer opnieuw wil gaan beginnen. Ja, het is niet echt zoals een paracetamol die meteen werkt. Het kan echt wel weken gaan duren voordat je weer effect voelt als je weer start met de antidepressiva. Ja, en in die tijd kan je toch echt wel heel erg kwetsbaar voelen. Ja, nogmaals, dat wil ik niet.Meemaken. Ja, dat is wel raar. En dat is ook precies waarom ik me zo vastgelopen voel. Want aan de ene kant wil ik stoppen om te zien of ik zonder kan. Maar aan de andere kant ben ik bang voor wat er gaat gebeuren als het niet lukt. Het voelt een beetje alsof ik een soort van vastzit en gevangenis. Hoe langer ik wacht, hoe meer ik me afvraag of ik ooit zonder zat kunnen. Ik begrijp je zorg ook wel. Ja, dat is één ding wat zeker is.Misschien moet je niet zo denken in termen als voor altijd. Dat is echt niet zo. Denk ik. Wat als je nou denkt aan wat het beste voor jou is nu op dit moment? Ik weet hoe sterk je bent en wat je allemaal hebt doorstaan. Dus ja, misschien is het nu inderdaad wel tijd om even stil te staan bij jezelf. En inderdaad ook te overleggen met je arts wat nu het beste is. Je staat er echt niet alleen voor. Bedankt, Kim. Dat helpt me al.Ik voel me zo in twee strijd soms. En ik weet dat jij het beste met me voor hebt. Misschien moet ik inderdaad niet zo ver vooruit denken en gewoon stap voor stap kijken wat er nodig is. Ja, dat is zeker zo. Wat je ook besluit, Aluna. Ik sta wel achter je. Ja, dat betekent. Kijk, als je als je wilt stoppen prima, dan gaan we dat samen doen. We komen er echt wel doorheen. En ja, ga je door. Is dat ook goed? Ik vind het gewoon het belangrijkste is, ja, weet je, ik.Ik wil dat jij je goed voelt. Dat is het belangrijkste. Ik ben wel fijn om te horen. Ik denk dat ik deze week eerst met de dokter ga praten en een plan ga maken. Want ik wil niet over haast een beslissing nemen. Misschien kunnen we eerst de dosis langzaam afbouwen. En kijken hoe dat verder gaat. Ja, weet je, dat klinkt gewoon als een goed idee. Ja, doe het wel vooral op jouw tempo. Niet overaast. En we gaan het samen doen. En ja, ik vind het fijn dat je je opvraagt. En dat is altijd oké. EnJa, daar sta ik altijd open voor. Dat weet ik, dankjewel dat je me begrijpt. Ja, ik doe mijn best daarin om je te begrijpen met alles. En dat zou ik blijven doen. Dankjewel voor je tijd en dat je zo open na me was. Heel veel. Oké, dankjewel."
ge.mp3,Psychologische gespreksvoering,NVIDIA Parakeet TDT 0.6B v3,164.28567957019962,"Hallo, je bent jammy, denk ik aan? Ja, hoop. Ja, maar binnen jullie goed kunnen vinden. Ja, ja, staan, dat staat aan het skippen. Ja, ik zal misschien even beginnen met mezelf kort voor te stellen. Ik ben Emma en ik ben de psychologische consulent hier binnen de studie en de leerling begeleiding. Ja, is het de eerste keer dat jij naar een hulpverlening komt? Ja, dat klopt, ja. Oké, dat is voor mij wel belangrijk om te weten. Dan begin van het allereerste gesprek geef je altijd een beetje informatie mee. Wat kan je verwachten van mij? Wat gaan we allemaal doen, zodat je dat zeker goed weet.Dus zoals ik al net zei, gaan wij een gesprek hebben. Dat gaat ongeveer 50 minuten duren. En tijdens dat gesprek ga ik vooral luisteren, dat is zodat ik jou en jouw verhaal beter wil leren kennen. En je gaat me ook wel wat dingen zien daten. Dat is vooral voor mezelf. Wat heb je al verteld? Waar wil ik nog wat meer over weten? En als het gesprek klaar is, leg die notities ook weg. Niemand kan eraan, niemand weet waar die zijn. Is dat oké voor jou? Denk je? Ja, natuurlijk. Dat is ook super. Misschien ook heel belangrijk om te weten dat alles wat jij tegen mij vertelt, dat is heel vertrouwelijk, en ook discretiepleeg. Ik kan dat tegen niemand zeggen. En als er iets zou zijn waarvan ik denk van.Het is misschien wel belangrijk of handig dat anderen dat weten, zal ik dat ook altijd eerst aan jou vragen. Dus ik vraag het altijd aan jou eerst. Er is alleen één uitzondering wanneer ik die discretiepericht ga moeten verbreken. En dat is wanneer ik denk dat jij je gevaar bent. Alleen, dan ga ik om jou in veiligheid moeten brengen, ga ik dat moeten verbreken. Maar zolang ik dat niet denk, gebeurt dat niet en gebruik ik het ook altijd eerst aan jou. Heb je daar om te beginnen nog vragen over? Nee, nee. Alles is. Oké, dat is goed. En ja, je gaf ook aan. Je bent toch nooit naar hulpverlening geweest. Het is zo de eerste keer in het gesprek. Heb je bepaalde verwachtingen? Verwachtingen niet nee. Gewoon een keer in mijn hart luchten, vooral.Bij iemand die mij niet kent. Ah ja, oké. Dat is goed voor mij mee te nemen. En ik hoop dat ik daaraan kan voldoen. Dan zal ik hier wel eens kijken, want wij hebben via mail, al bij mijn mailtje gestuurd, hebben we al kort contact gehad. En daar heb je zo al kort in gezet van dat je het op last van faling hebt. Je doet nu logopedie, dat is toch? Het eerste jaar. Ah ja, oké. En ja, dat die punt de examen zo nog niet zo goed, dat is al wat ik een beetje weet, en kan je daar misschien al wat meer over vertellen? Ja, dus ik zit in mijn eerste jaar logopedie, klopt. En met mijn eerste examens had ik vier buizen van zes examens. Dus ja, dat is echt slecht.En nu met dat examen naderen, binnen twee maanden zijn het examens, en heb ik opeens superveel paniek en ik probeer te studeren, maar ik heb geen concentratie. Ik hang over mijn boeken en ik weet niet wat ik, ik krijg daar paniek van. En dan doe ik maar andere dingen, nutteloze dingen. Het geeft mij vooral veel angst dat nog iets gaat gebeuren, als ik nog iets zoveel buizen heb dan ben ik echt.Ja, het lijkt niet zo fijn als je heel veel moeite in een examen steekt en dat je dan vier buiten terugkrijgt, dat kan ik heel erg begrijpen. En ook dat je daar een paniek voor hebt, dat kan ik ook wel begrijpen. Ja, je gaf daar net ook aan. Je kan je zo goed zo goed concentreren en je gaat aan andere dingen doen, kan je misschien vertellen wat die andere dingen zijn? Dat zijn echt nutteloze taakjes. Allee nutteloos. Als mama zou het niet nutteloos vinden, maar stof zuigen of mijn kleren op vintu zetten of totaal niets wat met mijn studie te maken heeft. Heb je als ooit eerder zo'n studiebegeleiding op het gat? Nee, nee. Zo ontmiddelbaar.Nee, ook niet in het middelbaar. Ik zat in humane wetenschappen en ging dat super goed. Mijn punten waren, ik was de beste, dus mijn familie en mijn vader vooral. Had zijn lat hoog gelegd, dus nu is die druk ook keihog bij hem. Hij verwacht dat het allemaal vlot gaat, terwijl dat absoluut niet vlot gaat, maar ik weet niet hoe dat komt. Ik hoor dat je zegt dat je vader la hoog voor je legt. Zijn er nog andere personen waar je veel druk aan je achter komt? Ja, mijn mama sowieso ook. Maar van mijn papa voel ik wel echt de meeste druk.En heb je het daar alles met hem over gehad? Nee. Mijn papa nog, alleen mijn mama ook nog niet. Gewoon, ik doe alles of. Als hij vraagt hoe het is of het studeren, dan zeg ik goed. terwijl dat totaal niet zo is. En zijn er andere vrienden waar je daar over kan praten? Nee, want bij hen gaat het allemaal goed. Of zo adviesvragen, dat lukt misschien ook wel minder bij hen. Ja, ik wil dat van niet vragen omdat ik niet wil weten. Omdat ik niet wil tonen dat het bij mij niet gaat. En zijn er nu bepaalde dingen die je onderneemt om je beter door te kunnen concentreren?Nee, ik ga op tijd slapen en ik probeer wel, ik zit wel voor mijn boeken, maar het komt niet. En dan krijg ik paniek en dan denk ik ja, het gaat toch niet toch niet goed. Dus waarom zou ik nog studeren? Of waarom zou ik nog mijn best doen? Ja, ik merk dat je heel erg in zit als je van. Je gaat dan aan te studeren en krijg je paniek omdat het niet direct leuk. Ervaar je dat ook bij andere dingen? Nee, eigenlijk enkel bij mijn studeren. Want ik voetbal bijvoorbeeld ook.Daar heb ik die druk dan niet, omdat dat is wel een competitiesport. Het is echt enkel die faalangst en die paniek voor het studeren voor het zwart tegenaan loop. En had je dit voor de eerste examenbuur ook al, of is het in dee ik had het totaal niet middelbaar. Ik zeg het, daar liep het zo vlot dat ik daar totaal geen probleem mee mee had. Het is echt, juist na dat ik te woorden had gekregen, dat ik vier buizen had van de zes.In het begin zei je ook al dat je graag je verhaal bereid vult bij mij. En ik hoor niet ook dat je van dat is van falangs. Zijn er dan daar dingen die ik voor jou kan betekenen? Ik wil vooral die phalangs verkennen samen en weten hoe ik daarmee kan omgaan, hoe ik dat zelf onder het controle kan houden en kan doen verminderen. En zijn daar dan dingen in alleen, heb je daar als eerder ding over opgezocht of dat je? Nee, nee, dat nog niet. Omdat ik dacht, ja, ik kom dan bij u en u weet haar.Het beste, alles beste over op Google vind je ook veel fake news. Dus hartstikke wacht, tot als ik bij je ben. Nee, dat begrijp ik ook al, soms lees je dingen op Google en dan denk je oei, ja, dat snap ik ook, wel veel. En tijdens dat je dan zo aan het studeren en het ook niet zo goed, ja, wat denk je dan op dat moment? Ik voel mij dan een slechte student, nutteloos. Ik denk dan, waarom studeer ik nog?Hoeft het wel? Waarom zit ik wel in de juiste richting? Ik stel mijn ouders teleur, ik stel mijzelf teleur. Vooral negatieve gedachten. Ik merk en ik zie ook dat heel veel negatieve dingen, want je noemt dat op van: ik voel mijn slechte student, ik voel me nutloos, ik stel je teleur, tijdens het studeren ervaar je dat dan. Maar ervaar je dat dan ook op andere vlakken, dan, niet dat je dat. Nee, niet op andere vlakken. Nee. Nee, oké. Dat goed. Ja.Dus dan zou ik graag nog wel een paar dingetjes willen weten. Want je zegt dan over twee maanden zijn nu al de examens. Hoeveel examens heb je? Zeven, direct. En heb je bij alle examens iets van het gaat moeilijk of het gaat niet zo goed lukken, of zijn er eigenlijk op alles achter? Ik moet nog zoveel dingen inhalen. Veel lessen zijn alleen online. Waardoor ik mij direct ook eenzaam voel. Maar ik moet keihard inhalen en ja, daar schiet ik dan ook van in paniek. Want als ik die klusjes aan het doen ben, denk ik ook: ik heb nog zoveel te doen, waarom doe ik dit?Maar toch zet ik mij er niet aan omdat je dan zo'n ventje zegt van ja, het maakt toch niet uit. Dus ja, voor alle vakken erg, maar het is zo. Het is goed dat je dat aangeeft, dat je dat bij vaker vaart kan je goed voor mij te weten. En jij zegt ook net, ik heb dat vindje in mijn hoofd. Ja, wat voel je dan op dat moment als je dat dan hoort, als je dat stemmetje in je hoofd hoort? Ja, verdrietig ook boos. Want ik weet dat dat een stemmetje is, dat ik dat niet ben, dat ik beter weet.En ja, paniekerig is echt mijn grootste gevoel. Ik hoor paniek inderdaad veel terugkomen bij jou. En zijn er dan dingen waarvan je denkt van dat kan mij op dat moment helpen om mij te ontspannen? Geh, ik lees veel en ik doe zo ademoefeningen. En dat helpt wel. En dan ga ik eens gaan wandelen of zo met mijn hond. En dat helpt wel, maar ja dat kan niet constant. Ja, ik zie net op mijn.Klok, dat de tijde 50 minuten bijna om zijn. Op het einde van een gesprek geven wij ook altijd een korte samenvatting, waarover wij het allemaal hebben gehad. Dus ja, even kijken. Dus ja, je hebt zoals bij de aanmelding vermeld van ja, ik heb helemaal massaanfalen. Het lukt niet zo goed met het studeren. Mijn geconcentreerde tijdens leren niet goed. Ik ben dan met andere dingen bezig die je op dat moment niet zo nuttig vindt.Er zijn wel een aantal dingen die je tijdens als paniek voelt die dan toch wel helpen. Want paniek orieerst al heel erg, heb ik de indruk. En dan lees je al veel of wandel je veel. Maar je blijft toch nog steeds met die paniek zitten. En ja, je hebt ook je mama en je papa waren heel druk bijvaart. Want in het middelbaar loekt eigenlijk alles beter en bijna vanzelf en nu is het toch wel lastiger. En ja, dan wil je toch wel verder met mij verkennen van ja, de falingst, hoe oud ziet er allemaal bij mij? Hoe kan ik daarmee omgaan en hoe kan ik het zelf controleren? Ja, dat zijn zo de voornaamste. En dan voel je je soms ook nog, heb je zoiets van ja, op dat moment van dan denk je altijd van ik voel mijn slechte student, ik voel me nudroos, ik stel iedereur, dat je ook heel veel van die gedachten hebt.Dus ja, dat zijn vooral de dingen die wij nu besproken hebben. Omdat het nu de eerste keer is dat je hier bent geweest, hoe heb jij dit gesprek zo ervaren? Ja, wel goed. Ik heb mijn hart kunnen luchten en ik hoop zoals ik zei, dat we dat met de volgende sessies wat uitgebreider kunnen hebben over hoe dat daar niet kan omgaan. Dus je zou nog wel eens een keertje over graag. Ah ja, oké, super. Dan zie ik je hem volgende keer. Ja, bedankt."
studie.mp3,Psychologische gespreksvoering,NVIDIA Parakeet TDT 0.6B v3,161.783440202659,"Rob bij haar. Gaat het rol. Dankjewel. Ja, het is goed. Ja. Oké, mooi. Ik ben Martien Etienne Rijksra, ik ben assessor op de Hogeschool Leiden. Ik heb begrepen dat jij wat vragen hebt met betrekking tot je studiekeuze. En daarom ben je vandaag hier. Vandaag wil ik er eigenlijk het doel van het gesprek is om wat meer informatie te verzamelen over wat er precies bij jou speelt en hoe ik jou verder kan helpen. Wat de gewenste stappen zijn om je verder te helpen bij je studiekeuze.Wat wij hier bespreken is vertrouwen. Het blijft tussen ons. Mocht het nodig zijn om gegevens te delen, dan zal ik dat eerst met jou bespreken. Dit gesprek duurt ongeveer een uur. We hebben er ongeveer een uur de tijd voor. Ik hou de tijd in de gaten. Mogelijk maak ik wat aantekeningen voor mezelf, maar die zijn ook gewoon alleen voor mijn eigen gebruik. Vandaag zal ik je wat vragen over de opleiding, hoe dat gaat. Eventuele activiteiten die je naast de opleiding hebt, zoals werk of hobby, sport, je thuissituatie. Dus dat komt allemaal aan bod vandaag en dan aan het eind zal ik kijken wat.W dit gesprek heeft opgeleverd en wat ik voor je verder kan doen. Is dat duidelijk voor jou? Jawel. Maar ik had ook begrepen dat er iets met testen zou zijn. Oké, ja. Het zou kunnen dat we inderdaad nodig is om testen af te nemen, maar dat hangt eigenlijk helemaal af van dit gesprek, wat eruit naar voren komt, wat eigenlijk precies jouw vraag is. En mogelijk volgen we dan testen, dat zal ik dan aan het einde van het gesprek laten weten. Maar het kan ook zijn dat ik je beter kan doorverwijzen, misschien naar iemand anders, of dat we tijdens het gesprek al tot een bepaalde duidelijkheid kunnen komen en dan is het misschien helemaal niet nodig. Dus vandaag gaan we niet testen, maar dat zou een eventuele vervolgstap zijn.Oké, prima. Goed, nou dan gaan we beginnen. Kun je iets vertellen over de opleiding? Hoe het gaat? Ja, het gaat op zich wel goed. Ik haal mijn vakken wel, maar meestal met een zesje houdt niet heel erg over, maar ik haal ze wel. Oké, dus je zegt het gaat wel, maar ik heb ik haal voldoendes, maar het zijn niet hele ruime voldoende. Hoe komt dat? Ik merk toch dat het moeite kost om heel erg gericht met die studie bezig te zijn om te leren, om die boeken te pakken.Ja, dan besteed je gewoon minder aandacht aan zo'n tentaal en dan hou je lagere cijfers. Dus ik merk dat ik het wel kan, maar ik kan me er zelf niet helemaal toe zetten. Je kan er niet zo goed toe zetten om echt te gaan leren. Nee. En heb je een idee waar dat mee te maken heeft? Hoe dat komt dat je het moeilijk vindt om jezelf daarvoor te motiveren? Het lastige is, ik dacht altijd van toegepaste psychologie van oké, daarmee kan ik dan mensen helpen. Alleen merk je dat dat er niet zo heel erg in zit. We moeten een voorlichting maken. Ik snap ook wel dat dat er dan ook wel bij hoort. Maar ik zou liever mensen echt gewoon willen helpen. Ik denk dat dat ook een beetje bezorgt dat ik het.Dat ik het niet altijd even allemaal even leuk vind. Dus als ik het goed begrijp, dan voldoet de studie niet helemaal aan de verwachtingen die je vooraf van de studie had. Nee, dat klopt. Ik vind het wel leuk, want ik vind het allemaal heel interessant, alle onderwerpen. Maar met die projecten dan heb ik zoiets, ja, daar doe ik het niet voor, moet zo moeten zeggen. Ja, oké. En wat zou je? Wat mis je waar je eigenlijk wel van tevoren verwacht had tegen te komen? Waar ben je naar op zoek? Dat je echt mensen kunt helpen. Zoals dit gewoon, dat je in gesprek gaat met iemand om te kijken van wat is nou het probleem? Waar kan ik nou mee helpen?Ja, dat vind ik het leuk om te doen. Vrienden van mij zeggen dat ook altijd dat zo goed kan. Ik kom altijd naar me toe. Maar dat zit er nu nog niet zoveel in. Nee, dus je zou eigenlijk liever met mensen één op één in gesprek gaan en kijken hoe je mensen zou kunnen helpen. Heb je dit ook besproken met je SLB-docent? Ja, daar heb ik het wel over gehad. En die zegt van dat komt nog wel. In andere stukken van de studie dat dat aan bod komt. Maar ik merk dat ik er dan nu zo tegenaan loop dat ik daar nu niks van merk.En hoe lang ben je nu precies bezig met de opleiding? Ik zit nu in het bijna een derde blok. In het derde, ja, ja. Dus ruim een half jaar. Ja, ruan een half jaar. Goed. Wat is zelf jouw idee over, want je twijfelt. Wat zijn je gedachten op dit moment over je studie en hoe je daarmee verder wil? Of ik dit wel moet doen, of dat er niet iets anders is wat dan beter past bij wat ik wil. Want ik zeg al, dat niveau, dat kan ik wel aan. Maar ik moet er toch ook wel voor willen inzetten. En ik merk dat het daarin is schort. En misschien dat daar dan.Opleidingen beter bijpassen. Maar misschien is dit ook wel juist wel de beste. Dat vind ik heel lastig. Zonder om dit weg te gooien, als dit misschien toch wel goed zou zijn. Ja, dus je wil eigenlijk nog eens even goed kijken of er een andere opleiding is die beter bij je past. Waarin je dit element of dat dit het is. Goed? Ja, dit is me duidelijk. Dan gaan we verder, dan wil ik je nog iets vragen over wat je eigenlijk je activiteiten naast. Nou, we zijn aan het eind gekomen eigenlijk van dit gesprek. Ik heb genoeg informatie verzameld. Oorspronkelijk is je vraag geweest: past deze studie goed bij mij?Je mist het individuele, eigenlijk individuele contact bij de opleiding, individuele gesprekken, mensen echt concreet kunnen helpen. Dus je wil weten, is er misschien een opleiding die beter bij me past? Dat is eigenlijk jouw vraag. Klopt dat? Of er een opleiding die beter bij me past, of deze opleiding. Of dat deze opleiding toch de beste keus is geweest. Of dat er misschien een opleiding is die nog beter past bij jouw interesses. Precies. Goed, ik ga mijn gegevens verwerken en dan ga ik kijken welke testen ik het beste bij jou af kan nemen om een antwoord te krijgen op deze vraag. Is gewoon studie die.Misschien beter bij mijn interesses past. Ik ga je daarvoor apart nog een uitnodiging sturen. En dan kan je de testen maken. Op basis daarvan maak ik dan een rapport ervan, een verslag met een advies richting jou. En daarvoor zal ik je dan nog een keertje uitnodigen om dat rapport te laten zien en om je een advies te geven. Oké, en die afspraak komt dan nog? Ja, eerst gaan maken we een afspraak voor de testafname en daarna maken we nog een afspraak om de uitslagen te bespreken. Is dat duidelijk? Ja, prekkerlijk. Dat moeten de volgstappen zijn. Ja, oké, goed. Dan ontvang je van ons een uitnodiging. Bedankt voor dit gesprek.Dank gedaan. Bedankt."
vrijheden.mp3,Psychologische gespreksvoering,NVIDIA Parakeet TDT 0.6B v3,174.496726319061,"Eh, ja. Goedemiddag, Lisa. Hoi, ik ben Lisa. Ik ben de verkleegzundige vandaag en ik heb gehoord dat jij een gesprek hebt aangevraagd om trade je vrijheden. Nou, laten we het daar even over hebben samen. Laten we het lekker kort en bondig houden, zodat we hier niet te lang mee bezig zijn. We komen er wel uit van we daarmee bezig willen zijn. Laten we het op een kwartier ongeveer doelen en dan kunnen we het ook lekker verklopt houden. Ja, dat is zo goed.Laat ik begin met vragen waarom jij dit gesprek hebt aangevraagd. Ja, ik wil het graag over mijn vrijheden hebben, want die zijn ingetrokken vorige week. Ja nu kan ik telkens met iemand met iemand van de begeleiding boodschappen doen. En dat komt heel vaak niet uit. Dus ja, ik zou graag weer mijn vrijheden weer terug willen. En waarom zijn jouw vrijheden ingetrokken toen de tijd? Ja, ik had mezelf gesneden. En waar heb je dat toen gedaan? Was er een aanleiding voor?Herbelevingen en ik een stemmetje zei dat ik dat moest doen. Welk stemmetje? Het stemmetje waar ik altijd last van heb als ik te weinig heb geslapen. En is die je dan dus een tijd weg geweest dat je daar weer vrijheid weer terug had gekregen? Ja, het ging een tijdje weer goed. Alleen nu vorige week werd het weer slechter en ben ik me meer gaan snijden. Toen heeft de behandelaar mijn vrijheden weer ingetrokken.En wat is er gebeurd tussen dat het wel goed ging en dat het ineens minder goed ging? Is er een omslag geweest? Is er iets in je persoonlijke leven gebeurd? Ben je misschien middelen? Alcohol gaan drinken, gaan gebruiken? Nee. Heb je slecht contact met een van onze medebewoners? Nee, dat gaat eigenlijk allemaal wel goed. Nee, daar heb ik geen. Je kan niet bedenken wat er aanleiding is geweest voor de omslag. Nee. Ik slaap wel wat slechter en dan heb ik meer last van herbelevingen. Herbelevingen waarvan? Ja, daar heb ik het liever niet heel erg over, maar meer.Ja, wat er vroeger is gebeurd na de herbelevingen. Ja, dus wat er in je verleden in je jeugd is gebeurd eigenlijk. Oké, daar hebben we het liever niet over hebben. Nee. Nee. Heb je daar wat andere mensen wel over? Ja, met een psycholoog hebben we het daar niet over. Maar het zie ik niet fijn. Daar heb ik het wel over. Als je met de psychologen over hebt, dan kan je daar niet. Zij begrijpt me in ieder geval wel. En we proberen er samen wel uit te komen. Oké. Wat je zegt, is je wil weer graag boodschappen en doen. Alleen. Ja.En meer naar buiten. En ik wil eigenlijk aan jullie vragen hoe ik dat weer een beetje kan doen. Ja, als wij niet weten wat er precies gebeurt in jouw hoofd, dan vinden wij het moeilijk om jou zo naar buiten te laten gaan. Dus ik denk dat we pas jou weer echt vrij kunnen laten als we erin vertrouwen dat er niks misgaat. En als je het er niet over wil hebben, dan begrijp ik dat heel goed. Dan zou je het misschien toch wel weer echt goed met je psycholoog moeten gaan bespreken. En dan zouden wij samen met de psycholoog misschien kunnen gaan bedenken wanneer je weer klaar bent om zelf naar buiten te gaan.Want ben je bereid om eraan te gaan werken? Ja, maar wat het is, ik snij bijvoorbeeld niet, ik doe niet als ik buiten ben, ik doe het altijd op mijn kamer. Dus ik snap niet zo goed waarom ik dan niet boodschappen mag doen, er is altijd een risico als je dus suicidaal bent, dat het op een gegeven moment op een andere manier gaat gebeuren, en dat is wat wij willen voorkomen. Want je zit alleen op je kamer. Waarom alleen op je kamer? Ja, dat is het meest veilige plekje voor mij hier.Dan zodat niemand het ziet of is het omdat je het eigenlijk niet wil doen? Nee. Het komt gewoon inmaal op en ik doe dat. Dan moet ik dat doen. Dan is de drang zo groot. Meestal probeer ik het ook wel tegen te halen. Maar de drang wordt zo groot dat ik het toch moet gaan doen. Ja, de drang kan ook een keertje buiten komen. Dan kan het ook buiten gebeuren. Ja, maar dan ga ik eigenlijk altijd nog langer binnen. Zoals ik het goed begrijp is, je denkt dat je gewoon zelfstandig naar buiten kan. Ja. Dat het gewoon lukt. Alleen voor ons mag het nog niet.Wat denk je zelf hoe je je vrijheden terugkomen krijgen? Hoe heb je dat voorheen gedaan? Ja, door te laten zien dat ik mezelf niet sneed, dan kreeg ik het wel weer terug. En dan doe je hoe lang sneed je dan niet? Ja, dat verschilde wel eens. Ja, de bandelaren zijn niet echt te regels voor. Ja, en was ik eigenlijk liet zien dat het goed ging met me, maar dat hoefde nog niet te betekenen dat het goed toen het goed ging met me.En dan kreeg ik ze wel terug. Maar ik vind het moeilijk om daar afspraken over te maken, over te snijden, omdat dat zo in mij opkomt. En ik zou wel graag gewoon alleen even boodschappen willen doen. En ik denk dat we wel misschien wat kleine afspraakjes kunnen maken om het op te bouwen? Ik snap ook wel dat jullie misschien wat meer vertrouwen in mij moeten krijgen. Vind je het goed als ik het ook met de psycholoog bespreek? Voel je dat absoluut niet? Want dan heb ik in ieder geval iemand die weet wat er precies aan de hand is.Blokje daar niet met mij over te hebben. Misschien vertelt hij mij niet alles, maar in ieder geval weet ik een beetje de achtergrond. Ja, dat vind ik wel goed. Dan kan ik met hem gaan kijken hoe we dit verder gaan aanpakken. Ik bedoel, het liefst bij jou natuurlijk ook zelfstandig naar buiten gaan. Dus dat ik eerst met hem ga praten. Hij kent jou ook wat beter. En dan ga ik met hem bespreken hoe we misschien een stappenplan kunnen opbouwen om jou er zelfstandig naar buiten te laten gaan. Maar dat we dat gewoon langzaam opbouwen. Dat kleine stapje. Dat je eerst even een rondje gaat lopen om het gebouw heen. Vervolgens.Dan maak ik er twee en vervolgens uiteindelijk hoop natuurlijk weer dat je eigen boodschapjes kan doen. Dus is het een idee dat ik volgende week met jou weer terugkom, want ik deze week eventjes de psycholoog spreek? Of vind je dat te lang duren? Ik kan het ook nog proberen. Ik zou het wel fijner vinden als het eer komt. Oké, moet ook nieuwe shampoo of zo. Oké, na het weekend kom ik bij jou erop terug, want jullie is hier niet. Dan spreek ik maandag met hem en dan maandagavond, maandagmiddag, maandagavond kom ik naar hem toe. Dan ben je ook. Ja. Dan heb ik psycholoog gesproken en dan kunnen we even kijken hoe we het gaan aanpakken. En dan bespreken we het verder.Dat goed? Ja, dat vond ik goed. Oké, we laten het voor nu hierbij. Fijn weekend. Dankjewel. Zie ik je op maandag. Oké. Fijn middag."
interview-113.mp3,interviews,NVIDIA Parakeet TDT 0.6B v3,170.8477018403308,"Hallo jullie. Ik zit nu bij 113 met Maa tegenover mij. Maaike is psycholoog bij 113. En jullie houden zich bezig met de willen vragen die binnenkomen. Ja, dat klopt. Hoe komen de bellers of de mensen met jullie in compta? Via ons telefoonnummer, dat is 0900 0113. Die vinden ze soms op de website. Dat is ook voorhandliggend, www.113.nl. Of soms hebben ze ons voorbij horen komen op de radio via een commercial, en dan hebben ze ons nummer gehoord, op de website gehoord. En zo kunnen ze ons vinden. En kunnen ze alleen bellen. Nee, ze kunnen ook chatten.Ook via de website. Er staat dan ergens bovenin wil je nu hulp met een bolletje met chatten. Dan kan je daar klikken en dan kom je meteen in een chatroom. En op dat moment is er iemand die dan meet je. Ja, dat is het idee. Dan zijn er vrijwilligers beschikbaar die dan de chats aannemen en ook de telefoontjes. Er komen er veel vragen binnen. Ja, er komen best wel wat mensen binnen. Op sommige momenten van de dag is het drukker dan op andere momenten van de dag. Dan hebben we het bijvoorbeeld vooral voor s'avonds en s'nachts. Overdag is het soms wat rustiger, maar soms kan het overdag ook heel druk zijn. Maar we hebben in ieder geval op elk dagdeel wel ongeveer 7 of 8 mensen die echt in de lijnen zitten.Zo druk is het dus wel bij ons. Het zijn het lange gesprekken. De chatgesprekken duren ongeveer een uur, dat is het streven, maar het kan ook korter. Het hangt er een beetje vanaf wat de vraag is. De telefoontjes een half uur, maar ook dat kan korter. Stel dat iemand nu in nood verkeert of zichzelf al iets heeft aangedaan, is het zaken om het kort te houden, zodat iemand 1 en 2 kan wellen. Kun je een beetje iets vertellen van met wat voor vragen mensen komen? Ja, dat kan. Dat is echt heel erg uiteenlopend. Dat varieert van meisjes die het slachtoffer zijn geworden van sexting en zich ontzettend schamen omdat die foto de hele school rond is gegaan. tot.Oudere mensen die ongelooflijk eenzaam zijn, tot mensen die opgenomen moeten worden of in een opname zitten, of mensen die in een instelling zitten en opgenomen worden. Ja, kan. Of die wordt aangeraden om opgenomen te worden omdat het echt niet goed gaat. En die daarvan van ellende niet meer weten wat ze moeten doen en daardoor sociale gedachten hebben. Dus het is echt alle leeftijden en alle soorten problemen komen bij ons voorbij. Ja, een klein aangrijpend. En krijgen jullie ook cultuurspecifieke vragen? Ja.Wat ik daarover kan zeggen, wat ik zelf daarin meemaak, is eerder dat je merkt dat in sommige culturen er anders wordt omgegaan met bijvoorbeeld praten over emoties. En dat daar een beetje een taboe op ligt, dat mensen dat moeilijk vinden. En dat je daarom ook moeilijk kan praten over jezelfmoordgedachten, als jongere bijvoorbeeld met je ouders. Of als het in bepaalde culturen niet oké is om homoseksueel te zijn. Dat je daar niet over kan praten, en dat je daar zo door in de knoop zit met jezelf, dat je suicidaal wordt en dat je daar dus ook weer niet over kan praten. Wat voor adviezen geven jullie dan mensen, bijvoorbeeld van een meisje die school dan krijgen?Een sekschandaal te maken. Die van alles kan gebeuren. Wat vinden jullie betekenen voor zo'n iemand? Ja, het hangt er sowieso een beetje van af hoe oud zo iemand ook is. Dus als het gaat om iemand die minderjarig is, dan proberen wij zo snel mogelijk ervoor te zorgen dat iemand er een volwassene bij betreft. Dat kan een ouder zijn, maar dat kan ook een docent zijn, of een mentor of een lievelingsstand. Maar het is een beetje vertrouwd. Precies, want als je het hebt over die meisjes die het slachtoffer zijn van seksding, die zijn vaak wat jonger. Dan proberen we zo snel mogelijk daar iemand anders bij te betrekken. Want wij kunnen het hebben over die zelfmoordgedachten. Want we zitten natuurlijk op een afstand, want we zien die mensen niet. Dus we proberen altijd wel zo snel mogelijk aan te sturen op nog wat meer hulp van buitenaf.Maar die moeten ze ook zelf benaderen. Ja, nou ja, als het om een minderjarig is, probeer je er een volwassene bij te betrekken die dichtbij staat. Zodat die samen met dat meisje in dit geval dan. Maar dan hebben jullie contact met de volwassenen? Nee, wij hebben daar geen contact mee. Dat probeer je gewoon door die persoon zelf. Ja, dat is de bedoeling. Dat is belangrijk dat mensen dat zelf doen. En dat is ook omdat wij wij garanderen anonimiteit en vertrouwelijkheid. Dus wij weten niet wat jij zijn en daar gaan ook niet ons bemoeien met om mensen heen. En dat zorgt er juist voor dat mensen ook naar ons toe durven te komen met die problemen. Omdat het zo anoniem leeft.Het zijn er bepaalde leefgebieden die eruit ziet waarmee het meest kwetsbaar is? Situaties waarin mensen verkeren, bedoel je dan? Ik denk dat het belangrijkste is toch wel eenzaamheid. Dus als iemand heel erg alleen is en zich niet verbonden voelt met anderen. Dan zijn mensen heel erg kwetsbaar. En zijn dat meer oudere mensen? Want noemde je dat kunnen ouderen zijn, maar dat kunnen ook jongeren zijn die gepest worden of die zich wijntverdienen hebben bijvoorbeeld. Iedereen kan natuurlijk eenzaam zijn. En zijn het ook dan per seizoen nog?Bijvoorbeeld met eenzaamheidsproblemen. Nu gaan we naar de winter toe. Donkere maanden, veel mensen die toch vaker thuis blijven, is het in die periode meer, de eenzaamheid? Ja, daar durf ik niet zo heel veel over te zeggen. Eigenlijk, je zou verwachten rond de periodes zoals Kersmus dat het dan ongelooflijk druk is. Maar daar kan je niet zoveel over zeggen. Het blijft het hele jaar een beetje hetzelfde. Het is in de lente bijvoorbeeld net zo druk als in de winter. Je zou denken, het wordt donker, het regent. Het weer is somber. Misschien is dat dan. Dat maakt mensen ook zonde. In de lijnen zie je daar niet zo heel veel verschil in. Dus niet seizoensgebonden of staan.En hoe kunnen jullie hun ondersteunen, mensen die met hulp vragen komen? Nou, in eerste instantie heb je de crisissijn, waar mensen in eerste instantie naartoe bellen of waar ze met vrijwilliger kunnen chatten. Die gesprekken heb je, maar die gesprekken zijn in principe eenmalig. Mocht iemand dan daarna nog meer hulp nodig hebben, dan kan iemand zich aanmelden voor thapie, ook via onze website. En dan kom je met een van de psychologen in contact. En ook online. Ook online, ja, via de chat, via de telefoon of via de mail. Dat mag iemand zelf kiezen, wat die persoon zelf het fijnst vindt. En dan heb je maximaal acht gesprekken met een vaste psycholoog.Waarin je dus ook wat meer tijd hebt om uit te zoeken wat er nou precies aan de hand is. En hoe je kan leren omgaan met jezelf, wordt gedachten en alles wat eronder zit. En lukt het in die acht sessies die jullie hebben met de mensen om iemand weer op een andere gedachte te brengen? Ja, soms wel. Soms heb je er maar vijf nodig. Soms is het zo dat je acht sessies doet en dat je denkt, nou het lijkt me verstandig als je ook nog even naar de huisarts gaat en je aanmeldt bij een thapeut, zodat je wat face-to-face contact hebt. Maar dat verschilt heel erg. Wat zou jij zeggen tegen degene die het moeilijk hebben, maar niet durven te bellen of contact op te nemen met de ene die.nlJa, als je het zo moeilijk hebt dat je echt toch aan zelfmoord denkt, zou ik je toch willen vertellen. Ik weet dat het heel erg moeilijk is. Maar wij zijn erbij 13 in. Wij weten dat praten over zelfmoord helpt. En je bent anoniem, het is een veilige omgeving. Dus we treden niet naar buiten met wat jij vertelt aan ons. Dus ik zou toch zeggen: neem de stap, want je hoeft het niet alleen te doen. Dankjewel, Maike, voor het interview. Nou, kijkers, jullie hebben gehoord. Wat je vraag ook is: er is altijd wel iemand die hier staat om een antwoord op te geven. Dus zit je met iets, dan kun je altijd contact opnemen met 1in3.nl."
verzorgings-staat.mp3,interviews,NVIDIA Parakeet TDT 0.6B v3,105.05361874022337,"De verhoging van de AOW-leeftijd is onder druk van politiek protest en vakbonden van de baan. Maar het kabinet heeft ruim 6 miljard aan bezuinigingen op onze sociale zekerheid nog niet opgegeven. Hebben we het over de WW en de arbeidsongeschiktheidsverzekking? Wie ja. Onacceptabel zeggen vakbonden. En dus zal de polder weer om de tafel moeten. En de vraag is dan, wat voor een samenleving willen we nou? Weten we dat Nederland is gebouwd op een sterke verzorgingsstaat? En wie betaalt uiteindelijk de prijs? Daarover praat ik deze week met vijf kopstukken in BNR's Big Five van de Verzorgingsstaat onder druk. En vandaag is dat niemand minder dan Koen van Oostrom, sinds 1 mei, de nieuwe voorzitter van de werkgeversvereniging VNO NCW. Van harte welkom. Goedemorgen.En heel leuk dat je weer terug bent bij de Week Five. Het was een paar jaar geleden dat ik hier was bij jou. Ja, zeker. En dat ging toen over de self-made man en women. Want je bent iemand die zelf-made is. Met eigenlijk weinig welvarend opgegroeid. En uiteindelijk ben je helemaal binnen als vastgoedman en projectontwikkelaar. En daar hebben we toen uitgebreid over gesproken. Is nog terug te luisteren? Ik heb het ook even teruggeluisterd, het was echt hartstikke leuk. Mooi. We gaan het nu over hele andere zaken hebben, natuurlijk. Oigens ben je ook nog invloedrijk VVD'er, maar nu snurkend lid, hè?Ja, dat werkt niet. Mijn achterban zitten duizenden bedrijven. En die hebben hele verschillende politieke kleuren. En dus laat ik de kleur van de VVD even liggen. Want daar sta ik nu niet voor. Ik sta nu voor de bedrijven Nederland.Maar is dat moeilijk? Want het lijkt me heel moeilijk om een snurkend te zijn. Nee hoor, dat vind ik niet. En ik vind het eigenlijk ook heel erg leuk om nu de andere partijen beter te leren kennen. Ik heb wel een periode gehad dat ik daar een beetje soms naar keek en dacht van goh, wat gebeurt daar nou allemaal in die partijen. Maar als je dan beter kennis maakt, zelfs met mensen als Jesse Klaver en CDA D66. Ja, dan krijg je toch ook iets meer het gevoel bij hun standpunten en hun achterbaan en hun gedachten. Dus dat is eigenlijk hartstikke leuk. Ja, leuk om daar meer over te horen. Ook over bijvoorbeeld Hans Pekman. Die we ook later deze week te gast hebben overigens. En we gaan natuurlijk over die verzorgingsstraat praten die onder druk staat. Maar eerst toch even het laatste nieuws waar de Telegraaf gisteren over heeft bericht. En dat is dat alle supermarkten het lidmaatschap van VNO NCW hebben opgezegd. Klopt het?Ja, dat klopt. Dat is vorig jaar gebeurd. Zoals je weet, is VNO een enorme vereniging. Er zitten duizenden en duizenden leden. En er komen elk jaar heel veel leden bij. En dan gaan helaas ook elk jaar wel weer een paar leden af. Dat had in dit geval te maken met een nieuw contributiestelsel. Nou, dat zijn dingen die gebeuren. We zijn met z'n in gesprek. Het is een beetje van voor mij tijd. Je wist dit al bij de overdracht. Ik ben ermee aan het werk gegaan en ik heb toevallig vorige week ook met de vertewoordigers van de supermarkten gesproken. Eigenlijk een heel positief gesprek. En wat ik ontzettend leuk vind, dat zijn natuurlijk kruiden enorme ondernemers. En ja die vechten om elke euro. En dat gebeurt ook. En het is te vroeg om te zeggen of er beweging in zit. Maar ik vind in ieder geval prettig dat de relatie goed is. En we gaan eens kijken of we een oplossing kunnen bereiken. En je zegt: we hebben heel veel leden, maar dit is toch wel echt een hele grote groep. Als je als lobbyorganisatie.Deze dit deel kwijtraakt, dan ben je echt wel kleiner in omvang.Dan is aan de ene kant waar. Aan de andere kant zien we een enorme toestroom van technologiebedrijven binnen ons huis. En daar is ook heel veel dyniek. Daar werken ook heel erg veel mensen. Dus per saldo is het niet zo dat het een ramp is. Het is in het verleden overigens vaker gebeurd dat de supermarkten wel of niet lid waren bij ons. Dus het is ook niet zo dat het nou de pijler is waar Venuw op draagt. Maar wat ik wel wil zeggen is dat volgens mij is het zo ontzettend belangrijk in deze periode dat er een beetje eenheid is. Eenheid aan de werkgeverskant en ook eenheden aan de vakbondenkant. We hebben gezien dat daar in het verleden gedoe was. Als het rust is in de polder, is het makkelijker om met elkaar te praten. En daarom had ik het liever niet gehad, want dan heb je liever dat dit ook even onder de radar blijft, of we zijn nog met elkaar in gesprek. Nou, dat is niet het geval. Maar dat neemt niet weg dat van mijn kant de houding 100% positief is om te kijken of we toch met elkaar in gesprek kunnen blijven. En hopelijk bedenken ze zich, komen ze terug aan boord. En dan zijn wij als VNO nog vollediger. We hebben al bijna het hele Nederlands bedrijfsleven achter ons. Maar je wil ze gewoon erbij houden. Dat kan niet anders. Dit is zo groot in zo'n lobbyorganisatie. Want ik snap dat ook technologiebedrijven bijkomen, maar je wil ze gewoon erbij houden. Dus niet goed voor de beeldvorming.Ik denk dat hoe vollediger wij zijn namens het Nederlandse bedrijfsleven, hoe beter het is. Dus het was ook niet onze keuze om ze eruit te zetten. Ze zijn er zelf uitgegaan. Ik denk dat het in ieder geval niet verstandig is om het via de media te spelen. Ik denk dat het goed is om het gewoon in te. Misschien was het, ja, was het, zat het zo hoog dat ze dachten, nu moeten we dit wel doen, want ze luisteren niet. Ja, blijkelijk is dat dan vorig jaar gebeurd. En ik was toen nog niet de voorzitter, dus ik weet nog niet precies wat de dynamiek was. En of er sprake was van teleurstelling of zelfs boosheid op dat moment. Dat weet ik niet. Maar wat ik wel weet, is dat er nu eigenlijk best wel productieve gesprekken met elkaar voeren. En ja, je hebt wellicht gehoord dat een van de zaken die ook in dat telegraafartikel werd genoemd, ging over het wettelijk minimumloon. En daar hebben de supermarkten ook echt wel wat om de oren gekregen. Dat minimumloon, per 1 juli wordt dat 14,99 euro, 15 euro afgerond. Dat was 10 euro. Dus dat is 50% omhoog gegaan. Nou ja, als je dan een winkelier bent, dan heb ik er wel begrip voor dat je zegt van hey, dat voelden we ons niet goed vertegenwoordigd. Beste VNO, heb je wel goed voor ons gezorgd? Ik snap die vraag. En wij doen alles op alles om te proberen, ook in de gesprekken in de polder, om daar wat mee te gaan doen. En dan heb ik ze het liefst aan boord, want dat praat makkelijker. Ja, dus dat is het punt waar je misschien toch wat kan doen nog voor ze. Dat zou zomaar een van de dingen kunnen zijn. Alleen de polder is ingewikkeld, want de spelen heel veel belangen. Ik kan net zeggen, dit punt is moeilijk terug te draaien, lijkt me. Ik heb gezien dat vrijdag als Specman hier op bezoek is. Misschien kan dat jouw eerste vraag aan hem zijn. Meneer Sperkman kan het minimumloon niet meer zijn. Je moet wel nog gasten over hem gaat. Ja, ik heb een goede band met hem. En jij zei net, ik ben een zelfmade ondernemer. En dat klopt ook. En hij is dat in zekere zin ook, zelfmeed. Hij had ook geen makkelijke jeugd en heeft er heel veel uitgehaald. Ik heb dat gedaan met de bouwen van heel veel gebouwen. En ik heb daar een vermogen mee kunnen opbouwen. En hij heeft dat heel anders ingezet. Hij heeft een heel leuk verhaal. Je hoort een kroeg begonnen. En nou ja, ik zou dan denken: oh, een kroeg en dan een tweede kroeg en dan een netwerk van kroegen.En bij hem was het zo dat hij gezegd heeft: ik heb daar een social business van gemaakt. Dus de opbrengsten daarvan, die gingen terug naar allerlei goede doelen. En dat typeert de ondernemer Hans Pekman. En ik ben de ondernemer Koer van Oostrom die andere keuzes heeft gemaakt. En die zijn niet goed of fout, die zijn gewoon anders. En ik vind het wel heel erg leuk dat er nou eigenlijk twee ondernemers in de polder zitten. Ja, ontzettend leuk. En hij zat dus niet naar je te kijken. Want ik weet dat je een hekel hebt aan het woord vastgoedmiljonair. Dat ben je. Dat heb je toch gezegd, hè? Dat heb ik het toch gezegd? Ja, dat is echt gemeen. Maar zo zat hij dus niet naar je te kijken. Nou, ik denk dat hij ook wel natuurlijk met belangstelling kijkt van wie zit daar nou? Dit is duidelijk geen bestuurder aan de kant van Venod, dus een ondernemer.Maar wat voor type ondernemer? En ik denk dat het altijd wel een beetje dan een vraag is: is het een ondernemer die alleen maar bezig is met een groot mogelijk vermogen? Of is het iemand die maatschappelijk betrokken is? Ik denk, ik wil geen jury over mezelf zijn, maar ik heb altijd geprobeerd, ook met de duurzaamheidszaken die ik gedaan heb, waar wij ook een aantal jaar geleden over hebben gesproken. Om juist ook een brede ondernemer te zijn, die onderdeel is van de oplossing, niet van het probleem. Nou ja, je vertelde toen dat je echt een switch hebt gemaakt. Dus dat je eerst wel was voor winnen, winnen, winnen. En zoveel mogelijk omzetten. En uiteindelijk toch ook hebt geleerd dat je er anders naar moet kijken. Het leuke als ondernemer.Is als je succesvol bent, dat je in een soort nieuwe wereld terecht komt. Bij mij was dat dat ik mensen leerde kennen zoals Peter Bakker, Fijke Sibesma, Paul Polmen. Die op dat moment het Nederlandse bedrijfsleven leiden. En dat niet deden alleen maar met de agenda shareholder value. Maar ook met de agenda hoe kunnen we zorgen dat we een land sterker maken, dat we sociale cohesie hebben. En dat we grote maatschappelijke problemen oplossen. En dat is altijd onderdeel geweest. Sorry, dat moet ik goed zeggen. Nadat ik hen heb leren kennen, is dat onderdeel geworden van mijn portefeuille. En daarvoor was dat minder zo. Ik vind dat ook niet per se slecht. Ik kan me voorstellen dat een startende ondernemer.Even een fase heeft dat hij eendimensionaal is. Hij moet namelijk een product bedenken, wat beter is dan de producten om hem heen. En op het moment dat je daar een stap verder in bent, dan heb je iets meer ruimte om ook na te denken over hoe kan ik daar dan ook een positieve impact mee maken. En is dat misschien ook de reden dat je deze baan als voorman van VNO NCW juist zo mooi vindt? Omdat je dus daarmee ook meer kan creëren voor Nederland? Ja, in die zin is het een beetje een bekroning op dat werk wat ik heb gedaan. Ik was een beetje op zoek naar zoiets. Ik was eigenlijk aan zoek in Europa. Omdat in het geweld in de wereld, hebben we vandaag weer het nieuws in het Midden-Oosten gezien. Wat er speelt in China, in Rusland, maar zelfs ook bij onze partner Amerika. Die varen toch een andere koers dan een aantal jaar geleden. Moet Europa sterk worden? En ik dacht wat leuk om daar een rol in te spelen. Nou, toen kwam VNO langs en toen dacht ik, ja, maar dan wordt het ook wel heel concreet. En dat is ook heel mooi om in Nederland veel sterker te maken, het bedrijfsleven veel sterker te maken. En vanuit die kracht dan hele goede dingen te doen. En toen dat langskwam, dacht ik, ja, dit is toch ook te mooi om waar te zijn. En hoe bevalt het? Ik vind het waanzinnig leuk. Ik vind het waanzinnig interessant. En als ik heel eerlijk ben, Diana, wij kennen elkaar al een tijdje. Het is soms ook best wel pittig. Want ja, ineens ben ik de spreekbuis van al die duizenden bedrijven. Als het gaat over sociale zekerheid. Nou, als het gaat over economische groei, ik hoop dat we daar nog over gaan hebben. Ja, daar weet ik heel veel. Want ik heb altijd met de CEO's gewerkt. Ik weet hoe moeilijk het is om een bouwvergunning te krijgen, hoe de rechterlijke macht werkt in Nederland. Maar in sociale zekerheid is dat relatief nieuw. Ik moet eerlijk bekennen, in mijn bedrijf liet ik het ook wel eens over naar haar R-afdeling. En dan vond ik het gewoon heel irritant dat we loondoorbetaling bij ziekten hadden. Dat je twee jaar verantwoordelijk bent als ondernemer voor iemand die ziek wordt. Maar nu zit ik er midden in, nu ben ik er verantwoordelijk voor. En dat betekent dat ik sommige nachten doorbreng met het lezen van SER-rapporten en probeer te begrijpen wat de stichting van de arbeid precies is. Je kan je niet echt makkelijk inwerken, toch? Want je bent meteen katshuis, de hele Sabang is op je afgekomen. Het is misschien een beetje naïef, maar ik had de hoop om tot de zomer gewoon te luisteren, vragen te stellen. En dan, laten we zeggen, na de zomer echt vliegend uit de startblokken te komen. Zo werkt het niet. Het is vanaf dag één krijg je toch vragen op je af. De media speelt er ook een rol bij. Die hebben kritische vragen. Als je iets zegt, kan het nieuws zijn. Dus je moet op je woorden letten. Heel erg leuk. Volgens mij gaat het je redelijk makkelijk af. Heb je Hans de Boer nog vaak in gedachten? Dus een van jouw voorgangers natuurlijk bij Veno NCW. Je kende hem ook goed. Ik ken hem goed. Hij was misschien ook al een klein beetje mentor voor me in dat maatschappelijke. Hij heeft een tijd bij een vastgoedbedrijf gewerkt, waarbij ook mee samenwerkten. Dus daar uit die periode kende ik hem. En hij kon nogal eens een kop koffie drinken en dan had hij altijd heerlijke, heldere, uitgesproken meningen. En dat is soms ook gewoon hartstikke goed in de polder, dat mensen dingen scherp zetten. En dat deed hij als geen ander.De Big Five. Diana Matroos. Mijn gast vandaag is Koen van Oostrom. Hij is de voorzitter van VO NCW. En we gaan het natuurlijk hebben over de verzorgingsstaat onder druk. En in relatie daartoe ook de sociale zekerheid. Want dat is enorm actueel. Eerst even de vraag: wat heb jij überhaupt met de verzorgingsstaat? Wat natuurlijk drie pijlers heeft. De sociale zekerheid, gezondheid, zorg, onderwijs, dat soort zaken. Ja, ik vind dat wij in Nederland oprecht het allermooiste land in de hele wereld zijn. Ik vind dat dit zo'n bijzonder land is, waar het zo.Waanzinnig goed gaat met heel veel zaken. En daar is die sociale zekerheid een van de pijlers die daaronder staat. Voor de goede orde, ondernemerschap is ook een pijler. En daar maak ik me op dit moment echt zorgen over. Maar die pijler sociale zekerheid, die pijler, het fatsoen wat wij hebben in Nederland, dat als je om allerlei redenen uitvalt, en dat kan definitief zijn en dat kan tijdelijk zijn, dat er dan een systeem is wat probeert om je te begeleiden om je weer terug op je voeten te zetten en weer zo mogelijk ook weer aan het werk te krijgen. Dat vind ik briljant dat we dat hebben. De vraag is wel een beetje: of het systeem wat we vandaag hebben, met bijna een miljoen mensen in de via.Of dat nou het systeem is wat we nog steeds kunnen veroorloven. En of dat dat systeem is waar ik net van droomde. Dat dat onderdeel van dat hele mooie Nederland is. Daar ben ik ook wel een beetje kritisch over. Ja, toch, als het gaat over een aantal punten van de sociale zekerheid, hebben jullie natuurlijk met de AOW-leeftijd verhogen, zijn jullie echt achter de bonden gaan staan? Ja, nou ik weet niet of het achter de bonden is. We staan vooral achter onszelf. Maar Venou heeft zijn handtekening gezet onder een groot akkoord die ging over de verhoging van die pensioenleeftijd. Dat heeft mijn voorgangste Ingrids gedaan, daar sta ik 100% achter. En ik vind ook dat als je zo'n lange termijn afspraak maakt,Waarbij het voor een aantal partijen ook echt wel pijn heeft gedaan. Dat was voor de bonden ook niet makkelijk om dat te slikken destijds. Ja, dan vind ik ook dat je dan ook een zekere loyaliteit aan zo'n transactie moet doen. Een beetje als ondernemer is ook gewoon afspraak is afspraak. Dat is gewoon een helder beginsel in Nederland. En dat vind ik ook eigenlijk in dit geval.Weet je, is het dan nooit bespreekbaar natuurlijk, als de wereld helemaal zou veranderen, dan op een keer komt alles ter bespreking naar de... Heb je misschien een alternatief fiscalisering van de aangevallen? Ja, maar de verwachtingen die we destijds hadden toen we deze deal gedaan hebben, die zijn ongeveer uitgekomen. Er zal eigenlijk sterker nog, de leeftijdsgroei is iets minder geworden dan we hadden gedacht. Er is COVID doorheen gegaan, et cetera. En dan vind ik dat niet het onderwerp waar we nou over moeten praten. Dus daarvan heb je ook gezegd, het moet gewoon in de vriezer of zoiets. Niet over hebben. In intussen is het dat ook van tafel. En dan kun je natuurlijk gelijk alle alternatieven daarvan op tafel leggen, dus die fiscalisering, et cetera. Ik hoop eigenlijk dat dat niet nodig is. Ik zie dat er twee andere dingen spelen die veel belangrijker zijn. Onze economische groei is veel te laag. Als wij 2% economische groei hebben, hoeven we deze discussie over die paar miljard niet te hebben. Want dan gaat die economie gewoon met vele miljarden per jaar omhoog. En het tweede ding is dat er zitten een aantal echte problemen in onze sociale zekerheid vandaag. Bijvoorbeeld de instromende via is veel te hoog. Als we Nederland gewoon vergelijken met België, Frankrijk, Duitsland. Het is ruim 800.000 of zo? Het is ruim 800.000, maar er zitten er ook nog 200.000 mensen in het tweede ziektejaar in de regeling daarvoor. Wat door de ondernemers wordt betaald. Die komen er dus aan. Dus die instroom die blijft fors. Daarmee lijkt het erop dat we gaan groeien naar een miljoen mensen in de via. Dat is veel meer dan de land om ons heen. En daar moeten we eens goed naar doen. Snappen we voldoende waar dat door komt. Want je ziet ook dat er heel veel jongeren daarbij vertegenwoordigd zijn met psychische klachten. Dat daar echt ook een enorme stijging in zit. Dan hebben we met elkaar ook iets te doen. Misschien ook werkgevers. Want waarom zijn al die mensen zo.Ongelukkig als het om de psychi gaat. Ja, ik vind dat precies de vraag die wij ons moeten stellen. En ik heb nog niet alle antwoorden. Wij werken keihard op dit moment binnen VNO, maar ik weet ook dat binnen de CER, Sociale Zaken als ministerie is hiermee bezig. Kim Putter zou later deze week te gasten. Ook ook een voormidamele denker die heel goed en heel scherp kan formuleren waar dan echt het probleem zit. Maar jij noemde bijvoorbeeld de jonge mensen. Het is natuurlijk doodzonde dat iemand die 30 is en dat hij in een burn-out terechtkomt en dat het niet lukt om die dan naar ander werk te begeleiden. Wat kan zijn dat er sprake is van toch ook een beetje een arbeidsconflict of te veel druk. En misschien in de ja de samenhang tussen het privéleven en het werkende leven, dat daar dingen misgaan.Maar dat mensen dan in een situatie komen dat de kans bestaat dat ze nooit meer gaan werken, dat vind ik verschrikkelijk. Dat vind ik voor die mensen verschrikkelijk. Maar het bedrijfsleven heeft ook heel hard deze mensen nodig, omdat er nog steeds een tekort is aan arbeidskrachten. Als we het voor elkaar krijgen dat deze groep. En niet allemaal, want er zetten mensen bij die andere dingen hebben waardoor ze echt niet meer inzetbaar zijn. Maar andere mensen zijn wel inzetbaar en die moeten benaderd worden en die moeten ook fout. Maar is er dan een goede weg om te zeggen wat het kabinet wil, om daar dan 20% van af te halen?Wat ik heb geleerd in mijn zes weken dat ik al voorzitter ben, het is nog kort, maar wat ik in die zes weken heb geleerd is dat op het moment dat je het woord bezuiniging hanteert, dan gaan overal de loopgraven dicht. En dan gaan mensen met een hak in het zand en dan stopt een beetje de discussie. En dan verhart de discussie. Snap je daarin ook de bonden? Want die hebben natuurlijk wel, ja, zijn heel blij met dat cadeau natuurlijk van die AOW-leeftijd. Maar zeggen toch: ja, nee, we gaan toch weer staken. Want dit moet ook van tafel. En straks hebben we het nog wel over.De WW ook. Nou, over dat staken wil ik het zo nog even hebben. Want wat mij betreft was dat niet nodig geweest. Maar wat ik. Ik wil geen uitspraken doen over wat de bonden dan denken. Dat is misschien de vraag van vrijdag en de hand. Nee, niet wat zij denken, maar dat je denkt, nou ja, ik begrijp het wel. Ik had het toch liever het gesprek wat meer open gehouden. Nogmaals, ik denk dat die stakingen niet nodig waren geweest. Maar waar het echt over gaat. En waar ik denk dat ook Hans Pekman een partner gaat worden. Een miljoen mensen in de via is niet goed. Niet, laten we zeggen, voor zijn achterban. Voor de werkende in Nederland. Niet voor de bedrijven en helemaal niet voor de overheid, die daar helemaal geen geld voor heeft. Dan moeten we met elkaar kijken. Wat is nou de reden? Precies de vraag die jij stelde: waarom gaan er zoveel mensen?Die via in, wat is daar, wat is daar nou aan de hand? Is dat COVID geweest? Maar waarom zijn de getallen dan zoveel groter dan in andere landen waar ook COVID was? Heeft dat te maken met er zijn veel vrouwen die net bevallen zijn die in een burn-out terecht komen? Wat is daar dan de problematiek? En kunnen werkgevers daar ook beter handen? Ik neem de verantwoordelijkheid op mij om echt aan die werkgeverskant te kijken. Doen wij nu voldoende aan preventie? Hebben we goede regelingen? Wat is daar de discussie die wij aan kunnen? En het is helemaal niet zo dat wij alleen maar zeggen: het probleem ligt bij het UWV. Ik denk overigens wel dat we goed naar de rol van het UWV moeten kijken. Er zijn te weinig keuringsartsen. Ja, want daardoor gaan mensen weer langer moeten wachten uiteindelijk op de respect. In dat proces gaan dingen niet zo efficiënt als ze zouden moeten. Nou, ik wil ook met Hans Pekman praten: wat kan hij nou doen vanuit zijn kant? Om met mensen in contact te treden en te horen wat zijn nou echt de problemen daar. Nou, dan moeten we kijken met het bedrijfsleven. En het bedrijfsleven wil dit ook, want die willen die mensen heel graag weer terug hebben. Die wil die mensen graag aan het werk hebben. Wat kunnen we nou doen om de mensen weer aan het werken? Maar dit is wel echt lange termijn visie. Daarmee heb je het nu niet opgelost. Het kabinet zit met een probleem vanwege de defensieuitgav en allerlei dingen die we rond stikstof, wat ook belangrijk is voor werkgevers natuurlijk en voor het bedrijfsleven waar jij voor staat. Het moet nu bezuinigd worden in feit. Maar het is wel zo dat dat minder snel gaat dan sommige mensen denken. Als je naar de tabel kijkt die bij het regerekort zat, dan zie je in die tabel dat heel veel van de bezuinigingen pas in latere jaren echt impact hebben. Concreet voorbeeld, ik heb geprobeerd namens te werkgeven te zeggen laat die AOW nou even met rust. Die AOW ging pas ook over heel veel jaren echt impact hebben op de begroting van de overheid. Als we in de tussentijd die economische groei.Aan kunnen zetten. En we kunnen zorgen dat we weer naar 2% economische groei gaan. En ik ben een beetje ondeugend, heel onambitieus. Ik denk zelfs dat we naar 3% economische groei zouden kunnen. Als we dat voor elkaar krijgen. Dan hebben we die verhoging van de AOW-leeftijd helemaal niet meer nodig. Dus je zegt bezuinigingen, dat is nu het verkeerde woord. Maar sluit je bezuinigingen uit? Het sluit helemaal niets uit. En ik vind ook dat.Ja, dat je realistisch moet zijn. Maar ik hoop in ieder geval dat we fundamentele veranderingen in de sociale zekerheid voor elkaar kunnen krijgen. Veel meer mensen aan het werk kunnen helpen. En als we dat kunnen doen, dan hebben we misschien, daar ben ik open in, Diana. Misschien is er dan op korte termijn inderdaad nog wel een vraagstuk over de financiën. Maar die discussie wordt heel veel makkelijker als we weten dat er op termijn veel minder mensen in de via zitten. En ook in andere regelingen. En als we zien dat op termijn de economische groei hoger is. Want dan heb je misschien voor 2028 of 2029 nog eens een jaar waar er dan bijvoorbeeld een miljard te kort komt. Ik noem maar even een willekeurig getal. En dan zal toch even het gesprek met Elko Heijnen moeten plaatsvinden. En ik begrijp heel goed hoe hij in de wedstrijd zit. En hij is, ja, ik had ook bij mij in mijn bedrijf altijd een hele strenge CFO. En die zorgde er echt voor dat de discipline ook gewaarborst bleef. En die rol heb je in een kabinet keihard nodig, want anders gaat het echt alle kant op. Maar dan hebben we een discussie over een veel kleinere omvang dan hoe die nu wordt gepresent. En dan ga je eigenlijk ook een oproep doen, ook jullie gezamenlijk, om te kijken of hij daar een opening kan bieden. Nou, misschien dat er dan ook wel allerlei creatieve oplossingen zijn. We hebben net gezien dat er geld gevonden is door Church, maar door dingen uit de toekomst naar voren te halen. Op het moment dat ik kan bewijzen dat die economische groei omhoog gaat. Want dat moet natuurlijk ook niet een soort droom zijn. Dat moet dan ook echt wel verankerd zijn. Maar als we die verankering kunnen bewijzen.Ja, wellicht zijn er dan ook mogelijkheden. Maar ik ga niet op de stoel van de minister van Financiën zitten. Die is buiten gewoon intelligent. Weet heel goed hoe het spel werkt. Je zegt gewoon, het moet rust komen in de pool en daarom is dit zo belangrijk. Dat is ook belangrijk. En ja, weet je wat ik ook vind, is dat is dat. Als er dan toch nog een bezuiniging over zou blijven. Nogmaals, ik denk dat dat veel en veel kleiner zou kunnen worden, dan is het ook een beetje aan het kabinet. Want er komen er allerlei woorden rond van vennisgasbelasting tot allerlei andere termen. Ook het ideetje van spekman, hè, winstbelasting omhoog. Dat soort dingen. Maar dan zou ik ook zeggen, nou, dan is het ook even, als er dan toch nog ergens een gaatje zit. Het gaat dus dan vele malen kleiner. Als er dan nog iets over is, dan zou ik zeggen. Dan is het kabinet aan zet. En dan is dan wordt het politiek. En ik vind dat de Polder niet op de rol van de politiek moet overnemen.om dat uh in te vullen."
hulpverleners.mp3,interviews,NVIDIA Parakeet TDT 0.6B v3,166.44081200681728,"Meenou, zou je iets verder willen introduceren? Ja, mijn naam is Menoual Amat. Ik werk als onderzoeker aan de Vrije Universiteit Amsterdam. Ik heb zelf een achtergrond in culturele antropologie. En in de afgelopen jaren heb ik dus een promotieonderzoek gedaan aan de Universiteit voor Humanistiek. Dankjewel. En kun je iets vertellen over de focus van het onderzoek en de noodzaak hiervan? In de afgelopen jaren, zoals ik al zei, heb ik onderzocht hoe mantelzorgers met een migratieachtergrond de zorg ervaren voor een familielid met dementie. En ik heb daarbij met name gekeken naar hoe de zorg gedeeld wordt binnen families en hoe de zorg gedeeld wordt tussen families en formele zorg.Daar was nog niet zoveel over bekend, mantelzorgers met een migratieachgrond worden heel weinig en te weinig meegenomen in dit soort onderzoek. En ja, de vergrijzing en toenemende diversiteit in westerse samenlevingen maakte de urgentie van dit onderzoek dus groot. Ik heb daar een kwalitatief onderzoek uitgevoerd, vooral onder mantelzorgers en voor een kleiner deel onder zorg- en hulpverleners. Wat was er al wel bekend over de zorg bij mensen met een migratieachtergrond en wat voegt jouw onderzoek daaraan toe?Wat al wel bekend was uit voorgaande onderzoeken is dat mantelzorgers met een migratieachtergrond minder gebruik maken van formele zorg. Dat kan te maken hebben met taalbarères, discriminatie of bijvoorbeeld gebrek aan kennis over dementie. In die voorgaande onderzoeken suggereren dan ook dat deze mantelzorgers vaak intensievere zorg geven en daardoor vaker over belast zijn. Maar waar nog niet zoveel onderzoek naar gedaan was, is hoe mantelzorgers met een migratieachgrond het delen van de zorg ervaren. En hoe die ervaringen gevormd worden door hun sociale omgeving.En door hun contacten met formele zorg. Zoals Savitri en Evelien in de video al vertelden, het geven van zorg is een complexe ervaring, vaak een emotionele en morele ervaring die beïnvloed wordt door verschillende factoren. En binnen dit onderzoek heb ik dus geprobeerd om daar inzicht in te geven. En in je onderzoek ga je dus ook in op die emotionele ervaring van het geven van zorg. Wat zegt je onderzoek over het ervaren gevoelswereld van deze mantelzorgers?De bevindingen laten zien dat het geven van zorg gedaan wordt vanuit twee sociale opvattingen of morele kaders, kun je zeggen, die stellen dat je voor een oude familielid hoort te zorgen. Het ene morele kader stelt dat je zorg geeft aan een oude familielid uit liefde voor je ouders bijvoorbeeld, omdat ze bijvoorbeeld ook voor jou hebben gezorgd als kind. In het andere morele kader stelt dat je zorg geeft vanuit een verantwoordelijkheidsgevoel. Dus ook als je geen fijne relatie hebt gehad met je ouders. Deze opvattingen of morele kaders zijn al aanwezig in een samenleving.Maar vaak geeft slechts één vrouw in een gezin of in een familie je gehoor aan, dat is vaak een dochter of een schoondochter. En met die morele kaders in gedachten neemt zij dus de meeste of alle zorgen op zich. Doordat ze aan die morele kaders kan voldoen, geeft dat een gevoel van trots en kracht ook dat ze de zorg kan geven. Dat zorgt er ook voor dat ze de zorg kan blijven geven. Dus het gehoor kunnen geven aan het morele kader van liefde voor je ouders en het morele kader van verantwoordelijkheidsgevoel geeft, dus een gevoel van trots en kracht. En wat betekent dit voor delen van de zorg?Het betekent dat met die morele kaders in gedachten de zorg of de mantelzorgrol langzaamaan een belangrijk deel van de identiteit van de mantelzorger wordt. Dat is zeker het geval wanneer de zorg niet gedeeld wordt binnen de familie. En de mantelzorg om daarmee om te gaan, met een gebrek aan dat de zorg niet gedeeld wordt in de familie, wordt de mantelzorgerrol afgezet tegen familieleden die geen zorg geven. Mantelzorg kan dan denken van ja, ik ben in ieder geval wel een betere dochter of een betere gelovige.Dan familieleden die geen zorg geven. En dat is eigenlijk een manier van omgaan met gevoelens van overbelasting en maar vooral ook met gevoelens van teleurstelling in familieleden die geen zorg geven. Het onderzoek laat daarmee dus ook zien dat het geven van zorg een hele emotionele en morele ervaring is. En om de ervaringen en behoeften van mantelzorg te begrijpen, heb je ook gebruik gemaakt van intersectionaliteit. Wat zijn hierbij de belangrijkste bevindingen? Wat vooral naar voren komt, is dat iemands migratiegeschiedenis, dus hoe iemand gemigreerd is,En de sociale klasse waarin iemand is opgegroeid van grote invloed zijn op het verkrijgen van vaardigheden die van belang zijn bij het organiseren en het delen van de zorg. Maar wat dit in de praktijk betekent, verschilt per mantelzorger. Omdat andere sociale factoren of andere aspecten van iemands identiteit en iemands levensgeschiedenis ook beïnvloeden hoe de zorg ervaren wordt, hoe de zorg gedeeld wordt. Denk bijvoorbeeld aan iemands positie in de familie, of er een sociaal netwerk is of niet, en bijvoorbeeld wat voor rol religie speelt in iemands leven.Je zegt dus eigenlijk dat iedere mantelzorger andere levenservaringen heeft en daardoor dus ook andere behoeftes heeft bij het delen van zorg. Klopt dat? Ja, dat klopt. Het onderzoek laat daarmee dus ook zien dat we ons niet moeten blindstaren op cultuur, op de cultuur en etniciteit van mantelzorgers. Maar in plaats daarvan iedere mantelzorg te zien als een uniek individu die verschillende ervaringen heeft en waarvan de achtergrond eigenlijk heel complex is en die beïnvloeden de manier waarop.Iemand de zorg ervaart en de behoefte die iemand nodig is. Dus het is heel belangrijk om te kijken naar de persoon die tegen je over zit als professional. In plaats van labels te plakken op mantelzorgers door ze te zien als onderdeel van een culturele groep. Ja, en je hebt ook met zorg en hulpverleners gesproken. Wat kwam hieruit naar voren? Wat vooral naar voren kwam, is dat zorg- en hulpverleners in het contact met mantelzorgers en families. Het vooral belangrijk vinden dat er een gevoel van nabijheid is, want dat is nodig om de zorg te kunnen delen. En daarvoorIs het heel belangrijk dat er ook een gevoel van begrip en vertrouwen is tussen mantelzorger en professional. Maar bij mantelzorgers met een migratieachtergrond in hun contacten daarmee wordt dit gevoel van nabijheid vaak verhinderd. Ook mantelzorgers ervaren vaak een gevoel van afstand. Waardoor nabijheid en vertrouw eigenlijk niet mogelijk is. En dat leidt er dus vaak toe dat professionals deze mantelzorg niet verder kunnen helpen en dat ze dus vastraken in hun werk. Daarnaast kwam er voor dat professionals in hun werk heel erg uitgaande van een vraag en sturen benadering. Evelien vertelde het ook al even.En in deze benadering wordt de regie heel erg bij de mantelzorger gelegd. Dus het is aan de mantelzorger om de hulpvraag te formuleren. Maar vaak werkt dat gewoon niet zo. Ik weet nog dat een paar professionals me ook vertelden dat wanneer een mantelzorger de hulpvraag niet formuleert of aangeeft geen hulp nodig te hebben, dat ze dat dan ook dat de professional het dan ook moeilijker vindt om een mailtje te sturen of om even te bellen om te zien hoe het gaat. Want ja, dan zou je misschien als professional op dringerig overkomen, want het past niet binnen een vraaggestuurde aanpak.Maar ja, deze aanpak werkt vaak niet wanneer er geen vertrouwen is. Want iemand zou de hulpvraag minder snel formuleren wanneer er geen gevoel van vertrouwen is en nabijheid. Daarnaast werkt deze aanpak ook niet wanneer een mantelzorger bijvoorbeeld geen kennis heeft van dementie, dus gewoon niet weet wat dementie is, en ook niet op de hoogte is van wat de mogelijkheden voor ondersteuning zijn. In de breakout sessie zal ik daar wat verder op ingaan. Maar wat vooral naar voren komt uit het onderzoek, is dat deze aanpak er echt vaak toe leidt dat professionals vastkomen te zitten in hun werk. Waardoor vervolgens mantelzorgers ook niet.Ondersteund worden in het delen van de zorg. Ja, dus je gaat in die nabijheid en vraaggerichte aanpak. En als dat niet wordt bereikt, wat gebeurt er dan? Ja, wanneer dat gebeurt, zag ik dat het vaak gerelateerd wordt aan culturele verschillen. Dus met contact lukt niet. Het eerste waar professionals vaak aan denken, niet altijd, maar vaak wel dat het te maken heeft met culturele verschillen. Dat gebeurt doordat professionals het contact met mantelzorgers met een migratieachtergrond vaak vergelijken met mantelzorgers uit de meerderheidspopulatie, waarbij het contact vaak wat makkelijker gaat.Maar op die manier worden deze mantelzorgers als de ander gezien, waarmee het heel moeilijk is om contact mee te maken omdat ze de cultuur niet zouden kennen. Zo is die gedachtegang dan. Daarnaast wordt ook vaak aangenomen dat Evelien al eigenlijk vertelde en Savitri, is dat wanneer mantelzorgers niet om formele hulp vragen, ook al snel wordt aangenomen dat dat niet gebeurt omdat mantelzorgers met een migratieachtergrond nou eenmaal liever zelf zorg geven of nou eenmaal liever binnen het eigen sociaal netwerk hun probleem oplossen of op zoek gaan naar ondersteuning.Behalve dat dat niet overeenkomt met de ervaringen van de mantelzorgers die ik sprak, leiden deze manieren van denken er vaak toe dat professionals vastlopen in hun manier van werken. En ze ervaren daardoor ook vaak een soort handelingsverlegenheid, waardoor ze ook een beetje terughoudend zijn in het doorvragen bijvoorbeeld. En daardoor komen veel vraagstukken niet op tafel en worden delen van de zorg dus verder belemmerd. Een paar professionals die ik sprak hadden wel andere manieren gevonden om toch verbinding te maken met mantelzorgers en obstakels te overkomen.De meeste professionals die ik sprak, hadden we toch vaak over dit soort obstakels die ze tegenkwamen in hun contact met mantelzorgers met een migratieachtergon. En komen we al bij de laatste vraag: Hoe kunnen zorg- en hulpverleners die nu ook meekijken, mantelzorgers met een migratieachtergrond ondersteunen? Vaak wordt gezocht naar concrete formules of concrete handvatten bij het delen van de zorg met families en mantelzorgers met een migratieachtergrond. Maar die zijn er niet en die kunnen er volgens mij ook niet zijn, want het gaat altijd om maatwerk.Van een aantal professionals hoorde ik bijvoorbeeld dat ze het fijn zouden vinden als er een boek was met een overzicht van verschillende culturele gebruiken per culturele groep, zodat ze hun contact met mantelzorgers met een migratieachgrond daar vervolgens op kunnen afstemmen. Maar zoiets werkt niet. Dat zou gewoonweg niet werken, omdat mensen veel meer zijn dan de culturele groep waar ze toe behoren. Wat wel kan helpen, is om geen culturele labels op mantelzorgs te plakken, maar om open en nieuwsgierig het gesprek aan te gaan.En zoals ik al zei, het is altijd heel belangrijk om te kijken naar de mens die tegenover je zit en je af te vragen hoe is iemand opgegroeid, hoe lang woont iemand in Nederland, zijn er sociale netwerken of niet? Etcetera, zijn heel veel vragen die belangrijk zijn om de achtergrond en de geschiedenis, de levensgeschiedenis van de mantelzorger helder te kunnen krijgen. Dit soort aspecten spelen allemaal mee in hoe de behoeften zijn. En daarin bedoel ik ook dus dat het belangrijk is om contact, verbinding te maken met de leefwereld van mantelzorgers. Want zij zijn een enorme bron aan kennis.En zij weten als geen ander hoe het ouderen met dementie geleefd heeft en wat de behoeften zijn in de zorg. Dus vooral het gesprek aangaan met mantelzorgers. Wat daarna heel belangrijk is, is dat professionals zich ook bewust zijn van hun eigen referentiekader. Wanneer we het hebben over mantelzorgers met een migratieachtergrond, gaat het vaak over de cultuur van de ander. Maar professionals hebben ook een cultuur, natuurlijk. Ze hebben ook een professionele bagage en ze nemen ook zichzelf mee in het werk dat ze doen.Dus het is heel belangrijk dat ze daar bewust van zijn. Want objectieve hulpverlening is er niet. We komen allemaal ergens vandaan, we zijn allemaal met bepaalde normen en ervaringen opgegroeid. En die kleuren de manier waarop je situaties, zorgsituaties in dit geval ziet en benadert. Dus in het contact met mantelzorgers denk ik dat het heel belangrijk is dat professionals zich constant afvragen met welke bril kijk ik naar deze zorgsituatie of naar deze mantelzorger. Het is natuurlijk ook belangrijk dat professionals gesteund worden hierin door de organisaties waar ze werken. En dat zou kunnen door diversiteit en inclusie als aandachtspunt te nemen.Dankjewel Menan voor dit gesprek. En we kijken heel erg uit naar jouw promotie half november. En mocht je daarbij willen zijn, stuur dan ook een berichtje even naar Varos en dan linken we je door voor de online sessie."
ouderenzorg.mp3,interviews,NVIDIA Parakeet TDT 0.6B v3,168.06842740975836,"Welkom, Shirine, bij de podcast van Netzorg. Leuk dat je er bent. Dat ten eerste. Kan je uitleggen wat jij doet in de oudere zorg en hoe je er destijds bent begonnen? Ja, gewoon even een kort voorstelrondje, eigenlijk. Ja, mijn naam is Ciren. Ik ben 31 jaar en ik werk al 13 jaar in de oudere zorg. Toen de tijd begonnen, als receptioniste, als voedingsmedewerker en ook in de keuken. Ik was toen best wel jong, ik was uit mijn hoofd 17 dat ik daar kwam te werken, want ik heb mijn middelbare schooldiploma niet gehaald.En ik merkte al heel graag aan mezelf dat ik de auto zorg heel erg leuk vond. En toen ben ik opleidingen gaan doen. Dat ik op de middelbare school zat, deed ik zorg en welzijn. En dan moet ik natuurlijk stages gaan lopen. Ik vond met kinderen werken ook heel erg leuk. Maar toen heb ik stage gelopen in de oudere zorg voor een soort stumfelstage voor twee weken. En toen merkte ik heel erg aan mezelf dat ik het heel erg interessant vond en gewoon leuk om met mensen te mogen te werken. Zeker op die leeftijd. Want ze hebben vaak een heel mooi verhaal met zich mee. En toen was ik inderdaad 17 dat ik al kwam te werken in de oudere zorg. Alleen vond ik het heel spannend. En er werd al heel snel gezegd van ja.Maar ga je nog echt willen wassen, want dat is dan waar het werk uit bestaat volgens heel veel mensen. Dus dat heb ik me toen de tijd wel heel erg tegengehouden, eigenlijk. Tot ik inderdaad een jaar of twintig was. En dat ik toen eigenlijk wel gewoon de stap heb gemaakt dat ik dacht, ik wil gewoon wel echt meer kunnen betekenen voor deze doelgroep. Ja, begrijpelijk. Want zeg maar, toen jij zo jong in de oudere zorg begon, voel je dat de begeleiding toen destijds goed was? Of viel je dat wel echt vies tegen? Nee, dat viel toen de tijd wel een beetje tegen inderdaad. Want ik wist dat er bij mij veel meer in mijn mars had. En zo iedereen om me heen eigenlijk die dat wel inzag. Alleen dat werd best wel tegengehouden, omdat het heel erg werd gezegd van ja, maar je gaat bill wassen.Het werd daar zo erg de focus op gelegd. En het is zoveel meer dan dat. Tuurlijk, het hoort erbij, absoluut. Maar het is zoveel meer dan dat. Dus ik ben wel blij dat ik uiteindelijk van mijn eigen plan heb getrokken en dat ik stapsgewijs hogerop ben gekomen. Zelf ben nu werkende als IG'er en EVV'er. En wat houdt er dan zeg maar precies in? De functie verzorgen die IG bestaat voor individuele gezondheidszorg. Dat houdt in dat je de cliënt benadert naar zijn of haar wensen en behoefte, dat je diegene echt als een individu ziet. Verzorgende IG houdt in dat je verpleegische verhandelingen mag uitvoeren, dat je daarvoor bevoegd en kwaan bent.Ook medische handelingen. Persoonlijke verzorging, ADL zoals wij dat noemen. Dat betekent algemene dagelijkse levensverrichtingen. Dus het houdt in van het wassen en aankleden tot iemand douchen en alles wat ertussen invalt. Ik mag medicijnen uitzetten en ook uiteraard toedienen aan de bewoners, wij zeggen graag bewoners. Je signaleert en observeert ook je bewoner. En bij bijzonderheden rapporteer je dat in het dossier. Elke beoner heeft een eigen dossier met een eigen plan, met doelen daarin. En wat het verschil dan is met EVV'er, wat ik dan ook ben, is dat betekent eerst de verzorgende verantwoordelijke.Dat ik verantwoordelijk ben voor een x aantal bewoners en daarvan dan ook de dossiers bij hou. En dat ik het aanspreekpunt ben voor de bewoner, maar ook voor de familie. En daarnaast. Ik zorg ervoor dat de plannen ook in orde blijven, dat ik daarvoor ook gesprekken in plan, zorgleefplangesprekken zoals dat heet. Vooraf gaat heb je dan vaak een MDO, een multidisciplinair overleg. En daar betrek je dan ook de artspij, SOG-specialist, oudere en geneeskunde, maar ook bijvoorbeeld een fysiotherapeut, een ergotherapeut, een logopedist. Die hebben we ook allemaal rondlopen bij mij in het huis. Die daarvoor kan benaderen.En dan zorg ik er ook voor dat als er bijzonderheden zijn, dat dat wordt vernoemd in het zorgplan. Ja, want ik hoorde jou zeg maar net over dat jij ook zelf de dossiers bijhoudt. En ik hoorde jou net ook praten over doelen. Bedenk jij ook de doelen voor de cliënten, zeg maar. Dus wat ze willen bereiken en waar ze aan moeten werken en wat voor doelen zijn dat dan? Onze organisatie is er zo op ingericht dat je. Je hebt de vier levensdomeinen. Eentje daarvan is bijvoorbeeld won- en leefomstandigheden, ook participatie. Ik kan wel een voorbeeld geven: stel iemand die kom binnen met een CVA, in een volksgrouw.Volgwoorden broerte. Kan het een doel zijn dat iemand weer teammeter wil lopen met rollator? Iemand kan helemaal niet meer lopen of moeilijk lopen. Dan heb je natuurlijk gelukkig je visio die daarin meekijken. Maar dan is bijvoorbeeld een doel dat iemand teammeter kan lopen met een rollator. Ja, dat zijn wel mooie dingen. En zeg maar, in wat voor omstandigheden zijn dat allemaal? Want ik denk, ik neem aan als iemand niet meer kan lopen, dat het in een instelling is of in een organisatie is. Maar doe jij ook buiten de organisatie denken, bijvoorbeeld in huis. Of wat zijn jouw werkom, wat is eigenlijk jouw werkomgeving? Mijn werkomgeving is een woonzorgcentrum, verpleeghuis, verzorghuis.En onze bewoners wonen ook echt bij ons en krijgen op 24 uur per dag zorg. En als jij bijvoorbeeld die cliënt hebt die dan wat je aangaf, niet meer kan lopen. En hij kan wel in één keer door goed doorzettingsvermogen wel weer tien meter lopen. Wat voor voldoening haal jij dan zeg maar uit? Ja, trots wel. Wordt het minder echt trots? Ja, zeker, zeker. De bewoners die wij binnenkrijgen, komen niet voor niks bij ons binnen. En soms komen ze uit hele schijnde situaties. Vaak vanuit thuis, ook wel vanuit de revalidatie dat ze doorstromen naar ons.Je ziet iemand helemaal opbloeien. Je ziet dat het goed doet voor diegene dat ze onder de mensen zijn en dat ze maakjes kunnen vinden op de afdeling. Zowel met personeel, maar ook met medebewoners. En ik heb wel vaak al heel veel gevallen gezien. Of gevallen, dat klinkt zo negatief. Ik heb al heel vaak gezien dat iemand dan binnenkomt en gewoon met de maanden heel erg opbloeit en inderdaad weer hele stukken kan lopen. Of stel iemand die is binnengekomen met ondervoeding. Dat iemand gewoon bij ons flink aan het eten is en goed aan het aankomen is. In overleg dat diëtisten natuurlijk. Ja, dat is mooi. Wat je zegt, ze zoeken onderling ook wel contact met elkaar dus de cliënten. Dus je ziet ook wel dat er echt banden worden gelegd tussen de cliënten zelf en met andere cliënten.Is dat belangrijk in de organisatie zelf, dat dat veel gebeurt, dat er echt ook samenhang is? Zeker, zeker. Iedereen is natuurlijk wel een individu en we proberen wel de bewoner daarin vrij te laten, wat diegene zelf wil. Maar als je inderdaad inziet, of het is ook benoemd bij het eerste gesprek, of tussendoor dat iemand behoefte heeft aan een praatje of spelletjes te doen of contacten te leggen met medebewoners, dan willen wij daar wel in sturen, inderdaad. En ook kijken van waar willen we dan diegene in de huiskamer neerzetten, dat ze aanspraak hebben. We hebben ook heel veel activiteiten bij mij in huis. Dus dat is ook wel heel erg fijn, dat ze dan ook contacten kunnen leggen, ook met andere etages in het huis. Wat voor activiteit moet ik dan denken?Oeh, heel erg verschillend. We hebben wekelijks een wandelgroep waarvoor je kan opgeven. Maar we hebben ook een soort van miniconcertjes als het ware. Dat er inderdaad artiesten komen optreden. Nou ja, gewoon een gezellige activiteit om denk ik samen ook contact te leggen, gok ik. Want zodra zo'n activiteit is, zijn dan sommige activiten. Zodra het zo'n activiteit is, bijvoorbeeld wandelen. Zijn die activiteiten dan ook echt gericht om met bijvoorbeeld een cliënt goed in gesprek te gaan? Ja, niet per se. Ook natuurlijk gewoon beweging en lekker buiten zijn. Maar je kan ook gelukkig zeer zeker mee in de rolstoel. Maar je gaat natuurlijk wel een leuk praatje maken. Want dan zal je ook wel vast wel mee hebben gemaakt dat cliënten heftige verhalen vertellen aan jou.Hoe kijk jij daar tegenaan? En hoe neem je dat mee in je werk? Als een bewoner aan mij een persoonlijk verhaal vertelt, bied ik altijd een luisterend oor. Ik oordeel niet. Ik hoop altijd dat ik de zekerheid geef aan een bewoner dat het veilig is bij mij dat ze dit delen. En dat vind ik ook wel mooi van mijn werk. Kan dat soms zwaar zijn, denk je? De werk ook, zeg maar, de werk, niet de werkdruk, maar meer de druk die opstaat, omdat het best een heftig beroep is en je het niet mee naar huis gaat nemen, zeg maar. Ook zou je dat niet ervaren zo? Ja, nee, wel, jewel zeker.We zijn natuurlijk allemaal mensen. Je kan het wel eens meenemen naar huis. Zeker. Ja, absoluut. Maar ik probeer wel altijd voor mezelf, zodra ik dan de deur uitstap. Dat ik denk, oké, de werkdag is voorbij. Ik probeer het af te sluiten inderdaad. Ik heb gelukkig een heel fijn team waarin ik werk, waarin het. Ja, je kan het ook onderling bespreken. Stel het echt heel erg heftig. Wordt dat ook genoeg gedaan, zeg maar, onderling nog gepraat, nadat het bijvoorbeeld een heftige casus is geweest? Of wordt dat goed besproken? Ja, zeker. We weten elkaar altijd wel goed te vinden daarin. Ja, en elk gevoel mag er dan ook wel zijn. Want kan je als ons meenemen in, zeg maar.Hoe jouw typische werkdag een beetje eruit ziet. De zorg is natuurlijk altijd anders. En de werkdag is nooit hetzelfde. Maar kan je ons ongeveer een beetje omschrijven hoe een typische werk voor jou eruit ziet. Ja, zeker. Ja, geen enkele werkdag is inderdaad hetzelfde. Ik draai voornamelijk avonddiensten. Dan begin ik om kwart voor drie in de middag. En dan begin ik vaak gewoon met een kopje koffie achter de computer en dan ga ik me inlezen in de dossiers, de rapportages. Ik zet natuurlijk mijn werktelefoon aan dat ik de belletjes in de gaten kan houden die binnen kunnen komen. Dan hebben we de mondelingenoverd met de dagdienst. Zodra hun vertrokken zijn, dan doe ik mijn ronde. Soms moet je je bewoners uit bed halen of heb je een toiletronde.Dan tegen vijur om en nabij begin je met de medicijnen uitzetten. En die deel je dan ook gelijk uit op dat moment. Dan gaan de bewoners eten en wij helpen ook de voedingsassistent met het uitdelen van het eten. Dan hebben wij pauze van de zorg. En dan heb je de eerste ronde, zoals wij dat altijd zeggen, met bewoners naar bed helpen en begeleiden. Op mijn etage heb je best wel een hele complexe zorgsituatie met heel veel bewoners die wij het liefst met z'n tweeën helpen. Want dat is voor ons als wel prettig, maar ook voor de bewoner om daar met z'n tweeën aan het bed te staan. Dus dan maken we ook een verdeling wie de tweetjes doet, zoals wij dat zeggen, en wie dan de lopertjes doet, om het.Zo noemen wij dat. En ik denk dat heel veel mensen dat ook wel herkennen hoe ik het nu benoem. Dan heb je de eerste ronde: je evalueert tussendoor: hoe gaan we? Gaan we goed? Zijn er bijzonderheden? Dan hebben we koffiepauze. Na de koffiepauze heb je de laatste ronde. Dan ga ik vaak ook weer medicijnen delen om een uurtje of negen. Gaan mijn collega's dan de zorg in, en soms andersom, soms ga ik de zorg in en doe mijn collega de medicijnen. En dan uiteindelijk rapporteer je al je bevindingen in het dossier en sluit je alles af en laat je alles netjes achter. Ja, en dit klinkt zeg maar wel als gewoon een beroep die nog wel.Doen is en dat jij niet veel stress ervaart, zoals je het nu vertelt. Zijn er factoren waardoor dit voor jou echt een stressvolle baan is, eigenlijk? Ja, zeker, het personeeltekort en dat is natuurlijk landelijk. Hebben niet alleen wij als organisatie mee te maken. En dat is lastig, want mijn afdeling is officieel een somatische afdeling zoals dat heet. Het houdt in dat bewoners zou komen te wonen met lichamelijke aandoeningen. Maar inmiddels is dat een mengelmoesje met vaak toch wel pG, psychogeriatrie.Dementie. Elke afdeling in de oudere zorg is erop ingericht dat je een x aantal medewerkers nodig hebt voor de zorgzwaarte die op dat moment is op de afdeling. Roosters zijn soms heel lastig rond te boksen. Wat het dan inderdaad niet makkelijker maakt, is dat mijn afdeling inderdaad wel heel complex is momenteel. Dat je niet met vast personeel werkt, dus wel vaak uitzendkrachten of ZZP'ers. Als je zegt je werkt met uitzendkrachten en ZZP'ers, merk je dan ook dat die ZZP'ers die dan in een instelling komen minder goed zijn opgeleid en minder goed in de functie te klassen, zeg maar, dan iemand die daar bijvoorbeeld wel is opgeleid en.Daar je dienst is bij zo'n organisatie. Nee, dat niet. Want in principe heeft elke ZZP'er dezelfde opleidinggenoten. Mitch, bijvoorbeeld helpende bent. Of verpleegkundige is natuurlijk een stapje hoger. Maar je merkt wel dat je wil het liefst iemand hebben die bekend is op de afdeling. Dus ook bekend is met de bewoners. Dat je ook echt goed op de zorgvraag kan inspelen. Mijn verantwoordelijkheidsgevoel is best wel hoog tegenover de bewoners. Dus ik probeer vaak alle ballen hoog te houden, uiteraard wel te delegeren. Maar soms moet je loslaten. En dat is moeilijk, inderdaad. Want dan hoop je maar gewoon dat alle zorg goed verloopt, ondanks dat je bijvoorbeeld een looproute meegeeft of het een en ander vertelt over de bewoner. Ja, wat zijn.Eigenschappen die je eigenlijk moet hebben om echt voor jou beroep goed uit te voeren. Empathisch vermogen. Inlevingsvermogen ook, een zorg hart. Dat je ook echt zorg draagt voor je bewoner. Je moet goed met mensen kunnen werken, uiteraard goed samen kunnen werken. Maar ik denk toch wel, vind ik wel het meest empathisch. Hoe ga je om met situaties of agressief gedrag van een cliënt? Rustig te blijven en professioneel te handelen. Vaak komt agressiviteit voort uit onbegrepen gedrag, stel iemand is dementerend, maar ook vaak uit frustratie vanuit die bewoner.Ik probeer het niet te bagatelliseren, ik probeer een luisteren het oor te bieden, uiteraard wel mijn grenzen aan te geven. Mijn organisatie geeft ook training hiervoor, weerbijstrainingen. En je hebt ook e-learnings die je hiervoor kan volgen, om het wel meer onder de aandacht te brengen. Wij werken ook met MI-meldingen, melding incident cliënt. Die melding maak je online in het dossier van de bewoner wanneer het te ver gaat. Mocht een melding vaak voorkomen, dan gaat een leidinggever niet mee aan de slag, of de verpleegkundige of allebei, waar dan het euvel precies ligt en wat we hiermee kunnen. Maar het voornaamste is uiteindelijk toch wel gewoon rustig blijven en professioneel.Gebeurt het veel dat er agressie op de werkvloer voorkomt? En gebeurt het dan op wekelijkse basis, maandelijkse basis? Waar moeten we een beetje aan denken? Ja, in mijn organisatie waar ik werk gelukkig niet heel vaak. Het is wel voorgekomen. Ik heb zelf ook wel wat in het verleden meegemaakt. Een voorbeelddoel? Ja, praat ik wel over een aantal jaar geleden dat er een bewoner bij ons kwam te overlijden. En familie was het niet eens met mijn handelen, terwijl ik het wel een overleg had gedaan met familie in eerste instantie en uiteraard met de arts. Arts is altijd leidend. Ik doe nooit zomaar iets zonder dat een arts daar overheen heeft gebogen. En achteraf was familie dus niet blij hiermee. En dat is toen wel een beetje uit de hand gelopen en dat ik ook wel flink ben uitgeschold op dat moment. Ja.Dat is wel heftig. Maar je hebt heel erg te maken, natuurlijk ook met familie wat je aangeeft. Hoe ga je daarmee om, zeg maar? Want ja, soms heb jij misschien het beste voor met een cliënt en denk de familie dan dus over zichzelf aangeeft. Ik probeer altijd de situatie te begrijpen waar iemand vandaan komt. Ik kan het me ook voorstellen dat het lastig is als je moeder of vader, je oom, je tante, noem het, bij ons komt te wonen en dat je samen moet werken. Ik probeer altijd een luisterend oor te bieden. Horen wat de wensen zijn, maar ook wel wat haalbaar is. Ja en het gesprek aangaan. Want je wil het samen doen. Ja, dat zijn natuurlijk hele heftige situaties waar je zeg maar in belandt.Toen jij begon met je zorgopleiding. Had jij verwacht dat dit ook bij de zorg kon kijken? Of was je er totaal niet van bewust? Ik ben toen de tijd begonnen met mijn helpenopleiding in de thuiszorg. En daar heb ik gelukkig geen agressieve cliënten gehad, dat kwam inderdaad pas een beetje dat ik intramuraal ging werken, dus echt in een verzorginghuis. Je hoort het wel, want er wordt echt wel over gesproken, maar ik had het zelf nog nooit meegemaakt. En tot je het zelf niet hebt meegemaakt, dan is het ook wel een beetje een grijs gebied. Maar ik merk wel dat er steeds meer aandacht voor is. Stel, iemand luistert dit en die denkt, ah, dat vind ik een tof beroep. EnDie wil de route gaan volgen om IG'er te gaan worden. Hoe kunnen ze die route gaan volgen? En daar kun je daar wat dingen over uitleggen? Je kan de route belopen die ik heb gedaan toen de tijd. Ik was natuurlijk 17 dat ik kwam te werken in ouderenzorg, maar ik had geen middelbare schooldiploma. Dus ik had eerst mijn niveau 1 afgerond, dat is gewoon zorg en welzijn. Tegenwoordig heet dat zorgassistent. Toen vervolgens niveau 2, dat is dan de helpende. En dan heb je ook de helpende plus. Dat houdt in dat je medicijnen mag verstrekken. Bactermedicatie, dat is dan al voor verpak vanuit de apotheek. Dan heb je inderdaad de verzorgendeopleiding, dat is dan niveau 3, wat ik dan inderdaad heb gedaan. En ik heb er gewoon inderdaad stapsgewijs omhoog gewerkt.Ik neem aan dat er genoeg hele grote organisaties zijn die vaak wel heel veel reclame maken. En het zorgpersoneel heeft dan het tekort. En ik merk wel dat organisaties toegankelijker zijn en ook kijken naar de persoon zelf dan naar het papiertje die ze wellicht niet hebben. Trek gewoon de stoute schoen aan en lopend huis binnen, stuur een mailtje, vind een telefoonnummer. Deels door het grote personeelstekort dat ze gewoon mankrachten tekort komen, waardoor ze ook wellicht binnen de hoogopgeleide mensen ook aannemen. Ja, maar ook de vergrijzing, die is natuurlijk enorm in Nederland. En ik merk bijvoorbeeld wel heel erg in mijn organisatie dat.Een zorgassistent of een voedingsmedewerker zich aan het opwerken is tot helpende of verzorgende en soms zelfs verpleegkundigen. Ja, wat zou je zeggen tegen mensen die twijfelen om in de zorg te gaan werken? Ja, ik kom een dagje meelopen. De oudere zorg is echt heel erg leuk. Het is enorm voldoende werk om te doen. Trek gewoon de stoute schoenen aan en ga naar de eerste beste grote organisatie die je in de buurt hebt. Kom vooral een dagje meekijken. Want dan zie je, denk ik, echt wel het beste wat ons werk inhoudt en wat je zo doet op een dag. Wat je kan betekenen voor een bewoner. En gewoon doen. Wat kunnen organisaties?Volgens jou beter doen om nieuwe mensen aan te trekken dan. Hoe kunnen organisaties zichzelf nog aantrekkelijker maken om nieuw personeel of studenten te werven? Ik merk dat mijn organisatie tegenwoordig op social media toch wel zit. Dat je ze voorbij ziet komen op Instagram. Met ook echt wel een hele leuke quote. Die ze dan gebruiken om echt jongeren aan te trekken. Zo ook op Facebook natuurlijk. En dat doen ze goed, want ik denk dat de jongeren, inderdaad, laten we zeggen 16 plus, totaal geen weten heeft. En ik wil natuurlijk niet iedereen over één kam scheren. Wat de zorg nou precies inhoudt, en dan in mijn geval oudere zorg.Dus ik denk dat het op die manier wel aantrekkelijk wordt gemaakt van hé, kom werken bij ons. Om even terug te komen naar het stukje social media, waar je net over vertelde. Wat voor content plaatste jouw organisatie dan om wel zichtbaar te zijn? En waar moeten we dan aan denken? Stories. Tenminste, als je dan stories aanklikte, dan heb je natuurlijk reclame tussendoor, dan zag ik mijn organisatie voorbij komen. Ook in je feed. Als je aan het scrollen bent, heb je natuurlijk ook reclame, dan zag ik ze ook voorbij komen. Hoe belangrijk denk jij, zeg maar, dat bijvoorbeeld een foto ten opzichte van een video is voor jouw organisatie?Ik denk dat een video wel iets meer kan laten zien wat het inhoudt. Ja, een foto is natuurlijk maar een foto. Stel, je hebt een kort filmpje van misschien 10 tot 15 seconden, denk ik wel dat je iemand wat sneller over de streep kan halen. Waar loop jij in de praktijk het meest tegenaan als het gaat om goede zorgleveren? Het meest er aanlopen, ja, om eerst aan de positieve kant te bekijken, ken je bewoner, leer je bewoner ook echt kennen. Dus praat met de bewoner, leer de familie kennen, spit de dossiers door.Doe je dat niet of heb je inderdaad minder kennis, of nou nee, niet minder kennis, maar ben je inderdaad de ZZP'er bijvoorbeeld. Ja, dan kan je daar wat tegen aanlopen dat je minder goede zorg kan bieden. Ja, lastig. Dat is een probleem dat niet op te lossen is, maar gewoon het personeeltekort toch? Ja, maar dat kan je niet veranderen. Wij denkt zeggen, als het personeeltekort opgelost zou, zijn dat jouw werkdruk ook een stuk minder hoog. Dat denk ik wel, inderdaad. Een organisatie is erop ingericht dat je een x-aantal verzorgenden hebt rondlopen op de afdeling op een dagdienst. Een x-aantal helpenden of assistenten, zorgassistenten.Dus je kan wel zeggen van ga je opleiden, ga je opleiden. Maar helpen hebben we ook net zo hard nodig als een verzorgende. En de zorgassistent hebben we ook net zo hard nodig als een verzorgende. Wat doen organisaties volgen jou te weinig om medewerkers goed te ondersteunen? Op zich doet mijn organisatie dat eigenlijk al best wel goed. Maar wat het lastig kan maken, is toch het uur salaris, als ik al eerlijk ben. Op zich kan ik dat hier ook wel eerlijk bekennen, is dat ik natuurlijk avonddienst draai. Dus dan verdien je ook meer dan krijg je ORT on regelmatigheidstoeslag. Doe je dat niet, dan krijg je gewoon je standaard uurloon. Wanneer merk je dat iemand op het punt staat om af te haken? Wat speelt er dan meestal?Ik denk dat dat komt omdat de zorg een zwaar beroep is. Zowel lichamelijk als geestelijk. Ik denk dat je dan op dat moment misschien toch te weinig kan verdienen voor hetgeen wat je wel niet doet. Werk in de zorg is best pittig, zowel lichamelijk, maar ook mentaal. En voor hetgeen wat wij doen, want we zijn wat dat betreft wel echt een manager van alles. Je bent niet alleen zorgverlener, maar je bent soms ook gewoon politieagent en je bent psycholoog en je bent voedingsmedewerker en je bent van alles en nog wat tegelijkertijd, inderdaad, in je functie. Is ook wat je werk heel erg mooi maakt en ook boeiend. Maar ik kan heel goed begrijpen dat het dan.Dus waar valt voor hoeveel je dan verdient op dat moment. Wat vind jij dat een organisatie dan op zo'n moment kan doen? De organisatie aan zich niet zoveel, maar meer vanuit de overheid, inderdaad. Er komen bijvoorbeeld wel weer langsvogingen aan en ze proberen het ook echt wel goed recht te trekken. Maar als je het mij vraagt, vind ik het nog steeds wel dat het onderbetaalt, inderdaad. En hoe mooi ik mijn werk ook vind. En ik zal nooit de zorg uitstappen. Maar voor hetgeen wat je wel niet doet, verdien je eigenlijk wel te weinig. Hoe vind jij dat de capaciteit van personeel op jouw werk beter of slimmer geregeld kan worden?Onze afdeling, en zo elke afdeling, is ingericht op de zorgswaarte van alle bewoners. En daar wordt dan een potje van gemaakt en gaan ze kijken hoe je ingezet kan worden. Dus dan gaan ze ook kijken naar de niveaus die ze nodig hebben. Ik ben wel van mening dat je meer gediplomeerd personeel mag hebben rondlopen. En met gediplomeerd bedoel ik echt verzorgen of hoger. Want doe je dat niet, dan kan je ook niet de zorg en kwaliteit bieden die je wel graag zou willen bieden. En ik weet dat mijn organisatie er wel zijn best daarvoor doet, maar het is niet altijd haalbaar. En dan praat ik bijvoorbeeld ook over werken met onbekende uitzendkrachten of ZZP'ers.Ja, en die mogen dan wel soms gediplomeerd zijn, maar dan nog ben jij wel de enige bekende die dan alle touwtjes in handen heeft. Waar gaat volgens jou nog veel tijd verloren in de dagelijkse zorg? Ik denk dan toch wel de administratie. Om een voorbeeld te geven, is ik werk acht uur op een dag en ik ben natuurlijk even v'er. Dus dat houdt in dat ik mijn mail moet bijhouden, kijken of inderdaad de familie mij benaderd heeft. Ik moet dan ook de zorgplannen daarop aanpassen als het nodig is. Ik wil de arts spreken. Dat is allemaal werk wat ik moet verrichten in mijn acht uursdienst. Begrijpelijk.Want mijn collega met wie ik dan, die naast me staat dan op dat moment, die bijvoorbeeld geen EVV'er is, die moet dan bijvoorbeeld weer een stapje harder lopen in de zorg op dat moment. Ja, dus hoe het efficiënter zou kunnen, durf ik niet helemaal dan te zeggen. Maar ik merk wel dat administratie wel een groot aspect daarin is. Want je geeft aan, je werkt veel met collega's. Wat maakt voor jou een fijn team om in te werken? Humor. Humor, ja zeker. De hele dag lag op de werkvloer. Ja, continu. Ik vind humor wel echt heel erg belangrijk. Onderling vertrouwen dat je naar elkaar toe durft te komen. Dat je open bent aan elkaar en eerlijk bent aan elkaar.Ja, en durf ook te zeggen waar je tegenaan loopt, maar ook bijvoorbeeld inderdaad hele heftige casussen die je dan mee kan maken. En zeker wanneer je inderdaad toch wel wat jongeren hebt die nog niet de ervaring hebben, bijvoorbeeld. Dat je daar wel voor openstaat om dat bespreekbaar te maken. Hoe wordt er volgens jou leiding gegeven in de zorg, in de oude zorg? In mijn organisatie goed. Ja, wij hebben een teambegeleider en een teamleider. Die weet ik uiteraard wel te vinden wanneer het nodig is. Maar we zijn ook echt wel een heel erg zelfsturend team. Dat vind ik zelf persoonlijk wel fijn. Dat ik inderdaad daarin wel word vrijgelaten. En dat er voor mijn gevoel niet op mijn vingers wordt gekeken. En dat ik ook echt wel het idee heb dat ik.Serieus wordt genomen in mijn handelen en hoe bekwaam ik ben en hoe professioneel ik ben. Ja. Want hoe zorg je ervoor dat je jezelf blijft in de zorg? Ook al heb je met zulke heftige casussen te maken? Hoe ik mezelf blijf. Ik denk dat dat misschien ook wel kom met de jaren. Wet met de jaren ben ik natuurlijk ook wel gewoon meegegroeid. Ik durf wel het gesprek aan te gaan met mijn collega's, maar ook met de bewoners. Ik doe me niet anders voor op mijn werk dan hoe ik privé ben. En dat is ook gewoon meer omdat je dan het beste zorg kan leveren. Wel als ik inderdaad mezelf ga lopen wegcijferen in bijvoorbeeld een heftige casus. Of ik zie dat iets beter kan dan.Dan laat ik wel van me horen. Wat zie je bij andere organisaties die het wel goed doen met personeel als het gaat om behoud van personeel en de mensen die blijven? Ja, vind ik een lastige, want ik werk al 7,5 jaar voor dezelfde organisatie. Dus ik weet ook niet zo heel goed hoe andere organisaties dat precies doen. Ik heb wel vriendinnen die inderdaad werken voor andere organisaties. Maar ik merk wel dat we hun ook een beetje tegen hetzelfde aanlopen. En dan ga je toch weer terug naar het landelijke probleem, denk ik. Wat zou de volgens jou dan beter geregeld moeten worden om mensen duurzaam inzetbaar te maken?Ja, toch het vaste personeel aantrekken, inderdaad. Dus niet je zzp'ers en je uitzendkrachten. Ik bedoel, fijn dat ze er zijn, maar inderdaad, ze zijn duur. En ik denk dat je op daar manier efficiënter kan maken dat je ook meer poppetjes op de werkvloer kan zetten met de juiste diploma's. En op het gebied van de trainingen, waar denk jij zeg maar dat het nog veel winst te behalen valt? Ik denk dat er landelijk wel meer training gegeven kan en mag worden, inderdaad. Je hebt natuurlijk je e-learnings, maar dat is online. Ik denk dat daar wel verbetering in zit om je scholing inderdaad up-to-date te houden. Ik vind een training krijgen fysiek.Fijner dan ik de training online krijg. En waarom waar zit dat bij voor jou dat grote verschil dan? Als ik een e-learning maak, merk ik aan mezelf dat ik wel snel afgeleid raak. Sommigen zijn interessant en ook echt wel leerzaam. Maar als je het fysiek meemaakt of dat je fysiek aanwezig bent en het is ook nog eens een interactieve training, dan heb je mij helemaal. Want dan vind ik het ook interessant en dan doe je het samen met degene die naast je staat op dat moment. Hoe belangrijk is ruimte voor ontwikkeling en autonomie voor jou? Belangrijk. Ik moet elke drie tot vijf jaar mijn handelingen, vredtechnische handelingen, opnieuw laten aftoetsen.Mag ik ook uiteraard zelf aangeven als ik merk dat ik niet meer bevoegd of me bekwaam voel. En autonomie. Ja, ik merk dat mijn werkgever dat op zich al doet. Bijvoorbeeld als je kinderen hebt, dat je later mag beginnen om je kinderen naar school te brengen. Of dat je kortere diensten mag werken, om welke reden dan ook. Dat doet mijn werkgever wel al gelukkig. Om inderdaad samen tot een goed rooster te komen. Wat wordt er volgens jou onderschat in de zorg als je tijd dat je puur daar instroom in behoudt? Ik merk bij mijn werkgever dat er al meer wordt gemoderniseerd. Om een heel goed voorbeeld te geven, wij hebben passieve tailliften, zoals dat heet, zodat wij bewoners passief uit bed kunnen halen. Dat houdt in dat de zorgvrager geen loopfunctie meer heeft.En wij hebben sinds kort plafondliften. Dus dat zit dan vastgemaakt aan het plafond en dat is ideaal. Je hoeft niet meer de gang op te rennen om je passieve taellift te vinden. Hij werkt hartstikke licht, dus dat is ook fijn voor je rug. En ik denk dat daar andere organisaties, en nogmaals, ik werk niet bij andere organisaties, maar dat ze daar misschien wel nog wat in kunnen leren om inderdaad dat behoud te hebben om ons werk makkelijker te maken en efficiënter en ook ergonomischer uiteraard. En wat mijn organisatie ook heel goed doet, is uitjes organiseren. Net zoals aankomende week hebben we een kroeg getocht door Haarlem heen voor het personeel.Ja, hoe leuk is dat? En je leert elkaar kennen dan buitenwerk om en je bouwt een band. Ja, dat doet mijn werkgever wel echt enorm goed. Waar ben jij het meest trots op als je kijkt binnen je werk? Het meest trots, ja. Het kan echt voor alles zijn, tot een cliëntenmoment, tot aan. Ja, nou, ik heb dan wel een heel mooi voorbeeld van gisteren tijdens mijn avonddienst. Dat een bewoner van oor tot oor gelunderd, omdat die meisjes hier binnenkomen en dat hij blij is dat ik dan avonddienst heb. En dat hij dan ook vraagt aan mij: van ben jij degene die mij naar bed komt helpen? En wat ben ik blij dat je er bent? En het is heel kleins, maar dat maakt mij wel enorm trots dat ik het verschil kan maken voor een bewoner. Wat hoop je dat anderen ervaren door jouw werk?Dat ik wel heel erg betrokken ben. En dat ik de bewoner ook echt zie voor wie hij of zij is. Het is gewoon een persoon met vaak een grote levensachtergrond. Dat je verder kijkt naar alleen de aandoening die degene heeft. En dat je daardoor het verschil kan maken. Er zijn waarschijnlijk andere zorg, organisaties die het luisteren. Wat zou je ze willen meegeven om het behoud van qua personeel? Luisteren naar je personeel. Luisteren waar de behoeftes liggen. En natuurlijk wel binnen alle beperkingen uiteraard.Op die manier behoud je toch wel je goede personeel, denk ik. En wat hoop je dat de kijkers, die nu luisteren, mee kunnen nemen uit jouw verhaal? Ik hoop dat ik duidelijk heb kunnen vertellen wat de oudere zorg inhoudt, wat een werkdag is voor mij, hoe dat eruit ziet. Ik hoop dat ik mensen hetzelfde gevoel geef als wat ik heb, dat je heel veel voldoening kan halen uit je werk. En dat elke dag anders is. Maar je biedt hartstikke mooi werk en je kan echt een verschil maken voor de bewoner. Dankjewel, Cirille, voor het delen van jouw verhaal en voor je openheid en het eerlijk vertellen van jouw verhaal in de zorg. Ik wil je hierbij bedanken en.Dankjewel voor het luisteren naar deze podcast. Tot de volgende aflevering. Tot de volgende."
ouderenzorg-2.mp3,interviews,NVIDIA Parakeet TDT 0.6B v3,125.54514606653807,"Goeiedag en hartelijk welkom bij weer een nieuwe aflevering van het programma Ouder Worden 2040. Vandaag bij mij in de studio te gast is Jan Smelik. Welkom Jan. Goed dat je hier bent. Je hebt heel veel functies. Je bent lid van de kwaliteitsraad, je bent algemeen coördinator van Nederland Zorgt voor elkaar, en ook nog voorzitter van Austerlied Zorgt. Dat heeft ook allemaal met elkaar te maken, toch? Ja, dat klopt. Ik begon met mijn vrijwilligersbaantje, eigenlijk bij mijn eigen zorgcoöperatie in het dorpen Sliets waar ik woon. En er bestaat een jaar of tien. Ik ben sinds een jaar of drie voorzitter daarvan.En vanuit Auswiet zijn we de beweging, of het netwerk Nederlands Zorg voor elkaar begonnen, het landelijk netwerk voor al dit soort initiatieven. En ja, zo ben ik in die functie van algemeen coördinator gerold en van daaruit ook weer in de kwaliteitsraad terechtgekomen. Nou, heel veel verschillende functies. En heb je ook nog besloten om je te gaan verbinden aan het programma Ouderwoorden 2040. Wat spreek jou daar zo in aan? Nou, ik moest in eerste instantie wel even nadenken toen ze me vroegen: goh, wil je meepraten over dat programma.Want er zijn natuurlijk al behoorlijk wat maar even praatclubjes of denktanks in de zorg en eromheen. Maar ik vond dit wel een interessant initiatief, omdat het echt heel breed gaat. Dus het kijkt niet alleen maar naar het zorgaspect, maar alle aspecten van het leven van de vergrijzende samenleving komen daarin aan de orde.Dus de thematiek sprak me in die zin aan, omdat ik denk dat alles echt met elkaar verbonden is. Je kan niet alleen maar het zorgaspect eruit halen, want dan vind je niet de oplossingen die je nodig hebt. En het tweede aspect wat ik aantrekkelijk vond, is dat ook in de deelnemers, degene die erover gaan meedenken, of nu op dit moment in die verschillende chemia zitten, is gekozen voor een heel breed palet aan mensen vanuit allerlei hoeken van de samenleving. En ik denk dat het ook sterker maakt. Dus niet alleen zorgbobo's die met elkaar praten, maar ook echt mensen uit de samenleving, bedrijfsleven, actieve burgers zijn er allemaal bij betrokken. Ja, nou ja, actieve burgers hebben meteen ook het onderwerp waar jij in gespecialiseerd bent, zullen we maar zeggen. WantWe staan voor nogal een opgave met het Ouder worden 2040. Wat is het belang van burgerparticipatie in die komende 20 jaar, bij die ouder wordende samenleving? Ja, ik denk dat we niet zonde kunnen. Ik denk dat als we de zorg blijven organiseren, zoals we dat nu eigenlijk de laatste 50 jaar gedaan hebben, waarbij we dus deAlle aspecten van het zorgen en het ondersteunen van mensen eigenlijk uitbesteed hebben aan professionals, aan organisaties, welzijnsorganisaties, zorgorganisaties, woningbouwverenigingen, alle partijen bestaan uit professionals die allemaal hele nuttige dingen doen natuurlijk. Maar er is natuurlijk al door allerlei mensen die er verstand van hebben berekend dat dat allemaal op termijn niet meer houdbaar is, omdat de druk op dit soort organisaties steeds groter gaat worden door de vergrijzing en door de toenemende hulpvraag. Dus we zullen echt moeten nadenken over alternatieven. Hoe kunnen we de samenleving zelf betrekken bij het zorgen voor en het ondersteunen van de toenemende groep ouderen in onze samenleving? En je zegt, daar moeten we over nadenken. Daar heb je vast ook al ideeën over. Hoe zouden wij een deel van die formele zorg en hulp over kunnen dragen naar het informele circuit?Ja, in feite gebeurt dat denk ik al wel op behoorlijke schaal. We hebben zien nu dat het aantal initiatieven wat op lokaal niveau binnen hun eigen dorp of wijk dit soort dingen organiseert. Dat neemt enorm toe. We zitten nu al op 1500 ongeveer die we kennen. Een paar jaar geleden waren er nog maar 500, dus dat gaat echt heel hard.Dus de basis is er om dat te gaan doen. Maar nu moeten we alleen nog de structuren vinden om dat op een goede manier in te bedden. Want nu is het eigenlijk zijn er twee parallelle trajecten. Je hebt het formele zorgtraject en je hebt wat ik dan even noemde nulde lijn zorg. Dus dat is de georganiseerde zorg door burgers. In sommige plekken gaat dat goed samen, maar op heel veel plekken loopt het eigenlijk nog parallel aan elkaar en we moeten dat eigenlijk met elkaar zien te verbinden. En dat is best wel een opgave, want er zijn natuurlijk allerlei elementen in hoe we de zorg en ondersteuning nu georganiseerd hebben die dat best wel bemoeilijken. De verschotting die we hebben met alle verschillende. En daar hebben we niet alleen professionals last van onderling, maar ook in de samenwerking met burgers maakt dat best wel ingewikkeld. Dus daar moeten we echt nieuwe aan modellen voor gaan ontwikkelen. En daar wordt ook wel echt aan gewerkt op dit moment. Onder andere vanuit Nederlands Zorgt voor elkaar.Maar ja, daar zijn we nog volop in ontwikkeling eigenlijk. Maar die nieuwe modellen zijn wel nodig. Want als we nu kijken, merk je toch heel veel berichten over overbelaste mantelzorgers bijvoorbeeld. De manier waarop we het nu georganiseerd hebben, ook voor die informele zorg, is ook niet houdbaar, denk ik. Nee, dat klopt. Ongeveer een half miljoen, en inmiddels misschien zelfs wat meer structureel overbelaste mantelzorgers in Nederland.Ik denk dat dat echt een probleem van de toekomst gaat worden als we daar niet veel meer op gaan inspelen. Dat is iets wat je heel goed lokaal kunt organiseren zonder dat je het systeem daarbij nodig hebt, om even zo te zeggen. Dus bijvoorbeeld bij ons in Oudstwit hebben wij meer dan 100 vrijwilligers op een bevolking van ongeveer 1700. En we hebben een dorpsondersteuner, een professional die wij aansturen. En die houdt echt die mantelzorg in de gaten bij ons in het dorp. Die worden dus gemonitord, om even zo te zeggen. En zij kan heel makkelijk vrijwilligers inschakelen om respect te bieden of om te ondersteunen. Dus om even op adem te komen, maar ook gewoon structurele ondersteuning. Een schaakmaatje voor iemand die daar behoefte aan heeft, zodat degene die de mantelzorg moet verrichten, even tijd heeft om wat anders te gaan doen. Dat is eigenlijk heel makkelijk lokaal te organiseren.Maar ik denk dat we ook moeten kijken naar meer verbindingen tussen informeel en formeel. Dat ook in het hele zorgtraject, als het wat meer professionele kenmerken gaat bevatten, dat we daar ook een betere samenwerking gaan krijgen. Dat is nog wel een aardige opgave waar we voor staan. Want dan is het ook wel van belang om te kijken naar hoe wordt die formele zorg georganiseerd. En dat zal ook moeten veranderen.Ja, ik denk dat we nu eigenlijk wat we gezien hebben in de afgelopen periode is dat we steeds meer schaalvergroting hebben gekregen. Dus dat we veel meer op een regionaal niveau of op gemeentelijk niveau zijn gaan organiseren. De hele WMO is bijvoorbeeld op een gemeentelijk niveau georganiseerd. Die hebben dan wel eens wel weer wijkteams. Maar ook die wijken zijn vaak niet ingedeeld op de manier waarop bewoners zelf naar hun wijk kijken.Auslitz is ingedeeld samen met een wijk in Zijst, waar we eigenlijk helemaal niks mee te maken hebben. In Ausliets hebben we het zo geregeld dat wij een eigen dorpsteam hebben. Dus de WMO is daar afgesplitst van de reguliere WMO. Omdat wij gezegd hebben, wij willen dat ook die ondersteuning via dezelfde patronen loopt als de informele zorg. Dus diezelfde dorpsondersteuning regelt ook de WMO. Dus die regelt het vrijwilligerswerk, maar die regelt ook de formele ondersteuning. En eigenlijk kun je dat ook doorvertalen aan de wijkverpleging, die kun je ook veel beter op datzelfde niveau organiseren. Dus we hebben ook een wijkverpleegkundige die heel nauw samenwerkt met die dorpsondersteuner. En eigenlijk, als je dat op die kleine schaal van een paar duizend mensen organiseert, dan is het heel simpel.En dan, zolang je maar vanuit het belang van die gemeenschap gaat redeneren en gebruik maakt van de kracht die er in die gemeenschap zit. Bij vrijwilligers, zijn er ook heel vaak bestuurders die in zo'n dorp wonen of in zo'n wijk wonen, die daar best ervaring mee hebben om dat te organiseren. Maak daar gebruik van. Maak ook gebruik van de zilveren generatie, waar de RVS het over heeft. Het enorme potentieel aan jonge pensionado's die nog heel actief kunnen zijn en dat ook graag wel willen.En ik denk dat we daar nog veel te weinig gebruik van maken om die ook in te schakelen bij de zorg en ondersteuning voor de mensen die nog ouder zijn en die echt zorg en ondersteuning nodig hebben? Er zijn nog genoeg zaken om aan te pakken. Maar als dat allemaal op die manier ook aangepakt wordt, hoe ziet jouw ideale zorgsamenleving bijvoorbeeld over tien jaar eruit? Ja, nou ik hoop dat over tien jaar overal zorgzame gemeenschappen zijn in Nederland. Met een zorgzame gemeenschap bedoel ik een dorp of een wijk waar ze.Als bewoners ook eigenaarschap hebben genomen voor het zorgen voor elkaar. En dat zal in de ene wijk of dorp heel anders uitzien dan in de andere. Dat mag ook. Dat moet je vooral zo inrichten dat het past binnen de gemeenschap. En dan hoop ik dat de formele zorgpartijen en ondersteuningsorganisaties die zich daarop gaan aansluiten. Dus dat die niet meer leidend worden. Maar dat de lokale processen leidend worden en dat daar ondersteuning wordt geboden vanuit de gemeente, vanuit woningbouwverenigingen. En als laatste punt, wat ik denk heel belangrijk vind, is dat we ook qua oudere huisvesting op een manier moeten gaan werken dat we dat ook helemaal lokaal gaan organiseren. Dus iedere dorp of wijk.Wat mij betreft zou een kleinschalige woonvoorziening voor ouderen moeten hebben. Dat heeft twee grote voordelen. Eén is dat ouderen dan niet ontworteld worden uit hun eigen netwerk. We hebben het in Auslied gemerkt toen we nog geen zorgwoningen hadden, dat mensen op de laatste fase van hun leven.Vaak nog moesten verhuizen naar een verpleeghuis in de buurt, in Zijst of in Drieberg ofzo. En dat had meestal vrij dramatische gevolgen. Het is maar een paar kilometer verderop. Ja, maar je wordt toch echt ontworteld en je raakt je netwerk kwijt. En dan zijn mensen ook echt uit Heimwee overleden. Die kennen wij ook gewoon, die dat gewoon heel kort volgehouden hebben. Dus dat is één. Het tweede voordeel is dat als mensen het sociale netwerk kunnen blijven houden, is dat die mantelzorgers ook intact blijven en dat die nog steeds kunnen blijven zorgen. Dus je krijgt veel meer informele steun op het moment dat je mensen in hun eigen woonomgeving kunt opvangen, ook als ze wat zwaardere zorg nodig hebben. Zeker. Er is nog grote opgave, er moet veel gebeuren. Daar ga jij je ongetwijfeld ook hard voor inzetten, samen met een aantal andere mensen.Hartelijk dank Jan voor uw komst naar de studio. En u weer hartelijk dank voor het kijken naar deze aflevering van het programma Ouderborden 2040. Tot ziens!"
seksuele-voorlichting.mp3,interviews,NVIDIA Parakeet TDT 0.6B v3,165.15919000575084,"Uit nieuwe cijfers blijkt dat het aantal infecties zoals gonereu en syphilis in tien jaar tijd fors zijn gestegen. Ook in Nederland maken deskundigen zich zorgen. Volgens onderzoekers spelen meerdere factoren een rol. Het condoomgebruik daalt, mensen laten zich steeds minder snel testen en betrouwbare informatie over SOA's wordt steeds minder gevonden. Maar hoe staat het er eigenlijk voor in studentenstad Groningen? Welke SOA's komen het meest voor? En wanneer is het verstandig om je te laten testen? Daarover ga ik vandaag in gesprek met Mariette van de GGD Groningen. Ik ga er even opellen. Met Mariette, afdeling seksuele gezondheid, GGD Groningen. Hoi Mariette, je spreekt met Madeline van Spot en V Groningen. Ten eerste heel erg bedankt dat je even tijd voor ons hebt vandaag.Zou je jezelf kort kunnen voorstellen en vertellen wat jouw rol is binnen de GGD? Zeker, ik ben dus Mariette en ik ben werkzaam als verpleegkundige op de afdeling seksuele gezondheid hier van de GGD, waar wij ons bezighouden met alles wat met seksuele gezondheid te maken heeft, voor de gele provincie. Dus dat kan gaan om het doen van zo-testen, seksualiteitsproblematiek, seksuele gezondheid, noem maar op. En we zien de laatste tijd berichten over een stijging van het aantal SOA's. Is dat iets wat jullie ook opvalt? Ja, er is inderdaad heel wat aandacht momenteel voor het feit dat er meer SOA's zijn.Het is wel iets wat wij zien, maar wij zien het al wel een wat langere tijd. En wat maar misschien wel goed is om te benoemen, is we zien nog steeds dezelfde SOA's. En het is ook nog steeds zo dat de meeste grootste SOA die gevonden wordt, dat is chlamydia, dus die vinden we nog steeds het meest. Maar er zijn een bepaald aantal SOA's waar we nu wat meer besmettingen van zien dan voorheen. Dus daar is wel een lichte stijging in te zien. Zou je daar eens wat meer over kunnen vertellen? Ja, tuurlijk. Nou, we zien voornamelijk dat gonreu en syfilus nu wat aan het stijgen zijn. Dus voorheen eigenlijk altijd al wel veel chlamydia besmettingen. Maar we zien dus nu ook al wat meer gonreu en syfilus. En dat is eigenlijk sowieso landelijk wel te zien, maar ook al in heel Europa.Maar dat is dus ook al wel van het afgelopen jaar dat dat aan het spelen is. Dus het is niet dat er nu opeens een enorme uitbraak is of zo. Het speelt al wat langer en het is gewoon een geleidelijke stijging. Dus het is ook niet dat er nu in Groningen een enorme uitbraak van SOA's is. Maar ja, het is wel iets wat wij opmerken. En waarom denk je dat dat nu dan pas zo onder de aandacht komt in het nieuws, als je zegt van het is eigenlijk al een jaar gaande? Ja, dat is wel een hele goede vraag. Dat is ook wel interessant. Ik denk omdat er een Europees onderzoek is uitgekomen waarin dit wordt benoemd. En dat dat dan toch iets is waar mensen op aanstaan, wellicht ook wel wat angst voor hebben. En dat er daardoor ook dan gewoon media-aandacht voorkomt.Dat het dus eigenlijk al iets is wat wij al wel wat langer zien. En hoe staat het er op dit moment voor in Groningen? Want je zal even, die stijging is hier ook te zien. We hebben natuurlijk een studentenstad met een studentencultuur. Hoe staat het ervoor hier bij ons? We zien dus ook in Groningen wel dat gonderen wat meer stijgt onder jongeren, maar überhaupt onder mensen en de Cyprus ook wel wat. Nu is Cyprus nog steeds iets wat we voornamelijk vinden bij mannen die seks hebben met mannen. En gonderen wel onder alle doelgroepen die wij zien. Maar ik denk dat.Kijk, het is altijd vervelend dat SOA's stijgen. We willen het liefst dat er zo min mogelijk SOA's zijn. Want SOA's brengen zorgen met zich mee, die kunnen gezondheidsrisico's met zich meebrengen. Dus dat is natuurlijk nooit wenselijk. Maar het is niet dat het nu zo de spuigaten uitloopt dat wij het hier in Groningen denk ik heel slecht doen. Maar ja, wat je zegt, we zijn wel een studentenstad. Het kan zijn dat er natuurlijk hier veel onveilige seks plaatsvindt. Maar het is nou niet zo dat wij als Groningen het zo veel slechter doen of dat het hier heel opmerkelijk is dat het hier extra is dan in de rest van Nederland of van Europa.Dat is een geruststellende gedachte, denk ik. Als het hier niet zo duidelijk de spuitgaten uitloopt, dat men alleen maar naar Groningen kijkt. Nee, dat is helemaal niet nodig. Want zijn er bepaalde leeftijdsgroepen waarin de stijging het hoogst is of het meeste merken is? Ja, daar kunnen wij eigenlijk niet heel veel over zeggen. Kijk, wij zien eigenlijk alle leeftijden wel, vanaf dat mensen een beetje seksueel actief worden. Dus nou, dat kan beginnen vanaf 14 en dat gaat echt door tot in de 90. En al die leeftijdsgroepen zien zij ook.Dus wij kunnen niet per se, en heel veel wordt natuurlijk ook nog steeds bij de huisarts gezien, of mensen doen thuis online testen. Dus wij kunnen niet echt per se iets zeggen over in welke leeftijdsgroep dat nou meer voorkomt. We zien overal wel dat zomaas wat meer stijgen. Dus dat is bij studenten, maar dat is ook bij mensen die ouder zijn en bij volwassenen. Want merk je dat jongeren dan anders omgaan met seks en bescherming dan bijvoorbeeld een aantal jaar geleden?We zien wel vanuit cijfers dat condoomgebruik echt wel wat aan het afnemen is. Dus er wordt onder zoveel jaar een onderzoek uitgevoerd dat heet seksonder 25ste. Nou, dan pijlen ze een beetje hoe het ervoor staat met de seksuele gezondheid van jongeren. En daarin zien we wel dat er een daling te zien is in het gebruik van condooms. En dat kan natuurlijk ook weer met zich meebrengen dat we nu meer SOA's zien. Dat zou wel een logisch gevolg zijn, natuurlijk. Dus voorheen was het toch wel wat gebruikelijker om een condoom te gebruiken. Ik denk dat dat voorheen, en al helemaal jaren geleden, sowieso wat normaler was. Maar dat wordt dus toch steeds wat minder sexy. Terwijl eigenlijk kunnen heel veel van deze dingen voorkomen kunnen worden als.Mensen wat meer condooms zouden gebruiken. Maar ook dat het niet gebruik van condooms, dat zien we eigenlijk ook weer bij bijna alle leeftijden wel terug. Dus het is niet zo dat studenten daar echt het grote probleem in zijn. We zien überhaupt dat condoomgebruik wat aan het afnemen is wat minder sexy wordt gezien. Wat denk je dat de verklaring is dat het condoomgebruik zo afneemt? Ja, dat vind ik best wel moeilijk om te zeggen. Ik denk dat het voornamelijk wellicht te maken heeft met het feit dat er minder campagne op wordt gevoerd. Dus vroeger had je echt grote condoomcampagnes, werd er heel veel aandacht aan besteed tijdens seksuele voorlichting. Was het dus veel meer een besproken onderwerp, echt wel een beetje een hot topic. En dat ging eigenlijk zo goed dat ze toen gedacht hebben: denk ik, van nou, dat is niet meer nodig.En nu zien we dus ook dat er al best wel een tijd niet echt condoomcampagnes hebben plaatsgevonden. Dat het wellicht ook de seksuele voorlichting wat aan het veranderen is. En dat dat dus wellicht nu tot gevolgen heeft dat mensen minder condooms gebruiken. Op wat voor manier verandert de seksuele voorlichting dan? Ik denk dat we er voorheen gewoon wat meer aandacht aan besteden. Dus misschien scholen er steeds meer voor om de sexuele voorlichting zelf te geven. Wij hebben überhaupt ook in Groningen minder capaciteit om langs alle scholen te gaan, natuurlijk. Maar er is ook wel een beetje verschuiving te zien dat het wellicht allemaal wat preutser wordt. EnJa, eigenlijk is er eigenlijk altijd wel van alle tijden dat er tijdens seksuele voorlichting op school heel veel aandacht voor de praktische zaken. Dus wel zoals bestaan, je kan zwanger worden, seks is eigenlijk hartstikke eng. Begin er maar niet aan. En veel minder, hoe bereid je jezelf goed voor en hoe zorg je ervoor dat seks leuk is? En wij zeggen ook al, leuke seks is seks zonder zorgen. Maar daar is eigenlijk weinig aandacht voor. Wat eigenlijk heel jammer is, want wellicht als jongeren toch beter voorbereid hun seksuele carrière ingaan en daarmee ook meer oog hebben voor. Nou, ik vind het belangrijk om mezelf te beschermen. Ik vind het ook leuk om zorgloze seks te hebben. Dus ik pak er vaker een condoom bij.Is er dan wel voldoende kennis over SOAS of zien jullie ook nog vaak misverstanden? Ik heb wel het idee dat er op zich best wel wat kennis is. Maar helaas zien we ook nog steeds wel wat misverstanden. En dat heeft dan voornamelijk te maken met hoe kan je een SOA oplopen. We horen soms echt nog wel verhalen van. Nou, kan ik dan een SOA krijgen van de wc-beel of oefenen. Dat zijn een hele goede vragen om te stellen. En we zien toch ook wel nu met de verschuiving van het test op Glamidia. Dat heel veel jongeren dan nu opeens denken, nou, Glamidia is helemaal niet meer gevaarlijk. Dus daar hoef ik me helemaal niet meer voor te testen. Terwijl, ja, dat is eigenlijk niet waar. Het is wel nog steeds belangrijk om je te testen als je klachten hebt. Of als je vaste partner bijvoorbeeld chlamydia heeft.Want een chalina met klachten kan nog steeds wel gevolgen hebben voor je gezondheid. Wanneer is het verstandig om je te laten testen? Dat is voornamelijk verstandig als je klachten hebt. Dus merk je iets op, denk je, dit voelt niet helemaal een pluis. Ga dan zeker testen, maar ook als je bijvoorbeeld een waarschuwing hebt gekregen, en ik denk dat het überhaupt verstandig is om je bijvoorbeeld elk half jaar of elk jaar wel te testen als je onveilige seks hebt. Dus heb je regelmatig onveilige seks, dan is het misschien tofferstandig om je elk half jaar tot jaar.Te testen op SOA om zeker van te zijn dat je niks hebt. Maar het is voornamelijk belangrijk om te komen testen als je ook echt daadwerkelijk klachten hebt of een waarschuwing hebt gekregen. Wat gebeurt er als een SOA niet op tijd wordt ontdekt of behandeld? Ja, dat is een hele goede vraag. Dat verschilt een beetje per soa. Dus een chlamydia zonder klachten, dus dat is een hele belangrijke, een chlamydia zonder klachten, dat kan niet heel veel kwaad. En dat ruimt je lichaam ook gewoon vanzelf op, heeft ook niet meer die hele schadelijke gezondheidsrisico's die voorheen wel verteld werden. Dat is wel wat anders met danreu. Dus een honreu is natuurlijk ook een SOA, kan nog steeds bestaan, ook zonder klachten. Maar een honreubesmetting wordt eigenlijk.Niet zo goed door het lichaam zelf opgeruimd. Dus daarvoor is het wel belangrijk om te testen. En loop je heel lang rond met een homreu of heb je chlamydia met klachten, dat is voornamelijk gewoon vervelend voor de cliënt zelf. We zien eigenlijk pas dat PSOA's echt invloed kunnen gaan hebben op je gezondheid. Als je meermaals een PSOA hebt gehad met klachten. En dan kan het zijn dat dat voornamelijk bij vrouwen wat effect kan hebben op de vruchtbaarheid. Dus dat is wel, daarom is het ook wel zo belangrijk om die te beschermen tegen zo'n door middel van slooms. Dat er toch heel veel mensen zijn die toch wel echt een kinderwens hebben. Maar het is dus wel niet zo. We willen wel een beetje weghalen van o.Wees maar super bang, want het is echt niet dat je in één klap onvruchtbaar wordt. Dat denken ook wel heel veel mensen. Maar het is zeker wel belangrijk om je te beschermen, omdat ze vaker een zoa hebben, wel daadwerkelijk daar effect op kan hebben. Ik denk dat het goed is dat je dat ook zo benoemt. Omdat ik inderdaad ook in mijn omgeving dan hoor van oh, met glamidia dan hoef je nu hoef je nu niet meer te behandelen, hoef je niet meer, hoef je geen kuurtje meer. Dus het kan allemaal niet zoveel kwaad als je een keer glamidia krijgt. Maar dat is dus niet waar. Nee, dat is toch wel wat genuanceerder dan die uitspraak van oh ik heb geen media, dat boeit allemaal niet meer. Want ook al heb jij zelf geen klachten, dan kan je het nog steeds aan iemand anders geven en die kan wel klachten krijgen.En heb je dus chramidia met klachten, ja, dan kan het nog steeds zeker wel gezondheidsrisico's met zich meebrengen. Ja, ik denk heel goed om te weten. En dan zou ik graag willen afsluiten met de vraag: wat is volgens jou de belangrijkste boodschap over veilig seks hebben? Je laten testen op SOA's, voor de mensen die hier misschien naar kijken? Ja, ik denk eigenlijk dat het heel goed is dat we condooms er een beetje gaan promoten. En ik weet dat heel veel jongeren, maar überhaupt mensen denken van oh, maar condooms daar is toch helemaal niks aan. Maar daar is echt nog heel veel in te experimenteren en ook heel veel in te doen als bijvoorbeeld zitten niet lekker. Kijk een keer naar een andere breedte maat.Ben je bang voor de kosten? Je hoeft echt niet altijd de durex condooms te doen. Kruidvat eigenmerk is net zo goed. En dan ben je voor 3,50 euro heb je al een pakje condooms. En voornamelijk ook leuke seks is seks onder zorgen. En heb je seks gehad en heb je toch die zorg van oh, heb ik misschien een SOA? Nou, dan heeft toch invloed op die hele ervaring. Doe je het veilig? Heb je het vaak ook leuker? Hoef je die zorgen niet mee te dragen. En heb je toch een keer dat je denkt, dit is niet helemaal goed gegaan? Of ik wil me toch even laten checken. Nou, dan kan je altijd bijvoorbeeld op onze website kijken voor meer informatie. En dan kunnen we altijd met mensen meekijken of ze bij ons kunnen komen SOA testen, natuurlijk.Want waar kunnen mensen terecht voor betrouwbare informatie of een test? Nou, betrouwbare informatie sowieso altijd op onze website. Dus als je gewoon naar GGD Groningen gaat en dan klikt op seksualiteit, dan kom je bij onze pagina. Nou, daar staat heel veel informatie. Je kan altijd bij je huisarts terecht voor goede SOA-testen. Je kan ook bij sommige online aanbieders, dus bijvoorbeeld SOA Poly Noord is een hele goede die wij veel aanraden. En dus val je bij ons in onze doelgroep. Dan kan je ook bij ons komen testen. Alleen bij ons is er gewoon maximale capaciteit. Wij kunnen helaas niet heel Groningen zien. Dus maak je echt heel veel zorgen. Wil je zo snel mogelijk terecht? Dan kan je altijd naar de huisarts, maar wij kunnen ook altijd met je meedenken.Nou super. Ik denk dat dat heel goed is om te weten voor een hele hoop mensen. Ik wil je heel erg bedanken voor je tijd en je wijze woorden. Geen probleem. Super. Wil jij nou niet met een duiper lopen deze zomer? Gebruik dan toch gewoon weer een condoom. Want fijne seks is zorgeloze seks. Mocht je nou toch denken dat je iets hebt opgelopen, laat je dan testen bij de lokale GGD, via de huisarts of via een kit die je zelf kan bestellen op het internet. Bedankt voor het kijken en tot de volgende keer."
ggz-behandel-traject.mp3,interviews,NVIDIA Parakeet TDT 0.6B v3,151.73400972023526,"In deze aflevering heb ik Maaika te gast en zij is psycholoog en ze gaat ons alles vertellen over wat een psycholoog voor jou kan betekenen als je last hebt van hyperventilatie, paniek, klachten, andere stressgerelateerde klachten. Dus welkom Maa. Kan je je even kort voorstellen? Ja, dankjewel Nicole. Goedemiddag, goedemiddag luisteraars ook. Mijn naam is Maa Gro, ik ben 38 jaar en ik ben de oprichter van Vrij Zijn met Eet. Ik begeleid vrouwen met een eetstoornis. En ik heb hiervoor heel lang gewerkt als psycholoog, 16 jaar gewerkt als psycholoog. En onder andere ook bij angstoornissen. Waaronder dus ook paniek aanvallen en paniekstoornissen voorkwam.Ja, dus dat is even kort over mij. Ja, ik kan het fijn dat je tijd vrij kan maken om ons te gaan vertellen wat een psycholoog voor jou zou kunnen doen als luisteraar. En want vaak als je naar een huisarts gaat met deze klachten, met ik heb last van paniekanvallen, angststoornissen of vage onverklaarbare klachten zoals hyperventilatie. En dan krijg je vaak een dolverwijzing naar een psycholoog. En wat ik heel graag van jou wil weten, is wat gebeurt er nou eigenlijk? Je krijgt zo'n verwijzing en dan bel je op om een afspraak te maken. En hoe gaat dat hele proces dan eigenlijk in zijn gang?Ja, nou allereerst zul je waarschijnlijk met de secretariaat antwoorden. Het ligt overigens aan of we het hebben over een GGZ-instelling of een vrijgestelde psycholoog. Dat kan natuurlijk ook nog altijd. Daar kan je ook nog met een verwijsbrief naartoe. Maar als het een GGZ-instelling betreft, dan zal je in eerste instantie met het secretariaat dan een afspraak in kunnen plannen. En vervolgens wordt er dus een intake ingepland, een intakegesprek. Waarin eigenlijk zo volledig mogelijk een beeld van jou wordt verkregen. Dus hoe ziet dan jouw paniek aanvallen eruit? Hoe vaak komt het voor? Frequentie, is dat altijd al zo geweest? Of is dat pas geleden gestart? Zijn er andere problemen, bijvoorbeeld alcoholproblematiek. Dat is een contraindicatie, noemen we dat. Dus dat betekent dat we dat we eerst aan de alcoholproblematiek gewerkt moet worden voordat we dus aan de paniekstoornis dan eventueel kunnen werken.En zo wordt er dus eigenlijk een volledig beeld gekregen van de persoon om te weten van ja, wat gaan we nou precies doen? En is dat nu ook het moment om de behandeling in te zetten voor een paniekstoornis? Ja, dus we gaan eerst gaan jullie eigenlijk dan kijken van hé, maar waar komt het een beetje globaal vandaan? Oftewel, wat heb je andere klachten? Bijvoorbeeld ook misschien zit er een depressie bij of zit er een trauma achter. Er wordt eigenlijk even breder gekeken. Misschien zit natuurlijk ook veel mensen met PTSS of autisme. Of dan wordt eigenlijk gekeken van wie is deze persoon eigenlijk? En dan wordt er dus pas een traject in gang gezet. Dus dat wordt dan een beetje op de persoon afgesteld, denk ik. Dus niet een klare oplossing.Nee, er klopt inderdaad, er wordt per persoon gekeken ook welke problematiek staat op de voorgrond. Dus als inderdaad andere problematiek op de voorgrond staat, dan dient dat eerst behandeld te worden. Bijvoorbeeld trauma is een goed voorbeeld wat je net noemt. Als dat echt meer op de voorgrond staat, dan moet dat eerst behandeld worden voordat dus dan bijvoorbeeld de paniekstoornis behandeld zou kunnen worden. Dus daar wordt eigenlijk een overwog keus in gemaakt. Maar ik kan me ook voorstellen dat als jij dan een afspraak maakt, dat je zelf helemaal niet zo duidelijk hebt waar het dan vandaan komt. En dat in één gesprek zal dat dan ook niet altijd allemaal duidelijk zijn, toch?Ja, nou wat er op dit moment is aan klachten, is meestal wel duidelijk. Dat kan de psycholoog ook vragen met zijn bij een soort van ja-nee vragen. Bijna van ze sprake van dit, heb je nog andere klachten of loop je hier nog tegenaan? Op zich kan je dat of bevestigen of ontkrachten. Dus dat is op zich wel helder. Waar het precies vandaan komt, dat is inderdaad niet altijd helemaal helder. Wat bijvoorbeeld uit onderzoek blijkt, is dat vaak de enige samenhang is bijvoorbeeld met verlating of verlies in de jeugd. Daar komt vaak een paniekstoornis. Dat heeft daar vaak wel koppeling mee. Dat zien we dan vaak.En met agoraphobie, dus dat betekent dat niet naar buiten durven gaan. Of voor bepaalde plekken, dus ook voor mij dat er ook combinatie bij is. Straatvrees wil je dan ook hè, bijvoorbeeld? Precies, ja, de straatvrees. Zien we dat dat vaak dan bijvoorbeeld weer juist gerelateerd is aan problemen met zelfstandig gaan wonen. Dus rond de 20, 30 jaar zo'n beetje ontstaat, vaak ook. Maar het is ook soms niet helemaal helder te krijgen waar komt het precies vandaan. En op zich is dat voor behandeling ook niet zozeer relevant. Dus daar gaan we eigenlijk niet heel erg naar graven of wat dan ook. We gaan echt meer in het praktische aan de slag ermee.Ja, maar dat is wel belangrijk, want ik kan me voorstellen dat er ook mensen zijn die denken, nou ik heb helemaal geen zin om over mijn jeugd te praten. Of ik had best prima jeugd. Dus het is helemaal niet relevant. Of ik heb geen zin om mijn ouders de schuld te geven. Die word ik ook nog wel eens. Dus echt niet altijd het geval dat daarin gaan gegraven wordt? Nee, tenminste, bij ons was dat dan met name gewoon heel licht vragen. Zijn er nog bijzonderheden in de jeugd? Zijn er nog dingen wat we moeten weten? Want kijk, zouden nou hele ernstige trauma's zijn in de jeugd? Dan is het natuurlijk wel belangrijk om te weten. Want dan moet daar misschien op aan ingegrepen worden in plaats van de paniekstoornis mee te starten, bijvoorbeeld. Maar anders is dat inderdaad.Vooral wordt er gevraagd naar bijzonderheden en wordt vooral eigenlijk daarmee dus afgewogen. Is de paniekstoornisbehandeling dus nu ook het beste om nu in te zetten? Ook om eerlijk te zijn, want stel dat er een hele heftige trauma is geweest in de jeugd, ja, dan kunnen we misschien wel werken op die paniekstoornis, maar als we verwachten dat we trauma behandelen, dat dan de paniekstoornis vanzelf overgaat, dan heeft het misschien niet zoveel nut om dus aan die paniekstoornis te werken. Tenminste, dan verwachten we dus dat er meer effect zal zijn door aan het trauma te werken. Maar dat kan nog altijd overwogen worden van nou weet je, dan gaan we toch met de paniekstoornis aan de slag. Als je niet met het trauma aan de slag wil gaan, en gaan we kijken. Maar we zijn wel eerlijk, we gaan kijken hoe ver we daarmee gaan komen.Ja, dus dat gaat wel in overleg natuurlijk. Ja, zeker. Er wordt niks geforceerd. Sowieso is het geen verplichte behandeling of wat dan ook. Dus het is allemaal vrijblijvend. En de cliënt is daar zelf ook bij. Dus die mag zelf inderdaad ook aangeven van nou dit is precies wat ik zoek, of dit is totaal niet waar ik naar op zoek ben. Nee ja, logisch natuurlijk. Want het gaat natuurlijk om jouw herstel. Het is ook belangrijk dat je daar iets over te zeggen hebt. Soms moet je natuurlijk ook wel het advies aannemen van degene die daarvoor geleerd heeft en die er natuurlijk in gespecialiseerd is. Ja, zeker. En tegelijkertijd weten we ook niet alles. Dus somsDenken we dat het inderdaad dan beter is om aan de trauma te werken. Maar uiteindelijk is de veel zo groot bij de cliënt en de motivatie dat het dan wel lukt om aan de paniekstoornis te werken. Gewoon met het paniekstoornisprotocol. En soms zie je dat dat dan weer juist maar voor korte termijn heeft gewerkt. Dus dan zie je dan toch een cliënt weer terugkomen dat hij na een aantal jaren dan weer zegt van nou, het is toch weer terug. Het was toch onvoldoende. En dan toch alsnog wel de traumabehandeling doen, of wat dan ook. Ik benoemde nu het paniekstoornisprotocol. Want nou stel we gaan er gewoon van uit dat jij hebben natuurlijk over paniekstoornis, maar daar valt hyperventilatie natuurlijk ook onder bij jullie als psycholoog.Dat we het zo noemen nu? Nou, het is mooi dat je dat zo noemt, want we maken echt wel onderscheid tussen paniekanval en paniekstoornis. Paniekkaanval is echt die kortademigheid, het gevoel hebben te stikken, transpireren duizelig, beven, trillen op je benen, misselijk. Al die symptomen hoort bij het paniekaanval. Maar een paniekkaanval, ongeveer bij 23% van de bevolking komt wel eens een paniekaanval voor. Dus een paniekaanval op zichzelf is eigenlijk niet zozeer het probleem. Het probleem zit er meestal in dat de persoon bang wordt, heel erg.Overmatig bezorgd wordt dat het weer eens voorkomt, die paniekaanval. En dat wordt een paniekstoornis. Want dan wordt het hele leven zeg maar hoe zeg je dat, opgebouwd rondom het vermijden van dat het nog eens gebeurt, met behoorlijke angsten enzovoorts. Dus daar maken we wel een verschil in. Tussen hebben we het over een paniek aanval, hebben we over een paniekstoornis. Ja, en dus vooral de angst voor de angst. En daar komt dan bijvoorbeeld die straatvrees vrij of het vermijden van de supermarkt of dat je niet meer een verjaardag durft. Of autorijden, is natuurlijk ook zoiets wat heel veel voorkomt. Precies, dus vermijding komt er inderdaad bij voor. Ook veiligheidsgedrag. Dus het alleen maar nog met je partner durven gaan, bijvoorbeeld.Of dat soort dingen. Of altijd toch een medicatie nemen van tevoren om wat rustiger te zijn. Of dat soort dingen. Dat bevestigt ook weer van. Het is inderdaad een angst. Tenminste, het is inderdaad een angstige situatie. Ik kan het alleen maar aan als ik met mijn partner daar ben. Dus dat zijn dingen die uiteindelijk dan ook in de behandeling uiteindelijk doorbroken moeten worden om te zien van, hé, maar die paniekaanval komt niet altijd voor. Het is inderdaad angst voor de angst. Het is angst om daar dus weer in te geraken. Vaak is dat een soort van controleverlies geweest wanneer dat is gebeurd of wat dan ook. En er is vooral een grote angst dat dat weer eens voorkomt.En dan hebben we de intake gehad en dan is er dus eigenlijk een wordt er een plan opgesteld. En wat voor thapie is dan eigenlijk de meest gangbare? Wat voor behandelingen krijg je dan? Ja, dat is best een hele reeks eigenlijk. Allereerst wordt altijd gestart met het registreren. Dus we gaan even bijhouden. Hoe verloopt dat nou precies, zo'n paniekanval? Wat gaat eraan vooraf? Is dat in bepaalde situaties? Is dat altijd op een bepaald tijdstip? Of is dat altijd? Kunnen daar iets in terugvinden in het registreren? En vervolgens wordt gestart met interoceptieve exposure heet dat. En dat betekent dat je dus gaat naboodsen van een paniekanval.En daar hebben we dan bijvoorbeeld meerdere oefeningen voor. Dus dat gaat dan bijvoorbeeld over 30 seconden je hoofd tussen je benen zetten en dan weer heel snel omhoog komen. Of zoveel keer draaien op een stoel. Of heel hard rennen op de plek. Of je gaat dus al die sensaties die wel eens voorkomen bij een paniekanval, ga je nabootsen. Om dus te kijken van. hey, kan een cliënt daar dus inderdaad van leren van dit betekent niet dat ik...Of dit betekent niet dat ik gek word. Noem maar op wat voor ernstige iets eraan gekoppeld is, vaak, eigenlijk, omdat dat iets ernstigs betekent. Dus daar wordt dus aan gewerkt, tenminste mee geoefend, dus in eerste instantie, om te leren dat die lichaamsignalen op zichzelf niet zozeer gevaarlijk zijn. Dus daar eigenlijk een soort van gewenning al aan te krijgen. Als iemand dan heel angstig is, wordt dat dan altijd gedaan? Of kan je dan ook zeggen van nou, dit slaan we nu even over, want men zit zo hoog in de angst dat hij dit echt niet wil?Ja, en dan angstig is voor deze, bijvoorbeeld een hart dat sneller klopt, of het warm krijgt of het trillen op de benen. Dat bedoel je dus dan angstig? Ja, inderdaad. Als je dit al hoort, je denkt van nou, ik ga niet naar een psychologen, want dan moet ik dat gevoel opwekken. Dat er zoveel spanning al zit, dat je denkt, nou, daar begin ik niet aan. Ja, snap ik. Wat eigenlijk dan gebeurt is, we gaan het niet vermijden. Want juist die vermijding zorgt ervoor dat je juist bevestigt van ja, een snel hard, harder kloppend hart. Dat betekent dat ik doodga. Dus eigenlijk als we dat meegaan in die vermijding, die vermijding bevestigt eigenlijk jouw.Jouw gedachtes daarover. Dus het doorbreken gaat echt met het doen. Maar we kunnen zeker kijken of we het misschien wat korter kunnen maken. Dus dan hebben we niet over 30 seconden hoofd tussen de benen, bijvoorbeeld. Maar dan doe je maar 2 seconden. Dan begin je gewoon heel licht. En op die manier dat heel langzaam dan verhogen. Dus dat is dan wel een mogelijkheid. En altijd kan er ook gestart worden met wat dan wel gedurfd wordt. En dan kunnen we dan kijken later naar hetgene wat echt wel spannend is. Overigens is wel datgene wat dus juist spannend is, belangrijk om dan wel te gaan herhalen. Het is niet van het één keer, dus twee seconden, je hoofd tussen je benen te hebben gedaan. En dan dus die sensatie van bijvoorbeeld misselijk in het hoofd.Door dat vervolgens nooit meer te doen in je leven, dat je dus gaat leren van er gebeurt inderdaad helemaal niks als ik een beetje misselijk voel in mijn hoofd. En we kijken dan ook heel erg van tevoren van wat verwacht je dat er gaat gebeuren, ga je flauw vallen, wat dan ook. Hoe ziet dat er precies uit? Want dan hebben we niet alleen over een gevoel van flauw vallen. Want ja, misselijk voel in het hoofd kan heel erg verward worden van ja, dit is ook wel een gevoel van flauw vallen bijvoorbeeld. Nee, wat is flauwvallen precies op de grond liggen, eigenlijk, dus echt gevallen zijn. Dan pas kunnen we zeggen. Nou, dit was echt inderdaad, nu ben je echt flauwgevallen. En dan gaan we dus continu naar zo'n oefening kijken. Is er gebeurd waar je nou eigenlijk voor vreest? Nou, wat eigenlijk nooit gebeurt.Vooral flauwvallen. Vlauwvallen gebeurt pas wanneer jouw bloeddruk verlaagt juist en niet verhoogt. Dus eigenlijk gebeurt nooit wat gevreesd wordt. Dus daarmee kan je eigenlijk de verwachtingen te niet doen. Dus door zo vaak geoefend te hebben, merken van ja, eigenlijk gebeurt het niet. Waardoor dus ook in jouw hoofd hersteld wordt die verwachting die jij hebt opgeslagen. En daarmee dus uiteindelijk ook dat kan gaan doorbreken. Overigens is dan ook de volgende stap het gaan doen. Dus door middel van gedragsexperiment of exposure in Vivo, dus het ook.In realiteit. Dus nu hebben we het over gehad over oefeningen, die dus zorgen dat je dus daar die symptomen oproept. Maar uiteindelijk ga je dus ook in het werkelijke leven, dus bijvoorbeeld, ook oefenen. Dus bijvoorbeeld als je bang bent, dat het in de tram gebeurt, dat je dan misselijk wordt en dat je dan flauw valt en een paniek aanval krijgt of wat dan ook. Dan gaan we dus oefenen met ook in de tram stappen en kijken of dat dan weer gebeurt. En of je dan ook werkelijk inderdaad de paniek aanvat gekregen. Maar dat gaat geleidelijk aan natuurlijk. Het is niet bij de eerste behandeling meteen dat jullie op.In die tram of in die drukke supermarkt of in de auto op de snelweg zetten. Dat gaat natuurlijk heel geleidelijk, stapje voor stapje. En dan gaat er echt om dat je vertrouwen leert krijgen weer in je lichaam. Dat er niks gebeurt, dat er echt niet iets heel ernstigs is. Waardoor je dan stapje, ja, voor stapje dat vertrouwen krijgt. En het dus ook dan steeds die exposure therapie wat verder gaat uitbreiden. Ja, zeker. En dat is inderdaad ook het gevoel moet dan ook langzaam meegaan. Het gevoel is altijd wel lastig, want soms weet je het met je hoofd. Ja, ik weet dat het inderdaad niet echt gaat gebeuren. Maar het duurt altijd wat langer voordat gevoel ook meegaat. Het is helaas altijd het geval dat je hoofd sneller ga dan je gevoel gaat, dus de angst.Kan nog steeds wel opkomen, ondanks dat je met je hoofd weet van ja, maar dit kan eigenlijk niet meer. En daarvan geldt dat echt het doen, het blijven oefenen. Dus het is niet door thuis achter een uranium te gaan zitten dat het dan opgelost wordt. Maar het is echt door het gaan doen. Dat je dus gaat merken van inderdaad, er gebeurt helemaal niks. En dan gaat jouw gevoel dus dat ook mee. Dus die angst gaat daardoor dus ook verminderd worden. Je zou het eigenlijk ook een beetje kunnen vergelijken met een kind dat valt van de fiets. En na het vallen van de fiets gaat hij nooit meer op een fiets zitten. Nou, zijn angst voor een fiets wordt dan enorm groot. Want het laatste wat hij opgeslagen heeft, is die val voor die fiets. En die verwacht alleen maar als ik weer op een fiets ga zitten, dan val ik weer.Maar terwijl als je hem dan direct na zo'n val weer op de fiets zet en de dag erna weer op een fiets zet, dan wordt het één van de vele herinneringen. En het is één keertje gebeurd, maar het is ook vele keren niet gebeurd. En daardoor krijgt het kind wel vertrouwen, zeg maar. Van ja, meestal gebeurt het niet. En zo werkt dat dus met angst. Want soms is er maar één keer iets gebeurd en dan slaat dat heel erg vast in ons systeem. Terwijl de honderden keren dat het wel goed is gegaan, en toch blijf je dan angstig voor die ene situatie. Het is heel bijzonder hoe dat werkt, eigenlijk in ons systeem. Daar gaan we het niet over hebben, want dan zitten we nog twee uren te kletsen.We gaan nu even voor de praktische kant hebben. En dan heb je dus over exposure therapie. Zijn er ook nog andere? Krijg je dan nog meer oefeningen en dingen om te doen? Zij het dagboek bijhoud. Tenminste, ik noem het altijd een dagboek bijhouden, een je opschrijft. Of wanneer treedt het op en je gaat kijken of je patronen kunt herkennen. Ja, dus het registreren van je paniek aanvallen, daar start je eigenlijk mee. Dus dat is aan het begin daar meer inzicht in krijgen. En verder is dan ook nog wel het stukje: wat meer cognitief uitdagen. Dus echt meer kijken van nou wat voor gedachtes heb je daar nou bij? Wat en helpt het je echt om zo te denken? Klopt het ook deze gedachtes?En dat ga je dan vervolgens in het doen, dus inderdaad. Dus dit is vanuit de CGT, de cognitieve gedragstherapie, hoe deze dus aangepakt wordt. Ja, nou, ik vind zelf cognitief altijd best wel een lastig woord. Dus ik kan me voorstellen dat je laars hier denkt, nou wat betekent dat nou eigenlijk? Wat is het betekent nou in gewoon Jpipianneke taal? Nou, het is cognitief gedragstherapie, dus dat zijn ook echt wel twee verschillende woorden. En cognitief betekent dus inderdaad in het hoofd, wat speelt zich in gedachtes af. En dat dus aanpakken. En het gedrag is dus ook echt in het doen.En juist die combinatie van die twee, dus zowel dus de gedachtesuitdagen als het ook echt in het doen gaan veranderen, blijkt dus super effectief te zijn. Dus de cognitieve gedachtstherapie zijn vaak dus ook de therapie, de meest effectieve therapieën voor de meeste stoornissen. Dus het is echt niet zo. Want vaak vroeger, vooral dachten we, je gaat naar een psycholoog en dan moet je alleen maar praten over wat je dwars zit en wat er allemaal speelt. Maar eigenlijk noem je het dus eigenlijk een hele actieve therapie. Je bent heel erg bezig, er zal natuurlijk ook veel gepraat worden. Het ligt er wel aan wat voor psycholoog je hebt, want je hebt diverse therapeuten. Dus de psycholoog die werkt volgensDe cognitieve gedragstherapie, CGT. Die werkt dus inderdaad op die manier, maar je hebt bijvoorbeeld ook therapeuten die meer op de psychotherapie zitten, bijvoorbeeld. Die zullen dan wat meer op het praten zitten en het graven naar het verleden en dat soort dingen. Dus het ligt echt wel aan wat voor therapeut je hebt en wat voor therapie dat is. Maar de cognitieve gedragstherapie staat echt voor inderdaad zowel uitdagen van de gedachtes. Hoe denk je erover en helpt dat je nou vaak dus niet? En dus hoe kan je anders leren denken? En kloppen je gedachtes überhaupt wel? En het ook gedragsmatig dus anders gaan handelen. En hoe.Misschien heb je daar. Er helemaal geen antwoord op. Maar hoe lang doet dan gemiddeld zo'n behandeltraject? Nou, vaak staat daar zo'n beetje 11 sessies voor, volgens het protocol. De GGZ houdt zich daar ook vaak wel echt wel aan, dus die hebben ook wel een soort van maximum aantal sessies wat ze kunnen besteden. Dus dat is een beetje wel de leidraad. En is dat dan gemiddeld meestal één keer per week, of is dat om de week, of ga je juist vaker? Ga je bijvoorbeeld twee keer in de week, of is dat echt afhankelijk van de persoon? Dat zal meestal één keer per week zijn. Dat kan misschien per instelling nog wel verschillen, maar meestal zal dat één keer per week zijn.Dan gaan we bijvoorbeeld naar de tram. Want als dat jouw situatie is waar die heel erg spannend vindt, ik kan me ook voorstellen dat ik al zei: supermarkt autorijden. Maar ga jij dan echt als psycholoog of de psycholoog dan echt met je mee in die situatie? Dat kan zeker. Dus er zijn psychologen die dat doen, dat is niet allemaal, maar er zijn psychologen die dat doen, dus die met jou meegaan. En dat is overigens dan wel voor het begin. Dus bijvoorbeeld, het kan ook zijn als je angst hebt voor lift in de lift dat zoiet gebeurt. En er is een lift, dus ook in het gebouw waar de psycholoog zit. Nou, dan waarschijnlijk gaat die psycholoog jou dan voorstellen van joh, we zullen het ook even gaan oefenen. En ik ben bij, ik ga je hierbij begeleiden.En dan eerst in eerste instantie zal dat dan met de psycholoog zijn, maar uiteindelijk...Zoals ik durf het alleen maar met mijn partner. Het moet niet alleen maar zijn dat je dan alleen maar durft met de psycholoog. Het moet uiteindelijk ook dat je straks zelfstandig op eigen benen kan staan. En dat ook durft zonder de psycholoog. Dus het is als een opstapje als het ware om dat te leren. Het kan overigens ook zijn, sommige psychologen werken daar dus ook mee, dat ze dan via beeldbellen bijvoorbeeld aanwezig zijn. Dan bel je ze even in op het moment dat je normaal bijvoorbeeld een sessie hebt. Jij bent dan op dat moment bij de metro. En je gaat daar dan je oefening doen terwijl de psycholoog erbij is. Metro is overigens wel een lastige, want vaak heb je daar niet goed verbinding. Dus dan verloopt het gesprek niet helemaal vloeiend, maar noem maar op. Dus waar je dan ook maar bent, dat je dus dan met de psycholoog kan oefenen. Dat hij even bij je is op dat moment. En via oortjes dus kan vertellen. Daar je er een beetje doorheen kan begeleiden. Dus die kan je er echt een beetje doorheen praten en zeggen. Let even hier op. Dan zie je dat er niks markeert of dat er niks gebeurt met je. Of zeggen, oh, wat goed dat je dit doet. Want dat is natuurlijk ook een belangrijke impostieve bevestiging. Zeker, om te bekestigen inderdaad. Ja, zeker. En is er dan nog iets wat ik belangrijk is om te weten hierover? Wat ik misschien nu nog niet gevraagd heb, dat je zegt: oh, maar dat is wel iets wat ik nog even kwijt wil?Nou, het is vooral dus inderdaad, ik denk dat het het belangrijkste besproken is, echt de angst voor de angst. Dat is echt vooral wat een paniekstoornis is. Want nogmaals, paniekaanvallen komt dus bij 23% van de bevolking voor. Dus vrij normaal is dat eigenlijk wel. Alleen andere mensen die merken misschien dat er iets gebeurt, maar die hechten er niet zoveel waarde of niet zo'n angst. Het wordt niet zo'n angstcomponent, als het ware. Dus het wordt vooral belangrijk om dat als wat meer normaal te bekijken. En dus echt inderdaad, door het doen. Het vermijden, is ook echt een voeding voor angst.Een voorbeeld kan ik ook geven voor degene die angstig is voor spin, bijvoorbeeld, als hij telkens de kamer uitrent, zodat hij een spin ziet. Die bevestigt ook ontzettend dat die spin een ontzettende monster is. Terwijl, het moment dat hij beslist, oké, ik ga niet de kamer uitrennen, ik blijf gewoon zitten in de kamer bijvoorbeeld. En dan merkt hij die spin beweegt helemaal niet. Er gebeurt eigenlijk helemaal niks engs. Eigenlijk is het misschien wel zelf op een gegeven moment een beetje saai. Want ja, die beeg maar niet en jij zit er maar naar te staren. Dus dan ga je dus beseffen door het doen: van er zit geen werkelijke angst. Het is allemaal in mijn hoofd, maar het is werk, in werkelijkheid is dat niet zo angstig.Dus dat is vooral dus ook belangrijk om vaak weten we verstandelijk best dat die spin je niet opeet, als er wat is, dat je best die supermarkt uit kan rennen. Dus er zit best wel veel. Je weet het vaak wel, zit daar dat stemmetje in je hoofd, die zegt ja, maar wat als, wat het heel erg opblaast. En in dat geval, als je dat dus herkent van jezelf, dat je dingen bent gaan vermijden, dat je dingen niet meer durft, of dat je het wel doet, maar met heel veel spanning in je lichaam. Dan is het natuurlijk gewoon echt heel goed om toch eens een dolverwijzing te halen voor een psycholoog. Ja, zeker. Die kan je er echt heel goed doorheen begeleiden. Dus dat maakt het een stuk makkelijker dan dat je het alleen gaat doen.Bedankt. Ik denk dat het heel duidelijk is voor iedereen van wat kan een psycholoog met vooral met cognitieve gedragstherapie betekenen voor als jij last hebt van hyperventilatie, maar ook wel paniekstoornissen. Ja, is er nog iets wat je wat je toe wilt voegen? Of is het, voor mij hebben we alles wel echt besproken zo hè? Ja, in de notendop hebben we inderdaad wel besproken hoe dat een beetje gaat binnen de cognitieve gedragstherapie, de behandeling. Nou, dan wil ik je heel erg bedanken voor je tijd en je moeite en vooral het delen van deze uitleg. Marja, kun je volgen onder de naam. Dat gaat ze zelf allemaal even opnoemen.Zij zijn met eten, dus dat is inderdaad rondom de begeleiding die ik bied voor vrouwen met een eetstoornis. En je kunt mij momenteel op Facebook en op Instagram vinden, op Vrijzaam het eten. De link zal nog toegevoegd worden onder de podcast. Ja, zeker. Dus als je hier vragen over hebt, dan mogen ze zeker natuurlijk ook contact met jou opnemen. Zeker, zeker weten. Mooi. Nou, heel erg bedankt voor je tijd. En jij bedankt als luisteraar om weer te luisteren aan ons."
