name,category,model,cpu_max,cpu_avg,gpu_max,gpu_avg,mem_max,mem_avg,rtfx,transcript
bewegingsapparaat.mp3,Dokter Patient,Cohere Labs Transcribe,27.5,24.64375,100,42.5625,5334.3125,5231.0,78.38831794147464,"Goedemiddag, komt u verder. Ik heb voor u de uitslag van het röntgenonderzoek. Zoals vorige keer besproken was er een sterk vermoeden op een breuk, een ingezakte wervel. Hoe gaat het nu met uw rug? Dankzij de pijnstilling is het wel te doen. De röntgenfoto laat zien dat u inderdaad een ingezakte wervel heeft. Verder is het een stabiele breuk waarvoor een operatie niet nodig is. Gelukkig. Het minder goede nieuws is wel dat de breuk veroorzaakt is door osteoperose. Dit houdt in dat de dichtheid van uw botten minder wordt. Weet u wat ik daarmee bedoel? Betekent dit dan dat ik veel vaker botbreuken zal oplopen? Het is vervelend voor u om te horen. Helaas kan dat wel voorkomen. Maar kan ik dan helemaal niet meer gaan wandelen? Want zo is het natuurlijk de vorige keer gebeurd. Het is juist goed om te blijven bewegen. Hierdoor bouwen de botten meer kracht op. Maar ik ben dan bang dat ik ga vallen, waardoor ik weer iets kan breken. Ik kan me heel goed voorstellen dat u hier bang voor bent. Maar er zijn wel manieren om dit te voorkomen. Deze kunnen we later wel bespreken. Oké. U lijkt nog niet echt gerustgesteld. Ja, het voelt gewoon alsof mijn lichaam me in de steek laat. Het is natuurlijk ook vervelend om dit te horen, maar we kunnen de maatregelen bespreken die de kansopbreuken zo klein mogelijk maken. Goed? Ja, ik weet niet of ik daar het nuts over inzie. En waarom niet? Ja, dan moet ik zeker oefeningen gaan doen of zo. Ik kan me voorstellen dat het wat weerstand oproept, maar de maatregelen kunnen het risico wel degelijk verlagen. Vindt u het goed als we rustig het een en ander doornemen? En dan kunnen we daarna kijken wat voor u goed voelt. Oké. Oké, fijn. We kunnen u allereerst aanraden vitamine D-supplementen en calciumtabletten te nemen. Beide stoffen bouwen de botten opnieuw op. Of in plaats van calciumtabletten kunt u minimaal vier zuivelconsumpties nemen op een dag. Wat denkt u? Ik eet best veel yoghurt en drink eigenlijk ook altijd wel twee glazen melk. Oké. Nou, dan kunnen we die calciumtabletten al achterwege laten. U zou dan baat hebben bij de vitamine D-supplementen. Verder is het juist goed om te blijven bewegen en actief te blijven. Wat zou u kunnen doen qua beweging? Het gaat gelukkig wel redelijk om elke dag even te blijven wandelen. Blijf dat vooral doen, zo blijven de botten gewend aan de belasting. U rookt niet, maar drinkt u wel regelmatig alcohol? Nee, alleen in het weekend. Goed, met uw bloeddrukverlager vormt dat in principe verder geen risico. Verder raad ik u aan fysiotherapie aan te leren en een goede balans en evenwicht te behouden, zodat u minder kansen heeft om te vallen. Wat denkt u daarvan? Ja, dat wil ik wel proberen. Wat denkt u van deze adviezen? Het valt mij eigenlijk wel mee. Ik had het erger verwacht om eerlijk te zijn. Gelukkig maar. Dus kort samengevat: u kunt vanaf nu starten met vitamine D-supplementen en er vooral voor blijven zorgen dat u genoeg calcium binnenkrijgt. Verder is blijven bewegen belangrijk en maakt u een afspraak met de fysiotherapeut. En qua rugpijn kunt u doorgaan met de pijnstilling zoals we die de vorige keer hebben besproken. Is het zo duidelijk of heeft u nog vragen? Nee, het is wel duidelijk zo en ik ben er ook wel content mee. Zullen we dan over een week of drie een nieuwe afspraak inplannen? Dan kunnen we bespreken hoe het gaat. Dat zou ik fijn vinden. Bedankt voor het prettige gesprek, dokter."
ademhaling.mp3,Dokter Patient,Cohere Labs Transcribe,26.8,25.294444444444444,100,35.55555555555556,5334.3125,5334.3125,61.797364727280986,"Ik denk dat ik inmiddels voldoende informatie heb over uw klachten. Dan zou ik nu nog even naar uw longen willen luisteren. Dat is prima hoor. Oké, u kunt zich achter het gordijn omkleden en de kleding daar aan een haakje hangen. U hoeft alleen uw bovenlichaam te ontkleden. Oké, dus de broek mag ik aanhouden? Klopt, die mag u aanhouden. Muizik U mag plaatsnemen op de onderzoeksbank met uw benen naar deze kant. Ik ga nu even luisteren naar de longen en ik zal op verschillende plekken gaan luisteren. De stethoscoop kan wat koud aanvoelen. Ik zal het even op uw hand laten voelen. Gaat dat zo? Ja hoor, het valt me mee. Fijn. U mag de armen gekruist op uw borst leggen. Zou u eens diep kunnen zuchten met mond open? Dat mag u een aantal keer herhalen in een rustig tempo, terwijl ik naar de longen blijf luisteren. Prima, ik heb het goed kunnen horen, dank u wel. Mag ik me dan nu weer aankleden, dokter? Ja, natuurlijk. U kunt zich weer aankleden achter het gordijn. Doe maar rustig aan hoor, dan bespreken we dadelijk wat ik heb gehoord."
diabetes.mp3,Dokter Patient,Cohere Labs Transcribe,30.0,25.988888888888887,100,46.0,5334.3125,5334.3125,69.60079092175025,"Goedemiddag, meneer Visser. Goedemiddag. Vertel, waarvoor bent u vandaag gekomen? Nou, ik ben al een tijdje erg moe. Ik heb nergens zin in. Totaal vutloos. Echt heel vervelend. Ja, dat kan ik me voorstellen. Moe en vutloos, zei u. Wat verstaat u hieronder? Ja, ik heb gewoon overdag geen energie om iets te doen. Wat vervelend. En hoe lang heeft u daar al last van? Ja, al een weekje of zes. Zes weken dus. En wat maakt het dat u nu toch na zes weken komt? Ja. Ja, ik maak me zorgen. Ik vind het nu echt te lang duren. Ik wil graag weten wat de oorzaak is. Dat kan ik me voorstellen. Dus als ik het goed begrijp, wilt u vooral weten wat de oorzaak van uw klachten is. Hoe slaapt u? Heel goed, ja. S'nachts ben ik wel een paar keer wakker om eruit te plassen, maar daarna slaap ik vrijwel direct weer in. Hoe vaak is het een paar keer? Ik denk gemiddeld wel vier keer per nacht. En hoe was het hiervoor qua plassen in de nacht? Oh, dat was minder. En ervaart u dan ook pijn bij het plassen? Nee, dat niet. Drinkt u veel voordat u gaat slapen? Ja, ik drink de hele dag veel. Ik heb vreselijk veel dorst de hele dag. Maar s'avonds probeer ik een beetje minder te drinken, zodat ik niet zo vaak naar het toilet hoef. Duidelijk. Als ik het goed begrijp, heeft u dus sinds ongeveer zes weken veel last van vermoeidheidsklachten, heeft u veel dorst en moet u vaak plassen, vooral s'nachts. Heeft u verder nog andere klachten? Nee, eigenlijk niet. Alhoewel, ik heb ook een paar wondjes op mijn rug die maar niet willen overgaan. Daar zal ik ook even naar kijken. Ik wil je ook nog wat algemene vragen stellen. Ja, prima. Hoeveel weegt u? Zo'n dikke 100 kilo, schat ik. Ik weet het niet precies. Dan gaan we u straks even wegen. Hoe is uw eetpatroon? Ik eet het liefst aardappelen met een lekker stukje vlees. Maar mijn vrouw maakt ook wel eens spaghetti. En op vrijdag eten we altijd friet. Eet u verder ook nog fruit en groenten? Nou, daar hou ik niet zo erg van. En snoept u ook? Zoete of hartige tussendoortjes? Och, een koekje bij de koffie en bij de thee. En s'avonds wat chips bij het biertje. Maar meer niet hoor. En hoeveel drinkt u gemiddeld? Eigenlijk altijd maar een paar biertjes. Verder geen wijn of sterke drank. Een paar biertjes, zegt u? Hoeveel biertjes per dag ongeveer? Drie of vier, denk ik zo. En rookt u? Ja, een pakje per dag ongeveer. En beweegt u ook dagelijks? Dat probeer ik wel, af en toe een blokje om, maar veel meer is het echt niet. Oké, en komt er diabetes voor in uw familie? Diabetes, oh, suikerziekte. Nee, niet dat ik weet. Maar hoezo? Denkt u dat ik suikerziekte heb? Ik sluit het niet uit, maar we hebben daar een aantal onderzoeken voor nodig. Vindt u het goed als ik u eerst lichamelijk ga onderzoeken? Natuurlijk, geen probleem. U kunt alvast op de onderzoekstafel gaan liggen. Zou u ervoor kunnen zorgen dat dit gehele bovenlichaam ontbloot is? Dan kunnen we deze goed onderzoeken. Ja, dat is prima."
hartziekten.mp3,Dokter Patient,Cohere Labs Transcribe,26.8,25.299999999999997,100,47.22222222222222,5334.3125,5334.3125,85.12663520321247,"Goedemiddag, wat heeft u hier gebracht vandaag? Ik heb de laatste tijd wat last van mijn hart. Uw hart, en wat bedoelt u daarmee? Nou, ik merk dat ik steeds vaker hartklopingen heb. Oké, en hoe lang heeft u daar al last van? Ik denk een paar weken, maar sommige dagen heb ik er ook helemaal geen last van. Dus eigenlijk heeft u bijna iedere dag er last van en wat voelt u dan precies? Ja. Mijn hart klopt dus sneller en ik voel het echt in mijn borstkast kloppen. Oké, dat is vast een onprettig gevoel. U zegt dat u het al een paar weken heeft. Daarvoor had u het niet. Wat maakt nou dat u vandaag bent gekomen? Ja, het is gewoon een heel naar gevoel. En ik denk dat ik een hartaanval krijg of zo, dus ik wil het een en ander laten checken. Ja, dat begrijp ik helemaal. En op zo'n moment van de aanval, wat doet u dan? Ja, niks speciaals eigenlijk. Voelt u verder nog andere dingen op die momenten, in de borstkast of in de rest van je lichaam? Nee, dat niet. Ik denk eigenlijk alleen in de borstkast en niets anders dan dit, hoor. En merk je bijvoorbeeld dat het hart ook van tempo wisselt, soms sneller en soms langzamer? O ja, dat heb ik wel enkele keren gemerkt, maar dat was niet zo heel erg, hoor. Oké. Heeft u verder ook geen klachten van misselijkheid, benauwdheid of zweeten? Nee, dat eigenlijk niet, alhoewel. Ik merk dat ik door de hartkloppingen ook wel een snellere ademhaling krijg. Oké, en heeft u daarbij ook een gevoel van kortademigheid? Nee, dat niet. Oké, dus als ik het goed begrijp, heeft u sinds enkele weken last van hartkloppingen, maar verder niet veel bijkomende klachten? Ja, dat klopt inderdaad. Mag ik iets anders vragen? Heeft u op dit moment ook last van stress? Dat valt wel mee, het is wel drukker, maar ik ga binnenkort op vakantie. Nou, dat is een fijn vooruitzicht. En heeft u zelf al iets aan de klachten gedaan? Ik probeer gewoon even rustig te doen, dan zakken de klachten vaak wel. Lukt dat wel goed om even rustig aan te doen? En wat doet u dan? Nou, ik maak me soms wel druk en dan houden de klachten wat langer aan. En waarover maakt u zich dan druk? Ja, dokter, ik heb in mijn omgeving toch wel mensen gehoord die dezelfde klachten hadden als ik. en dan ineens onderuit gingen of waarmee dan ineens mee slechter ging. Maar dat wil ik natuurlijk niet. U hoeft zich daar geen zorgen over te maken. Dit soort hartkloppingen zijn heel veel voorkomend en zijn vaak onschuldig. Maar ik zal voor de zekerheid zo natuurlijk ook even naar uw hart luisteren. Dat vind ik wel fijn om te horen. Het onderzoeken van het hart vind ik ook wel fijn eigenlijk. Ik krijg de indruk dat nog niet al uw zorgen zijn weggenomen. Kan dat kloppen? Ja, dat klopt misschien wel, dokter, want ik maak me vooral ook zorgen om mijn reis. Uw reis? Wat voor reis gaat u maken? Ik ga bij mijn dochter op bezoek in Australië. Maar dan moet ik ook veel rijden. En ik ben bang dat ik met deze klachten niet veilig achter het stuur kan zitten en kan deelnemen aan het verkeer. Ja, ik kan me dat goed voorstellen. Maar ik kan u hierin wel geruststellen. Zeker als we dadelijk bij het luisteren naar het hart niets geks horen. Deze klachten zullen uw rijvaardigheid niet beïnvloeden. Naar mijn mening kunt u dus gewoon veilig op reis om uw dochter te bezoeken. Dat is goed om te horen, dokter. Dank u wel. Ik zal eerst even naar uw hart luisteren en dan kunnen we de andere dingen ook makkelijk uitsluiten."
oncologie.mp3,Dokter Patient,Cohere Labs Transcribe,27.3,25.426923076923075,100,48.30769230769231,6094.3125,6035.850961538462,82.16170662952625,"Fijn dat u vandaag bent gekomen voor het bespreken van de uitslag van de onderzoeken. Zoals u weet, hebben we afgelopen donderdag het aanvullende onderzoek gedaan. En nu heb ik de uitslag. Ja, goeiemiddag dokter. Ik ben wel een beetje bang voor de uitslag. Dat kan ik me goed voorstellen. Ik heb helaas geen goed nieuws voor u. Ik moet u mededelen dat u kanker heeft in de dikke darm. Er is een tumor gezien op de scopie. Wat denkt en voelt u nu? Er gaat wel veel in mij om op dit moment. Ik was er al een beetje op voorbereid, maar ik merk dat het toch wel erg confronterend is wat u mij vertelt. Het is ook heel heftig nieuws om te horen. Betekent dat nou dat ik doodga, dokter? Bent u daar bang voor? Ja, eigenlijk wel. Ik begrijp dat u zich hierover zorgen maakt, maar er zijn nog genoeg behandelopties die in dit stadium van de ziekte toegepast kunnen worden. Ik weet even niet zo goed hoe ik hierop moet reageren. Ik vind het wel heel beangstigend allemaal. Hoe gaat het nu verder? Kan ik nog blijven werken? Moet ik het nou iedereen vertellen? En hoe ga ik het thuis aan mijn partner en mijn kinderen vertellen? Ik begrijp dat dit veel vragen bij u oproept op dit moment. Heeft u iemand in uw naaste omgeving die u kan steunen? Jazeker, mijn partner. Dat is goed om te horen. Uiteraard hoeft u dit niet alleen te doen. We zullen vanuit hier u en uw familie zoveel mogelijk begeleiden. Dat is wel fijn om te horen. U vraagt zich af hoe u dit aan de familie moet zeggen. Wilt u hier hulp bij? Nee, ik denk dat dat wel zal lukken. Goed om te horen. Wilt u nu al de verschillende behandelopties horen of wilt u dat liever op een later moment bespreken? Ja, graag. Ik weet alleen niet zeker of ik alles nu kan onthouden. Ik kan u de informatie ook op papier meegeven. En de volgende keer herhalen we alles gewoon nogmaals en kunt u uw verdere vragen stellen. O, bedankt dokter, dat zou ik heel fijn vinden. Een operatie is sowieso nodig. Hierbij wordt een deel van de dikke darm weggehaald en de rest wordt weer aan elkaar gemaakt. Soms is het tijdelijk nodig een stoma te gebruiken. Wat vindt u ervan? Ja, het klinkt wel begrijpelijk. Na de operatie moeten we het hebben over chemotherapie. Met de combinatie van een operatie en chemotherapie heeft u in dit stadium 90% kans om de kanker volledig uit uw lichaam te krijgen. Oké, dus ik krijg een operatie en u raadt chemotherapie aan. Dat klopt inderdaad. Wat vindt u ervan? Ja, het is duidelijk en. tja, het zal wel moeten, hè? Wilt u een folder met de informatie? Ja, heel graag. Dan zal ik u een folder meegeven met informatie over de behandeling van darmkanker. Kan ik u verder nog ergens mee helpen? Nou, ik ben al heel erg blij met deze informatie, dus dank u wel daarvoor. Fijn om te horen. Als u vragen heeft, kunt u deze opschrijven. Bij de volgende afspraak kunnen we alles nog eens rustig doorlopen. Het zou goed zijn als u dan iemand mee zou nemen. Ja, dat is zeker goed. Ik neem mijn partner mee. Ja, goed zo. Veel sterkte de komende week en we houden contact. Ja, dank u wel."
abdomen.mp3,Dokter Patient,Cohere Labs Transcribe,26.8,25.43076923076923,100,45.30769230769231,6094.3125,6094.3125,82.1140759132387,"Goedemiddag, neemt u plaats. Dan zullen we de uitslag van het onderzoek gaan bespreken. Goedemiddag, dokter, ik ben erg benieuwd. Ja, zoals u weet hebben we net een echo gemaakt. En we konden daarop duidelijk zien dat u een blindedarmontsteking heeft. En dit veroorzaakt ook de buikpijn die u heeft. Oh, dat klinkt niet goed. Wat houdt dat precies in? Ja, er is een ontsteking van een aanhangsel van de blindedarm, de appendix. Hoe het ontstaat is niet helemaal duidelijk, maar het ontstaat vaak plotseling. Oké, ik snap wel wat u bedoelt, denk ik. U klinkt nog niet overtuigd. Maakt u zich zorgen? Wel een beetje om eerlijk te zijn. Is het wel goed te genezen? Ja, het is eigenlijk zonder ernstige complicaties goed op te lossen. Maar we moeten het wel gaan behandelen. Oké, dat stelt me gelukkig gerust. Wat kan er dan gedaan aan worden? Nou, eigenlijk zijn er twee opties. Optie 1 is een operatie waarbij het ontstoken deel verwijderd wordt. Dit is de optie waar het meest voor gekozen wordt. De andere optie is behandelen met antibiotica. Die worden dan direct via een infuus in de aders toegediend. En we kunnen samen kijken wat voor u de beste optie is. Dat lijkt me wel fijn, ja. Ja, na de operatie kan de ontsteking nooit terugkomen, omdat het ontstoken deel in zijn geheel verwijderd wordt. Het terugkomen van de ontsteking noemen we ook wel een recidief. En de kans op een recidief na behandeling met antibiotica ligt tussen de 20 en 30 procent in de twee jaar na de behandeling. Maar zitten er niet ook nadelen aan een operatie? Ja, een operatie kan gepaard gaan met complicaties, ook al zijn deze veelal klein. De operatie wordt onder nakoos gedaan met een kijkoperatie. Oké, maar is het dan niet zo dat de darm misschien minder goed functioneert omdat je het weghaalt? Nee, gelukkig niet. Dit stukje van de darm heeft geen functie, dus het weghalen heeft verder geen nadelen. Ik ben ook nog wel benieuwd naar wat details over de behandeling met antibiotica. Ja, voor de behandeling met antibiotica moet u een paar dagen opgenomen worden om de antibiotica toe te dienen. De opname duurt korter dan de keuze als je kiest voor een operatie. Na een behandeling met antibiotica herstelt u wel sneller dan na de operatie. Maar een onderliggende oorzaak van de ontsteking kan niet achterhaald worden. Bij een operatie kan dat wel. Wat kunnen die oorzaken dan zijn? Nou ja, de meest ernstige oorzaak is een vorm van kanker. Die komt niet vaak voor, hoor, maar bij 1 tot 2 procent van de mensen. Hmm. Ja, dat is niet veel. Maar het lijkt me geen fijn idee om met die onzekerheid te leven. Ja, dat is begrijpelijk dat u dat zegt. Was het verder betreft de behandelopties wel duidelijk wat de voor- en nadelen zijn, of heeft u nog vragen? Nee, dat is eigenlijk al duidelijk. Heeft u op dit moment een voorkeur voor een van beide behandelingen? Ja, voor een operatie. Ondanks dat het herstel misschien langer duurt. Ik vind het wel fijn om zeker te weten dat het niet terugkomt. of misschien wel veroorzaakt wordt door een vorm van kanker. Vindt u dat een logische keuze? Ja hoor. Ik zou de meeste mensen een operatie adviseren. Oké. Kan ik even mijn partner op de hoogte stellen voor we verder gaan? Hij maakt zich namelijk nog wel wat zorgen. Ja, natuurlijk mag dat. En dan bespreken we zo verder de vervolgstappen."
auto-immuunziekten.mp3,Dokter Patient,Cohere Labs Transcribe,29.3,25.467857142857145,100,50.714285714285715,6938.3125,6847.883928571428,96.7733679493375,"We hebben het zojuist gehad over uw klachten. U gaf aan sinds een langere periode klachten te hebben van buikpijn en diarree en u bent flink wat kilo's afgevallen. Ook voelt u zich vermoeid en futloos, waardoor u overdag weinig energie heeft en u maakt zich daar zorgen over. Klopt dat? Ja, dat klopt inderdaad. Dan zou ik u nu graag wat specifiekere vragen willen stellen over de klachten. Prima: Zou u kunnen omschrijven waar u de buikpijn voelt? Vooral wat lager in de buik, het is echt een krampende pijn. En is er iets wat u kunt doen om die pijn te verzachten? Het liefst houd ik me rustig, maar ik moet dan vaak naar het toilet. Op de wc heb ik dan nog wel veel buikpijn, maar naderhand is de buikpijn vaak iets gezakt. Dus nadat u naar het toilet bent geweest, is de pijn minder. En is de pijn verder de hele dag door aanwezig? Nee, dat niet. Het gaat vaak een beetje op en af. Ik merk dat het een paar uur na het eten vaak het pijnlijkst is. Hoewel ik er s'nachts ook wel veel last van heb. Ik moet dan ook een aantal keer naar de wc. En dan na de toiletgang is het weer minder? Ietsjes. Slaapt u verder wel goed? Redelijk. Behalve dat ik er dus wel vaak uit moet s'nachts. Het inslapen duurt dan soms ook wel weer even. Ja, dat snap ik. U zei dat u diarree heeft. Kunt u aangeven of de ontlasting altijd zo dun is? Eigenlijk wel. Soms is het wat harder, maar meestal is het gewoon heel dun tot zelfs waterdun. En hoe vaak gaat u gemiddeld per dag naar het toilet voor de ontlasting? Ik denk gemiddeld wel een keer of vijf à zes de afgelopen periode. Dat is inderdaad wel veel. Weet u misschien of er ook bloed of slijm bij de ontlasting zit? Nee, dat gelukkig niet. En heeft u verder nog last van oprispingen of zuurbranden? Ik heb dat altijd wel een beetje gehad. Maar dat is niet veel erger geworden in de afgelopen periode. En voelde u zich dan ook wel eens misselijk? Of moet u misschien overgeven? Nee, dat gelukkig niet. Dat is fijn om te horen. En hebt u nog wel een normale eetlust? Nou, ik heb niet vaak zin om te eten, moet ik zeggen. Dus toch wel een afgenomen eetlust, als u het zo zegt? Ja, dat wel. En hoe is uw eetpatroon? Zou u voor mij eens kunnen omschrijven wat u op een dag zo al eet? Ik probeer wel genoeg groente en fruit te eten. Daarnaast eet ik elke dag een stukje vlees of vis. Soms snoep ik wat tussendoor, maar meestal houd ik wel een beetje rekening met wat ik eet. Oké, ik denk dat ik zowel een goed beeld heb. Bent u toevallig recentelijk ook nog in het buitenland geweest voordat de klachten begonnen? Ik ben wel op vakantie geweest naar de camping op Frankrijk, maar verder niet. Duidelijk. Heeft u ooit koorts ervaren bij de klachten? Dat weet ik eigenlijk niet zo goed. Ik heb soms wel heel koud en dan weer warm, maar dat is niet altijd zo. Oké, we kunnen zo meteen ook de temperatuur wel meten. Zou u kunnen aangeven of u medicijnen of pijnstellers gebruikt? Medicijnen niet, maar ik neem wel af en toe een pijnstiller. Soms helpt dat iets tegen de buikpijn. En heeft u verder nog aandoeningen in de voorgeschiedenis? Nee, eigenlijk niet. Heeft u misschien toevallig in de familie ooit gehoord dat iemand dit soort klachten heeft? Volgens mij had mijn tante hier ook wel eens last van. Ik zou het eens kunnen navragen. En weet u misschien of er verder erfelijke ziektes in de familie zitten? Hmm, ik weet dat mijn oma een vorm van reuma had, maar ze is al een tijdje terug overleden. Verder denk ik het eigenlijk niet. Oké, als u het goed vindt, wil ik u graag lichamelijk onderzoeken. Is dat goed voor u? Natuurlijk. Zou u dan voor mij de buik willen ontbloten? Dat kunt u daar achter het gordijn doen en uw BH mag u aanhouden. Oké, dat is goed."
neurologie.mp3,Dokter Patient,Cohere Labs Transcribe,26.8,25.379310344827584,100,51.241379310344826,7810.3125,7720.105603448276,95.23492902243709,"Goedemorgen, wat kan ik voor u betekenen vandaag? Ik heb last van heel ernstige hoofdpijn. Heel ernstig? Wat is ernstig? Ik heb gewoon hele hevige hoofdpijnsaanvallen. Hoe lang heeft u hier al last van? Ik denk al enkele maanden, maar de laatste weken wel steeds vaker. Dat is al best wel lang. Wat maakt dat u vandaag naar mij bent gekomen? Ik ben er klaar mee, ik wil er nu van af, want het heeft echt invloed op mijn dagelijkse leven. Hoe bedoelt u? Dat begrijp ik. Heeft u al iets geprobeerd om de pijn te verlichten? Ik lig dan het liefst gewoon op mijn kamer in het donker. Maar soms word ik ook echt misselijk als ik moet opstaan. Heeft u zelf een idee waar het vandaan kan komen? Ik ben eigenlijk wel bang dat het iets ernstigs is. Waar denkt u dan aan? Iemand in de familie is na dezelfde klachten gestorven aan een hersentumor. Ik ben er eigenlijk wel bang voor dat ik dat ook heb. Ik kan me voorstellen dat u zich dan zorgen maakt. Wie was dat in de familie? Dat was een neef van mijn moeder. Dus als ik het goed begrijp, is dat ook de reden dat je vandaag bent gekomen? Ja, eigenlijk wel. En natuurlijk ook iets tegen de pijn. Als ik kijk naar de hoofdpijn, waar in het hoofd voelt u de hoofdpijn? Meestal een beetje voor in het hoofd, meer aan de linkerzijde. En hoe zou je de soort pijn omschrijven? Het is vooral een bonzende pijn. En hoe lang is de pijnaanval dan meestal? Soms is het na één dag al minder, maar het kan soms ook drie dagen duren. Wat doe je dan als je zo'n aanval hebt? Ik ga dan in bed liggen, meestal de deuren en de gordijnen dicht. Begrijp ik goed dat je ook last hebt van licht en geluid overgevoeligheid? Ja, inderdaad. Heeft u verder nog bijkomende klachten? Ja, soms ben ik misselijk. En als u misselijk bent, moet u dan soms ook braken? Heel soms, maar gelukkig niet zo vaak. Heeft u tijdens de aanvallen ook last van slechter zicht? Tijdens de aanvallen merk ik wel dat ik het soms niet goed kan zien, maar ik wil het liefst ook mijn ogen dicht houden vanwege het felle licht. Gebruikt u verder medicatie? Soms een pijnstiller voor de hoofdpijn. En helpt dat tegen de pijn? Ja, meestal wel. Dus nog even kort om samen te vatten: het is dus een bonzende hoofdpijn die in aanvallen komt, vrij ernstig van karakter, vooral aan een zijde van het hoofd. Soms bent u ook misselijk met braken en meestal helpt rustig aandoen in een donkere kamer en soms een pijnstiller. U bent ook best bang dat het iets ernstigs is en wil graag iets tegen de pijn. Heeft u zo nog aanvullingen? Nee, dat is eigenlijk wel compleet. Uw hoofdpijn doet me sterk denken aan migraine. Bent u bekend met deze term? Ik heb er wel eens van gehoord. Maar u denkt dus niet aan een tumor? Nee, eigenlijk niet. Het komt bijna precies overeen met het schoolvoorbeeld van migraine. Oh, ik wist niet dat die pijn zo hevig kon zijn. Dat kan helaas wel heel verhinderend zijn. De aanvallen zullen helaas blijven terugkomen. Maar er zijn wel wat dingen die je kunt doen om de hoofdpijn te verzachten. Op het moment dat de pijn opkomt, is het aan te raden rust te nemen. De pijn kan versterkt worden door stress. Onrust en weinig slaap. Dit zijn dus elementen waar je op kan letten om de hoofdpijn te verminderen. Ervaart u veel stress? Soms wel, dokter, maar het wordt wel rustiger op mijn werk binnenkort. We krijgen een extra collega. Dat is fijn om te horen. Hopelijk neemt de stress dan ook af. Verder kunt u zodra de pijn opkomt beginnen met 2 paracetamol. U kunt dit dan consequent de dag door op maximaal 4 momenten nemen totdat u merkt dat de pijn minder wordt. Een paracetamol, gaat dat wel helpen tegen deze heftige pijn? Een paracetamol is een medicijn dat verder niet heel schadelijk is, maar het kan wel heel effectief zijn, zeker als het zo op vaste tijdstippen wordt genomen. Mocht het niet helpen, kunnen we altijd overgaan naar een andere pijnstiller. Vindt u dat een goed idee? Dat klinkt wel redelijk. Ik ga het in ieder geval eens proberen. Zullen we dan afspreken dat we over ongeveer vier weken een nul consult plannen en kijken hoe het gaat? Mocht het dan niet voldoende helpen, kunnen we dan overgaan op een andere behandeling? Dat is goed. Bedankt, dokter. Heeft u verder nog vragen? Nee, het is wel duidelijk zo. Dan zie ik u graag over vier weken."
misbruik.mp3,Psychologische gespreksvoering,Cohere Labs Transcribe,37.5,25.667441860465118,100,65.34883720930233,9658.3125,9443.428779069767,139.2925313816588,"Nou, goedemiddag Sarah. Mijn naam is Stella. En ik heb je even apart genomen omdat ik bij binnenkomst zag dat je behoorlijk overstuur was. Ik stel voor om even gewoon een kwartiertje samen te gaan praten. Gewoon even kijken wat er aan de hand is. Dat jij even je verhaal kan doen en dat we samen kunnen kijken wat we eventueel voor jou kunnen betekenen hier. Vind je dat een goed plan? Ja. Oké, allereerst, waarom ben je gekomen vandaag? Omdat ik niet naar huis kwam. Je kwam niet naar huis. En waarom kan je niet naar huis? Ja, ik durf gewoon niet meer naar huis te gaan, eigenlijk. Daarom ben ik ook weggegaan. Oké. Dus je bent weggegaan van huis omdat je niet meer naar huis durft? Elk stuk van. Daar komt het op neer. En waarom durf je niet meer naar huis? Het is een beetje moeilijk om over te praten. Dat vind ik moeilijk om over te praten. Kan je eerst iets vertellen over je thuis-situatie dan? Ja, mijn ouders zijn. Twee jaar geleden gescheiden. En daardoor zie ik mijn vader eigenlijk niet zoveel meer. Mijn moeder heeft nu een nieuwe vriend, maar hij kan het eigenlijk helemaal niet meer vinden. Dat is een beetje een vies mannetje. Oké. Je ouders zijn gescheiden twee jaar geleden. Ja. En hoe is de scheiding gegaan? Ja, best wel rot eigenlijk, want daardoor zie ik mijn vader eigenlijk helemaal niet meer. Maar één keer in de twee weken en het weekend. En hij heeft helemaal geen tijd voor mij als ik er dan ben. En dat is niet leuk. Wat voor gevoel werkt dat bij je op dan? Dat je je vader zo weinig ziet? Ja, dat hij verwaarloosd of zo, dat hij geen zin heeft om het dan te zien. Ja. Dus bij je vader voel je je een beetje verwaarloosd en bij je moeder wil je eigenlijk niet meer zijn? Nee. En is dat omdat je moeder er is? Nee, door die vriend. Ja, en mijn moeder gaat helemaal met hem mee en dan schrijft hij ermee naar mij. Ja. Want alles wat hij zegt is waarheid of zo. Ja, ik snap dat dat erg vervelend is inderdaad. Maar, hoe lang zijn je moeder en haar vriend nu samen? Ik weet niet, een half jaar of zo het was. Oké. En jij hebt een beetje het gevoel dat hij eigenlijk alles al bepaalt in huis. Ja. Dat zij gaat gewoon een beetje met haar mee. Oké. Ja. En, ehm. Nou, je zegt dat je een beetje een vies mannetje vindt. Kan je daar een voorbeeld van geven? Ja, ik heb gewoon het idee dat hij de hele tijd naar me zit te kijken. En dan als ik uitga of zo, zegt hij, oh, hij ziet er echt sexy uit. Dat was gewoon echt heel vervelend. Dus je kan eigenlijk wel zeggen dat je hem erg ongepast vindt. Ja, ja. En ook als ik langsloop of zo, gaat hij net even zijn hand op mijn schouder leggen. Of net op mijn hump of zo. Dan moet ik hem afblijven. Ja. Maar is dat vandaag ook gebeurd? Ja, en ik had. Ja, nou niet per se vandaag, maar ik had tegen mijn moeder gezegd. En toen zei ze dat ik me gewoon niet zo aan moest stellen. En dat ik gewoon normaal moest doen. Oké. Ja. Dus je weet eigenlijk niet zo goed wat je nu moet? Nee, een beetje ja. Ik ga daar echt niet meer naar terug als zij me niet geloven of zo. En dat hij dan dat gewoon kan doen door mijn moeder echt gewoon te zeggen dat ik het zit te verzinnen of zo. Ja. En heb je daar al met iemand anders over gepraat? Nee, ik vind het best wel moeilijk om over te praten. Straks vindt iemand anders ook dat ik het verzinnen moet. Het is een lastig onderwerp, inderdaad. Ja, daar heb je helemaal gelijk in. Nou ja, dan moet ik zeggen dat ik erg blij ben dat je naar ons toe bent gekomen. En, ehm. Om het even voor mezelf op een rijtje te krijgen. Je ouders zijn gescheiden. Je vader zie je vrij weinig. En je vader heb je eigenlijk het gevoel dat hij geen omkijk naar je heeft. Je moeder heeft sinds een half jaar een nieuw vriend. En die vriend is nogal ongepast tegenover jou. Daar heb je je moeder mee geconfronteerd. Ja. En ik kan je voorbeelden noemen van. Ja, je hebt al gezegd dat hij dan. dat hij zegt dat je. dat je sexy bent. Of dat hij er sexy uitziet. Zeg toch niet? Nee, ja. Ja, dat is een lastig onderwerp. Ik moet zeggen dat ik zelf ook even moet nadenken hoe we hier verder mee moeten. Wat ik in ieder geval uit jouw verhaal begrijp, is dat je je gewoon niet veilig voelt. Daar komt het uiteindelijk op neer, om het even concreet te maken voor mezelf. Heb je zelf een idee wat er aan gedaan kan worden? Ja, hij moet gewoon weggaan eigenlijk. Want anders kan ik niet naar huis. Nee. Oké. Hij moet weg, gewoon. Ja, het moet gewoon opgelost worden. Ik wil gewoon thuis kunnen zijn. Maar het kan niet dat hij er is. Ja. En heb je dat ook met je moeder besproken? Nee, nog niet. Want ze gelooft hem meteen al niet. Dus dan heeft het niet echt zin om dat te zeggen. Ja. Maar hoe ben je tegen je moeder daarover begonnen? Ja, ik was wel naartoe gaan. Ik zei, ja, mama moet je eens horen. Die vriend van jou. Dat kan gewoon echt niet hoor wat hij doet. Dat hij zegt dat ik sexy ben en dat hoort hij niet echt mee te zeggen. Ik zie dat je tussendoor een beetje begint te ginneken op een of andere manier. Ja, een beetje van zinnen bedenk ik. Ja. Gewoon een beetje, ja. Ongemakkelijke situatie. Ja. Oké, dus maar even, we zijn hier natuurlijk om jou, want ik merkte sowieso in het begin al dat je een beetje ongemakkelijk voelde en niet helemaal uit jezelf dingen durfde te vertellen. Heb je wel het gevoel dat je hier een beetje veilig bent? Ja, dat vind ik toch wel een beetje. En ik wil graag met jou gaan kijken naar een oplossing voor dit probleem, in ieder geval. Jij zegt zelf: Ik wil dat hij weggaat. Nou, denk ik. Als ik even zo bij mezelf denk, dat is een beetje een lastige oplossing. Zijn er andere dingen waarvan je zegt: Dat zou ik willen proberen? Ik zou er wel gewoon een keer goed met mijn moeder over willen praten, zonder dat ze meteen gaat roepen dat het niet waar is en dat ik me aanstoot en zo. Dat is gewoon even in de luister. Ja. Oké. Dus met je moeder praten, maar zou je dat willen doen thuis? Of zeg je doe maar een andere situatie? Nou, dan liever niet thuis, maar gewoon ergens anders te kunnen praten. Dat hij er ook niet ineens binnen kan lopen of zo. En zou je daar iemand bij willen hebben? Ja, dat is wel fijn. En ik kan me voorstellen dat ik erbij ben. Dus dat we met je moeder een afspraak maken en dat we met z'n allen even gaan zitten. Want je bent hier natuurlijk niet voor niks gekomen. Dat is één ding dat we vast kunnen stellen. Dan lijkt het me verstandig als we dat doen. Als jij je daar veilig bij voelt als ik erbij ben. Tenzij je zelf zegt, nou. Nee, ik denk dat ik dat wel veilig vind als je erbij bent. Wat wil je tijdens het gesprek van mij dan? Misschien gewoon een beetje mij de kans geven om uit te laten praten, zeg maar. Niet dat moeder het tegenover je gaat. Ja, dus dat je verwacht van mij, je wil dat ik erbij ben om een beetje de orde eigenlijk te houden en jou de kans te geven dat je je ding kan zeggen en dat je moeder je niet onderbreekt. Ja. Oké, nou, ik vind het fijn dat je zelf ook bedacht hebt: van dit wil ik. En daar kunnen wij je hartstikke goed bij helpen en daar zal ik je ook zeker bij helpen. Als jij zometeen het nummer van je moeder even achterlaat bij mij, dan ga ik haar een belletje geven. En dan ga ik even uitleggen wat wij net besproken hebben, namelijk. Gezondheid. Namelijk dat je je niet veilig voelt thuis door het feit dat je vader. of je vader. zie je eigenlijk niet. en dat je moeder, de nieuwe vriend, gewoon naar jouw gevoel, gewoon geen normale dingen doet bij jou. Zoals dat hoort als vriend van je moeder en niet als vriend van jou. Dan zal ik je moeder daar even een belletje over geven. Ik zal nog niet te veel daarvan zeggen. Ik zal aangeven dat je hier behoorlijk over stuur bent gekomen en dat ik graag een mogelijkheid wil om met haar te praten en met jou. En dan stel ik voor dat ik met je moeder een afspraak maak en met jou dat we hier volgende week rond dezelfde tijd nog een keertje afspreken. En dan bespreken we alles nog een keertje met je moeder. Ja, dat is goed. Ja? Kan je daar een vinden? Dat is heel leuk. Mooi zo. Dan zie ik je volgende week. Oké, dankjewel. Alsjeblieft."
vrijheden.mp3,Psychologische gespreksvoering,Cohere Labs Transcribe,38.5,26.002499999999998,100,64.7,9658.3125,9658.3125,134.66905032459934,"Eh, ja. Goedemiddag Lisa. Hoi, ik ben Lisa. Ik ben de verpleegzinnige vandaag. En ik heb gehoord dat jij een gesprek hebt aangevraagd omtrent je vrijheden. Nou, laten we het daar eventjes over hebben samen. Laten we het lekker kort en bondig houden zodat we hier niet te lang mee bezig moeten zijn. We komen er wel uit hoe lang we daarmee bezig willen zijn. Doelen en dan kunnen we het ook lekker beklopt houden. Ja, dat is goed. Ja, laat ik beginnen met vragen. Wel, hoe ben je dit gesprek uitgevraagd? Ja, ik wil het graag over mijn vrijheden hebben. Want die zijn ingetrokken vorige week. En nu moet ik telkens met iemand van de begeleiding boodschappen doen. En dat komt heel vaak niet uit. Dus ja, ik zou graag willen mijn vrijheden weer terugwinnen. En waarom zijn jouw vrijheden ingetrokken toen de tijd? Ja, ik had mezelf gesneden. En waarom heb je dat toen gedaan? Was daar een aanleiding voor? Herbelevingen? Een stemmetje zei dat ik dat moest doen. In welk stemmetje? Het stemmetje waar ik altijd last van heb. Als ik te weinig heb geslapen. En is die dan een tijd weg geweest dat je daarom je vrijheden weer terug had gekregen? Ja, het ging een tijdje weer goed. Alleen nu, vorige week, werd het weer slechter en ben ik me meer gaan snijden. Toen heeft de behandelaar mijn vrijheden weer ingetrokken. En wat is er gebeurd tussen dat het wel goed ging en dat het opeens weer minder goed ging? Een omslag geweest? Is er iets in je persoonlijke leven gebeurd? Ben je misschien middelen, alcohol gaan drinken, gaan gebruiken? Nee. Heb je slecht contact met een van onze medebewoners? Nee, dat gaat eigenlijk allemaal wel goed. Nee, daar hoeft niet aan. Je kan niet bedenken wat er aanleiding is geweest voor de omslag? Nee. Ik slaap wel wat slechter en dan heb ik meer last van herbelevingen. Herbelevingen waarvan? Ja, van. Daar heb ik het liever niet heel erg over, maar meer wat er vroeger is gebeurd na de herbelevingen. Ja, dus wat er in je verleden, in je jeugd is gebeurd eigenlijk? Ja. Oké, daar wil ik het liever niet over hebben. Nee. Helemaal niet. Heb je daar met andere mensen wel over? Ja, met mijn psycholoog heb ik het daar wel over. Zij begrijpt me in ieder geval wel en we proberen er samen wel uit te komen. Oké. Wat je zegt is: je wil weer graag boodschappen gaan doen, alleen en meer naar buiten. Ja. En ik wil eigenlijk aan jullie vragen hoe dat weer een beetje kan doen. Ja. Als we niet weten wat er precies gebeurt in jouw hoofd, dan vinden we het moeilijk om jou zomaar naar buiten te laten gaan. Dus ik denk dat we pas jou weer echt vrij kunnen laten als we er weer vertrouwen dat er niks misgaat. En als je het er niet over wil hebben, dan begrijp ik dat heel goed. Dan zou je het misschien toch wel weer echt goed met je psycholoog moeten gaan bespreken. En dan zouden wij samen met de psycholoog misschien kunnen gaan bedenken wanneer je weer klaar bent om zelf naar buiten te gaan. Want ben je bereid om eraan te gaan werken? Ja, ja. Maar. Wat het is, ik snijd bijvoorbeeld niet. Als ik buiten ben, doe ik het altijd om mijn kamer. Dus ik snap niet zo goed waarom ik dan niet boodschappen mag doen. Ja, er is altijd een risico als je dus suicidaal bent dat het op een gegeven moment op een andere manier gaat gebeuren. En dat is wat wij willen voorkomen, want je zit alleen op je kamer. Waarom alleen op je kamer? Ja, dat is het meest veilige plekje voor mij hier. Dan is het omdat niemand het ziet? Of is het omdat je het eigenlijk niet wil doen? Nee. Nee, het komt gewoon eenmaal op en ik doe dat. Dan moet ik dat doen. Dan is de drang zo groot. Meestal probeer ik het ook wel tegen te houden. Maar de drang wordt zo groot dat ik het toch moet gaan doen. Ja, de drang kan ook een keertje buiten komen en dan kan het ook buiten gebeuren. Ja, maar dan ga ik eigenlijk altijd nog wel naar binnen. Zoals ik het goed begrijp, is je denk dat je vanzelfsprekend naar buiten kan. Ja. Dat het gewoon lukt. Alleen voor ons mag het nog niet. Wat denk je zelf hoe jullie vrijheden terugkomen, krijgen? Hoe heb je dat voorheen gedaan? Ja, door te laten zien dat ik mezelf niet sneed, dan kreeg ik het wel weer terug. Maar hoe lang sneed je dan niet? Ja, dat verschilde wel eens. De behandelaar was daar niet echt de regels voor. Oké. Ja, en als ik eigenlijk liet zien dat het goed ging met me, maar dat hoefde nog niet te betekenen dat het toen de tijd goed ging met me. En dan kreeg ik ze wel terug. Maar ik vind het moeilijk om daar afspraken over te maken over het snijden, omdat dat zo in mij opkomt. En ik zou wel graag gewoon alleen even boodschappen willen doen. En ik denk dat we. dat we wel misschien wat kleine afspraakjes kunnen maken om het op te bouwen. Ik snap ook wel dat jullie misschien wat meer vertrouwen in mij moeten krijgen. Ja. Vind je het goed dat ik het ook met de psycholoog bespreek? Want dan heb ik in ieder geval iemand die weet wat er precies aan de hand is. Dan hoef je het daar niet met mij over te hebben. Misschien vertelt hij mij niet alles, maar in ieder geval weet ik een beetje de achtergrond. Ja, dat vind ik wel goed. Dan kan ik met hem gaan kijken hoe we dit verder gaan aanpakken. Ik bedoel, het liefst bij jou natuurlijk ook zelfstandig naar buiten gaan. Dus dat ik eerst met hem ga praten. Hij kent je ook wat beter. En dan ga ik met hem bespreken hoe we misschien weer inderdaad de stappen kloppen. Plan kunnen opbouwen om jou er zelfstandig naar buiten te laten gaan. Maar dat we dat gewoon langzaam opbouwen. Met kleine stapjes. Dat je eerst eventjes een hondje gaat lopen om het gebouw heen. Vervolgens, dan maak ik er twee. En vervolgens, uiteindelijk, hopelijk weer dat je gewoon je eigen boodschapjes kan doen. Dus is het een idee dat ik volgende week met jou weer terugkom, dat ik deze week eventjes de psycholoog spreek? Ik zou het fijner vinden als het eerder kon. Met ook nieuwe shampoo en zo. Oké, na het weekend kom ik bij jou erop terug. Want nu is hij er niet. Dan spreek ik maandag met hem en dan maandagavond, maandagmiddag, maandagavond kom ik naar je toe. En dan denk jij ook? Ja. Dan heb ik de psycholoog gesproken en dan kunnen we even kijken hoe we het gaan aanpakken. En dan bespreken we het verder. Vindt dat goed? Ja, dat vind ik goed. Oké, dan laten we het voor nu hierbij. Fijn weekend. Dank je wel. Zie ik je op maandag. Oké. Fijne dag."
angststoornis.mp3,Psychologische gespreksvoering,Cohere Labs Transcribe,26.8,25.287999999999997,100,46.84,9658.3125,9658.3125,74.81837778282423,"Goed dat je er bent. Kom binnen. Dank je wel. Martine, hoe was het voor jou om hulp te zoeken? Eigenlijk was het hulp zoeken voor mij niet zo'n probleem. Maar de juiste hulp vinden, dat was echt mijn probleem. Ja. En waar liep je tegenaan? Ja, ik liep tegenaan dat ik bij heel veel therapeuten ben geweest, mindfulness van alles geprobeerd. Maar eigenlijk werd het niet beter, en ging ik steeds meer achteruit en ging steeds meer dingen vermijden. En uiteindelijk durfde ik bijna niets meer. En toen kwam jij uiteindelijk bij ons bij een intensieve behandeling, een driedaagse dagbehandeling. En hoe was dat voor jou? Heel spannend. Vooral het begin, want ik had nog nooit in een groep therapie gehad. Dus dat vond ik heel spannend. Maar dat beviel eigenlijk heel erg goed. En het einde vond ik juist spannend, omdat ik dan dacht: oh, nou moet ik het alleen doen. En dat je vangnet eigenlijk een beetje wegvalt. Zo voelde dat een beetje. Maar dat is allemaal goed gekomen. En tijdens die behandeling, wat vond jij toen het meest spannende stukje? Of wat vond je het meest spannende moment of het moeilijkste moment? Nou, de exposure sessies, individueel en met groep, vond ik heel spannend. Je zoekt dan echt je angst en je paniek op. Maar daarin word je heel goed begeleid om met die angst om te gaan. En daardoor merk je eigenlijk: oh, ik kan dit gewoon aan. Ik kan dit gewoon. Ja. Wat voor soort dingen heb jij dan bijvoorbeeld gedaan? Ja, de lift was voor mij echt een ding. Dat vond ik verschrikkelijk. De eerste dag dat ik hier was, zei ik: kan ik niet meer de trap naar boven? Nee, we gaan de lift in. Met het openbaar vervoer zijn we geweest. Ik heb zoveel dingen gedaan die ik normaal gesproken niet durfde. Medicijnen slikken, dat klinkt raar, paracetamol slikken. Ja, dus dat was heel spannend. En wat heeft jou nou het meest geholpen tijdens die behandeling? Toch wel, ook die exposure, maar eigenlijk alle therapieën wel. Je krijgt van andere therapie heel goed inzicht waar mijn valkuilen liggen. En hoe ik in elkaar zat. Waarvan ik eigenlijk dacht: dat heeft niets met mijn angstdoornis te maken. Maar dat heeft het dus duidelijk wel. Dus dat heeft me heel geholpen om inzicht te krijgen. Waar moet ik aan werken? Ja. En hoe gaat het nu met je? Het gaat heel goed met mij. Er blijven altijd uitdagingen. Maar die ga ik gewoon aan. En mijn leven is nu gewoon weer leuk. En ik heb mijn vrijheid weer terug. Ik doe leuke dingen. Ik onderneem van alles. Ik stap in liften. Dus het gaat eigenlijk heel erg goed met me nu. Wat fijn. Ja, zeker. Super."
intake-bedrijf.mp3,Psychologische gespreksvoering,Cohere Labs Transcribe,29.3,25.41,100,70.9,12046.3125,11759.7525,142.84722732189945,"Frank, fijn dat je bent gekomen. Ben je wel eens eerder bij een psycholoog geweest? Nee, dit is de eerste keer. Oké. Nou, dan is het misschien goed als ik even iets vertel over de manier waarop ik graag werk. Ik wil dit eerste gesprek graag gebruiken voor kennismaking. En kijken met welke vragen je rondloopt en wat er daarbij voor jou meespeelt. Dan kunnen we eventueel daarna vervolgens gesprekken inplannen. waarin we wat beter en dieper in kunnen gaan op de belangrijke aspecten. En ook misschien concreet kunnen kijken naar wat we kunnen doen om je verder te helpen. Hoe lijkt je dat? Ja, dat is goed. Als je nog vragen hebt, dan kun je die nu geruststellen? Nee. Oké, zullen we dan maar gewoon beginnen? Dat is goed. Oké, kun je me vertellen wat je hier heeft gebracht? Nou, ik ben hier eigenlijk op aanraden van een vriend van mij. Daar heb ik eens mee gesproken en die zei tegen me, zoals je nu net zelf, dat de kringetje ronddraait, dat kan gewoon niet meer. En hij vond dat ik maar eens moest gaan praten. Een kringetje ronddraait? Nou, ik loop al een tijdje met het idee rond om een eigen bedrijf te beginnen in automatisering. Ik doe automatiseringsprojecten. Ja, en dan ga je wel eens denken hoe je dat wilt. Nou, ik heb nu ook best een leuke baan. Maar op een gegeven moment ga je wel denken: ik moet maar eens wat anders. Dus je hebt het wel een beetje gezien in je huidige baan? Ja. Ja, en dan ga je op zoek naar een nieuwe uitdaging. En een eigen bedrijf leek me eigenlijk een hartstikke goed idee. Dus dan. Toen heb ik er met mijn vriendinnen over gesproken, en met mijn ouders en met vrienden. En eigenlijk was iedereen ontzettend enthousiast. Dus je kreeg veel steun uit je omgeving? Ja. En dan zet je een volgende stap. Dan ga je naar de Kamer van Koophandel. En daar heb ik een starterspakket aangevraagd. Een cursus gevolgd, een compleet ondernemingsplank geschreven en met banken gepraat. Dus de plannen zijn eigenlijk best al ver gevorderd. Ja, ik ben zo al een tijdje bezig. Een jaar of wat bezig met het opzetten van een eigen bedrijf. Misschien nog wel iets langer. Oké. En sinds een paar maanden zijn er wat dingen veranderd. En daardoor vraag ik me nu af of die dingen, die plannen die ik had, of die nog wel kunnen of niet. Je zegt dingen veranderd? Nou, sinds een maand of wat is bekend dat mijn vriendin zwanger is. Daar schrok je van, die verandering? Nou ja, daar schrokken we allebei nogal van. Daar hadden we niet op gerekend. En dan veranderde er gewoon heel erg veel. Jullie hadden het allebei niet verwacht. Kun je daar iets meer over vertellen? Hoe ging dat? Tja, Carolien had keurig de pil geslikt. Had hem niet vergeten of te laat ingenomen of zo. En toen werd ze niet ongesteld. Dus toen hebben we een zwangerschapstest gedaan. En toen zaten we naar de uitslag van die test te kijken. Je kon eigenlijk je ogen niet geloven. Nee, dat was te gek voor woorden. Oké. Om even kort samen te vatten. Je hebt eigenlijk hele serieuze plannen om een eigen bedrijf te beginnen. Daar kreeg je veel steun uit je omgeving en daar was je ook echt al een eind mee. En nu is je vriendin plotseling zwanger en nu komt het even op losse schroeven te staan. Klopt dat? Ja. Misschien is het goed om nog even terug te pakken over je plannen voor een eigen bedrijf. Om daar iets dieper op in te gaan. Je zei net dat je ouders er enthousiast over waren en je vriendin ook. Ja, mijn ouders hebben een eigen bedrijf. Mijn vader geeft autorijlessen en heeft zelf een hele rijschool opgezet. Dus ik ben als het ware groot geworden met dat idee van een eigen bedrijf. Dus toen ik bij mijn vader met dat idee aankwam, had hij zoiets van: ja, natuurlijk, dat is een hartstikke goed idee. En je vriendin? Ja, die was eigenlijk ook heel enthousiast. Ze werkt fulltime. Ze is unit-hoofd van een verpleegafdeling. En zij vindt een goede baan en een uitdaging ook heel belangrijk. Dus toen ik bij haar met die plannen aankwam, had zij zoiets van: ja, dat is echt iets voor jou. Dus, vanuit je omgeving kreeg je steun voor die plannen. Je gaf net aan dat de zwangerschap was onverwacht. Dat was echt een verrassing. Kun je me vertellen wat dat verder teweeg heeft gebracht? Nou ja, het was voor Carolien ook wel even schrikken. Ze werkt fulltime. Ja, als ik dat dan zo mag zeggen, dan komt die zwangerschap ook niet echt goed uit. En nu met die plannen, dan is het eerst wel even schrikken. Oké, even schrikken. Maar hoe is dat nu? Nou ja, het zet de dingen wel een beetje op zijn kop. En Carolien is nu langzamerhand wel zover dat ze het ziet zitten. Die heeft zoiets van dan gaan we allebei vier dagen werken en dan vangen we het samen wel op. Oké, dus Carolien ziet het nu wel zitten. Ja. En heeft ook al wat concrete ideeën over hoe jullie het zouden kunnen aanpakken. Ja, die begint er onderhand wel warm voor te draaien. En jij? Nou ja, kijk, het feit dat die zwangerschap er is. dat eigen bedrijf kan ik nu wel vergeten. Ik moet nu helemaal opnieuw beginnen. Dat klinkt een beetje bitter, zoals je dat nu zegt. Ja. En ik hoor je ook zeggen. Ja, als het kind komt, dan kan eigen zaken gewoon niet doorgaan. Nee, ik vind dat als je iets doet, dan moet je het wel goed doen en anders niet. Dat doe ik binnen mijn werk nu ook. En een eigen zaak moet je helemaal zelf doen. En een kind moet je juist goed doen. Nou, dat botst. Ja, dat kan voor jou niet samengaan, een eigen zaak en een kindje. Nee, dan raffel je het af. En dat kan met een eigen zaak niet en met een kind al helemaal niet. Je voelt je verantwoordelijk. Ja, een kind is niet iets wat je ernaast neemt. Nou, je zegt van dan moet ik helemaal opnieuw beginnen. Wat bedoel je dan? Ja, wat bedoel ik eigenlijk? Dat weet ik eigenlijk niet. Die baan die ik nu heb, daar heb ik in zekere zin al afscheid van genomen. Dus daar blijven, dat heeft geen zin meer. En een nieuwe baan, dan werk ik weer onder een baas. En dat wil ik juist niet meer. Ik wil eigen baas zijn, eigen bedrijf beginnen. Iets van de grond af aan opbouwen. Iets waar je trots op kunt zijn? Ja, precies. Oké. Om het even op een rijtje te zetten: je wilde een eigen bedrijf starten. Kreeg daarbij ook veel steun van onder andere je ouders en ook van Carolien. Sinds de zwangerschap een feit is, loop je eigenlijk rond met het idee dat het. Dat het eigenlijk niet meer kan, want je zegt een kindje en een eigen bedrijf dat kan niet samen. Want dan heb je het gevoel dat je een van de twee niet goed zou doen en dat zou je heel erg vinden. Dat betekent dus eigenlijk dat je het eigen bedrijf niet door kunt zetten en dat is voor jou heel onbevredigend, want je had echt behoefte aan een nieuwe uitdaging, aan die voldoening. Klopt dat? Ik zit te denken, heb je het onlangs nog met Carolien over die plannen gehad? Je zei van nou, ze was eerst heel enthousiast ook en hoe is dat nu? Ja, ze steunt me nog wel steeds. Maar ze is steeds meer bezig met dat kind. Oké, je zegt ze steunt me nog steeds. Hoe bijvoorbeeld? Nou, zij vindt dat idee van een eigen bedrijf nog steeds een heel goed idee. Ze verklaart me niet voor gek of zo. Dat noem ik wel steun. Oké, maar de manier waarop je het zegt, dan heb ik het gevoel dat je het er misschien niet echt onlangs meer over gehad hebt. Klopt dat? Nee, de laatste tijd niet meer zo. Hoe komt dat, denk je? Nou, dat heeft niet zoveel zin meer. We hebben er heel veel over gesproken. En zij is heel erg met die zwangerschap bezig. Ja. We hadden gewoon heel erg zin in dat bedrijf, samen. We zijn er heel lang mee bezig geweest. En ik had het gevoel dat we er echt aan toe waren. Samen, Carolien ook. En dat vind ik eigenlijk nog steeds, dat wij dat bedrijf moeten. Nou, dat maakt het nu erg lastig. Misschien is het goed om even in te gaan op de gevoelens die deze situatie eigenlijk teweeg hebben gebracht. Kun je me vertellen hoe je je nu voelt nu je in deze situatie zit? Ja, ik vind het gewoon erg vervelend. Het hele idee dat dat bedrijf niet door zou kunnen gaan. En ik begrijp ook niet waarom zij niet zo enthousiast meer is. Want ik vind wel, als je zoiets doet, dan moet je het samen doen en anders niet. En ik had het gevoel dat dat zo was, maar. maar blijkbaar niet. Je voelt je in de kou staan? Ja, ik heb nu het gevoel dat ik alles alleen moet doen. Als het al zou kunnen, zo'n eigen bedrijf. En dat had ik niet verwacht. Je bent teleurgesteld? Ja, ik vind als je iets doet, dan moet je het gewoon goed doen en anders niet. En ja, dit eigen bedrijf, dat kan ik nu wel vergeten. Ben je ook boos op Carolien? Zij doet er eigenlijk makkelijk over en jij wil eigenlijk nog wel heel graag door. Ja, natuurlijk ben ik boos. Ze zet me voor het blok. Hoe bedoel je? Nou. Toen we het net wisten. toen heb ik het over een abortus gehad. En helemaal niet zo van dat ze het weg moest laten halen. maar toen werd zij ontzettend kwaad. En ze maakte me uit voor idioot en egoïst. En het was helemaal niet zo dat ik die abortus gewild had. Carolien en ik hebben het wel eens over kinderen gehad. Ik hou gewoon heel veel van haar. Alleen. We wonen net samen. En we hebben plannen om een eigen huis te gaan kopen. En dan. ja, we hadden wel allebei het gevoel dat dat. Dat het een stukje compleet is als we daar ook een kleintje bij zouden hebben. Alleen niet nu. En door hoe zij nu reageert, heb ik het gevoel dat ik daar geen inspraak in heb. Je voelt je machteloos. Ja, en daar baal ik van. Ik denk dat dat ook het kringetje is waar we het aan het begin over hadden. Je wil een eigen zaak. Daar was je ook al ver mee. Ook samen met Carolien. Je kreeg steun van je omgeving. Dat was erg prettig. Nu is Carolien plotseling zwanger. en is er voor jou geen ruimte meer voor die eigen zaak. En dat maakt je teleurgesteld en boos. Ook op Carolien. En. Nou, tegelijkertijd hou je ook heel veel van haar. En hebben jullie echt plannen om samen een toekomst op te bouwen? Waardoor jij het gevoel hebt dat je geen kant op kan. En dat je klem zit. Hoe zie ik dat goed? Hoe zie je dat zelf? Ja. Ik heb nu gewoon niet het gevoel dat. Ik weet nu gewoon niet hoe dat nu verder moet. Enig idee hoe je uit het kringetje zou kunnen komen? Heb je daar zelf ideeën over? Nou, nee. Ik had geloofd dat jij misschien wat ideeën aan de hand zou kunnen doen. Oké, nou je vraagt nu eigenlijk aan mij een pasklare oplossing. Ik denk dat dat goed is dat ik daar iets over zeg. Ik kan geen pasklare oplossing of suggesties aanbieden, omdat ik weet niet wat voor jou en Carolien het beste of het belangrijkste is. Wat ik wel kan doen, is met jou kijken naar dingen die me opvallen in het gesprek, een aantal punten. En dat we het daarover hebben en kijken of daar misschien iets in zit waarmee je verder kunt komen. Wat vind je daarvan? Gezien de tijd lijkt het me goed als we gaan afronden. Ik heb net al even kort samengevat. Een aantal dingen die me zijn opgevallen is dat je heel stellig zegt: een eigen zaak en een baby, een kind, dat gaat niet samen. Voor de volgende keer zou ik graag willen dat je nadenkt of er eventueel een manier is waarop een kind en een eigen zaak toch gecombineerd zouden kunnen worden. Misschien dat daar iets in zit waar we mee verder kunnen komen. Is dat goed? Nou ja, we hebben het ook even gehad over Carolien. En dat je de laatste tijd het niet meer zo gehad hebt over die eigen zaak. Misschien kun je eens nadenken over wat je zou willen zeggen tegen Carolien in zo'n gesprek. En hoe je ook denkt dat zij daarop zou reageren. Ja? Ja, dat is goed. Oké. Nou, het doel van ons eerste gesprek was eigenlijk om kennis te maken. En wat zicht te krijgen op wat er speelt. In hoeverre denk je dat dat is gelukt? Ja, dat weet ik niet. Ik heb wel het idee dat het goed is geweest om erover te praten en hier te komen. En er niet zelf mee aan te zitten modderen. En er is inderdaad nog geen pasklare oplossing boven komen drijven. Maar misschien is dat ook al te veel gevraagd voor nu. Dat denk ik ook. Het lijkt me goed om voor volgende week misschien een afspraak in te plannen. En dat we er dan een uur voor uittrekken. Zou een donderdag bijvoorbeeld om vier uur goed zijn? Ja. Oké. Oké."
baan.mp3,Psychologische gespreksvoering,Cohere Labs Transcribe,26.8,25.400000000000002,100,72.59649122807018,14770.3125,14435.786184210527,139.44827107012358,"Hallo, welkom. Goedemiddag. Goedemiddag. Je bent vandaag gekomen omdat je mogelijk moet kiezen tussen twee banen. Je hebt in ieder geval een nieuwe baan aangeboden gekregen. Ja, klopt. En wat zijn je twee banen precies? Nou goed, ik werk nu bij het distributiecentrum van de Albert Heijn. Die bevindt zich op het Industrieterrein in Zwolle. En ik heb een baan aangeboden gekregen als luchtverkeersleider op Schiphol in Amsterdam. Aangeboden gekregen omdat ik contacten heb op Schiphol. Ik heb daar al eerder een keer gewerkt, maar dan een andere tak. En nou goed, via-via heb ik contact gehouden en toen is me dit. Nou ja, eigenlijk bovengekomen. Nou, supertof. Kijk, het gesprek van vandaag gaat ongeveer 10 à 15 minuten duren. Het doel van het gesprek is niet best dat je een keuze moet gaan maken of zo in je baan, want dat zou je uiteindelijk toch wel zelf moeten doen. Het zal vooral zijn dat je iets meer voor jezelf idee krijgt wat voor jou belangrijk is en aan de hand daarvan een keuze kunt gaan maken, mogelijk. Oké. Dat is het ook aan het einde van het gesprek kan zijn. Als je nog iets gaat over de spreker, is dat ik vaak aangegeven dat we een paar minuten hebben. Ja, fijn. Sowieso de eerste vraag van vandaag: hoe sta je vandaag erin op die schaal van 0 tot 10? Geluk je ongeveer bent vandaag? Ben je heel gelukkig, heel ongelukkig? Ehm, ja, eigenlijk een vierde denk ik. Ik heb net een drukke werkweek gehad, dus in Zwolle bij de Albertijn. En daar is het eigenlijk best wel stressvol. Nu vanwege corona staat er natuurlijk heel veel druk op het distributiecentrum. Ehm, maar ik heb af van de weken niet zo'n leuk gesprek gehad met een van mijn collega's. Dus ja, ik heb een drukke werkweek gehad die niet zo leuk is geëindigd. En daar ben ik eigenlijk, voel ik me niet echt lekker over in mijn hum. Ja, nou oké. Kun je uitleggen hoe je dit met voel? Dat heb ik natuurlijk net gedaan. Als je nu een keuze moet maken op je gevoel, waar zou je. Wat zou je dan doen? Voor welke baan zou je dan gaan en waarom zou je dan die keuze maken? Nou, daar zit ik dus heel erg mee en dat vind ik best wel moeilijk. Want het liefst. Ik ben een type die het fijn vindt om verder te kijken dan waar ze nu zit. Ik vind het leuk om nieuwe uitdagingen op te zoeken, et cetera. Maar daartegenover ben ik ook best wel een beetje onzeker. Dus ik zit bijvoorbeeld nu gewoon goed. Waarom zou ik dat. voor mijn gevoel mijn eigen ruiten in gooien, zeg maar. Dat is dus een beetje waar ik tussen schommel. Maar goed, dat ik net zo'n drukke werkweek heb gehad en geen leuke gesprekken heb gehad. Nou, op Zootje heb ik gehad daar, dan is eigenlijk de keuze voor mij wel vrij duidelijk om voor die andere baan te kiezen. Maar goed, dat is zoveel meer verantwoordelijkheden, zo'n grotere uitdaging, dan ga ik daar dus ook weer over twijfelen. Dat heeft dus ook te maken met mijn vier. Het zit daar gewoon. Ik zit gewoon heel erg mee in een dilemma bij jezelf. Ja. Oké, dat is wel duidelijk. Heb je voor jezelf een lijstje gemaakt toevallig met de voor- en tegens of zo, wat dan wel mee zou kunnen werken? Nee, ik krijg het wel vaak als tip. Ik heb ook al met mijn thuisgevond erover gepraat, maar ik vind het altijd een beetje lastig. Ik doe dat vaak in mijn hoofd. Wat resulteert dat ik dus helemaal vol in mijn hoofd zit. Dat het hou ik het echt niet echt overzichtelijk. Dus nee, op papier heb ik eigenlijk nog niks gezet. Als je zo ze nu zou kunnen benoemen, wat zou jij dan het belangrijkst vinden aan je werk? Nu bij de Albertijn of in het algemeen? In het algemeen. Vroeger heb je beschikbare bijbaantjes gehad. Wat vond je vroeger het leukste bijbaantje en zou je het kunnen uitleggen waarom je dat dan het leukste bijbaantje vond? Ik denk dat mijn leukste bijbaantje degene was tijdens mijn studie, Mise en Place. Dat was namelijk een bedrijf dat heel erg in de krachten van de mens geloofde. Als in van als je ergens voor wil gaan, want als je iets leuk vindt, dan wil je er ook voor gaan. Dus wij geloven jou, zeg maar. Dus dan geef je die kans. En dat vond ik eigenlijk het leukst. Dus ik vind het leukst om mezelf te kunnen bewijzen ergens, want daar haal ik mijn eigen energie en motivatie vandaan. Altijd een beetje te willen presteren. En dat is dus eigenlijk ook waar ik wel op zoek naar ben. Maar wanneer een uitdaging dus te groot wordt, dat ik me misplaats ook wel eens heb gehad, dat ik toen toch iets te veel woorden voor ik nam, krijg je dat toch ook wel snel in je privé situatie te voelen, eigenlijk, te verduren. Ja, dus je wil graag heel. Je wil veel presteren, maar je wil uiteindelijk ook niet over je max heen gaan en daar wel goed controle in kunnen houden voor jezelf. Juist, ja. Nou, tof. En hoe zit het nu dan bij je huidige baan? Heb je het gevoel dat dat allemaal kan? Nou, nee, eigenlijk niet echt. Want het is daar goed georganiseerd nu en alles loopt. Maar het is best wel een beetje ouderwets geworden. En ze werken nog niet echt met de nieuwe systemen die nu bijvoorbeeld bedacht zijn. Wat bedoel je, ouderwets? Qua hiërarchie? Ook, ja, ze hebben best wel veel. Ja, inderdaad, gewoon echt een piramide qua hiërarchie. Maar ook best wel verouderde systemen al. Er is al genoeg. Opnieuw ontwikkeld in de logistieke wereld, maar daar maakt ze nog geen gebruik van. Terwijl ik denk, als je dat wel gebruikt, dan kun je het veel sneller en veel beter. Maar mijn mening wordt daarin in die zin niet echt gehoord. Dus ze blijven een beetje achter of zo. En dat, ja, dan kan ik mezelf ook niet meer verder ontwikkelen. Dan kan ik niet meer mezelf bewijzen, want ik word niet serieus genomen in die zin. Ja, vind ik vervelend? Ja, eigenlijk wel. Dan denk ik ook een beetje van, nou ja, als jullie het niet belangrijk vinden, dan vind ik het ook niet belangrijk. En dan ben ik een type die dan snel met zijn pet ernaar gaat gooien. En dat is niet hoe ik wil zijn. Oké, dat is wel duidelijk. Dus je weet van jezelf eigenlijk wel hetgeen wat je graag zou willen. Ja. Maar je weet niet zo goed of je dat daadwerkelijk gaat krijgen bij een ander bedrijf. Of is het vooral de zekerheid die je op dit moment nog hebt binnen je eigen bedrijf, wat je niet zomaar wil weggooien? Een beetje van beide. Ik weet natuurlijk nu dat ik hier eigenlijk in principe goed zit. En als ik naar een ander bedrijf ga waarvan de uitdaging veel te groot is, of dat er toch te veel op mijn pad komt, dan kan ik me daar niet gelukkig voelen. Nog ongelukkiger dan ik me misschien op dit moment nog ga voelen daar waar ik nu zit. Ja. Maar goed, dat is juist ook hetgeen wat ik vervelend vind, wat er dus nu. Om die reden staat dus de Albert Heijn ook stil. Ja. Wat is de reden dat je überhaupt aan het werk bent? Is daar een speciale reden voor dat je werkt? Ik vind het fijn om bezig te zijn. Om me kennen en kunnen ergens te laten zien. Ik vind het ook fijn om van toevoeging te zijn. Ja. Schoon het geaccepteerd worden binnen een bepaald iets. En ook dat werkelijk het idee hebben dat je nuttig bent in de maatschappij. Daarnaast is geld natuurlijk ook belangrijk. Ja, ja. Ja, snap ik. Oké. Maar dat is ook wel een deel voor het geld. Hoe ver is de extra fysieke motivatie? Dus dat je van buitenaf middelen krijgt, toegrijpen in dat geld. Hoe ver vind je dat belangrijk? Of vind je het belangrijk dat je het daadwerkelijk leuk hebt op je werk? Of is het echt het loon wat je dan vrijgeeft? Nee, intrinsieke motivatie vind ik echt veel belangrijker. Want als het qua loon lager zit of hoger zit, ja, dat is natuurlijk lekker, maar daar haal ik mijn energie niet uit. Ja, dus dat zit verder geen keuze in voor jezelf? Nee. Zijn er bepaalde dingen die je moet ondernemen om daadwerkelijk aan de slag te kunnen bij Schiphol? Ik woon natuurlijk in Hardenberg en Schiphol is in Amsterdam. Er staat elke dag ontzettend veel file en de treinen zitten bomvol. Dus eigenlijk is de enige manier wanneer ik daar met gemak wil werken, is dat ik daar ook daadwerkelijk ga wonen. Op Schiphol verdien ik wel meer, er zit wel een verschil in. Maar goed, ik ga dan natuurlijk naar Amsterdam toe, dus daar is dan de huizenprijs en het leven is daar een stuk duurder. Dus in die zin ga ik eigenlijk zelf een stapje omhoog. Ja, oké. En hoeverre vind je dat lastig om mogelijk een leven hier achter te laten en daar een nieuw leven op te moeten starten? Nou ja, dat vind ik dus ook best wel ingewikkeld. Puur want ik weet dat ik er zie en nu gelukkig ben en ik moet daar totaal nieuwe mensen gaan leren kennen. Een hele andere omgeving, met andere dynamiek tussen mensen. Het zijn allemaal andere types daar, althans, dat denk ik. Heb je dat eerder moeten doen? Een nieuw leven ergens moeten opbouwen, toevallig? Nou ja, toen ik op kamers ging. Maar goed, ook ga je een studie beginnen, dus dan kom je automatisch in een hele grote groep met mensen die daar allemaal nieuw zijn. Dat is dan toch anders dan wanneer jij voor je gevoel als laatste ergens bij een bedrijf binnenkomt. Om mensen die je niet kent, terwijl zij er al 30 jaar zitten bij te spreken. Ja, dat is op zich wel logisch. Als je zoveel scholen praat, heb je dan enig idee of je al een voorkeur hebt voor een bedrijf? Of moet je daar echt nog wel over nadenken? Nee, als ik het uitspreek en als ik er ook over nadenk, dan overheerst toch wel de gedachte om naar Amsterdam te gaan. Maar ik heb altijd een engeltje en een duigeltje op mijn schouder zitten en die schreeuwen allebei tegelijk in mijn oor. Dus wanneer ik dan blij ben met het idee over dat ik, of in ieder geval, wanneer ik dan enigszins de keuze heb gemaakt om rondom toch naar Amsterdam te willen gaan. Dan schreeuwt die duivel altijd in mijn oor met: Nee, dat moet ik niet doen, want je bent niet goed genoeg ervoor. Ja, dus vooral de prestatiedruk is ook datgene wat je misschien tegenhoudt, omdat je daar meer verantwoordelijkheid zou krijgen. Juist. Dat is op zich wel lastig voor jezelf. Ja. En die prestatiedruk, is dat nu hetgene wat je bij de Albert Heijnand niet hebt voor je gevoel? Dus dat je daar aan de top van je kunnen zit? Of heb je daar juist het idee van: Ik kan nog wel meer als ik de kans er maar voor krijg? Een beetje van beide. Ja, een beetje van beide, want ik kan daar veel meer, ik kan mezelf veel meer laten zien, maar zij houden mij tegen. Ze staan er niet voor open, ze willen me niet die kansen bieden. Dus dan zit ik nu aan de top van mijn kunnen. Namens hen, zeg maar. Maar als zij wel openstaan voor nieuwe ideeën, dan kan ik daar ook mee aan de slag. Maar goed, ik werk daar nu inmiddels al tien jaar. En ik heb er al vijf jaar over gesparkt met mensen en die ideeën ingebracht. En daar wordt gewoon al vijf jaar niks mee gedaan. Op een gegeven moment dacht ik bij mezelf: nou ja, joh. In hoeverre ben je er zelf wel tegen aangelopen dat er dingen gebeuren. Die voor jezelf misschien boven je pet gaan en denkt: ik kan me op dit moment even niet aan. Hoe ga je daarmee om, normaal gesproken? En heb je dat binnen een bedrijf wel zou kunnen? Binnen Schiphol? Nou ja, ik denk binnen Schiphol, daar werken natuurlijk zo ontzettend veel mensen uit allemaal verschillende disciplines. Dus daar staan denk ik veel meer mensen open voor nieuwe ideeën, andere gedachten, andere structuren en zo. Dus ik denk dat ik daar wel mee aan de slag kan. Andere vraag wat ik heb vergeten? Ja, bij mijn vader moet ik niet twee vragen tegelijk stellen. Nee, of jij denkt dat mensen in Schiphol jou kunnen opvangen en hoe zullen ze daarmee omgaan op het moment dat jij wel iets te veel gooipje voor neemt? Nou ja, daar is het natuurlijk wel, de werktruk ligt daar erg hoog. Ik ben vast niet de enige die op Schiphol wil werken. En daar is de prestatietruk misschien nog een stuk hoger. Dus ik denk in die zin dat ik daar wel moet presteren en misschien mezelf ook een keertje op een tweede plek moet zetten om mijn werk op de eerste plek te zetten, om mezelf in ieder geval te bewijzen. Ja, en hoe sta je daarin dan? Vind je dat. Lastig, vind je dat moeilijk? Nee, ik vind het eigenlijk best wel leuk als ik maar weet dat er een bepaalde. dat het een keertje ook voorbij is of zo. Of dat ik voor mijn gevoel dat wel een keertje kan inhalen. Niet dat ik altijd achter de feiten aanloop. Oké. En zijn er dingen waar je mee al gespannen hebt toevallig met je bedrijf, Schuppel? Of je daar al over gehad hebt? Ja, ik ben al een keer op een kennismakingsgesprek geweest. En ik denk dat het wel pittig wordt en ook wel aanpoten wordt, maar wel op een leuke manier. Dat het wel iets is waar ik ook voor zou willen gaan. Ja. Maar goed, dat ik daardoor wel het eerste jaar dat ik daar ben. wel iets harder moet werken dan de mensen om me heen. En zou je zo'n investering willen en kunnen maken? Ja, maar dan is het daarentegen wel lastig om dan ook nog in een nieuwe omgeving te zitten met allemaal mensen die je niet kent. Want dan is je werk-privébalans daarmee ineens heel anders. Dus daarin moet ik voor mezelf dan een goede structuur gaan aanbrengen in mijn agenda. Denk ik, om daar ook ruimte te maken voor mijn privé-tijd. Dus eigenlijk is het voor jezelf discipline of niet? Ik denk het wel, eigenlijk. Heb je voor jezelf een beetje duidelijk gekregen wat voor jou de belangen zijn en wat jij belangrijk vindt binnen een baan? Nu tijdens het gesprek? Ja, dat denk ik wel. Wat zou dat zijn voor jezelf? Nou ja, dat ik gehoord word en dat ik in ieder geval mezelf kan laten zien tijdens mijn werk. Ja, als ik het zo een beetje mag samenvatten aan het einde, dan merk ik vooral dat je belangrijk vindt om verder te kunnen voor jezelf, voor je eigen ontwikkeling. Dat je niet wil worden tegengehouden in bepaalde ideeën en gedachten die je hebt. Dat er in ieder geval naar geluisterd wordt en of er werkelijk keuze wordt gemaakt. Is dan weer aan het bedrijf zelf, natuurlijk. Maar dat je het ook wel spannend vindt om ergens weer wat nieuws in te stappen. Maar dat het uiteindelijk veel voor kan gaan zorgen dat je uiteindelijk gelukkiger wordt en dat je daarvoor wel flink moet investeren. Als ik zou denken, zou dat de overweging moeten zijn voor jezelf die je moet maken. Goed bij jezelf blijven en nadenken wat jij zelf zou willen. En zorgen dat je in ieder geval bij jezelf blijft en daar een keuze van gaat maken. Dat zijn mijn tips. En ik ben heel benieuwd wat je daarin gaat kiezen. Je begon net het gesprek met of ik al zo'n lijstje heb gemaakt op papier. Denk je dat dat nog iets is om nog eens te kunnen doen? Dat zou altijd kunnen werken voor jezelf. Maar zoals ik jou nu al praat, zijn vooral de gevoelens die je zelf hebt het belangrijkste. Dus of we dan daadwerkelijk de feiten die je in zo'n lijstje gaat zetten, daar tegenover zetten, of dat heel relevant is, dat weet ik niet. Dat denk je vooral voor jezelf. Als je zoiets zou doen, moet je niet gaan nadenken of de feiten direct een voor of tegen is. Maar meer het gevoel wat jij bij dat feit hebt en daar de waarde aan geven. Want voor de een kan een loodsvolume voor 1000 euro heel veel toegevoegde waarde hebben. En voor jou is blijkbaar het heel veel toegevoegde waarde om jezelf te kunnen uiten en jouw ideeën door te kunnen laten stromen. Dus als je zoiets doet, ga er niet een 1 voor tegen 1 tegen afstrepen, maar geef daadwerkelijk waarde aan je voor of tegen die jij hebt neergezet. Oké. Ja? Ja, bedankt voor vandaag en tot de volgende keer. Ik zie het factuur wel voorbij komen. Dat komt helemaal goed."
antidepressiva.mp3,Psychologische gespreksvoering,Cohere Labs Transcribe,27.9,25.46888888888888,100,68.17777777777778,14770.3125,14770.3125,141.66155051098164,"Hey Loen. Hey Kim. Ik wil even iets met je bespreken. Want ik denk ergens al een tijdje over na. En ik weet niet zo heel goed wat ik moet doen. Oké. Nou ja, tuurlijk kan je dat met me bespreken. Ehm. Je klinkt wel serieus. Wat is er aan de hand? Nou, het gaat over mijn antidepressiva. Want eigenlijk wil ik ermee gaan stoppen. Oké. Nou ja, je overdondert me wel een beetje ermee. Ehm. Ja, je antidepressiva, ik weet dat je dat wel heel lang slikt. Hoe komt het dat je ineens zo stoppen? Ja, ik slikte nu al bijna drie jaar. En toen ik ze begon te nemen, was ik echt in een hele depressieve periode in mijn leven. En alles voelde zwaar en hopeloos. Ik had gewoon echt het gevoel dat ik niet verder kon. De pillen hebben me er toen wel echt doorheen geholpen, maar. Ik weet nu niet. Ik voel me anders. Oké, ja, ik snap dat je daar wel over na hebt gedacht. Kan je mij wel vertellen wat je bedoelt met anders? Ik voel me gewoon niet meer echt zoals ik me toen voelde. Toen ik ze begon te nemen. Het is moeilijk om uit te leggen, maar het is alsof ik afgevlakt ben. Begrijp me niet verkeerd. Ik ben niet meer zo somber als toen. Maar het is ook niet alsof ik echt blij of enthousiast kan voelen over dingen. Alles is gewoon neutraal en dat kan best wel frustrerend zijn soms. Het voelt alsof ik een deel van mezelf gegaan ben. Ja, dat klinkt best wel moeilijk, Loon. Maar denk je niet dat het soms juist goed is om stabiel te zijn? Want ja, die neutraliteit misschien helpt hij je ook wel weer om niet weer in zo'n zware depressie te komen? Dat dacht ik eerst ook. Maar naarmate de tijd verstrijkt, begin ik me af te vragen of ik niet gewoon gewend ben geraakt aan het gevoel van stabiel zijn zonder echt. Te ervaren wat ik wil ervaren. Het voelt een beetje alsof ik niet meer volledig mezelf ben. Weet je, ik kan me de laatste tijd, de laatste keer dat ik echt oprecht gelukkig was, gewoon niet meer herinneren. En daar maak ik me een beetje zorgen om. Ja, Loen, dat klinkt inderdaad best wel moeilijk. Heb je dit ook al met je arts besproken? Zelf even kan of zou moeten beslissen. Ja, ik heb voor binnenkort een afspraak staan. Maar tegelijkertijd wil ik wel met iemand praten die me beter kent. Zoals jij. Die begrijpt wat ik doormaken. Mijn dokter ziet me echt maar een paar keer in het jaar. En hij ziet het alleen maar medisch. Maar jij ziet me ook wel. Ja, dat klopt wel. Ja, en ik zie ook wel hoe je ermee bezig bent. Hoe je een beetje worstelt ermee. Maar ja, ik heb ook wel gezien van hoe ver je gekomen bent. Ja, dat is echt al een paar jaar geleden. Maar ik kan het me nog heel goed herinneren. Want het was best wel moeilijk om je zo te zien dat je zoveel pijn had. En ja, het idee dat je daar misschien wel weer naar terug zou kunnen vallen. Ja, in zo'n depressie. Ja, als ik daarover nadenk, vind ik dat toch wel heel erg moeilijk. Dat begrijp ik ook. En ik wil echt niet terug naar het gevoel. Maar ik vraag me af: als ik niet eens meer echt kan voelen, wat voor leven is dat dan? Wat is het verschil tussen pijn niet voelen en helemaal niets voelen? Ik wil het risico nemen om weer te voelen, zelfs als dat betekent dat ik ook verdrietig voel. Jeetje. Ja, nogmaals, het klinkt gewoon best wel heftig. Ja. Zeg je nou dat je het gevoel hebt dat je denkt dat je bepaalde emoties niet kan voelen? Nou, precies dat eigenlijk. Ik zie mensen om me heen genieten van de kleine dingen. Zelfs hun verdriet lijkt echt. En ik voel me gewoon afgeplakt. Ik weet dat dat een deel is van hoe de medicijnen werken, maar soms heb ik het gevoel dat ze me meer wegnemen dan dat ze me helpen. Hallo, en het klinkt alsof je worstelt met de vraag. Of het mogelijk is om jezelf terug te vinden en dan zonder de medicijnen. Maar heb je wel een beetje nagedacht wat er kan gebeuren als je wel stopt? Want ja, het is niet zomaar iets. Ja, er kunnen veel dingen bij komen, zoals ontwenningsverschijnselen. Ja, en dan is er ook het risico dat je je toch wel slechter kan gaan voelen. Ja, ik heb wel gelezen over de ontwenningsverschijnselen en daar ben ik ook best wel bang voor eigenlijk. Ik wil niet van de een op de andere dag gelijk stoppen. Maar er is ook een deel van mij dat zegt: dat ik op een gegeven moment moet leren om zonder de medicijnen te kunnen leven. Gewoon het leven zelf aangaan zonder dat chemische vangnet. Anders, hoe weet ik dan ooit wie ik echt ben? Ja, zoals je het nu zegt, ik begrijp wel wat je bedoelt. Volgens mij wil je gewoon weten wie je zelf bent, wie je eigen ik is. Zonder al die medicijnen in je lichaam. Maar ja, dan blijft het toch de vraag: is dat nu wel het juiste moment om dat uit te zoeken? Kijk, je bent net met een opleiding gestart. En ja, je hebt een nieuwe relatie net. Er zijn wel heel veel dingen die heel veel aandacht van je vragen. Ja, ik weet niet of er ooit echt een goed moment is. Want er zullen altijd dingen zijn die druk op je uitoefenen, toch? Misschien moet ik gewoon de sprong wagen en kijken hoe het gaat. Ik kan altijd weer beginnen als het echt niet lukt. Ja, maar soms. Ja, dat is ook wel. Nee, laat ik het anders zeggen. Zo eenvoudig is dat niet. Kijk, antidepressiva hebben toch wel de tijd nodig om weer volledig te werken. Als je gestopt bent en weer opnieuw wil gaan beginnen. Ja, het is niet echt zoals een paracetamol die meteen werkt. Ja. Het kan echt wel weken gaan duren voordat je weer effect voelt. Als je weer start met de antidepressiva. En in die tijd kan je je toch echt wel heel erg kwetsbaar voelen. Ja, nogmaals, dat wil ik je niet zien meemaken. Ja, dat is wel waar. En dat is ook precies waarom ik me zo vastgelopen voel. Want aan de ene kant wil ik stoppen, om te zien of ik zonder kan. Maar aan de andere kant ben ik bang voor wat er gaat gebeuren als het niet lukt. Het voelt een beetje alsof ik een soort vastzit in een gevangenis. Hoe langer ik wacht, hoe meer ik me afvraag of ik ooit zonder zal kunnen. Ja, ik begrijp je zorg ook wel. Dat is één ding wat zeker is. Maar ja, misschien moet je niet zo denken in thermos voor altijd. Dat is echt niet zo. Denk ik. Weet je, wat als je nou gewoon denkt aan wat het beste voor jou is nu, op dit moment. Weet je, ik weet hoe sterk je bent en wat je allemaal hebt doorstaan. Dus ja, misschien is het nu inderdaad wel tijd om even stil te staan bij jezelf. En ja, inderdaad ook te overleggen met je arts wat nu het beste is. Je staat er echt niet alleen voor. Bedankt, Kim. Dat helpt me wel. Ik voel me zo in twee strijd soms. En ik weet dat jij het beste met me voor hebt. Misschien moet ik inderdaad niet zo ver vooruit denken en gewoon stap voor stap kijken wat er nodig is. Ja, dat is zeker zo. Weet je, wat je ook besluit, Luna. Weet je, ik sta wel achter je. Prima, dan gaan we dat samen doen. We komen er echt wat doorheen. En ja, ga je door? Is dat ook goed? Ik vind gewoon het belangrijkste is: ja, weet je, ik wil dat jij je goed voelt. Dat is het belangrijkste. Ik vind het wel fijn om te horen. Ik denk dat ik deze week eerst met de dokter ga praten, en een plan ga maken. Misschien kunnen we de eerste dosis langzaam afbouwen en kijken hoe dat verder gaat. Ja, nou ja, weet je, dat klinkt gewoon als een goed idee. Ja, doe het wel vooral op jouw tempo. Niet overhaast. En we gaan het samen doen. En ja, ik vind het fijn dat je hulp vraagt, en dat is altijd oké. En ja, daar sta ik altijd open voor. Dat weet ik. Dank je wel dat je me begrijpt. Ja, Loen, ik doe mijn best daarin om je te begrijpen - met alles. En dat zal ik blijven doen. Dank je wel voor je tijd en dat je zo open was voor me. Geen probleem. Oké, dank je wel."
studie.mp3,Psychologische gespreksvoering,Cohere Labs Transcribe,27.3,25.422499999999992,100,63.725,14770.3125,14770.3125,119.11469278018518,"Häfting Nijkstra. Rob bij hem. Ga zitten, Rob. Dankjewel. Hoe gaat het? Ja, gaat wel goed. Mooi. Ik ben Martine Häfting Nijkstra. Ik ben assessor op de Hogeschool Leiden. Ik heb begrepen dat jij wat vragen hebt met betrekking tot je studiekeuze. Ja. En daarom ben je vandaag hier. Vandaag wil ik er eigenlijk het doel van het gesprek zijn om wat meer informatie te verzamelen over wat er precies bij jou speelt en hoe ik jou verder kan helpen. Wat de gewenste stappen zijn om je verder te helpen bij je studiekeuze. Wat wij hier bespreken is vertrouwelijk, het blijft tussen ons. Mocht het nodig zijn om gegevens te delen, dan zal ik dat eerst met jou bespreken. Dit gesprek duurt ongeveer een uur. We hebben er ongeveer een uur de tijd voor, ik hou de tijd in de gaten. Mogelijk maak ik wat aantekeningen voor mezelf, maar die zijn ook gewoon alleen voor mijn eigen gebruik. Vandaag zal ik je wat vragen over de opleiding, hoe dat gaat. Eventuele activiteiten die je naast de opleiding hebt, zoals werk of hobby, sport, je thuissituatie. Dus dat komt allemaal aan bod vandaag. En dan aan het eind zal ik kijken wat dit gesprek heeft opgeleverd en wat ik voor je verder kan doen. Oké. Is dat duidelijk voor jou? Jawel. Maar ik had ook begrepen dat er iets met testen zou zijn. Oké, ja. Nou, het zou kunnen dat we inderdaad dat het nodig is om testen af te nemen, maar dat hangt eigenlijk helemaal af. Van dit gesprek, wat daaruit naar voren komt, wat eigenlijk precies jouw vraag is. En mogelijk volgen er dan testen, dat zal ik dan aan het einde van het gesprek laten weten. Maar het kan ook zijn dat ik je beter kan doorverwijzen, misschien naar iemand anders, of dat we tijdens het gesprek al tot een bepaalde duidelijkheid kunnen komen. En dan is dat misschien helemaal niet nodig. Dus vandaag gaan we niet testen, maar dat zou een eventuele vervolgstap zijn. Oké, prima. Goed, nou dan gaan we beginnen. Kun je iets vertellen over de opleiding, hoe het gaat? Ja, het gaat op zich wel goed. Ik haal mijn vakken wel, maar meestal met een zesje. Het houdt niet heel erg over, maar ik haal ze wel. Oké, dus je zegt dat het gaat wel, maar ik haal voldoende, maar het zijn niet hele ruime voldoende. Hoe komt dat? Nee, ik merk toch dat het moeite kost om heel erg gericht met die studie bezig te zijn, om te leren, om die boeken te pakken. Ja, dan besteed je gewoon minder aandacht aan zo'n tentamen en dan hou je lagere cijfers. Ja, ja. Dus ik merk dat ik het wel kan, maar ik kan me er zelf niet helemaal toe zetten. Je kan er niet zo goed toe zetten om echt te gaan leren. Nee. En heb je een idee waar dat mee te maken heeft? Hoe dat komt dat je het moeilijk vindt om jezelf daarvoor te motiveren? Nou, het lastige is, ik dacht altijd van toegepaste psychologie: van oké, daarmee kan ik dan mensen helpen. Alleen merk ik dat dat er niet zo heel erg in zit. We moeten een voorlichting maken. Ik snap ook wel dat dat er ook wel bij hoort. Maar ik zou liever mensen echt gewoon willen helpen. Ik denk dat dat ook een beetje bezorgt dat ik het niet altijd even leuk vind. Ja, dus als ik het goed begrijp, dan voldoet de studie niet helemaal aan de verwachtingen die je vooraf van de studie had. Nee, dat klopt. Ik vind het wel leuk, want ik vind het allemaal heel interessant, alle onderwerpen. Maar met die projecten, dan heb ik zoiets, ja. Daar doe ik het niet voor, om het zo maar te zeggen. Ja, oké. En wat mis je waar je eigenlijk wel van tevoren verwacht had tegen te komen? Of waar kan je naar op zoek? Dat je echt mensen kunt helpen, net zoals dit, gewoon dat je in gesprek gaat met iemand om te kijken: wat is nou het probleem? Waar kan ik nou mee helpen? Dat vind ik het loodzakelijk te doen. Vrienden van mij zeggen dat ook altijd. Dat ik dat zo goed kan. Die komen altijd naar me toe. Ja, dat zit er nu nog niet zoveel in. Nee, dus je zou eigenlijk liever met mensen één op één in gesprek gaan en kijken hoe je mensen zou kunnen helpen. Ja. Heb je dit ook besproken met je SLV-docent? Ja, daar heb ik wel over gehad. Die zegt dat komt nog wel in andere stukken van de studie dat het aan bod komt. Maar ik merk dat ik er dan nu zo tegenaan loop dat ik daar nu niks van merk. En hoe lang ben je nu precies bezig met de opleiding? Ik zit nu bijna in het derde blok. In het derde, ja, ja. Dus we gaan een half jaar. Ja, een half jaar. Goed. Wat is zelf jouw ideeën over wat je twijfelt? Wat zijn je gedachten op dit moment over je studie en hoe je daarmee verder wil? Of ik dit wel moet doen, of dat er niet iets anders is wat dan beter past bij wat ik wil. Want ik zeg altijd: dat niveau kan ik wel aan, maar. Ik moet er toch ook wel voor willen inzetten, en ik merk dat dat daarin schort. En misschien dat daar dan andere opleidingen beter bij passen. Maar misschien is dit ook juist wel de beste, en dat vind ik heel lastig. Ik vind het zonde om dit weg te gooien als dit misschien toch wel goed zou zijn. Ja, dus je wilt eigenlijk nog eens even goed kijken of er een andere opleiding is die beter bij je past. Ja. Waarin je dit element hebt. Of dat dit het is. Of dat dit het is. Goed, dat is me duidelijk. Oké. Dan gaan we verder. Dan wil ik je nog iets vragen over wat je eigenlijk je activiteiten naast. We zijn aan het eind gekomen van het gesprek. Ik heb genoeg informatie verzameld. Oorspronkelijk is je vraag geweest: past deze studie goed bij mij? Je mist de individuele contacten bij de opleiding, individuele gesprekken. Mensen echt concreet kunnen helpen. Dus je wil weten. Is er misschien een opleiding die beter bij me past? Dat is eigenlijk jouw vraag. Ja. Klopt dat? Ja. Of er een opleiding die beter bij me past, of deze opleiding. Of dat deze opleiding toch de beste keuze is geweest. Ja. Of dat er misschien een opleiding is die nog beter past bij jouw interesses. Precies. Goed. Nou, ik ga mijn gegevens verwerken en dan ga ik kijken welke testen ik het beste bij jou af kan nemen om een antwoord te krijgen op deze vraag. Is er een studie die misschien beter bij mijn interesses past? Ik ga je daarvoor apart nog een uitnodiging sturen. Oké. En dan kan je de testen maken. Op basis daarvan maak ik dan een rapport ervan, een verslag met een advies richting jou. En daarvoor zal ik je dan nog een keertje uitnodigen om dat rapport te laten zien en om je een advies te geven. Oké. En die afspraak die komt dan nog? Ja. Eerst gaan we een afspraak maken voor de testafname en daarna maken we nog een afspraak om de uitslagen te bespreken. Oké. Is dat de. Is het duidelijk? Ja, prima. Wat de volgstappen zijn? Ja, zeker. Oké, goed. Dan ontvang je van ons een uitnodiging. Bedankt voor dit gesprek. Graag gedaan. Bedankt."
GGZ-exposure-therapie.mp3,interviews,Cohere Labs Transcribe,28.6,25.200000000000003,100,82.36734693877551,14770.3125,10878.679846938776,154.66023197224052,"In deze aflevering heb ik Maika te gast. En zij is psycholoog. En ze gaat ons alles vertellen over wat een psycholoog voor jou kan betekenen. Als je last hebt van hyperventilatie, paniekklachten. Andere stressgerelateerde klachten. Dus welkom, Maika. Kan je je even kort voorstellen? Ja, dankjewel, Nicole. Goedemiddag. Goedemiddag, luisteraars ook. Mijn naam is Maika Groon. Ik ben 38 jaar. En ik ben oprichtster van Vrij Zijn met Eet. Ik begeleid vrouwen met een eetstoornis. En ik heb hiervoor heel lang gewerkt. Als psycholoog, nu ja, 16 jaar gewerkt als psycholoog en onder andere ook bij angststoornissen, waaronder dus ook paniek aanvallen, paniekstoornissen, zeg maar voorkwam. Ja, dus dat is even kort over mij. Ja, fijn dat je tijd vrij kan maken om ons te gaan vertellen wat een psycholoog voor jou zou kunnen doen als luisteraar. Want vaak, als je naar een huisarts gaat met deze klachten, met ik heb last van paniek aanvallen, angststoornissen of Vage onverklaarbare klachten, zoals hyperventilatie. Dan krijg je vaak een dolverwijzing naar een psycholoog. En wat ik heel graag van jou wil weten. is wat gebeurt er nou eigenlijk? Je krijgt zo'n verwijzing. en dan bel je op om een afspraak te maken. en hoe gaat dat hele proces dan eigenlijk in zijn gang? Ja, nou allereerst. zal je waarschijnlijk met de secretariaat. aan het woord ligt overigens aan. of we het hebben over een GCGZ-instelling. of een vrijgestelde psycholoog. Dat kan natuurlijk ook nog altijd. Maar als het een GGZ-instelling betreft, dan zal je in eerste instantie met het secretariat een afspraak in kunnen plannen. En vervolgens wordt er dus een intake ingepland, een intakegesprek. Waarin eigenlijk zo volledig mogelijk een beeld van jou wordt verkregen. Dus hoe ziet dan jouw paniekaanvallen eruit? Hoe vaak komt het voor? Frequentie? Is dat altijd al zo geweest of is dat pas geleden gestart? Zijn er andere problemen, bijvoorbeeld? Alcoholproblematiek bijvoorbeeld, dat is een contra-indicatie, noemen we dat. Dus dat betekent dat er eerst aan de alcoholproblematiek gewerkt moet worden. voordat we dus aan de paniekstoornis dan eventueel kunnen werken. En zo wordt er dus eigenlijk een volledig beeld gekregen van de persoon. om te weten van ja, wat gaan we nou precies doen? En is dat nu ook het moment om de behandeling in te zetten voor paniekstoornis? Ja, dus eerst gaan jullie eigenlijk dan kijken van hé, maar waar komt het een beetje globaal vandaan? Oftewel, wat heb je andere klachten? Bijvoorbeeld ook misschien zit er een depressie bij of zit er een trauma achter. Er wordt eigenlijk breder gekeken. Misschien zijn er natuurlijk ook veel mensen met PTSS of autisme. Er wordt eigenlijk gekeken wie deze persoon eigenlijk is. En dan wordt er dus pas een traject in gang gezet. Dus dat wordt dan een beetje op de persoon afgesteld, denk ik. Dus dat is niet een klare oplossing. Nee, dat klopt inderdaad. Er wordt per persoon gekeken. En ook welke problematiek staat op de voorgrond. Dus als inderdaad andere problematiek op de voorgrond staat, dan dient dat eerst behandeld te worden. Bijvoorbeeld, trauma is een goed voorbeeld dat je. Net noemt. Als dat echt meer op de voorgrond staat, dan moet dat eerst behandeld worden. voordat dus dan de paniekstoornis behandeld zou kunnen worden. Dus daar wordt eigenlijk een overwogen keuze in gemaakt. Ja, maar ik kan me ook voorstellen dat als jij dan een afspraak maakt, dat je zelf helemaal niet zo duidelijk hebt waar het dan vandaan komt. En dat in één gesprek zal dat dan ook niet altijd allemaal duidelijk zijn, toch? Ja, nou wat er op dit moment is aan klachten, is meestal wel duidelijk. Dat kan de psycholoog ook voorstellen. Vragen met, nou, dat zijn bijna een soort van ja-nee-vragen. Bijna van is er sprake van dit? Heb je nog andere klachten? Of loop je hier nog tegenaan? Nou, dat is op zich, kan je dat of bevestigen of ontkrachten. Dus dat is op zich wel helder. Waar het precies vandaan komt, dat is inderdaad niet altijd helemaal helder. Wat bijvoorbeeld uit onderzoek blijkt, is dat vaak de enige samenhang is bijvoorbeeld met verlating of verlies in de jeugd. Dat daar komt vaak, en ik stoornis, dat heeft daar vaak wel koppeling mee. Dat zien we dan vaak. En met agoraphobie, dus dat betekent het niet naar buiten durven gaan of voor bepaalde plekken, dus ook vermijden, als dat er ook een combinatie bij is. Straatvrees, bedoel je dan ook, bijvoorbeeld? Precies, ja, de straatvrees. Zien we dat dat vaak dan bijvoorbeeld weer juist gerelateerd is aan problemen met zelfstandig gaan wonen. Dus rond de 20, 30 jaar zo'n beetje ontstaat vaak ook. Maar het is ook soms niet helemaal helder te krijgen waar het precies vandaan komt. En op zich is dat voor de behandeling ook niet. Niet zozeer relevant. Dus daar gaan we eigenlijk niet heel erg naar graven of wat dan ook. We gaan echt meer in het praktische aan de slag daarmee. Ja, maar dat is wel belangrijk, want ik kan me voorstellen dat er ook mensen zijn die denken: Nou, ik heb helemaal geen zin om over mijn jeugd te praten, of ik had best een prima jeugd, dus het is helemaal niet relevant, of ik heb geen zin om ouders de schuld te geven. Die hoor ik ook nog wel eens. Dus het is echt niet altijd het geval dat daarin gegraven wordt. Nee, tenminste, bij ons was dat dan. Met name, gewoon heel licht vragen: zijn er nog bijzonderheden in de jeugd? Zijn er nog dingen wat we moeten weten? Want kijk, zouden er nou hele ernstige trauma's zijn in de jeugd, dan is het natuurlijk wel belangrijk om te weten, want dan moet daar misschien op ingegrepen worden in plaats van de paniekstoornis mee te starten, bijvoorbeeld. Maar anders wordt er inderdaad vooral gevraagd naar bijzonderheden en wordt er vooral eigenlijk daarmee dus afgewogen van: is de paniekstoornisbehandeling nu ook het beste om nu in te zetten? Ook om eerlijk te zijn, want stel dat er een hele heftige trauma is geweest in de jeugd, dan kunnen we misschien wel werken op die paniekstoornis. Maar als we verwachten dat we het trauma behandelen dat dan de paniekstoornis vanzelf overgaat, dan heeft het misschien niet zoveel nut om dus aan die paniekstoornis te werken. Tenminste, dan verwachten we dus dat er meer effect zal zijn door aan het trauma te werken. Maar dat kan nog altijd overwogen worden van, nou weet je, dan gaan we toch al met de paniekstoornis aan de slag. En gaan we kijken, maar we zijn wel eerlijk, we gaan kijken hoe ver we daarmee gaan komen. Ja, dus dat gaat wel in overleg natuurlijk. Ja, zeker. Er wordt niks geforceerd. Sowieso is het geen verplichte behandeling of wat dan ook. Dus het is allemaal vrijblijvend en de cliënt is daar zelf ook bij. Dus die mag zelf inderdaad ook aangeven: nou, dit is precies wat ik zoek, of dit is totaal niet waar ik naar op zoek ben. Nee, ja. Logisch natuurlijk, want het gaat natuurlijk om jouw herstel. Het is natuurlijk ook belangrijk dat je daar iets over te zeggen hebt natuurlijk. Ja, precies. Soms moet je natuurlijk ook wel het advies aannemen van degene die daarvoor geleerd heeft, die er natuurlijk in gespecialiseerd is. Ja, zeker. Ja, en tegelijkertijd weten we ook niet alles. Dus soms denken we dat het inderdaad beter is om aan de trauma te werken. Maar uiteindelijk is het een veel zo groot bij de cliënt en de motivatie dat het dan wel lukt om aan de paniekstoornis te werken, gewoon met het paniekstoornisprotocol. En soms zie je dat dat dan weer juist maar voor korte termijn heeft gewerkt. Dus dan zie je dan toch een cliënt weer terugkomen. Dat hij na een aantal jaren dan weer zegt: Nou, het is toch weer terug. Dat is toch onvoldoende. En dan toch alsnog wel de traumabehandeling doen of wat dan ook. Ja. En ik benoem nu het paniekstoornisprotocol. Want stel, we gaan er gewoon vanuit dat jij hebt. We hebben het natuurlijk over paniekstoornis. Maar daar valt hyperventilatie natuurlijk ook onder, hebben jullie als psycholoog. Is het waar dat we het zo noemen nu? Nou, het is mooi dat je dat zo noemt. Want wij maken echt wel onderscheid tussen paniekaanval en paniekstoornis. Paniekaanval is echt die kortademigheid, het gevoel te hebben te stikken, transpireren, duizelig, beven, trillen op je benen, misselijk. Nou, al die symptomen hoort bij paniekaanval. Maar een paniekaanval, ongeveer bij 23% van de bevolking komt wel eens een paniekaanval voor. Dus een paniekaanval op zichzelf is eigenlijk niet zozeer het probleem. Het probleem zit er meestal in dat de persoon bang wordt, heel erg overmatig bezorgd wordt dat het weer eens voorkomt. Komt die paniek aanvallen? Dat wordt een paniekstoornis. Want dan wordt het hele leven, zeg maar, opgebouwd rondom het vermijden van dat het nog eens gebeurt. Met behoorlijke angsten enzovoorts. Dus daar maken we wel een verschil in tussen hebben we het over een paniekaanval en hebben we het over een paniekstoornis. Ja, en dus vooral de angst voor de angst. Daar komt dan bijvoorbeeld die straatvrees bij, of het vermijden van de supermarkt, of dat je niet meer een verjaardag durft. Of auto rijden is natuurlijk ook zoiets wat heel veel volkomt. Precies, dus vermijding komt daar inderdaad heel erg bij voor. Ook veiligheidsgedrag. Dus alleen maar nog met je partner durven gaan, bijvoorbeeld. Of dat soort dingen. Of altijd toch een medicatie nemen van tevoren. om wat rustiger te zijn. Dat soort dingen. Dat bevestigt ook weer van het is inderdaad een angst. Tenminste, het is inderdaad een angstige situatie. Ik kan het alleen maar aan als ik met mijn partner daar ben. Dus dat zijn dingen die uiteindelijk dan ook in de behandeling doorbroken moeten worden. Om te zien van hé, maar die paniekaanval komt niet altijd voor. Het is inderdaad angst voor de angst. Het is angst om daar dus weer in te geraken. Vaak is dat een soort van controleverlies geweest wanneer dat is gebeurd of wat dan ook. En is vooral grote angst dat dat weer eens voorkomt. Ja, en dan hebben we de intake gehad. En dan wordt er dus eigenlijk een plan opgesteld. En wat voor therapie is dan eigenlijk de meeste gangbare? Wat voor behandelingen krijg je dan? Ja, dat is best een hele reeks eigenlijk. Allereerst. Er wordt altijd gestart met het registreren. Dus we gaan even bijhouden. Hoe verloopt dat nou precies, zo'n paniekaanval? Wat gaat er aan vooraf? Is dat in bepaalde situaties? Is dat altijd op een bepaald tijdstip? Of kunnen we daar iets in terugvinden in het registreren? En vervolgens wordt gestart met interoceptieve exposure, heet dat. En dat betekent dat je dus gaat nabootsen van een paniekaanval. En daar hebben we dan bijvoorbeeld meerdere oefeningen voor. 30 seconden je hoofd tussen je benen zetten en dan weer heel snel omhoog komen. Of zoveel keer draaien op een stoel. Of heel hard rennen op de plek. Dus al die sensaties die wel eens voorkomen bij een paniekaanval. ga je nabootsen. Om dus te kijken van: hey, kan een cliënt daar dus inderdaad van leren? Van dit betekent niet dat ik doodga. Of dit betekent niet dat ik gek word. Nou ja, ernstige iets eraan gekoppeld is, vaak dus eigenlijk. Van dat dat iets ernstigs betekent. Dus daar wordt dus aan gewerkt. Tenminste, daarmee geoefend, dus in eerste instantie. Om te leren dat die lichaamssignalen op zichzelf niet zozeer gevaarlijk zijn. Dus daar eigenlijk een soort van gewenning al aan te krijgen. Als iemand dan heel angstig is, wordt dat dan altijd gedaan? Of kan je dan ook zeggen: van nou, dit slaan we nu even over, want het zit zo hoog in de angst. Dat hij dit echt niet wil. Ja, en dan angstig is voor deze bijvoorbeeld een hart dat sneller klopt, of het warm krijgen, of het trillen op de benen. Dat bedoel je dus dan angstig? Ja, inderdaad. Als je dit al hoort en je denkt van: nou, ik ga niet naar een psycholoog, want dan moet ik dat gevoel opwekken. Dat er zoveel spanning al zit, dat je denkt: nou, daar begin ik niet aan. Ja, snap ik. Wat eigenlijk dan gebeurt, is we gaan het niet vermijden. Want juist die vermijding zorgt ervoor dat je juist bevestigt van: ja, een snel hart, een harder kloppend hart, dat betekent dat ik blijf. Doodgaan. Dus eigenlijk, als we dat meegaan in die vermijding, bevestigt die vermijding eigenlijk jouw gedachten daarover. Dus het doorbreken gaat echt met het doen. Maar we kunnen zeker kijken of we het misschien wat korter kunnen maken. Dus dan hebben we het niet over 30 seconden hoofd tussen de benen bijvoorbeeld, maar dan doe je het maar twee seconden, zeg maar wat. Dan begin je gewoon heel licht. En op die manier dat heel langzaam dan verhogen. Dus dat is dan wel een mogelijkheid. En altijd kan er ook gestart worden met, nou ja, wat dan wel gedurfd wordt. En dan kunnen we dan kijken naar hetgene wat echt wel. Spannend is. Overigens is wel datgene wat dus juist spannend is, belangrijk om dan wel te gaan herhalen. Het is niet van het één keer, dus twee seconden je hoofd tussen je benen te hebben gedaan en dan dus die sensatie van bijvoorbeeld misselijk in het hoofd, doordat dus vervolgens nooit meer te doen in je leven, dat je dus gaat leren van er gebeurt inderdaad helemaal niks als ik een beetje misselijk voel in mijn hoofd. En we kijken dan ook heel erg van tevoren van wat verwacht je dat er gaat gebeuren? Ga je flauw vallen, wat dan ook? Oké, hoe ziet dat er precies uit? Want het is Dan hebben we niet alleen over een gevoel van flauwvallen. Want ja, misselijk voel in het hoofd kan heel erg verward worden. Van ja, dit is ook wel een gevoel van flauwvallen, bijvoorbeeld. Nee, wat is flauwvallen precies? Nou, op de grond liggen eigenlijk. Dus echt gevallen zijn. Dan pas kunnen we zeggen: Nou, dit was echt inderdaad, nu ben je echt flauw gevallen. En dan gaan we dus continu naar zo'n oefening kijken. Is er gebeurd waar je nou eigenlijk voor vreest? Nou, wat eigenlijk nooit gebeurt. Vooral flauwvallen. Flauwvallen gebeurt pas wanneer jouw bloeddruk verlaagt, juist. En niet verhoogt. Dus eigenlijk gebeurt nooit wat. Wat gevreesd wordt. Dus daarmee kan je eigenlijk de verwachtingen teniet doen. Dus door zo vaak geoefend te hebben, merk je van ja, eigenlijk gebeurt het niet. Waardoor dus ook in jouw hoofd hersteld wordt die verwachting die jij hebt opgeslagen. En daarmee dus uiteindelijk ook dat kan gaan doorbreken. Overigens is dan ook de volgende stap, het gaan doen. Dus door middel van gedragsexperimenten of exposure in vivo, dus het ook in de realiteit. Dus nu hebben we het over oefeningen. Die zorgen dat je die symptomen oproept. Maar uiteindelijk ga je ook in het werkelijke leven oefenen. Dus bijvoorbeeld, als je bang bent dat het in de tram gebeurt: dat je dan misselijk wordt en dat je dan flauw valt, en een paniekaanval krijgt, of wat dan ook. Dan gaan we oefenen met ook in de tram stappen en kijken of dat dan weer gebeurt. En of je dan ook werkelijk de paniekaanval hebt gekregen. Maar dat gaat geleidelijk aan natuurlijk. Het is niet bij de eerste behandeling meteen dat jullie je in die tram of in die drukke supermarkt of in auto op de snelweg zetten. Dat gaat natuurlijk heel geleidelijk, stapje voor stapje. En het gaat er echt om dat je vertrouwen leert krijgen weer in je lichaam. Dat er niks gebeurt, dat er echt niet iets heel ernstigs is. Waardoor je dan stapje voor stapje dat vertrouwen krijgt. En het dus ook dan steeds die exposure therapie wat verder gaat uitbreiden. Ja, zeker. En dat is inderdaad ook het gevoel, moet dan ook langzaam meegaan. Het gevoel is altijd wel lastig, want soms weet je het met je hoofd. Ja, ik weet dat het inderdaad niet echt gaat gebeuren. Maar het duurt altijd wat langer voordat het gevoel ook meegaat. Het is helaas altijd het geval dat je hoofd sneller gaat dan je gevoel. Dus de angst kan nog steeds wel opkomen, ondanks dat je met je hoofd weet: ja, maar dit kan eigenlijk niet meer. En daarvan geldt dat echt het doen, het blijven oefenen. Dus het is niet door thuis achter de geranium te gaan zitten dat het dan opgelost wordt, maar het is echt door het gaan doen. Dat je dus gaat merken van inderdaad, er gebeurt helemaal niks. En dan gaat jouw gevoel dus dat ook mee. Dus die angst gaat daardoor dus ook verminderd worden. Je zou het eigenlijk ook een beetje kunnen vergelijken met een kind dat valt van een fiets. En na het vallen van de fiets gaat hij nooit weer op een fiets zitten. Nou, zijn angst voor een fiets wordt dan enorm groot. Want het laatste wat hij opgeslagen heeft is die val voor die fiets. En die verwacht alleen maar als ik weer op een fiets ga zitten, dan val ik weer. Maar terwijl als je hem dan direct na zo'n val weer op de fiets zet. en de dag erna weer op een fiets, dan wordt het een van de vele herinneringen. En het is één keertje gebeurd, maar het is ook vele keren niet gebeurd. En daardoor krijgt het kind wel vertrouwen, zeg maar. Van ja, meestal gebeurt het niet. En zo werkt dat dus met angsten. Ja, want soms is er maar één keer iets gebeurd en dan slaat dat heel erg vast in ons systeem. Terwijl het al honderden keren is dat het wel goed is gegaan. En toch blijf je dan angstig voor die ene situatie. Het is heel bijzonder hoe dat werkt eigenlijk in ons systeem. Daar gaan we het niet over hebben, want dan zitten we nog twee uur te kletten, waarschijnlijk. We gaan nu even over de praktische kant hebben. En dan heb je dus over exposure therapie. Zijn er ook nog andere, krijg je dan nog meer oefeningen en dingen om te doen? Die zei je, dagboek bijhouden. Tenminste, ik noem het altijd een dagboek bijhouden: dat je opschrijft van wanneer treedt het op en dat je gaat kijken of je patronen kunt herkennen. Ja, dus het registreren van je paniekaanvallen, daar start je eigenlijk mee. Dus dat is aan het begin, daar meer inzicht in krijgen. En verder is dan ook nog wel het stukje wat meer cognitief uit. Dus echt, meer kijken van wat voor gedachten heb je daar nou bij? Helpt het je om zo te denken? Klopt het ook, deze gedachten? En dat ga je dan vervolgens doen. Dus, inderdaad, dit is vanuit de CGT, de Cognitieve Gedragstherapie, hoe deze dus aangepakt wordt. Ja, nou, ik vind zelf cognitief wel het best wel een lastig woord. Dus, ik kan me voorstellen dat jullie hier denken: Nou, wat betekent dat nou eigenlijk? Wat betekent dat nou in gewoon jippie-Janneke-taal? Ja, ja, ja. Nou, het is cognitief gedragstherapie, dus dat zijn ook echt wel twee verschillende woorden. En cognitief betekent dus inderdaad in het hoofd, wat speelt zich in gedachten af. En dat dus aanpakken. En het gedrag is dus ook echt in het doen. En juist die combinatie van die twee, dus zowel de gedachten uitdagen als het ook echt in het doen gaan veranderen, blijkt dus super effectief te zijn. Dus de cognitieve gedragstherapieën zijn vaak dus ook de therapieën, de meest effectieve therapieën voor de meeste stoornissen. Ja, dus het is echt niet zo. Want vaak, vroeger vooral, dachten we: je gaat naar een psycholoog en dan moet je alleen maar praten over wat je dwars zit en wat er allemaal speelt. Maar eigenlijk noem je het dus eigenlijk een hele actieve therapie. Je bent bezig, er zal natuurlijk ook veel gepraat worden. Ja, het ligt er wel aan wat voor psycholoog je hebt. Want je hebt diverse therapeuten. De psycholoog die werkt volgens de cognitieve gedragstherapie, CGT. Die werkt dus inderdaad op die manier. Maar je hebt bijvoorbeeld ook. Therapeuten die meer op de psychotherapie zitten, bijvoorbeeld. Die zullen dan wat meer op het praten zitten en het graven naar het verleden en dat soort dingen. Dus het ligt echt wel aan wat voor therapeut je hebt en wat voor therapie dat is. Maar de cognitieve gedragstherapie staat echt voor inderdaad zowel uitdagen van de gedachten. Hoe denk je erover en helpt dat je? Nou, vaak dus niet. En dus, hoe kan je anders leren denken? En kloppen je gedachten überhaupt wel? En het ook gedragsmatig, dus anders gaan handelen. En hoe lang doet dan gemiddeld zo'n behandeld traject? Nou, vaak staat daar zo'n beetje elf sessies voor, volgens het protocol. De GGZ houdt zich daar ook vaak wel echt wel aan. Dus die hebben ook wel een soort van maximum aantal sessies wat ze kunnen besteden. Dus dat is een beetje wel de leidraad. En is dat dan gemiddeld meestal één keer per week? Of is dat om de week? Of ga je juist vaker? Ga je bijvoorbeeld twee keer in de week? Of is dat echt afhankelijk van de persoon? Dat zal meestal één keer per week zijn. Dat kan misschien per instelling nog wel verschillen. Maar meestal zal het één keer per week zijn. En je zou ook, dan gaan we bijvoorbeeld naar de tram. Want als dat jouw situatie is waar je die heel erg spannend vindt. Ik kan me ook voorstellen dat ik al zei: supermarkt, autorij. Maar ga jij dan echt als psycholoog? Gaat de psycholoog dan echt met je mee in die situatie? Dat kan zeker. Dus er zijn psychologen die dat doen. Dat is niet allemaal. Maar er zijn psychologen die dat doen. Dus die met jou meegaan. En dat is overigens dan wel voor het begin. Dus bijvoorbeeld, het kan ook zijn als je angst hebt voor lift. In de lift dat zoiets gebeurt. En er is een lift dus ook in het gebouw waar de psycholoog zit. Nou, dan waarschijnlijk gaat die psycholoog jou dan voorstellen: van joh, we zullen het ook even gaan oefenen. En ik ben bij je, ik ga je hierbij begeleiden. En dan, in eerste instantie zal dat dan met de psycholoog zijn. Maar uiteindelijk, zoals met: ik durfde alleen maar met mijn partner. Dat je straks zelfstandig op eigen benen kan staan en dat ook durft zonder de psycholoog. Dus het is als een opstapje, als het ware, om dat te leren. Het kan overigens ook zijn, sommige psychologen werken daar dus ook mee, dat ze dan via beeldbellen bijvoorbeeld aanwezig zijn. Dan bel je ze even in op een moment dat je normaal bijvoorbeeld een sessie hebt. Jij bent dan op dat moment bij de metro en je gaat daar dan je oefening doen terwijl de psycholoog erbij is. Metro is overigens wel een lastige, want vaak heb je daar niet goed verbinding. Dus dan verloopt het gesprek niet helemaal vloeiend, maar noem maar op. Dus waar je dan ook maar bent, dat je dan met de psycholoog kan oefenen, dat die even bij je is op dat moment en via oortjes, kan vertellen dat je je er een beetje doorheen kan begeleiden. Dus die kan je er echt een beetje doorheen praten en zeggen: Hé, let even hierop. En zie je dat er niks markeert of dat er niks gebeurt met je? Of jij ook zeggen: Oh, wat goed dat je dit doet, want dat is natuurlijk ook heel belangrijk in een positieve vestiging. Ja, zeker. Ja, om te bekrusten, inderdaad. Ja, zeker. En is er dan nog iets wat belangrijk is om te weten hierover, wat ik misschien nu nog niet gevraagd heb? Oeh, maar dat is wel iets wat ik wel wat kwijt wil. Nou, het is vooral dus inderdaad, ik denk dat het belangrijkste besproken is, echt de angst voor de angst. Dat is echt vooral wat een paniekstoornis is. Want nogmaals, paniekaanvallen komt dus bij 23% van de bevolking voor. Dus vrij normaal is dat eigenlijk wel. Alleen andere mensen die merken misschien dat er iets gebeurt, maar die hechten er niet zoveel waarde of niet zoveel angst. Het wordt niet zo'n angstcomponent als het ware. Dus het wordt vooral belangrijk om dat als wat meer normaal te bekijken. En dus, echt inderdaad, door het doen, dus het vermijden, is ook echt een voeding voor angst. Een voorbeeld kan ik ook geven voor degene die angstig is voor spinnen, bijvoorbeeld. Als die telkens de kamer uitrennt zodra hij een spin ziet, die bevestigt ook ontzettend dat die spin een ontzettende monster is. Terwijl het moment dat die beslist, oké, ik ga niet de kamer uitrennen, ik blijf gewoon zitten in de kamer, bijvoorbeeld. En dan merkt hij dat die spin helemaal niet beweegt. Er gebeurt eigenlijk helemaal niks engs. Eigenlijk is het misschien wel zelfs op een gegeven moment een beetje saai. Want ja, die weegt maar niet en jij zit er maar naar te staren. Dus dan ga je dus beseffen door het doen van er zit geen werkelijke angst. Het is allemaal in mijn hoofd, maar in werkelijkheid is dat niet zo angstig. Dus dat is vooral ook belangrijk. Want vaak weten we het verstandelijk best dat die spin je niet opeet. Dat als er wat is, dat je best die supermarkt uit kan rennen. Dus er zit best wel veel. Je weet het vaak wel. Dan zit daar dat stemmetje in je hoofd die zegt: Ja, maar wat als? En wat het heel erg opblaast. En in dat geval, als je dat dus herkent van jezelf, dat je dingen bent gaan vermijden, dat je dingen niet meer durft of dat je het wel doet, maar met heel veel spanning in je lichaam, dan is het natuurlijk gewoon echt heel goed om toch eens een dolverwijzing te halen voor een psycholoog. Ja, zeker. Die kan je er echt heel goed doorheen begeleiden. Dus dat maakt het een stuk makkelijker dan dat je het alleen gaat doen. Ja, bedankt. Ik denk dat het heel duidelijk is voor iedereen. Wat kan een psycholoog met vooral met cognitieve gedragstherapie betekenen? Vooral als je last hebt van hyperventilatie, maar ook van paniekstoornissen. Ja, is er nog iets wat je toe wil voegen? Voor mij hebben we alles wel echt besproken. Ja, in de notendop hebben we inderdaad wel besproken hoe dat een beetje gaat binnen de cognitieve gedragstherapie, de behandeling. Nou, dan wil ik je heel erg bedanken voor je tijd en je moeite. En vooral het delen van deze uitleg. Maika, kun je volgen onder de naam? Dat gaat ze zelf allemaal even opnoemen: Vrijzij met Eten. Dus dat is inderdaad rondom de begeleiding die ik bied voor vrouwen met een eetstoornis. En je kunt mij momenteel op Facebook en op Instagram vinden. Op Vrijzij met Eten. De link zal nog toegevoegd worden onder de podcast. Ja, zeker. Dus als je hier vragen over hebt, dan mogen ze zeker natuurlijk ook contact met jou opnemen. Zeker weten. Mooi. Nou, heel erg bedankt voor je tijd en jij bedankt als luisteraar om weer te luisteren naar ons."
interview-113.mp3,interviews,Cohere Labs Transcribe,27.9,25.440476190476186,100,64.61904761904762,10280.3125,10280.3125,124.67209650660676,"Ik zit nu bij 113 met Maaike tegenover mij. Maaike is psycholoog bij 113. En jullie houden zich bezig met de hulpvragen die binnenkomen. Ja, dat klopt. Hoe komen de banners of de mensen met jullie in contact? Nou, via ons telefoonnummer, dat is 0900-0113. Die vinden ze soms op de website, dus ook voor de hand liggend www.113.nl. Of soms hebben ze ons voorbij horen komen op de radio via een commercial en dan hebben ze ons nummer gehoord of de website gehoord. En zo kunnen ze ons vinden. En kunnen ze alleen bellen? Nee, ze kunnen ook chatten. Ook via de website. Er staat dan ergens bovenin: Wil je nu hulp met een wolkje met chatten? Dan kan je daar klikken en dan kom je meteen in een chatroom. En op dat moment is er iemand die dan meet je. Ja, dat is het idee. Dan zijn er vrijwilligers beschikbaar die dan de chats aannemen en ook de telefoontjes. Komen er veel hulpvragen binnen? Ja, er komen best wel wat mensen binnen. Op sommige momenten van de dag is het drukker dan op andere momenten van de dag. Dan hebben we het bijvoorbeeld vooral voor 's avonds en 's nachts. Overdag is het soms wat rustiger, maar soms kan het overdag ook heel druk zijn. Maar we hebben in ieder geval op elk dagdeel wel ongeveer 7 of 8 mensen die echt in de lijnen zitten. Zo druk is het dus wel bij ons. En zijn het lange gesprekken? Een uur, dat is het streven, maar het kan ook korter. Het hangt er een beetje vanaf wat de vraag is. De telefoontjes, een half uur, maar ook dat kan korter. Dus stel dat iemand nu in nood verkeert of zichzelf al iets heeft aangedaan, is het zaak om het kort te houden zodat iemand één en twee kan bellen. Ja. Kun je iets vertellen met wat voor vragen mensen komen? Ja, dat kan. Dat is echt heel erg uiteenlopend. Dat varieert van meisjes die het slachtoffer zijn geworden van sexting en zich ontzettend schamen omdat die foto de hele school rond is gegaan. Tot oudere mensen die ongelooflijk eenzaam zijn. Tot mensen die opgenomen moeten worden of in een opname zitten. Of mensen die in een instelling zitten en die. Kan die opgenomen worden of zo? Ja, kan. Of die wordt aangeraden om opgenomen te worden omdat het echt niet goed gaat. En die daarvan van ellende niet meer weten wat ze moeten doen en daardoor suicidale gedachten hebben. Dus het is echt. Alle leeftijden en alle soorten problemen komen bij ons voorbij. Ja. Ja, dat lijkt me. Ja, aangrijpend. En krijgen jullie ook cultuur-specifieke vragen? Ja, wat ik daarover kan zeggen, wat ik zelf daarin meemaak, is eerder dat je merkt dat in sommige culturen er anders wordt omgegaan met bijvoorbeeld praten over emoties. Dat daar een beetje een taboe op ligt dat mensen dat moeilijk vinden. En dat je daarom ook moeilijk kan praten over je zelfmoordgedachten, als jongere bijvoorbeeld met je ouders, of als het in bepaalde culturen niet oké is om homoseksueel te zijn. Dat je daar niet over kan praten en dat je daar zo door in de knoop zit met jezelf dat je suicidaal wordt en dat je daar dus ook weer niet over kan praten. Wat voor adviezen geven jullie aan mensen? Bijvoorbeeld, je noemde net van een meisje die op school dan met een seksschandaal te maken krijgt, die van alles kan gebeuren. Wat vinden jullie de betekenis voor zo'n iemand? Ja, het hangt er sowieso een beetje van af hoe oud zo iemand ook is. Dus als het gaat om iemand die minderjarig is, dan proberen wij er zo snel mogelijk voor te zorgen. Dat iemand er een volwassene bij betrekt. Dat kan een ouder zijn, maar dat kan ook een docent zijn, of een mentor, of een lievelings-tante. Maar ze een beetje vertrouwd worden. Precies, want als je het hebt over die meisjes die het slachtoffer zijn van seks, die zijn vaak wat jonger. En dan proberen we zo snel mogelijk daar iemand anders bij te betrekken. Want wij kunnen het hebben over die zelfmoordgedachten. Want we zitten natuurlijk op een afstand, want we zien die mensen niet. Dus we proberen altijd wel zo snel mogelijk aan te sturen op nog wat meer hulp van buitenaf. Maar die moeten ze ook? Zelf benaderen? Ja, nou ja, als het om een minderjarige is, probeer je er een volwassene bij te betrekken die dichtbij staat, zodat die samen met dat meisje in dit geval dan. Maar dan hebben jullie contact met de volwassene? Nee, wij hebben daar geen contact mee. Dat probeer je gewoon door die persoon zelf te laten. Ja, dat is de bedoeling. Het is belangrijk dat mensen dat zelf doen. En dat is ook omdat wij garanderen anonimiteit en vertrouwelijkheid. Dus wij weten niet wie jij bent en wij gaan het niet. Ons bemoeien met de mensen om die mensen heen. En dat zorgt er juist voor dat mensen ook naar ons toe durven te komen met die problemen. Omdat het zo anoniemelijk blijft. Ja, ja. En zijn er bepaalde leefgebieden die eruit schieten waar men het meest kwetsbaar is? Situaties waarin mensen verkeren, bedoel je dan? Ja. Ik denk dat. het belangrijkste is. toch wel eenzaamheid. Dus als iemand heel erg alleen is en zich niet verbonden voelt met anderen, dan zijn mensen heel erg kwetsbaar. Ja. En zijn dat meer oudere mensen? Want net noemde je dat van. Dat kunnen ouderen zijn, maar dat kunnen ook jongeren zijn die gepest worden, of die weinig vrienden hebben, bijvoorbeeld. Iedereen kan natuurlijk eenzaam zijn. En zijn het ook dan per seizoen nog bijvoorbeeld met eenzaamheidsproblemen? Nu gaan we naar de winter toe, donkere maanden, veel mensen die toch vaker thuisblijven. Is het in die periode meer, de eenzaamheid? Ja, daar durf ik niet zo heel veel over te zeggen. Eigenlijk, wat je zou verwachten rond periodes zoals kerstmis bijvoorbeeld, dat het dan ongelooflijk druk is. Maar daar kan je niet zoveel over zeggen. Dat blijft het hele jaar een beetje hetzelfde. Het is in de lente bijvoorbeeld net zo druk als in de winter. Oké, gek genoeg. Je zou denken: het wordt donker, het regent, het weer is somber. Misschien is dat dan. Dat maakt mensen ook somber in. Precies. Maar in de lijnen zie je daar niet zo heel veel verschil in. Dus niet zij soms gebonden of zo. En hoe kunnen jullie hun ondersteunen, mensen die met de hulp? Vragen komen? Nou, in eerste instantie heb je dus de crisislijnen, waar mensen in eerste instantie naartoe bellen of waar ze met een vrijwilliger kunnen chatten. Die gesprekken heb je, maar die gesprekken zijn in principe eenmalig. Mocht iemand dan daarna nog meer hulp nodig hebben, dan kan iemand zich aanmelden voor therapie, ook via onze website. En dan kom je met een van de psychologen in contact. Maar dan ook online? Ook online, ja, via de chat, via de telefoon of via de mail. En dan heb je maximaal acht gesprekken met een vaste psycholoog, waarin je dus ook wat meer tijd hebt om uit te zoeken wat er nou precies aan de hand is en hoe je kan leren omgaan met je zelfmoordgedachte en alles wat daaronder zit. Lukt het in die acht sessies die jullie hebben met de mensen om iemand weer op een andere gedachte te brengen? Ja, soms wel. Soms heb je er maar vijf nodig. Soms is het zo dat je acht sessies doet en dat je denkt: Nou, het lijkt me verstandig als je ook nog eventjes naar de huisarts gaat en je aanmeldt bij een therapeut, zodat je wat face-to-face contact hebt. Maar dat verschilt heel erg. Ja, oké. Wat zou jij zeggen tegen degenen die het moeilijk hebben, maar niet durven te bellen of contact op te nemen met 133.2? Ja, als je het zo moeilijk hebt dat je echt toch aan zelfmoord denkt, zou ik je toch willen vertellen. Ik weet dat het heel erg moeilijk is, maar wij zijn er bij 133. Wij weten dat praten over zelfmoord helpt. En je bent anoniem, het is een veilige omgeving, dus we treden niet naar buiten met wat jij vertelt aan ons. Dus ik zou toch zeggen: neem de stap, want je hoeft het niet alleen te doen. Dank je wel, Maaike. Zeg het wel. Nou, kijkers, jullie hebben gehoord. Wat je vraag ook is, er is altijd wel iemand die hier staat om een antwoord op te geven. Dus zit je met iets, kun je altijd contact opnemen op 113.nl."
