name,category,model,cpu_max,cpu_avg,gpu_max,gpu_avg,mem_max,mem_avg,rtfx,transcript
bewegingsapparaat.mp3,Dokter Patient,NVIDIA Parakeet TDT 0.6B v3,26.8,23.642105263157895,100,68.94736842105263,6628.3125,5516.417763157895,128.5844114383218,"Goedemiddag, komt u verder. Ik heb voor u de uitslag van het rundonderzoek. Zoals vorige keer besproken was er een sterk vermoeden op een breuk. Een ingezakte wervel. Hoe gaat het nu met uw rug? Dankzij de pijnstilling is het wel te doen. De rundgefoto laat zien dat u inderdaad een ingezakte wervel heeft. Verder is het een stabiele breuk waarvoor een operatie niet nodig is. Gelukkig. Het minder goede nieuws is wel dat de breuk veroorzaakt is door osteoporose. Dit houdt in dat de dichtheid van uw botten minder wordt. Weet u wat ik daarmee bedoel? Betekent het dan dat ik veel vaker botbreuken zal oplopen? Het is vervelend voor u om te horen. Helaas kan dat wel voorkomen.Maar kan ik dan helemaal niet meer gaan wandelen? Wzo is het natuurlijk de vorige keer gebeurd. Het is juist goed om te blijven bewegen. Hierdoor bouwen de botten meer kracht op. Ik ben dan bang dat ik ga vallen, waardoor ik weer iets kan breken. Ik kan me heel goed voorstellen dat u hier bang voor bent, maar er zijn wel manieren om dit te voorkomen. Deze kunnen we later wel bespreken. Oké. U lijkt nog niet echt gerustgesteld. Ja, het voelt gewoon alsof mijn lichaam me in de steek laat. Het is natuurlijk ook vervelend om dit te horen, maar we kunnen de maatregelen bespreken die de kans op breuken zo klein mogelijk maken. Goed?Tja, ik weet niet of ik daar het nut zo van in zie. En waarom niet? Ja, dan moet ik zeker oefeningen gaan doen of zo. Ik kan me voorstellen dat het wat weerstand oproept, maar de maatregelen kunnen het risico wel degelijk verlagen. Vindt u het goed als we rustig het een en ander doornemen, en dan kunnen we daarna kijken wat voor u goed voelt. Oké, fijn. We kunnen u allereerst aanraden vitamine D-supplementen en calciumtabletten te nemen. Beide stoffen bouwen de botten opnieuw op. Of in plaats van calciumtabletten kunt u minimaal vier zuivelconsumpcties nemen op een dag. Wat denkt u? Ik eet best veel yoghurt en drink eigenlijk ook altijd wel 2 glazen melk.Oké, nou dan kunnen we die calciumtabletten al achterwege laten. U zou dan baat hebben bij de vitamine D supplementen. Verder is het juist goed om te blijven bewegen en actief te blijven. Wat zou u kunnen doen qua beweging? Het gaat gelukkig wel redelijk om elke dag even te blijven wandelen. Blijf dat vooral doen. Zo blijven de botten gewend aan de belasting. U rook niet, maar drinkt u wel regelmatig alcohol? Nee, alleen in het weekend. Goed, met uw bloeddrukverlager vormt dat in principe verder geen risico. Verder raad ik u aan fysiotherapie aan te leren en een goede balans en evenwicht te behouden, zodat u minder kans heeft om te vallen.Wat denkt u daarvan? Ja, dat wil ik wel proberen. Wat denkt u van deze adviezen? Het valt me eigenlijk wel mee. Ik had het erger verwacht om eerlijk te zijn. Gelukkig maar. Dus kort samengevat, u kunt vanaf nu starten met vitamine D-supplementen en er vooral voor blijven zorgen dat u genoeg calcium binnenkrijgt. Verder is blijven bewegen belangrijk en maakt u een afspraak met de fysiotherapeut. En qua rugpijn kunt u doorgaan met de pijnstilling zoals u de vorige keer hebben besproken. Is het zo duidelijk of heeft u nog vragen? Nee, het is wel duidelijk zo en ik ben er ook wel content mee. Zullen we dan over een week of drie een nieuwe afspraak inplan? Dan kunnen we bespreken hoe het gaat.Dat zou ik fijn vinden. Bedankt voor het prettige gesprek, dokter."
ademhaling.mp3,Dokter Patient,NVIDIA Parakeet TDT 0.6B v3,28.6,25.5,100,66.0,4610.3125,4510.8125,150.6386974800552,"Ik denk dat ik inmiddels voldoende informatie heb over uw klachten. Dan zou ik nu nog even naar uw longen willen luisteren. Dat is prima hoor. Oké, u kunt zich achter het gordijn omkleden en de kleding daar aan een haakje hangen. U hoeft alleen uw bovenlichaam te ontkleden. Oké, dus de broek mag ik aanhouden? Klopt, die mag u aanhouden. U mag plaatsnemen op de onderzoeksbank met uw benen naar deze kant.Ik ga nu even luisteren naar de longen en ik zal op verschillende plekken gaan luisteren. De stetoscoop kan wat koud aanvoelen. Ik zal het even op uw hand laten voelen. Gaat dat zo? Ja hoor, het valt me mee. Fijn. U mag de armen gekruist op uw borst leggen. Zou u eens diep kunnen zuchten met mond open? Dat mag u een aantal keren halen in een rustig tempo, terwijl ik naar de longen blijf luisteren.Prima, ik heb het goed kunnen horen. Dank u wel. Mag ik me dan nu weer aankleden, dokter? Ja, natuurlijk. U kunt zich weer aankleden achter het gordijn. Doe maar rustig aan hoor, dan bespreken we dadelijk wat ik heb gehoord."
diabetes.mp3,Dokter Patient,NVIDIA Parakeet TDT 0.6B v3,28.6,25.758333333333336,100,78.66666666666667,5668.3125,5571.145833333333,165.90413088393947,"Goedemiddag meneer Visser. Goedemiddag. Vertel, waarvoor bent u vandaag gekomen? Nou, ik ben al een tijdje erg moe. Ik heb nergens zin in. Totaal futloos, echt heel vervelend. Ja, dat kan ik me voorstellen. Moe en futloos, zei u. Wat verstaat u hieronder? Ja, ik heb gewoon overdag geen energie om iets te doen. Wat vervelend. En hoe lang heeft u daar al last van? Ja, al een weekje of zes. Zes weken dus. En wat maakt het dat u nu toch na zes weken komt? Ja, ik maak me zorgen. Ik vind het nu echt te lang duren.Ik wil graag weten wat de oorzaak is. Dat kan ik me voorstellen. Dus als ik het goed begrijp, wilt u vooral weten wat de oorzaak van uw klachten is. Hoe slaapt u? Heel goed ja. S'nachts ben ik wel een paar keer wakker om eruit om te plassen, maar daarna slaap ik vrijwel direct weer in. Hoe vaak is een paar keer? Ik denk gemiddeld wel vier keer per nacht. En hoe was het hiervoor qua plassen in de nacht? Oh, dat was minder. En ervaart u dan ook pijn bij het plassen? Nee, dat niet. Drinkt u veel voord u gaat slapen? Ja, ik drink de hele dag veel. Ik heb vreselijk veel dorst de hele dag. Maar s'avonds probeer ik een beetje minder te drinken, zodat ik niet zo vaak naar het toilet hoef. Duidelijk.Als ik het goed begrijp, heeft u dus sinds ongeveer zes weken veel last van vermoeidheidsklachten, heeft u veel dorst en moet u vaak plassen, vooral s'nachts. Heeft u verder nog andere klacht? Nee, eigenlijk niet. Alhoewel, ik heb ook een paar wondjes op mijn rug die maar niet willen overgaan. Daar zal ik ook even naar kijken. Ik wil u ook nog wat algemene vragen stellen. Ja, prima. Hoeveel weegt u? Zo'n dikke honderd kilo, schat ik, ik weet het niet precies. Dan gaan we u straks even wegen. Hoe is uw eetpatroon? Ik eet het liefst aardappelen met een lekker stukje vlees. Maar mijn vrouw maakt ook wel eens spaghetti en op vrijdag eten we altijd friet. Eet u verder ook nog fruit en groenten? Nou, daar hou ik niet zo erg van.En snoept u ook zoete of hartige tussendoortjes? Ach, een koekje bij de koffie en de thee en s'avonds wat chips bij het biertje, maar meer niet hoor. En hoeveel drinkt u gemiddeld? Eigenlijk altijd maar een paar biertjes. Verder geen wijn of sterke drank. Een paar biertjes, zegt u? Hoeveel biertjes per dag ongeveer? Drie of vier denk ik zo. En rookt u? Ja, een pakje per dag ongeveer. Beweegt u ook dagelijks? Dat probeer ik wel. Af en toe een blokje om, maar veel meer is het echt niet. Oké, en komt er diabetes voor in uw familie? Diabetes. Oh, suikerziekte. Nee, niet dat ik weet. Maar hoezo? Denkt u dat ik suikerziekte heb?Ik sluit het niet uit, maar we hebben daar een aantal onderzoeken voor nodig. Vindt u het goed als ik u eerst lichamelijk ga onderzoeken? Natuurlijk, geen probleem. U kunt alvast op de onderzoekstafel gaan liggen. Zou u ervoor kunnen zorgen dat dit gehele bovenlichaam ontbloot is? Dan kunnen we deze goed onderzoeken. Ja, dat is prima."
hartziekten.mp3,Dokter Patient,NVIDIA Parakeet TDT 0.6B v3,26.8,25.342857142857145,100,81.14285714285714,6776.3125,6697.169642857143,168.44190704704985,"Goedemiddag, wat heeft u hier gebracht vandaag? Ik heb de laatste tijd wat last van mijn hart. Uw hart en wat bedoelt u daarmee? Ik merk dat ik steeds vaker hartkloppingen heb. Oké, en hoe lang heeft u daar al last van? Ik denk een paar weken, maar sommige dagen heb ik er ook helemaal geen last van. Dus eigenlijk heeft u bijna iedere dag er last van? En wat voelt u dan precies? Mijn hoort klopt sneller, en ik voel het echt in mijn borst kloppen. Oké, dat is vast een onprettig gevoel. U zegt dat u het al een paar weken heeft.Daarvoor had u het niet. Wat maakt nou dat u vandaag bent gekomen? Ja, het is gewoon een heel naar gevoel. En ik denk dat ik een hartaanval krijg of zo. Dus ik wil het een en ander laten checken. Ja, dat begrijp ik helemaal. En op zo'n moment van de aanval, wat doet u dan? Niks speciaals eigenlijk. Voelt u verder nog andere dingen op die momenten in de borstkast of in de rest van je lichaam? Nee, dat niet. Ik denk eigenlijk alleen in de borstkas en niets anders dan dit hoor. En merk je bijvoorbeeld dat het hart ook van tempo wisselt, soms sneller en soms langzamer? Oh ja, dat heb ik wel enkele keren gemerkt, maar dat was niet zo heel erg hoor. Oké.Heeft u verder ook geen klachten van misselijkheid, benauwdheid of zweten? Nee, dat eigenlijk niet. Alhoewel, ik merk dat ik door de hardkloppingen ook wel een snellere ademhaling krijg. Oké, en heeft u daarbij ook een gevoel van kortademigheid? Nee, dat niet. Dus als ik het goed begrijp, heeft u sinds enkele weken last van hartkloppingen, maar verder niet veel bij komende klachten. Ja, dat klopt inderdaad. Mag ik iets anders vragen? Heeft u op dit moment ook last van stress? Dat valt wel mee. Het is wat drukker, maar ik ga binnenkort op vakantie. Dat is een fijn vooruitzicht. En heeft u zelf al iets aan de klachten gedaan? Ik probeer gewoon even rustig te doen. Dan zakken de klachten vaak wel.Lukt dat wel goed om even rustig aan te doen? En wat doet u dan? Nou, ik maak me soms wel druk en dan houden we de klachten wat langer aan. En waarover maakt u zich dan druk? Ja, dokter, ik heb in mijn omgeving toch wel mensen gehoord die dezelfde klachten hadden als ik en dan ineens onderuit gingen, of waar het dan ineens slechter ging. Maar dat wil ik natuurlijk niet. Nee, dat is natuurlijk heel begrijpelijk. U hoeft zich daar geen zorgen over te maken. Dit soort hartkloppingen zijn heel veel voorkomend en zijn vaak onschuldig. Maar ik zal voor de zekerheid zo natuurlijk ook even naar uw hart luisteren. Dat vind ik wel fijn om te horen. Het onderzoeken van het hart vind ik ook wel fijn, eigenlijk.Ik krijg de indruk dat nog niet al uw zorgen zijn weggenomen. Kan dat kloppen? Ja, dat klopt misschien wel, dokter, want ik maak me vooral ook zorgen om een reis. Uw reis? Wat voor reis gaat u maken? Ik ga bij mijn dochter op bezoek in Australië. Maar dan moet ik ook veel rijden. En ik ben bang dat ik met deze klachten niet veilig achter het stuur kan zetten en kan deelnemen aan het verkeer. Ja, ik kan me dat goed voorstellen. Maar ik kan u iedereen wel geruststellen, zeker als we dadelijk bij het luisteren naar het hart niets schriks horen. Deze klachten zullen uw reefvaardigheid niet beïnvloeden. Na mijn mening kunt u dus gewoon veilig op reis om uw dochter te bezoeken. Dat is goed om te horen, dokter. Dank u wel. Ik zal eerst even naar uw hart luisteren, en dan kunnen we de andere dingen ook makkelijk uitsluiten."
oncologie.mp3,Dokter Patient,NVIDIA Parakeet TDT 0.6B v3,26.8,25.23846153846154,100,77.92307692307692,7900.3125,6522.3125,165.7448213632598,"Fijn dat u vandaag bent gekomen voor het bespreken van de uitslag van de onderzoeken. Zoals u weet hebben we de afgelopen donderdag het aanvullende onderzoek gedaan. En nu heb ik de uitslag. Goedemiddag dokter, ik ben wel een beetje bang voor de uitslag. Dat kan ik me goed voorstellen. Ik heb helaas geen goed nieuws voor u. Ik moet u mededelen dat u kanker heeft in de dikke darm. Er is een tumor gezien op de scopie. Wat denkt en voelt u nu? Er gaat wel veel in mij om op dit moment. Ik was er al een beetje op voorbereid, maar ik merk dat het toch wel erg confronterend is wat u mij vertelt.Het is ook heel heftig nieuws om te horen. Betekent dat nou dat ik doodga, dokter? Bent u daar bang voor? Ja, eigenlijk wel. Ik begrijp dat u zich hierover zorgen maakt, maar er zijn nog genoeg behandelopties die in dit stadium van de ziekte toegepast kunnen worden. Ja, ik weet even niet zo goed hoe ik hierop moet reageren. Ik vind het wel heel beangstigend allemaal. Hoe gaat het nu verder? Kan ik nog blijven werken? Moet ik het nou aan iedereen vertellen? En hoe ga ik het thuis aan mijn partner en mijn kinderen vertellen? Ik begrijp dat dit veel vragen bij u oproept op dit moment. Heeft u iemand in uw naaste omgeving die u kan steunen? Jazeker, mijn partner.Dat is goed om te horen. Uiteraard hoeft u dit niet alleen te doen. We zullen vanuit hier u en uw familie zoveel mogelijk begeleiden. Oh, dat is wel fijn om te horen. U vraagt zich af hoe u dit aan de familie moet zeggen. Wilt u hier hulp bij? Nou, nee, ik denk dat dat wel zal lukken. Goed om te horen. Wilt u nu al de verschillende behandelopties horen of wilt u dat liever op een later moment bespreken? Ja, graag. Ik weet alleen niet zeker of ik alles nu kan onthouden. Ik kan u de informatie ook op papier meegeven. En de volgende keer herhalen we alles gewoon nogmaals en kunt u uw verdere vragen stellen. Oh, bedankt dokter. Dat zou ik heel fijn vinden. Een operatie is sowieso nodig.Hierbij wordt een deel van de dikke darm weggehaald en de rest wordt weer aan elkaar gemaakt. Soms is het tijdelijk nodig een stoma te gebruiken. Wat vindt u ervan? Ja, het klinkt wel begrijpelijk. Na de operatie moeten we het hebben over chemotherapie. Met de combinatie van een operatie en chotherapie heeft u in dit stadium 90% kans om de kanker volledig uit uw lichaam te krijgen. Oké, dus ik krijg een operatie en u raadt chemotherapie aan. Dat klopt inderdaad. Wat vindt u ervan? Ja, het is duidelijk. Het zal wel moeten. Wilt u een folder met de informatie? Ja, heel graag.Dan zal ik u een folder meegeven met informatie over de behandeling van darmkanker. Kan ik u verder nog ergens mee helpen? Nou, ik ben al heel erg blij met deze informatie, dus dank u wel daarvoor. Fijn om te horen. Als u vragen heeft, kunt u deze opschrijven. Bij de volgende afspraak kunnen we alles nog eens rustig doorlopen. Het zou goed zijn als u dan iemand mee zou nemen. Ja, dat is zeker goed. Ik neem mijn partner mee. Ja, goed zo. Veel sterker de komende week, en we houden contact. Ja, dank u wel."
abdomen.mp3,Dokter Patient,NVIDIA Parakeet TDT 0.6B v3,26.8,25.53076923076923,100,80.46153846153847,4620.3125,4535.389423076923,168.1720944928738,"Goedemiddag, neemt u plaats. Dan zullen we de uitslag van het onderzoek gaan bespreken. Goedemiddag, dokter, ik ben erg benieuwd. Ja, zoals u weet, hebben we net een echo gemaakt. We konden daarop duidelijk zien dat u een blinde darmontsteking heeft, en dit veroorzaakt ook de buikpijn die u heeft. Oh, dat klinkt niet goed. Wat houdt er precies in? Ja, er is een ontsteking van een aanhangsel van de blinde darm de appendix. Hoe het ontstaat, is niet helemaal duidelijk, maar het ontstaat vaak plotseling. Oké, ik snap wel wat u bedoelt, denk ik. U klinkt nog niet overtuigd. Maakt u zich zorgen? Wel een beetje om eerlijk te zijn. Is het wel goed te genezen?Ja, het is eigenlijk zonder ernstige complicaties goed op te lossen. Maar we moeten het wel gaan behandelen. Oké, dat stelt me gelukkig gerust. Wat kan er dan gedaan aan worden? Nou, eigenlijk zijn er twee opties. Optie 1 is een operatie waarbij het ontstoken deel verwijderd wordt. Dit is de optie waar het meest voor gekozen wordt. De andere optie is behandelen met antibiotica. Die worden dan direct via een infuus in de aardels toegediend. En we kunnen samen kijken wat voor u de beste optie is. Dat lijkt me wel fijn, ja. Na de operatie kan de ontsteking nooit terugkomen omdat het ontstoken deel in zijn geheel verwijderd wordt. Het terugkomen van de ontsteking noemen we ook wel een recidief.De kans op recidief na behandeling met antibiotica ligt tussen de 20 en 30 procent in de twee jaar na de behandeling. Maar zitten er niet ook nadelen aan een operatie? Ja, een operatie kan gepaard gaan met complicaties, ook al zijn deze veelal klein. De operatie wordt onder narkoose gedaan met een kijkoperatie. Oké, maar is het dan niet zo dat de darm misschien minder goed functioneert omdat je het weghaalt? Nee, gelukkig niet. Dit stukje van de darm heeft geen functie, dus het weghalen heeft verder geen nadelen. Ik ben ook nog wel benieuwd naar wat details over de behandeling met antibiotica. Ja, voor de behandeling met antibiotica moet u een paar dagen opgenomen worden om de antibiotica toe te dienen.De opname duurt korter dan de keuze als je kiest voor een operatie. Na een behandeling met antibiotica herstelt u wel sneller na de operatie. Maar een onderliggende oorzaak van ontsteking kan niet achterhaald worden. Bij een operatie kan dat wel. Wat kunnen die oorzaken dan zijn? Nou ja, de meest ernstige oorzaak is een vorm van kanker. Die komt niet vaak voor, maar bij 1 of tot 2% van de mensen. Ja, dat is niet veel, maar het lijkt me geen fijn idee om met die onzekerheid te leven. Ja, dat is begrijpelijk dat u had zegt. Was het verder betreft op behandelopties wel duidelijk wat de voor- en nadelen zijn of heeft u nog vragen? Nee, dat is eigenlijk al duidelijk. Heeft u op dit moment een voorkeur voor een van beide behandelingen?Ja, voor een operatie. Ondanks dat het herstel misschien langer duurt. Ik vind het wel fijn om zeker te weten dat het niet terugkomt, of misschien wel veroorzaakt wordt door een vorm van kanker. Vindt u dat een logische keuze? Ja hoor, ik zou de meeste mensen een operatie adviseren. Oké, kan ik even mijn partner op de hoogte stellen voor we verder gaan? Hij maakt zich namelijk nog wel wat zorgen. Ja, natuurlijk mag dat. En dan bespreken we zo verder de vervolgstappen."
auto-immuunziekten.mp3,Dokter Patient,NVIDIA Parakeet TDT 0.6B v3,28.6,25.5,100,83.46666666666667,5728.3125,5654.445833333333,180.47136422409815,"We hebben het zojuist gehad over uw klachten. U gaf aan sinds een langere periode klachten te hebben van buikpijn en diarree en u bent flink wat kilo's afgevallen. Ook voelt u zich vermoeid en futtloos, waardoor u overdag weinig energie heeft en u maakt zich daar zorgen over. Klopt dat? Ja, dat klopt inderdaad. Dan zou ik u nu graag wat specifiekere vragen willen stellen over de klachten. Prima. Zou u kunnen omschrijven waar u de buikpijn voelt? Vooral wat lager in de buik. Het is echt een krampende pijn. En is er iets wat u kunt doen om die pijn te verzachten? Het liefst houd ik me rustig.Maar ik moet dan vaak naar het toilet. Op de wc heb ik dan nog wel veel buikpijn, maar na de hand is de buikpijn vaak iets gezakt. Dus nadat u naar het toilet bent geweest, is de pijn minder. En is de pijn verder de hele dag door aanwezig? Nee, dat niet. Het gaat vaak een beetje op en af. Ik merk dat het een paar uur na het eten vaak het pijnlijst is, hoewel ik er s'nachts ook wel veel last van heb. Ik moet dan ook een aantal keer naar de wc. En dan na de toiletgang is het weer minder. Slaapt u verder wel goed? Redelijk, behalve dat ik er dus wel vaak uit moet s'nachts. Het inslapen duurt dan soms ook wel weer even.Ja, dat snap ik. U zei dat u diarree heeft. En kunt u aangeven of de ontlasting altijd zo dun is? Eigenlijk wel. Soms is het wat harder, maar meestal is het gewoon heel dun, tot zelfs waterdun. En hoe vaak gaat u gemiddeld per dag naar het toilet voor de ontlasting? Ik denk gemiddeld wel een keer of 5 assis de afgelopen periode. Dat is inderdaad wel veel. Weet u misschien of er ook bloed of slijm bij de ontlasting zit? Nee, dat gelukkig niet. En heeft u verder nog last van oprispingen of zuurbranden? Ik heb dat altijd wel een beetje gehad, maar dat is niet veel erger geworden in de afgelopen periode.En voelt u zich dan ook wel eens misselijk of moet u misschien overgeven? Nee, dat gelukkig niet. Dat is fijn om te horen. En hebt u nog wel een normale eetlust? Nou, ik heb niet vaak zin om te eten. Dus toch wel een afgenomen eetlust als u het zo zegt. Ja, dat wel. En hoe is uw eetpatroon? Zou u voor mij eens kunnen omschrijven wat u op een dag zoal eet? Ik probeer wel genoeg groenten en fruit te eten. Daarnaast eet ik elke dag een stukje vlees of vis. Soms snoep ik wat tussendoor, maar meestal houd ik wel een beetje rekening met wat ik eet. Oké, ik denk dat ik zo wel een goed beeld heb. Bent u?Toevallig recentelijk ook nog in het buitenland geweest voordat de klachten begonnen. Ik ben wel op vakantie geweest naar de camping op Frankrijk, maar verder niet. Duidelijk. Heeft u ooit kort ervaren bij de klachten? Dat weet ik eigenlijk niet zo goed. Ik heb soms wel heel koud en dan weer warm, maar dat is niet altijd zo. Oké, we kunnen zo meteen ook de temperatuur wel meten. Zou u kunnen aangeven of u medicijnen of pijnstillers gebruikt? Medicijnen niet, maar ik neem wel af en toe een pijnstiller. Soms helpt dat iets tegen de buikpijn. En heeft u verder nog aandoeningen in de voorgeschiedenis? Nee, eigenlijk niet.Heeft u misschien toevallig in de familie ooit gehoord dat iemand dit soort klachten heeft? Volgens mij had mijn tante hier ook wel eens last van. Ik zou het eens kunnen navragen. En weet u misschien of we verder erfelijke ziektes in de familie zitten? Ik weet dat mijn oma een vorm van reuma had, maar ze is al een tijdje terug overleden. Verder denk ik het eigenlijk niet. Oké, als u het goed vindt, wil ik u graag lichamelijk onderzoeken. Is dat goed voor u? Natuurlijk. Zou u dan voor mij de buik willen ontbloten? Dat kunt u daar achter het gordijn doen, en uw BH mag u aanhouden. Oké, dat is goed."
neurologie.mp3,Dokter Patient,NVIDIA Parakeet TDT 0.6B v3,28.6,25.412499999999998,100,84.125,6844.3125,6774.5625,178.92179616006365,"Goedemorgen, wat kan ik voor u betekenen vandaag? Ik heb last van heel ernstige hoofdpijn. Heel ernstig? Wat is ernstig? Ik heb gewoon hevige hoofdpijnsaanvallen. Hoe lang heeft u hier al last van? Ik denk al enkele maanden, maar de laatste weken wel steeds vaker. Oh, dat is al best wel lang. Wat maakt dat u vandaag naar mij bent gekomen? Ik ben er klaar mee. Ik wil er nu vanaf, want het heeft echt invloed op mijn dagelijkse leven. Hoe bedoelt u? Ik wil echt iets tegen de pijn. Dat begrijp ik. Heeft u al iets geprobeerd om de pijn te verlichten? Ik lig dan het liefst gewoon op mijn kamer, in het donker, maar soms word ik ook echt misselijk als ik moet opstaan. Heeft u zelf een idee waar het vandaan kan komen?Ik ben eigenlijk wel bang dat het iets ernstig is. Waar denkt u dan aan? Iemand in de familie is na dezelfde klachten gestorven aan een hersentumor. Ik ben er eigenlijk wel bang voor dat ik dat ook heb. Ik kan me voorstellen dat u zich dan zorgen maakt. Wie was dat in de familie? Dat was een neef van mijn moeder. Dus als ik het goed begrijp, is dat ook de reden dat je vandaag bent gekomen? Ja, eigenlijk wel. En natuurlijk ook iets tegen de pijn. Als ik kijk naar de hoofdpijn, waar in het hoofd voelt u de hoofdpijn? Meestal een beetje voor in het hoofd, meer aan de linkerzijde. En hoe zou je de soort pijn omschrijven? Het is vooral een bonzende pijn. En hoe lang is de pijnaanval dan meestal?Soms is het na één dag al minder, maar het kan soms ook drie dagen duren. Wat doe je dan als je zo'n aanval hebt? Ik ga dan in bed liggen, meestal de deuren en de gordijnen dicht. Begrijp ik goed dat je ook last hebt van licht en geluid over gevoeligheid? Ja, inderdaad. Heeft u verder nog bijkomende klachten? Ja, soms ben ik misselijk. En als u misselijk bent, moet u soms ook braken. Heel soms, maar gelukkig niet zo vaak. Heeft u tijdens de aanvallen ook last van slechter zicht? Tijdens de aanvallen merk ik wel dat ik het soms niet goed kan zien, maar ik wil het liefst ook mijn ogen dicht houden vanwege het felle licht. Gebruikt u verder medicatie?Soms een pijnstiller voor de hoofdpijn. En helpt dat tegen de pijn? Ja, meestal wel. Dus nog even kort om samen te vatten, het is dus een bonzende hoofdpijn die in aanvallen komt, vrij ernstig van karakter, vooral aan één zijde van het hoofd. Soms bent u ook misselijk met braken en meestal helpt u rustig aandoen in een donkere kamer en soms een pijnstiller. U bent ook best bang dat het iets ernstigs is en wilt graag iets tegen de pijn. Heeft u zo nog aanvullingen? Nee, dat is eigenlijk wel compleet. Uw hoofdpijn doet me sterk denken aan migraine. Bent u bekend met deze term? Ik heb er wel iets van gehoord. Maar u denkt dus niet aan een tumor? Nee, eigenlijk niet. Het komt bijna precies overeen met het schoolvoorbeeld van migraine.Oh, ik wist niet dat die pijn zo hevig kon zijn. Dat kan helaas wel heel verhinderend zijn. De aanvallen zullen helaas blijven terugkomen, maar er zijn wel wat dingen die je kunt doen om de hoofdpijn te verzachten. Op het moment dat de pijn opkomt, is het aan te raden rust te nemen. De pijn kan versterkt worden door stress, onrust en weinig slaap. Dit zijn dus elementen waar je op kan letten om de hoofdpijn te verminderen. Ervaart u veel stress? Soms wel, dokter, maar het wordt wel rustiger op mijn werk binnenkort. We krijgen een extra collega. Dat is fijn om te horen. Hopelijk neemt de stress dan ook af. Verder kunt u zodra de pijn opkomt, beginnen met twee paracetamol.Je kunt dit dan consequent de dag door op maximaal vier momenten nemen totdat u merkt dat de pijn minder wordt. Een paracetamol gaat dat wel helpen tegen deze heftige pijn? Een paracetamol is een medicijn dat verder niet heel schadelijk is, maar het kan wel heel effectief zijn, zeker als het zo op vaste tijdstippen wordt genomen. Mocht het niet helpen, kunnen we altijd overgaan naar een andere pijnstiller. Vindt u dat een goed idee? Dat klinkt wel redelijk. Ik ga het in ieder geval eens proberen. Zullen we dan afspreken dat we over ongeveer vier weken een nieuw consult plannen en kijken hoe het gaat? Mocht het dan niet voldoende helpen, kunnen we dan overgaan op een andere behandeling? Dat is goed. Bedankt, dokter. Heeft u verder nog vragen? Nee, het is wel duidelijk zo. Dan zie ik u graag over vier weken."
misbruik.mp3,Psychologische gespreksvoering,NVIDIA Parakeet TDT 0.6B v3,27.5,25.51212121212121,100,91.0909090909091,7964.3125,7930.373106060606,181.20516273603695,"Nou, goedemiddag Sarah. Mijn naam is Sarah. En ik heb je even apart genomen omdat ik bij binnenkomst stap dat je behoorlijk overstuur was. Ik stel voor om even gewoon een kwartiertje samen te gaan praten. Gewoon even kijken wat er aan de hand is. Dat jij je verhaal kan doen en dat we samen kunnen kijken wat we eventueel voor jou kunnen tekenen hier. Vind je dat een goed plan? Ja? Oké, allereerst, waarom ben je gekomen vandaag? Omdat ik niet naar huis gaat. Je kan niet naar huis. En waarom kan je niet naar huis? Ja, ik durf gewoon niet meer naar huis niet te gaan eigenlijk. Daarom ben ik ook weggegaan. Oké.Dus je bent weggegaan van huis omdat je niet meer naar huis durft. Daar komt het op neer. En waarom durf je niet meer naar huis? En waar vind ik het heel moeilijk om over te praten? Dat vind je moeilijk om over te praten. Kan je eerst iets vertellen over gewoon over je thuissituatie dan? Ja, mijn ouders zijn twee jaar geleden gescheiden. En daar zit mijn vader eigenlijk niet zoveel meer. Mijn moeder heeft nu een nieuwe vriend, maar ik moet eigenlijk ook helemaal niet meer vinden. Dat is een beetje vies mannetje. Je ouders zijn gescheiden twee jaar geleden. En hoe is de scheiding gegaan?Ja, best wel rot eigenlijk. Want daardoor zie ik mijn vader eigenlijk helemaal niet meer. Maar één keer in twee weken, in het weekend. En dan hij heeft helemaal geen tijd voor mij als ik er dan ben en vind ik leuk. Wat voor gevoel werkt dat bij je op dan? Dat je je vader je zo weinig ziet? Ja, ben je verwaarloos of zo? Dat hij geen zin heeft om het dan te zien. Dus bij je vader voel je je een beetje verwaarloos. En bij je moeder wil je eigenlijk niet meer zijn. Nee. En is dat omdat je moeder er is of nee, door die vriend. Ja, en mijn moeder gaat helemaal met hem mee en dan ruikt er niet naar mij. Anders wat hij zegt is er waarheid ofzo.Ja, ik snap dat dat erg vervelend is, inderdaad. Maar hoe lang zijn je moeder en haar vrienden nu samen? Ik weet niet, een half jaar of zo trouwens. Oké, en jij hebt een beetje het gevoel dat hij eigenlijk alles al bepaalt in huis. Ja, dat zij gaat gewoon een beetje met haar mee. En je zegt, je vindt het een beetje een vies mannetje. Kan je daar een voorbeeld van geven? Ja, ik heb gewoon het idee dat hij de hele tijd naar me zit te kijken. En dan als ik uitga of zo zegt hij, oh, hij ziet er echt sexy uit. Het was gewoon echt heel vervelend. Dus ik kan eigenlijk wel zeggen dat je hem erg ongepast vindt. En ja.Ja, en ook als ik langsloop of zo, ga hij net even zijn hand op mijn schouder leggen of net op mijn heup of zo, dan moet ik hem afblij. Maar is dat vandaag ook gebeurd? Ja, en ik had, ja, nou, niet per se vandaag, maar ik had echt mijn moeder gezegd. En toen zei ze dat ik me gewoon niet zo aan moest stellen en dat ik gewoon normaal moest doen. Oké. Dus je weet eigenlijk niet zo goed wat je nu moet? Nee, een beetje, ja, ik ga er echt niet meer naar terug als zij me niet geloven ofzo. En dat hij dan dat gewoon kan doen door mijn moeder er gewoon zegt dat ik het zit te verzinnen of zo. En heb je er al met iemand anders over gepraat? Nee, ik vind het best wel.Moeilijk om over te praten. Straks vindt iemand anders ook dat ik het voor je moet. Het is een lastig onderwerp, inderdaad. Ja, daar heb je helemaal gelijk in. Nou ja, dan moet ik zeggen dat ik erg blij ben dat je naar ons toe bent gekomen. En om het even voor mezelf op een rijtje te krijgen, je ouders zijn gescheiden, je vader zie je vrij weinig. En je vader heb je eigenlijk het gevoel dat hij geen omkijk naar je heeft. Je moeder heeft sinds een half jaar een nieuwe vriend. En die vriend is nogal nog past tegenover jou. En daar heb je je moeder mee geconfronteerd. Oké. En ik kan je voorbeelden noemen van ja, je hebt al gezegd dat hij zegt dat je sexy bent ofJa, maar sexy uitzien. Teg ik toch niet? Ja, dat is een lastig onderwerp. Ik moet zeggen dat ik zelf ook even moet nadenken hoe we hier verder mee moeten. Wat ik in ieder geval uit jouw verhaal begrijp, is dat je je gewoon niet veilig voelt thuis. Daar komt het uiteindelijk op neer om het even concreet te maken voor mezelf. Heb je zelf een idee wat eraan gedaan kan worden? Ja, het moet gewoon weggaan eigenlijk. Want anders kan ik niet naar reis. Nee, oké.Hij moet weg gewoon. Ja, het moet gewoon opgerust worden. Ik wil gewoon thuisker zijn. Maar ik kan niet dat hij er is. En heb je dat ook met je moeder besproken? Nee, nog niet. Want ze gelooft hem meteen nog niet. Dus dan weet je niet dat ze hem dat zeggen. Maar hoe ben je tegen je moeder daarover begonnen? Ja, ik was gewoon naartoe gaan en zeg, ja, mama te horen. Die vriend van jou. Dat kan gewoon echt niet hoor wat hij doet. Dat hij zegt dat ik sexy ben en dat hoort er niet echt mee te zeggen. Ik zie dat je tussendoor een beetje begint te grinken op een of andere manier. Een beetje van zingen, denk ik. Ongemakkelijke situatie.Oké, dus maar even, we zijn hier natuurlijk om jou, want ik merkte sowieso in het begin al dat je dat je een beetje ongemakkelijk voelde en niet helemaal uit jezelf dingen durfden te vertellen. Heb je wel het gevoel dat je hier een beetje veilig bent? Ja, vind ik toch een beetje keer ook ook. En ik wil graag met jou gaan kijken naar een oplossing voor dit probleem in ieder geval. Jij zegt zelf, ik wil dat hij weggaat. Nou denk ik, als ik even zo bij mezelf denk, dat is een beetje een lastige oplossing. Zijn er andere dingen waarvan je zegt, dat zou ik willen proberen?Ja, ik zou er wel gewoon een keer goed met mijn moeder over willen praten. Zonder dat ze meteen gaat roepen dat het niet waarde is en dat ik me aanstel en zo. Het is gewoon even naar luistert. Oké. Dus met je moeder praten. Maar zou je dat willen doen thuis of zeg je, doe maar een andere situatie? Nou, dan liever niet thuis. Maar gewoon erg zo gewoon rustig kunnen praten. Dat hij er ook niet ineens binnen kan lopen of zo. En zou je daar iemand bij willen hebben? Ja, denk dat dat wel fijn is. Ja, ik kan me voorstellen.Dat ik erbij ben. Dus dat we met je moeder een afspraak maken en dat we met z'n allen even gaan zitten. Want je bent hier natuurlijk niet voor niks gekomen. Dat is één ding dat we vast kunnen stellen. Dan lijkt het me verstandig als we dat doen. Als jij je daar veilig bij voelt als ik erbij ben, tenzij je zelf zegt nou fijn vind als je erbij bent. Wat wil je tijdens het gesprek van mij dan? Misschien gewoon een beetje mij de kans ook geven om uit te laten praten, zeg maar, niet aan moeder tegen. Ja, dus.Dat je je verwacht, of je verwacht mij. Je wil dat ik erbij ben om een beetje de orde eigenlijk te houden. En jou de kans te geven dat je je ding kan zeggen en dat je moeder je niet onderbrengt. Oké, nou ik vind het fijn dat je zelf ook bedacht hebt van dit wil ik. En daar kunnen wij je hartstikke goed bij helpen. En daar zal ik je ook zeker bij helpen. Als jij zometeen het nummer van je moeder even achterlaat bij mij, dan ga ik haar een belletje geven. En dan ga ik even uitleggen wat wij net besproken hebben, namelijk gezondheid. Namelijk dat je je niet veilig voelt thuis. Door het feit dat je je vader of je vader, zie je eigenlijk niet en dat je moeder de nieuwe vriend gewoon.Na jouw gevoel gewoon geen normale dingen doet bij jou. Zoals dat hoort als vriend van je moeder en niet als vriend van jou. Dan zal ik je moeder daar even een belletje over geven. Ik zal nog niet te veel daarvan zeggen. Ik zal aangeven dat je hier behoorlijk over stuur bent gekomen en dat ik graag een mogelijkheid wil om met haar te praten en met jou. En dan stel ik voor dat ik met je moeder een afspraak maak en met jou dat we je volgende week rond dezelfde tijd nog een keertje afspreken. En dan bespreken we alles nog een keertje met je moeder. Ja? Kan je eraan vinden? Mooi zo. Dan zie ik je volgende week."
vrijheden.mp3,Psychologische gespreksvoering,NVIDIA Parakeet TDT 0.6B v3,28.6,25.4258064516129,100,90.64516129032258,9096.3125,8363.40927419355,176.921311108806,"Eh, ja. Goedemiddag, Lisa. Hoi, ik ben Lisa. Ik ben de verkleetzundige vandaag en ik heb gehoord dat jij een gesprek hebt aangevraagd om trade je vrijheden. Nou, laten we het daar even over hebben samen. Laten we het lekker kort en bondig houden, zodat we hier niet te lang mee bezig zijn. We komen er wel uit van we daarmee bezig willen zijn. Laten we het op een kwartier ongeveer doelen en dan kunnen we het ook lekker verklopt houden. Ja, dat is zo goed.Laat ik begin met vragen waarom jij dit gesprek hebt aangevraagd. Ja, ik wil het graag over mijn vrijheden hebben, want die zijn ingetrokken vorige week. Ja nu moet ik telkens met iemand met iemand van de begeleiding boodschappen doen. En dat komt heel vaak niet uit. Dus ja, ik zou graag weer mijn vrijheden weer terug willen. En waarom zijn jouw vrijheden ingetrokken toen de tijd? Ja, ik had mezelf gesneden. En waar heb je dat toen gedaan? Was daar een aanleiding voor? Of eh.Herbelevingen en ik een stemmetje zei dat ik dat moest doen. Welk stemmetje? Het stemmetje waar ik altijd last van heb als ik te weinig heb geslapen. En is die je dan dus een tijd weg geweest dat je daar weer vrijheid weer terug had gekregen? Ja, het ging een tijdje weer goed. Alleen nu vorige week werd het weer slechter en ben ik me meer gaan snijden. Toen heeft de behandelaar mijn vrijheden weer ingetrokken.En wat is er gebeurd tussen dat het wel goed ging en dat het ineens weer minder goed ging? Is er een omslag geweest? Is er iets in je persoonlijke leven gebeurd? Ben je misschien middelen? Alcohol gaan drinken, gaan gebruiken? Nee. Heb je slecht contact met een van onze medebewoners? Nee, dat gaat eigenlijk allemaal wel goed. Nee, daar heb ik geen. Je kan niet bedenken wat er aanleiding is geweest voor de inslag. Nee. Ik slaap wel wat slechter en dan heb ik meer last van herbelevingen. Herbelevingen waarvan? Ja, daar heb ik het liever niet heel erg over, maar meer.Ja, wat er vroeger is gebeurd na de herbelevingen. Ja, dus wat er in je verleden in je jeugd is gebeurd eigenlijk. Oké, daar hebben we het liever niet over hebben. Nee. Nee. Heb je daar wat andere mensen wel over? Ja, met een psycholoog hebben we het daar niet over. Maar het ziet niet fijn. Daar heb ik het wel over. Als je met de psychologen over hebt, dan kan je daar niet. Zij begrijpt me in ieder geval wel. En we proberen er samen wel uit te komen. Oké. Wat je zegt, is je wil weer graag boodschappen gaan doen. Alleen. Ja.En meer naar buiten. En ik wil eigenlijk aan jullie vragen hoe dat weer een beetje kan doen. Ja, als wij niet weten wat er precies gebeurt in jouw hoofd, dan vinden wij het moeilijk om jou zo naar buiten te laten gaan. Dus ik denk dat we pas jou weer echt vrij kunnen laten als we erin vertrouwen dat er niks misgaat. En als je het er niet over wil hebben, dan begrijp ik dat heel goed. Dan zou je het misschien toch wel weer echt goed met je psycholoog moeten gaan bespreken. En dan zouden wij samen met de psycholoog misschien kunnen gaan bedenken wanneer je weer klaar bent om zelf naar buiten te gaan.Want ben je bereid om eraan te gaan werken? Ja. Maar wat het is, ik snij bijvoorbeeld niet, ik doe het niet als ik buiten ben, ik doe het altijd op mijn kamer. Dus ik snap niet zo goed waarom ik dan niet boodschappen mag doen, er is altijd een risico als je dus suicidaal bent, dat het op een gegeven moment op een andere manier gaat gebeuren, en dat is wat wij willen voorkomen. Want je zit alleen op je kamer. Waarom alleen op je kamer? Ja, dat is het meest veilige plekje voor mij hier.Danzen dat niemand het ziet of is het omdat je het eigenlijk niet wil doen? Nee. Nee, het komt gewoon inmaal op en ik doe dat. Dan moet ik dat doen. Dan is de drang zo groot. Meestal probeer ik het ook wel tegen te halen. Maar de drang wordt zo groot dat ik het toch moet gaan doen. Ja, de drang kan ook een keertje buiten komen en dan kan het ook buiten gebeuren. Ja, maar dan ga ik eigenlijk altijd nog langer binnen. Zoals ik het goed begrijp is. Je denkt dat je gewoon zelfstandig naar buiten kan. Ja. Dat het gewoon lukt. Alleen voor ons mag het nog niet.Wat denk je zelf hoe je je vrijheden terugkomen krijgen? Hoe heb je dat voorheen gedaan? Ja, door te laten zien dat ik mezelf niet sneed, dan kreeg ik het wel weer terug. Maar toen hoelang sneed je dan niet? Ja, dat verschilde wel eens. Ja, de bandelaren zijn, daar zijn niet echt te regels voor. Ja, en was ik eigenlijk liet zien dat het goed ging met me, maar dat hoefde nog niet te betekenen dat het goed toen het goed ging met me.En dan kreeg ik ze wel terug. Maar ik vind het moeilijk om daar afspraken over te maken, over te snijden, omdat dat zo in mij opkomt. En ik zou wel graag gewoon alleen even boodschappen willen doen. En ik denk dat we wel misschien wat kleine afspraakjes kunnen maken om het op te bouwen? Ik snap ook wel dat jullie misschien wat meer vertrouwen in mij moeten krijgen. Vind je het goed als ik het ook met de psycholoog bespreek? Voel je dat absoluut niet? Want dan heb ik in ieder geval iemand die weet wat er precies aan de hand is.Blokje daar niet met mij over te hebben. Misschien vertelt hij mij niet alles, maar in ieder geval weet ik een beetje de achtergrond. Ja, dat vind ik wel goed. Dan kan ik met hem gaan kijken hoe we dit verder gaan aanpakken. Ik bedoel, het liefst bij jou natuurlijk ook zelfstandig naar buiten gaan. Dus dat ik eerst met hem ga praten. Hij kent jou ook wat beter. En dan ga ik met hem bespreken hoe we misschien een stappenplan kunnen opbouwen om jou er zelfstandig naar buiten te laten gaan. Maar dat we dat gewoon langzaam opbouwen. Dat kleine stapje. Dat je eerst even een rondje gaat lopen om het gebouw heen. VervolgensDan maak ik er twee. En vervolgens uiteindelijk hoop natuurlijk weer dat je eigen boodschapjes kan doen. Dus is het een idee dat ik volgende week met jou weer terugkom? Want ik deze week eventjes de psycholoog spreek? Of vind je dat te lang duren? Ik kan het ook nog proberen. Ik zou het wel fijner vinden als het eer komt. Je moet ook nieuwe shampoo of zo. Oké, na het weekend kom ik bij jou erop terug, want jullie is hij er niet. Dan spreek ik maandag met hem en dan maandagavond, maandagmiddag, maandagavond kom ik naar hem toe. Dan ben je ook. Ja. Dan heb ik psycholoog gesproken en dan kunnen we even kijken hoe we het gaan aanpakken. En dan bespreken we het verder.Dat goed? Ja, dat is goed. Oké, we laten het voor nu hierbij. Fijn weekend. Dankjewel. Zie ik je op maandag. Oké. Fijn middag."
angststoornis.mp3,Psychologische gespreksvoering,NVIDIA Parakeet TDT 0.6B v3,26.8,25.11818181818182,100,74.36363636363636,9096.3125,9096.3125,167.75017569758967,"Goed dat je er bent. Kom binnen. Dankjewel. Maar hoe was het voor jou om hulp te zoeken? Nou, eigenlijk het hulp zoeken was voor mij niet zo'n probleem. Maar de juiste hulp vinden. Dat was echt mijn probleem. Waar liep je tegenaan? Ja, ik liep tegenaan dat ik dus bij heel veel therapeuten ben geweest, mindfulness, van alles geprobeerd. Maar eigenlijk werd het niet beter. En ging ik steeds meer achteruit en ging steeds meer dingen vermijden. En ja, uiteindelijk durfde ik bijna niets meer. En toen kwam je uiteindelijk bij ons, bij een intensieve behandeling, een driedaagse dagbehandeling. En hoe was dat voor jou? Heel spannend, ja. Vooral het begin.Want daar. Ik had nog nooit in een groep eigenlijk therapie gehad. Dus dat vond ik heel spannend. Maar dat viel eigenlijk heel erg goed. En het einde vond ik juist spannend omdat ik dan dacht, oh, nu moet ik het alleen doen. En dan dat je vangnet eigenlijk een beetje wegvalt, zo voelde dat een beetje. Maar dat is allemaal goed gekomen. En tijdens die behandeling, wat vond jij toen het meest spannende stukje? Of vond je het meest spannende moment of het moeilijkste moment? Na de exposure sessies, individueel en met groep, vond ik heel spannend. Je zoekt dan echt je angst en je paniek zoek je op. Maar daarin word je heel goed begeleid dat je.Je wordt heel goed begeleid om met die angst om te gaan. En daardoor merk je eigenlijk: ik kan dit gewoon aan. Ik kan dit gewoon. Wat voor soort dingen heb jij dan bijvoorbeeld gedaan? De lift. De lift was voor mij echt een ding. En dat vond ik verschrikkelijk. De eerste dag dat ik hier was, zei ik kan ik niet met de trap naar boven. Nee, we gaan de lift in. Met het openbaar vervoer zijn we geweest. Ik heb zoveel dingen gedaan die ik normaal gesproken niet durfde, medicijnen slikken. Dat klinkt raar, paracettenmol slikken. Ja, dus dat was heel spannend. En wat heeft jou nou het meest geholpen tijdens die behandeling?Toch wel ook die exposure. Maar eigenlijk alle therapieën wel. Je krijgt een andere therapie, krijg ik heel goed inzicht waar mijn valkuilen liggen en hoe ik in elkaar zat. Waarvan ik eigenlijk dacht, dat heeft niets met mijn angstoornis te maken. Maar dat heeft het dus duidelijk wel. Dus dat heeft me heel geholpen om inzicht te krijgen, waar moet ik aan werken? Ja. En hoe gaat het nu met je? Het gaat heel goed met mij. Er blijven altijd uitdagingen, maar die ga ik gewoon aan. En mijn leven is nu gewoon weer leuk en ik heb mijn vrijheid weer terug. Ik doe leuke dingen. Ik onderneem van alles, ik stap in liften.En dus het gaat eigenlijk heel erg goed met mij nu. Wat fijn. Ja, zeker. Super."
intake-bedrijf.mp3,Psychologische gespreksvoering,NVIDIA Parakeet TDT 0.6B v3,26.8,25.33095238095238,100,94.04761904761905,9096.3125,9096.3125,171.35182923892464,"Frank, fijn dat je bent gekomen. Ben je wel eens eerder bij een psycholoog geweest? Nee, dit is de eerste keer. Oké, nou dan is het misschien goed als ik even iets vertel over de manier waarop ik graag werk. Ik wil dit eerste gesprek graag gebruiken voor kennismaking en kijken met welke vraag je rondloopt en wat er daarbij voor jou meespeelt. Dan kunnen we eventueel daarna vervolggesprekken inplannen waarin we wat beter en dieper in kunnen gaan op de belangrijke aspecten. En ook misschien concreet kunnen kijken naar wat we kunnen doen om je verder te helpen. Hoe lijkt je dat? Ja, dat is goed. Als je nog vragen hebt, dan kun je die nu gerust stellen. Nee. Oké, zullen we dan maar gewoon beginnen? Dat is goed. Oké, kun je me vertellen wat je hier heeft gebracht? Nou, ik ben hier eigenlijk op aanraden van een vriend van mij.Daar heb ik eens mee gesproken en die zei tegen me, zoals je nu net zelf, de kringetje rondraad. Dat kan gewoon niet meer. En hij vond dat ik maar eens moest gaan praten. Een kringetje rondraad? Nou, ik loop al een tijdje met het idee rondom een eigen bedrijf te beginnen in automatisering. Ik doe automatiseringsprojecten ja en dan ga je wel eens denken hoe je dat wilt. En toen. Ik heb nu ook best een leuke baan, maar op een gegeven moment ga je wel denken, ik moet maar eens wat anders. Dus je hebt het wel een beetje gezien in je huidige baan? Ja, dan ga je op zoek naar een nieuwe uitdaging. En een eigen bedrijf leek me eigenlijk een hartstikke goed idee. Dus toen heb ik er met mijn vriendin over gesproken, en met mijn ouders en met vrienden, en eigenlijk.Was iedereen ontzettend enthousiast. Dus je kreeg veel steun uit je omgeving. Ja, dan zet je een volgende stap: dan ga je naar de Kamer van Koophandel. En daar heb ik een starterspakket aangevraagd een cursus gevolgd, een compleet ondernemingsplan geschreven en met banken gepraat. Dus de plannen zijn eigenlijk best al ver gevorderd. Ja, ik ben zo al een tijdje bezig. Een jaar of wat bezig met het opzetten van een eigen bedrijf, misschien nog wel iets langer. Sinds een paar maanden zijn er wat dingen veranderd. En daardoor vraag ik me nu af of die dingen die, die plannen die ik had, of die nog wel kunnen of niet. Je zegt dingen veranderd? Nou, sinds een maand of wat is bekend dat mijn vriendin zwanger is. En dan verandert er wel veel, ja. Daar schrok je van, die verandering. Nou, ja.Da schrokken we allebei nogal van. Daar hadden we niet op gerekend. En dan veranderde er gewoon heel erg veel. Jullie hadden het allebei niet verwacht. Kun je daar iets meer over vertellen? Hoe ging dat? Tja, Caroline had keurig de pil geslikt, had hem niet vergeten of te laat ingenomen of zo. En toen werd ze niet ongesteld. Dus toen hebben we een zwangerschapstest gedaan. En toen zaten we naar die uitslag van die test te kijken. Je kon eigenlijk je ogen niet geloven. Nee, dat was te gek voor woorden. Oké, om even kort samen te vatten, je hebt eigenlijk hele serieuze plannen om een eigen bedrijf te beginnen.Daar kreeg ik veel steun uit je omgeving en daar was je ook echt al een eind mee. En nu is je vriendin plotseling zwanger. En nu komt het even op losse schroeven te staan. Klopt dat? Misschien is het goed om nog even terug te pakken over je plannen voor een eigen bedrijf, om daar iets dieper op in te gaan. Je zei net dat je je ouders waren daar enthousiast over, en je vriendin ook. Ja, mijn ouders hebben een eigen bedrijf. Mijn vader geeft autorijles en heeft zelf een hele rijsschool opgezet. Dus ik ben als het ware groot geworden met dat idee van een eigen bedrijf. Dus toen ik bij mijn vader met dat idee aankwam, had hij zoiets van ja, natuurlijk, dat is een hartstikke goed idee. En je vriendin? Ja, die was eigenlijk ook heel enthousiast.Ze werkte fulltime. Ze is unithoofd van een verpleegafdeling. En zij vind een goede baan en een uitdaging ook heel belangrijk. Dus toen ik bij haar met die plannen aankwam, had zij zoiets van ja, dat is echt iets voor jou. Dus vanuit je omgeving kreeg je steun voor die plannen. Je gaf net aan dat de zwangerschap was onverwacht, was echt een verrassing. Kun je me vertellen wat dat verder teweeg heeft gebracht? Het was voor Caroline ook wel even schrikken. Ze werkt fulltime. En ja, als ik dat dan zo mag zeggen, dan komt die zwangerschap ook niet echt goed uit. En nu met die plannen is het eerst wel even schrikken. Oké, even schrikken. Maar hoe is dat nu? Nou, het zetten dingen wel een beetje op z'n kop.En Carolien is nu langzaam rand wel zo ver dat ze net ziet zitten. Die heeft zoiets van dan gaan we allebei vier dagen werken en dan vangen we het samen wel op. Oké, dus Carolien ziet het nu wel zitten. En heeft ook al wat concrete ideeën over hoe jullie het zouden kunnen aanpakken? Ja, die begint er onderhand al warm voor te draaien. En jij? Nou, kijk, het feit dat die zwangerschap er is, dat eigen bedrijf kan ik nu wel vergeten. Ik moet nu helemaal opnieuw beginnen. Het klinkt een beetje bitter zoals je dat nu zegt. En hoor je ook zeggen, als het kind komt, dan kan eigen zaak gewoon niet doorgaan. Nee, ik vind dat als je iets doet, dan moet je het wel goed doen en anders niet. Dat doe ik binnen mijn werk nu ook.En een eigen zaak moet je helemaal zelf doen. En een kind moet je juist goed doen. Nou, dat botst. Ja, dat kan voor jou niet samen gaan, een eigen zaak en een kindje. Nee, dan raffel je het af. En dat kan met een eigen zaak niet en met een kind al helemaal niet. Je voelt je verantwoordelijk. Ja, een kind is niet iets wat je ernaast neemt. Je zegt van dan moet ik helemaal opnieuw beginnen. Wat bedoel je dan? Ja, wat bedoel ik eigenlijk? Dat weet ik eigenlijk niet. Die baan die ik nu heb, daar heb ik in zekere zin al afscheid van genomen, dus daar blijft en dat heeft geen zin meer. En een nieuwe baan, dan werk ik weer onder een baas, en dat wil ik juist niet meer. Ik wil eigen baas zijn, eigen bedrijf beginnen en iets van de grond af aan opbouwen. Iets waar je trots op kunt zijn. Ja, precies.Oké, om het even op een rijtje te zetten. Je wilde een eigen bedrijf starten, kreeg daarbij ook veel steun van onder andere je ouders en ook van Carolien. Sinds de zwangerschap in feit is, loop je eigenlijk rond met het idee dat het eigenlijk niet meer kan, want je zegt een kindje en een eigen bedrijf kan niet samen. Want dan heb je het gevoel dat je een van de twee niet goed zou doen en dat zou je heel erg vinden. Dat betekent dus eigenlijk dat je het eigen bedrijf niet door kunt zetten en dat is voor jou heel onbevredigend, want je had echt behoefte aan een nieuwe uitdaging, aan die voldoening. Klopt dat? Ik zit te denken, heb je het onlangs nog met Caroline over die plannen gehad? Je zei van nou, ze was eerst heel enthousiast ook. En hoe is dat nu?Ja, ze steunen nog wel steeds, maar ze is steeds meer bezig met dat kind. Oké, je zegt ze steunen nog steeds. Hoe bijvoorbeeld? Nou, zij vind dat idee van een eigen bedrijf nog steeds een heel goed idee. Ze verklaaren niet voor gek of zo. Dat noem ik wel steun. Oké. Maar de manier waarop je het zegt, dan heb ik het gevoel dat je het er misschien niet echt onlangs meer over gehad hebt. Klopt dat? Nee, de laatste tijd niet meer zo. Hoe komt dat, denk je? Dat heeft niet zoveel zin meer. We hebben er heel veel over gesproken en zij is heel erg met die zwangerschap bezig. We hadden gewoon heel erg zin in dat bedrijf samen. We zijn er heel lang mee bezig geweest. En ik had het gevoel dat we.Dat we er echt aan toe waren. Samen, Carolien ook. En dat vind ik eigenlijk nog steeds dat wij dat bedrijf moeten. Dat maakt het nu erg lastig. Misschien is het goed om even in te gaan op de gevoelens die deze situatie eigenlijk teweeg hebben gebracht. Kun je me vertellen hoe je je nu voelt nu je in deze situatie zit? Ja, ik vind het gewoon erg vervelend, het hele idee dat dat bedrijf niet door zou kunnen gaan. En ik begrijp ook niet waarom zij niet zo enthousiast meer is. Want ik vind wel, als je zoiets doet, dan moet je het samen doen en anders niet. En ik had het gevoel dat dat zo was, maar blijkbaar niet. Je vond je in de kou staan? Ja, ik heb nu het gevoel dat ik alles alleen moet doen. Als het al zou kunnen, zo'n eigen bedrijf. En dat had ik niet verwacht. Je bent teleurgesteld? Ja.Ik vind dat als je iets doet, dan moet je het gewoon goed doen en anders niet. En ja, het eigen bedrijf kan ik nu wel vergeten. Ben je ook boos op Caroline? Zij doet het er eigenlijk makkelijk over en jij wil eigenlijk nogal heel graag door. Ja, natuurlijk ben ik boos. Ze ze me voor het blok. Hoe bedoel je? Nou, toen we het net wisten, toen heb ik het over een abortus gehad. En helemaal niet zo van dat ze het weg moest laten halen, maar toen werd zij ontzettend kwaad en ze maakten me uit voor idioot en egoïst. Het was helemaal niet zo dat ik die abortus gewild had. Caroline en ik hebben het wel eens over kinderen gehad. Ik hou gewoon heel veel van haar. Alleen we wonen net samen en we hebben plannen om een eigen huis te gaan kopen en dan.Ja, we hadden wel allebei het gevoel dat het een stukje compleet zou zijn als we daar ook een kleintje bij zouden hebben. Alleen niet nu. En door hoe zij nu reageert, heb ik het gevoel dat ik daar geen inspra in heb. Je voelt je machteloos. Ja, en daar baal ik van. Ik denk dat dat ook het kringetje is waar we het aan het begin over hadden, je wil een eigen zaak. Daar was je ook al ver mee. Ook samen met Carolien. Je kreeg steun van je omgeving. Dat was erg prettig. Nu is Carolien plotseling zwanger en is er voor jou geen ruimte meer voor die eigen zaak. Dat maakt je teleurgesteld en boos, ook op Carolien. En tegelijkertijd hou je ook heel erg veel van haar en hebben jullie echt plannen om samen een toekomst op te bouwen?Waardoor jij het gevoel hebt dat je geen kant op kan en dat je klem zit. Hoe zie ik dat goed? Hoe zie je dat zelf? Ja, ik heb nu gewoon niet het gevoel dat ik weet nu gewoon niet hoe dat nu verder moet. Enig idee hoe je uit het kringje zou kunnen komen, heb je daar zelf ideeën over? Nou nee. Ik had geloof dat jij misschien wat ideeën aan de hand zou kunnen doen. Oké, nou je vraagt nu eigenlijk aan mij een pasklare oplossing. Ik denk dat het goed is dat ik daar iets over zeg. Ik kan geen pasklare oplossingen of suggesties aanbieden, omdat ik.Ik weet niet wat voor jou en Carolien het beste of het belangrijkste is. Wat ik wel kan doen, is met jou kijken naar ja, dingen die me opvallen in het gesprek een aantal punten. En dat we het daarover over hebben en kijken of daar misschien iets in zit waarmee je verder kunt komen. Wat vind je daarvan? Ja, dat klinkt goed. Oké, gezien de tijd lijkt het me goed als we gaan afronden. Ik heb net al even kort samengevat. Een aantal dingen die me zijn opgevallen is dat je heel stellig zegt: van ja, een eigen zaak en een baby, een kind, dat gaat niet samen.Voor de volgende keer zou ik graag willen dat je nadenkt of er eventueel een manier is waarop een kind en een eigen zaak toch gecombineerd zouden kunnen worden. Misschien dat daar iets in zit waar we mee verder kunnen komen. Is dat goed? En verder, we hebben het ook even gehad over Caroline en dat je de laatste tijd het niet meer zo gehad hebt over die eigen zaak. Misschien kun je eens nadenken over wat je zou willen zeggen nog tegen Caroline in zo'n gesprek en hoe je ook denkt dat zij daarop zou reageren. Het doel van ons eerste gesprek was eigenlijk om kennis te maken en wat zicht te krijgen op wat er speelt. In hoeverre denk je dat het is gelukt?Dat weet ik niet. Ik heb wel het idee dat het goed is geweest om erover te praten en hier te komen en er niet zelf mee aan te zitten modderen. En er is inderdaad nog geen pasklare oplossing boven komen drijven, maar misschien is dat ook al te veel gevraagd voor nu. Dat denk ik ook. Het lijkt me goed om voor volgende week misschien een afspraak in te plannen en dat we er dan een uur voor uittrekken. Zou een donderdag bijvoorbeeld om vier uur goed zijn? Ja."
baan.mp3,Psychologische gespreksvoering,NVIDIA Parakeet TDT 0.6B v3,31.7,25.920408163265304,100,93.55102040816327,9096.3125,9096.3125,163.45444964853795,"Hallo, welkom. Goedemiddag. Hoi. Goedemiddag. Je bent vandaag gekomen omdat je mogelijk moet kiezen tussen twee banen. Is in ieder geval een nieuwe banen aan geworden gekregen. Ja, klopt. En wat zijn die twee banen precies? Nou goed, ik werk nu bij het distributiecentrum van de Albert Heijn, die bevindt zich op het industrieterrein in Zwolle. En ik heb een baan aangeboden gekregen als luchtverkeersleider op Schiphol in Amsterdam. Aangeboden gekregen omdat ik contacten heb op Schiphol. Ik heb daar al eerder een keer gewerkt, maar dan een andere tak. Nou, goed, via heb ik contact gehouden en toen is me dit eigenlijk overgekomen. Nou, super tof. Kijk, het gesprek van vandaag gaat ongeveer 10 à 15 minuten duren. En het doel van het gesprek is niet best dat je een keuze moet gaan maken of zo in je baan. Want dat zul je uiteindelijk toch wel zelf moeten doen. Ja.Het zal vooral zijn dat je iets meer voor jezelf idee krijgt wat jij voor jou belangrijk is. En dan daarvan een keuze kunt gaan maken mogelijk. Oké, dat is leuk. Aan het einde van het gesprek kan zijn. Als je nog iets graag wil bespreken, zou ik even aangeven om een paar minuten hebben. Ja, fijn. Sowieso de eerste vraag vandaag. Hoe sta je vandaag erin? Heb je een schaal van 0 tot 10? Gelukkig om je bent vandaag? Ben je heel gelukkig, heel ongelukkig? Ja, eigenlijk een vier, denk ik. Ik heb net een drukke werkweek gehad, dus in Zolle bij de Albertijn. En daar is het eigenlijk best wel stressvol. In ieder gevalwege corona staat er natuurlijk heel veel druk op het distributiecentrum. Maar ik heb echt van de week niet zo'n leuk gesprek gehad met een van mijn collega's. Dus ja, ik heb een drukke werkbeek gehad die niet zo leuk is geëindigd. En daar ben ik eigenlijk.Voel me nergera over in mijn hum. Kun je uitleggen hoe je dit met voelde heb je natuurlijk net gedaan. Als je nu een keuze moet maken op je gevoel, wat zou je dan doen? Voor welke baan zou je dan gaan en waarom zou je dan die keuze maken? Nou, daar zit ik dus heel erg mee. En dat vind ik best wel moeilijk. Wit liefst. Ik ben een type die het fijn vindt om verder te kijken dan waar ze nu zit. Ik vind het leuk om nieuwe uitdagingen opzoeken. Maar daar tegenover ben ik ook best wel een beetje onzeker. Dus ik zit bijvoorbeeld nu gewoon goed. Waarom zou ik dat voor mijn gevoel mijn eigen ruiten ingooien? Dat is dus een beetje waar ik tussen schommel. Bijvoorbeeld dat ik net zo'n drukke werkwerk heb gehad en geen leuke gesprekken heb gehad. En op zootje heb gehad daar.Dan is eigenlijk de keuze voor mij wel vrij duidelijk om voor die andere baan te kiezen. Maar goed, dat is zoveel meer verantwoordelijkheden, zo'n grote uitdaging. Dan ga ik daar dus ook weer over twijfelen. Dat heeft dus ook te maken met mijn vier. Ik zit gewoon heel erg mee in een dilemma bij jezelf. Dat is wel duidelijk. Heb je voor jezelf een lijstje gemaakt toevallig met de voor's en tegens ofzo? Wat dan mee zou kunnen werken? Nee, ik krijg het wel vaak als tip. Ik heb ook al met mijn thuisgevond erover gepraat. Maar ik vind dat altijd een beetje lastig. Ik doe dat vaak in mijn hoofd. Wat resulteert dat ik dus helemaal vol in mijn hoofd zit en dat hou ik het niet echt overzichtelijk? Dus nee, op papier heb ik eigenlijk nog niks gezet. Als je zo nu zou kunnen benoemen, wat zou je dan het belangrijkst vinden aan je werk?Nu bij de Albertijn of in het algemeen? In het algemeen. Wat bijvoorbeeld, nou vroeger heb je beschikbaar bijwandjes gehad. Wat vond je vroeger nou het leukste bijbaantje? En zou je het kunnen uitleggen waarom je dat dan het leukste bijbantje vond? Ik denk dat mijn leukste bijwandje degene was tijdens mijn studie, Missum Plas. Dat was namelijk een bedrijf die heel erg in de krachten van de mens geloven. Als in van als je ergens voor wil gaan. Als je iets leuks vindt, dan wil je er ook voor gaan. Dus wij geloven jou. Dus we geven je die kans. En dat vond ik eigenlijk het leukst. Dus ik vind het leukst om mezelf te kunnen bewijzen ergens. Want daar haal ik mijn eigen energie en motivatie vandaan. Altijd een beetje te willen presteren. En dat is dus eigenlijk ook waar ik wel op zoek naar ben. Maar wanneer een uitdaging dus te groot wordt, dat ik me mis pas,Ook weleens heb gehad dat ik toen toch iets te veel hooi voor ik nam. Dan krijg je dat toch ook wel snel in je privé situatie te voelen, eigenlijk te verduren. Ja, dus je wilt graag veel presteren, maar je wil uiteindelijk ook niet over je maen gaan en daar wel goed controle in kunnen houden van jezelf. Juist. Nou, tof. En hoe zit het nu dan bij je huidige baan? Heb je het gevoel dat dat allemaal kan? Nou, nee, eigenlijk niet echt. Want het is daar goed georganiseerd nu en alles loopt, maar het is best wel een beetje ouderwets geworden. En ze werken nog niet echt met de nieuwe systemen die nu bijvoorbeeld bedacht zijn. Hoe bedoel je ouderwets qua hiërarchie? Ook ja, ze hebben best wel veel, inderdaad gewoon echt een piramide, qua hiërarchie.Maar ook best wel verouderde systemen al. Er is al genoeg nieuw ontwikkeld in de logistieke wereld, maar daar maakt zich nog geen gebruik van. Terwijl ik denk: als je dat wel gebruikt, dan kun je het veel sneller en veel beter. Maar mijn mening wordt daarin in die zin niet echt gehoord. Dus ze blijven een beetje achter of zo. En dan kan ik mezelf ook niet meer verder ontwikkelen en dan kan ik niet meer mezelf bewijzen. Want ik word niet serieus genomen in die zin. Vind je het vervelend? Ja, eigenlijk wel. Dan denk ik ook een beetje van, nou ja, weet je, als jullie het niet belangrijk vinden, dan vind ik het ook niet belangrijk. En dan ben ik het type die dan snel met de petten aan gaat gooien. En dat is niet hoe ik wil zijn. Oké, dat is wel duidelijk. Dus je weet van jezelf eigenlijk wel hetgene wat je graag zou willen. Ja. Maar je weet niet zo goed of je dat daadwerkelijk gaat krijgen bij een ander bedrijf? of?Is het vooral de zekerheid die je op dit moment nog hebt binnen een eigen bedrijf wat je niet zomaar wil weggooien? Een beetje van beide. Ik weet natuurlijk nu dat ik hier eigenlijk in principe goed zit. En als ik naar een ander bedrijf ga waarvan de uitdaging veel te groot is, of dat het toch te veel op mijn pad komt, dan kan ik me daar niet gelukkig voelen. Nog ongelukkiger dan ik me misschien op dit moment nog ga voelen, daar waar ik nu zit. Maar goed, dat is juist ook hetgeen wat ik vervelend vind, wat er dus nu om die reden staat dus altijd ook stil. Wat is de reden dat je überhaupt aan het werk bent? Is daar een speciale reden voor dat je werkt? Ik vind het fijn om bezig te zijn, om me kennen en kunnen ergens te laten zien. Ik vind het ook fijn om van toevoeging te zijn.Dus gewoon het geaccepteerd worden binnen een bepaald iets en ook daadwerkelijk het idee hebben dat je nigder bent in de maatschappij. Daarnaast is geld natuurlijk ook belangrijk, maar oké. Maar dat is ook wel een deel van het geld. Hoe ver zit dat de extra zieke motivatie zit daar dan bij, denk je? Zodat je van buitenaf middelen krijgt, toegrijp bijvoorbeeld in dat geld. Hoe ver vind je dat belangrijk of vind je het belangrijk dat je daadwerkelijk leuk hebt op je werk? Of is het echt het loon wat je dan vaak hebt? Nee, intrinsieke motivatie vind ik echt veel belangrijker. Want als het qua loon lager zit of hoger zit, ja dat is natuurlijk lekker, maar daar haal ik mijn energie niet uit. Dus dat zit verder geen keuze in voor jezelf? Nee. Zijn er bepaalde dingen die je moet ondernemen om daadwerkelijk aan de slag te kunnen bij Schiphol? Ik woon nu natuurlijk, in Hardenberg.En Schiphol is in Amsterdam. En er staat elke dag ontzettend veel file en de treinen zitten bom vol. Dus eigenlijk is de enige manier wanneer ik daar met gemak wil werken, is dat ik daar daadwerkelijk ga wonen. Op Schiphol verdien ik wel meer zit wel een verschil in. Maar goed, ik ga dan natuurlijk naar Amsterdam toe, dus daar is dan de huizenprijs en het leven is dan stuk duurder. Dus in die zin ga ik eigenlijk een zelfs stapje omhoog. Ja, oké, en hoe ver vind je dat lastig om mogelijk een leven hier achter te laten en daar een nieuw leven op te moeten starten? Nou ja, dat vind ik dus ook best wel ingewikkeld. Puur want ik weet dat ik te zien gelukkig ben en ik moet daar totaal nieuwe mensen gaan leren kennen. Een hele andere omgeving. Met andere dynamiek tussen mensen en andere.Toch allemaal andere types daar. Althans, dat denk ik. Heb je dat eerder om te doen? Een nieuw leven ergens om de opbouw toevallig? Nou ja, toen ik op kamers ging. Maar goed, dan ga je een studie beginnen. Dus dan kom je automatisch in een hele grote groep met mensen die daar allemaal nieuw zijn. Dat is dan toch anders dan wanneer jij voor gevoel als laatste ergens bij een bedrijf binnenkomt of ergens in een straat binnenkomt met allemaal mensen die je niet kent, terwijl zij er al 30 jaar zitten bij spreken. Ja, dat op zich wel logisch. Als je zoveel zorgen hoort praten, heb je dan enig idee of je al een voorkeur hebt voor een bedrijf, of moet je daar echt nog wel over nadenken? Nee, als ik eigenlijk, als ik het uitspreek en als ik er ook over nadenk, dan overheerst toch wel de gedachte om naar Amsterdam te gaan. MaarIk heb altijd een engeltje en een duiveltje op mijn schouder zitten. En die schreeuwen allebei tegelijk op mijn oor. Dus wanneer ik dan blij ben met het idee over dat ik dus dan, of wanneer ik dan enigszins keuze heb gemaakt om gewoon toch naar Amsterdam te willen gaan. Maar schreeuwt die daar altijd in mijn oren met nee, moet je niet doen, want je bent niet goed genoeg ervoor. Ja, dus vooral de prestatiedruk is ook wel hetgene waar je misschien tegenhoudt, omdat je daar meer verantwoordelijkheid zou krijgen. Juist. Dat is op zich wel lastig voor jezelf. En die prestatiedruk, is dat nu hetgene ook wat je bij de Albert Heijn dan niet hebt voor je gevoel? Dus dat je daar aan het top van je kunnen zit of heb je daar juist het idee van ik kan nog wel meer als ik de kansen er maar voor krijg? Een beetje van beide. Een beetje van beide. Want ik kan daar veel meer en ik kan mezelf veel meer laten zien. Maar zij houden mij tegen. Zij staan er niet voor open. Ze willen me niet.Die kansen bieden, dus dan zit ik nu aan de top van mijn kunnen. Namens hen, zeg maar. Maar als zij wel openstaan voor nieuwe ideeën, dan kan ik daar ook mee aan de slag. Maar goed, ik werk daar nu inmiddels al tien jaar en ik heb er al vijf jaar over gespart met mensen en die ideeën ingebracht. En daar wordt gewoon al vijf jaar niks mee gedaan. Op een gegeven moment dacht ik bij mezelf van nou ja, joh. In hoe ver jezelf al tegen aangelopen dat je dat er dingen gebeuren die voor jezelf misschien boven je pet gaan en denkt. Ik kan op dit moment even niet aan. Hoe ga je daarmee om, normaal gesproken? En heb je dat binnen een bedrijf wel zou kunnen binnen een Schiphol? Nou ja, ik denk dat binnen een Schiphol werken natuurlijk zo ontzettend veel mensen met allemaal verschillende disciplines. Dus daar.Staan denk ik veel meer mensen open voor nieuwe ideeën, andere gedachten, andere structuren en zo. Dus ik denk dat ik daar wel mee aan de slag kan. Andere vraag wat ik heb vergeten. Mijn fout, ik moet niet twee vragen tegelijk stellen. Of jij denkt dat mensen een schip al kunnen opvangen. En hoe zullen ze daarmee omgaan op het moment dat jij wel iets te veel gooi voor je neemt? Nou ja, daar is het natuurlijk wel, de werktruk ligt daar erg hoog. Ik ben vast niet de enige die op Schiphol wil werken. En daar is de prestatiedruk misschien nog een stuk hoger. Dus ik denk in die zin dat ik daar wel moet presteren. En misschien mezelf ook een keertje op een tweede plek moet zetten om mijn werk op de eerste plek te zetten. Om mezelf in ieder geval te bewijzen.Ja, en hoe sta je daarin dan? Vind je dat lastig? Vind je dat moeilijk? Nee, ik vind het eigenlijk best wel leuk. Als ik maar weet dat er een bepaalde, dat het een keertje ook voorbij is ofzo. Of dat ik voor mijn gevoel dat wel een keertje kan inhalen. Niet dat ik altijd achter de feiten aanloop. Oké, en zijn er dingen waar je mee al gespankt hebt toevallig met je bedrijfsschuppel? Of je daar al over gehad hebt? Ja, ik ben al een keer op een kennismakingsgesprek geweest. En ik denk dat het wel pittig wordt en ook wel aanpoten wordt, maar wel op een leuke manier. Dat het wel iets is waar ik ook voor zou willen gaan. Maar goed dat ik daardoor wel het eerste jaar dat ik daar ben wel iets harder moet werken dan de mensen om me heen. En zou je zo'n investering willen en kunnen maken?Ja, maar dan is het daar mentegen wel lastig om dan ook nog in een nieuwe omgeving te zitten met all mensen die je niet kent. Want dan is je werk, privébalans, daarmee ineens heel anders. Dus daarin moet dan moet ik voor mezelf dan een goede structuur gaan aanbrengen in mijn agenda. Denk ik, om daar ook ruimte te maken voor mijn privétijd. Dus eigenlijk een discipline vereist, is vereist. Ja, heb je het voor jezelf discipline of niet? Ik denk het wel, eigenlijk. Heb je voor jezelf een beetje duidelijk gekregen wat voor jou de belangen zijn en wat jij belangrijk vindt binnen een baan? Tijdens het gesprek? Ja, ik denk het wel. Wat zou dat zijn voor jezelf? Nou ja, dat ik gehoord word en dat ik in ieder geval mezelf kan laten zien tijdens mijn werk. Ja.Als ik het zo een beetje mag samenvat aan het einde, dan merk ik vooral dat je het belangrijk vindt om verder te kunnen voor jezelf, voor je eigen ontwikkeling. Dat je niet wil worden tegengehouden in bepaalde ideeën en gedachten die je hebt. Dat er in ieder geval nou geluisterd wordt. En of het werkelijke keuze wordt gemaakt, dat is dan weer aan het bedrijf zelf natuurlijk. Maar dat je het ook wel spannend vindt om ergens weer wat nieuws in te stappen. Maar dat het uiteindelijk veel voor kan gaan zorgen dat je uiteindelijk gelukkiger wordt en dat je daarvoor wel flink moet investeren. Als ik zou denken, zou dat de overweding moeten zijn voor jezelf die moet maken. En goed bij jezelf blijven en nadenken wat jij zelf zou willen. En zorg dat je in ieder geval bij jezelf blijft en daar een keuze van gaat maken. Oké. Dat is.Dat zijn mijn tips en ik ben heel benieuwd wat je daarin gaat kiezen. Je begon net het gesprek met of ik al zo'n lijstje heb gemaakt op papier. Denk dat dat nog iets is om nog te kunnen doen? Dat zou altijd kunnen werken voor jezelf. Maar zoals ik jou nu al praat, zijn vooral de gevoelens die je zelf hebt het belangrijkste. Dus of je daadwerkelijk de feiten die je in zo'n lijntje gaat zetten, daar tegenover zetten. Of dat heel relevant is, dat weet ik niet. Vooral voor jezelf, als je zoiets zou doen, moet je niet gaan nadenken of het feit een directe voor of tegen is, maar meer het gevoel dat jij bij dat feit hebt om daar de waarde aan geven. Want voor de een kan een loodvolging van 1000 euro heel veel toegevoegde waarde hebben. En voor jou is blijkbaar het heel veel toegevoegde waarde om.Jezelf te kunnen uiten en jouw ideeën door te kunnen laten stromen. Dus als je zoiets, ga dan niet één voor tegen één tegen afstrepen, maar geef daadwerkelijk waarde aan je voor of tegen die jij hebt neergezet. Oké, bedankt voor vandaag en hoop tot de volgende keer. Ik zie het factuur wel voorbij komen. Dat komt helemaal goed."
antidepressiva.mp3,Psychologische gespreksvoering,NVIDIA Parakeet TDT 0.6B v3,36.6,25.748648648648643,100,92.8108108108108,9096.3125,9096.3125,175.24254337895383,"Hey Loen. Hey Kim. Ik wil even iets met je bespreken. Want ik denk ergens al een tijdje over na. En ik weet niet zo heel goed wat ik moet doen. Oké, nou ja, tuurlijk kan je dat met me bespreken. Je klinkt wel serieus, wat is er aan de hand? Het gaat over mijn antidepressiva, want eigenlijk wil ik ermee gaan stoppen. Oké. Nou ja, je overdonderde me wel een beetje ermee. Ja, je antidepressiva. Ik weet dat je dat wel heel lang slikt. Hoe komt het dat je ineens wil stoppen? Ja, ik slit nu al bijna drie jaar.En toen ik ze begon te nemen, was ik echt in een hele depressieve periode in mijn leven. En alles voelde zwaar en hooploos. Ik had gewoon echt het gevoel dat ik niet verder kon. De pillen hebben me toen wel echt doorheen geholpen, maar ik weet nu niet voor me anders. Oké, ja, ik snap dat je daar wel over na hebt gedacht. Kan je mij wel vertellen wat je bedoelt met anders? Ik voel me gewoon niet meer echt zoals hoe ik me toen voelde. Toen ik ze begon te nemen. Het is moeilijk om uit te leggen, maar het is alsof ik afgevlakt ben. Begrijp me niet verkeerd. Ik ben niet meer zo somber als toen, maar het is ook niet.Alsof ik echt blij of enthousiast kan voelen over dingen. Alles is gewoon neutraal en dat kan best wel frustrerend zijn soms voelt alsof ik een deel van mezelf kan krijgen. Ja, dat klinkt best wel moeilijk. Maar denk je niet dat het soms juist goed is om stabiel te zijn? Want ja, die neutraliteit misschien helpt hij je ook wel weer om niet weer in zo'n zware depressie te komen. Dat dacht ik eerst ook. Maar naarmate de tijd versteed, begin ik me af te vragen of ik niet gewoon gewend ben geraakt aan het gevoel van stabiel zijn.Zonder echt te ervaren wat ik wil ervaren. Het voelt een beetje alsof ik niet meer volledig mezelf ben. Weet je, ik kan me de laatste tijd de laatste keer dat ik echt oprecht gelukkig was gewoon niet meer herinneren. En daar maak ik me een beetje zorgen om. Ja, Lon, dat klinkt inderdaad best wel moeilijk. Heb je dit ook al met je arts besproken? Want het lijkt me niet echt iets wat je zomaar zelf even kan of zou moeten beslissen? Ja, ik heb voor binnenkort een afspraak staan. Maar tegelijkertijd wil ik wel met iemand praten die me beter kent, zoals jij.Die begrijpt wat ik doormaak. Mijn dokter ziet me echt maar een paar keer in het jaar en hij ziet het alleen maar medisch. Maar jij ziet me ook wel. Ja, dat klopt wel. Ja, en ik zie ook wel hoe je ermee bezig bent, hoe je een beetje worstelt ermee. Maar ja, ik heb ook wel gezien van hoe ver je gekomen bent. Ja, dat is echt al een paar jaar geleden. Maar ik kan het me nog heel goed herinneren. Want het was best wel moeilijk om je zo te zien dat je zoveel pijn had. En het idee dat je daar misschien wel weer naar terug zou kunnen vallen. Ja, in zo'n depressie. Hm.Ja, als ik daarover nadenk vind ik dat toch wel heel erg moeilijk. Ja, dat begrijp ik ook. En ik wil als niet terug naar het gevoel. Maar ik vraag me af als ik niet eens meer echt kan voelen. Wat voor leven is dat dan? Wat is het verschil tussen pijn niet voelen en helemaal niets voelen? Ik wil het risico nemen om weer te voelen, zelfs als dat betekent dat ik ook verdriet kan. Jeetje, ja nogmaals, het klinkt gewoon best wel heftig. Zeg je nou dat je het gevoel hebt dat je denkt dat je bepaalde emoties niet kan voelen?Nou, precies dat eigenlijk. Ik zie mensen om me heen genieten van de kleine dingen. Zelfs hun verdriet lijkt echt. En ik voel me gewoon afgeplakt. Ik weet dat dat een beel is van hoe de medicijnen werken, maar soms heb ik het gevoel dat ze me meer wegnemen omdat ze me helpen. Het klinkt alsof je worstelt met de vraag of het mogelijk is om jezelf terug te vinden. En dan zonder de medicijnen. Maar heb je wel een beetje naar gedacht wat er kan gebeuren als je wel stopt? Want ja, het is niet zomaar iets. Ja, je.Kunnen veel dingen bijkomen zoals ontwettingsverschijnselen. Ja, en dan is er ook het risico dat je je toch wel slechter kan gaan voelen. Ja, ik heb wel gelezen over de ontwikkelingsverschijnselen. En daar ben ik ook best wel bang voor eigenlijk. Ik wil niet van de een op de andere dag gelijk stoppen. Maar er is ook een deel van mij dat zegt dat ik op een gegeven moment moet leren om zonder de medicijnen te kunnen leven. Gewoon het leven zelf aangaan zonder dat chemische vannet. Anders hoe weet ik dan ooit wie ik echt ben.Ja, zoals je het nu zegt, ik begrijp wel wat je bedoelt. Volgens mij wil je gewoon weten wie je zelf bent, wie je eigen ik is. Zonder al die medicijnen in je lichaam. Maar dan blijft het toch de vraag: is dat nu wel het juiste moment om dat uit te zoeken? Ja, kijk, je bent net met een opleiding gestart. En ja, je hebt een nieuwe relatie net. Er zijn wel heel veel dingen die heel veel aandacht van je vragen. Ik weet niet of er ooit echt een goed moment is. Want er zullen altijd dingen zijn die druk op je uitoefenen, toch? Misschien moet ik gewoon de sprong wagen.En kijken hoe het gaat. Ik kan altijd weer beginnen als het echt niet lukt. Ja, maar dat is ook wel. Nee, laat het anders zeggen. Zo eenvoudig is dat niet. Antidepressiva, hebben toch wel de tijd nodig om weer volledig te werken als je gestopt bent en weer opnieuw wil gaan beginnen. Ja, het is niet echt zoals een paracetamol die meteen werkt. Het kan echt wel weken gaan duren voordat je weer effect voelt als je weer start met de antidepressiva. En in die tijd kan je toch echt wel heel erg kwetsbaar voelen. Ja, nogmaals, dat wil ik niet.Meemaken. Ja, dat is wel raar. En dat is ook precies waarom ik me zo vastgelopen voel. Want aan de ene kant wil ik stoppen om te zien of ik zonder kan. Maar aan de andere kant ben ik bang voor wat er gaat gebeuren als het niet lukt. Het voelt een beetje alsof ik een soort van vastzit en gevangenis. Hoe langer ik wacht, hoe meer ik me afvraag of ik ooit zonder zat kunnen. Ik begrijp je zorg ook wel. Ja, dat is één ding wat zeker is.Misschien moet je niet zo denken in termen als voor altijd. Dat is echt niet zo. Denk ik. Wat als je nou denkt aan wat het beste voor jou is nu op dit moment. Ik weet hoe sterk je bent en wat je allemaal hebt doorstaan. Dus ja, misschien is het nu inderdaad wel tijd om even stil te staan bij jezelf. En inderdaad ook te overleggen met je arts wat nu het beste is. Je staat er echt niet alleen voor. Bedankt, Kim. Dat helpt me al.Ik voel me zo in twee strijd soms. En ik weet dat jij het beste met me voor hebt. Misschien moet ik inderdaad niet zo ver vooruit denken en gewoon stap voor stap kijken wat er nodig is. Ja, dat is zeker zo. Wat je ook besluit, Aluna. Ik sta wel achter je. Ja, dat betekent. Kijk, als je als je wilt stoppen prima, dan gaan we dat samen doen. We komen er echt wel doorheen. En ga je door. Is dat ook goed? Ik vind het gewoon het belangrijkste is, ja, weet je, ik.Ik wil dat jij je goed voelt. Dat is het belangrijkste. Ik denk wel fijn om te horen. Ik denk dat ik deze week eerst met de dokter ga praten en een plan ga maken. Wik ik wil niet over haast een beslissing nemen. Misschien kunnen we eerst de dosis langzaam afbouwen en kijken hoe dat verder gaat. Ja, nou, weet je, dat klinkt gewoon als een goed idee. Ja, doe het wel vooral op jouw tempo. Niet overaast. En we gaan het samen doen. En ja, ik vind het fijn dat je je opvraagt. En dat is altijd oké. EnJa, daar sta ik altijd open voor. Dat weet ik, dankjewel dat je me begrijpt. Ja, ik doe mijn best daarin om je te begrijpen met alles. En dat zou ik blijven doen. Dankjewel voor je tijd en dat je zo open namen was. Eén probleem. Oké, dankjewel."
studie.mp3,Psychologische gespreksvoering,NVIDIA Parakeet TDT 0.6B v3,26.8,25.32666666666666,100,92.46666666666667,9096.3125,9096.3125,159.78419668335994,"Rob bij haar. Ga dit er op. Dankjewel. Ja, gaat het goed. Ja. Oké, mooi. Ik ben Martien Etienne Rijkscha, ik ben assessor op de Hogeschool Leiden. Ik heb begrepen dat jij wat vragen hebt met betrekking tot je studiekeuze. En daarom ben je vandaag hier. Vandaag wil ik er eigenlijk het doel van het gesprek is om wat meer informatie te verzamelen over wat er precies bij jou speelt en hoe ik jou verder kan helpen. Wat de gewenste stappen zijn om je verder te helpen bij je studiekeuze.Wat wij hier bespreken is vertrouwen. Het blijft tussen ons. Mocht het nodig zijn om gegevens te delen, dan zal ik dat eerst met jou bespreken. Dit gesprek duurt ongeveer een uur. We hebben er ongeveer een uur de tijd voor. Ik hou de tijd in de gaten. Mogelijk maak ik wat aantekeningen voor mezelf, maar die zijn ook gewoon alleen voor mijn eigen gebruik. Vandaag zal ik je wat vragen over de opleiding, hoe dat gaat. Eventuele activiteiten die je naast de opleiding hebt, zoals werk of hobby, sport, je thuissituatie. Dus dat komt allemaal aan bod vandaag en dan aan het eind zal ik kijken wat.W dit gesprek heeft opgeleverd en wat ik voor je verder kan doen. Is dat duidelijk voor jou? Jawel. Maar ik had ook begrepen dat er iets met testen zou zijn. Oké, ja. Het zou kunnen dat we inderdaad nodig is om testen af te nemen, maar dat hangt eigenlijk helemaal af van dit gesprek. Waaruit naar voren komt, wat eigenlijk precies jouw vraag is. En mogelijk volgen we dan testen. Dat zal ik dan aan het einde van het gesprek laten weten. Maar het kan ook zijn dat ik je beter kan doorverwijzen misschien naar iemand anders, of dat we tijdens het gesprek al tot een bepaalde duidelijkheid kunnen komen en dan is het misschien helemaal niet nodig. Dus vandaag gaan we niet testen, maar dat zou een eventuele vervolgstap zijn.Oké, prima. Goed, nou dan gaan we beginnen. Kun je iets vertellen over de opleiding? Hoe het gaat? Ja, het gaat op zich wel goed. Ik haal mijn vakken wel, maar meestal met een zesje houdt niet heel erg over, maar ik haal ze wel. Oké, dus je zegt het gaat wel, maar ik heb ik haal voldoendes, maar het zijn niet hele ruime voldoende. Hoe komt dat? Ik merk toch dat het moeite kost om heel erg gericht met die studie bezig te zijn om te leren, om die boeken te pakken.Ja, dan besteed je gewoon minder aandacht aan zo'n tentaal en dan hou je lagere cijfers. Dus ik merk dat ik het wel kan, maar ik kan me er zelf niet helemaal toe zetten. Je kan er niet zo goed toe zetten om echt te gaan leren. Nee. En heb je een idee waar dat mee te maken heeft? Hoe dat komt dat je het moeilijk vindt om jezelf daarvoor te motiveren? Het lastige is, ik dacht altijd van toegepaste psychologie van oké, daarmee kan ik dan mensen helpen. Alleen merk je dat dat er niet zo heel erg in zit. We moeten een voorlichting maken. Ik snap ook wel dat dat er dan ook wel bij hoort. Maar ik zou liever mensen echt gewoon willen helpen. Ik denk dat dat ook een beetje bezorgt dat ik het.Dat ik het niet altijd even allemaal even leuk vind. Dus als ik het goed begrijp, dan voldoet de studie niet helemaal aan de verwachtingen die je vooraf van de studie had. Nee, dat klopt. Ik vind het wel leuk, want ik vind het allemaal heel interessant, alle onderwerpen. Maar met die projecten dan heb ik zoiets, ja, daar doe ik het niet voor, moet zo moeten zeggen. Ja, oké. En wat zou je? Wat mis je waar je eigenlijk wel van tevoren verwacht had tegen te komen? Waar ben je naar op zoek? Dat je echt mensen kunt helpen. Zoals dit gewoon, dat je in gesprek gaat met iemand om te kijken wat is nou het probleem? Waar kan ik nou mee helpen?Ja, dat vind ik het leuk zo te doen. Vrienden van mij zeggen dat ook altijd dat zo goed kan. Ik kom altijd naar me toe. Maar dat zit er nu nog niet zoveel in. Nee, dus je zou eigenlijk liever met mensen één op één in gesprek gaan en kijken hoe je mensen zou kunnen helpen. Heb je dit ook besproken met je SLB-docent? Ja, daar heb ik het wel over gehad. En die zegt van dat komt nog wel. In andere stukken van de studie dat dat aan bod komt. Maar ik merk dat ik er dan nu zo tegenaan loop dat ik daar nu niks van merk.En hoe lang ben je nu precies bezig met de opleiding? Ik zit nu in het bijna een derde blok. In het derde, ja, ja. Dus ruim een half jaar. Ja, ruan een half jaar. Goed. Wat is zelf jouw idee over? Want je twijfelt. Wat zijn je gedachten op dit moment over je studie en hoe je daarmee verder wil? Of ik dit wel moet doen, of dat er niet iets anders is wat dan beter past bij wat ik wil. Want ik zeg altijd niveau, dat kan ik wel aan. Maar ik moet er toch ook wel voor willen inzetten. En ik merk dat het daarin schort. En misschien dat daar dan.Opleidingen beter bijpassen. Maar misschien is dit ook wel juist wel de beste. Dat vind ik heel lastig. Zonder om dit weg te gooien, als dit misschien toch wel goed zou zijn. Ja, dus je wil eigenlijk nog eens even goed kijken of er een andere opleiding is die beter bij je past. Waarin je dit element of dat dit het is. Goed? Ja, dit is me duidelijk. Dan gaan we verder. Dan wil ik je nog iets vragen over wat je eigenlijk je activiteiten naast. Nou, we zijn aan het eind gekomen eigenlijk van dit gesprek. Ik heb genoeg informatie verzameld. Oorspronkelijk is je vraag geweest: past deze studie goed bij mij?Je mistele, eigenlijk individuele contact bij de opleiding, individuele gesprekken, mensen echt concreet kunnen helpen. Dus je wil weten, is er misschien een opleiding die beter bij me past? Dat is eigenlijk jouw vraag. Klopt dat? Of er een opleiding die beter bij me past, of deze opleiding. Of dat deze opleiding toch de beste keus is geweest. Of dat er misschien een opleiding is die nog beter past bij jouw interesses. Precies. Goed, ik ga mijn gegevens verwerken en dan ga ik kijken welke testen ik het beste bij jou af kan nemen om een antwoord te krijgen op deze vraag. Is gewoon studie die.Misschien beter bij mijn interesses past. Ik ga je daarvoor apart nog een uitnodiging sturen. En dan kan je de testen maken. Op basis daarvan maak ik dan een rapport ervan, een verslag met een advies richting jou. En daarvoor zal ik je dan nog een keertje uitnodigen om dat rapport te laten zien en om je een advies te geven. Oké, en die afspraak komt dan nog? Ja, eerst gaan maken we een afspraak voor de testafname en daarna maken we nog een afspraak om de uitslagen te bespreken. Oké, is dat duidelijk? Ja, prekkerlijk de volgstappen zijn. Ja, oké, goed. Dan ontvang je van ons een uitnodiging. Bedankt voor dit gesprek.Dank gedaan. Bedankt."
GGZ-exposure-therapie.mp3,interviews,NVIDIA Parakeet TDT 0.6B v3,34.1,25.64466019417476,100,97.24271844660194,10480.3125,6155.865898058252,149.9767729621796,"In deze aflevering heb ik Maaika te gast en zij is psycholoog en ze gaat ons alles vertellen over wat een psycholoog voor jou kan betekenen als je last hebt van hyperventilatie, paniek, klachten, andere stressgerelateerde klachten. Dus welkom Maa. Kan je je even kort voorstellen? Ja, dankjewel Nicole. Goedemiddag, goedemiddag luisteraars ook. Mijn naam is Maa Gro, ik ben 38 jaar en ik ben de oprichter van Vrij Zijn met Eet. Ik begeleid vrouwen met een eetstoornis. En ik heb hiervoor heel lang gewerkt als psycholoog, 16 jaar gewerkt als psycholoog. En onder andere ook bij angstoornissen. Waaronder dus ook paniek aanvallen en paniekstoornissen voorkwam.Ja, dus dat is even kort over mij. Ja, ik kan het fijn dat je tijd vrij kan maken om ons te gaan vertellen wat een psycholoog voor jou zou kunnen doen als luisteraar. En want vaak als je naar een huisarts gaat met deze klachten, met ik heb last van paniek aanvallen, angststoornissen of vage onverklaarbare klachten zoals hyperventilatie. En dan krijg je vaak een dolverwijzing naar een psycholoog. En wat ik heel graag van jou wil weten, is wat gebeurt er nou eigenlijk? Je krijgt zo'n verwijzing en dan bel je op om een afspraak te maken. En hoe gaat dat hele proces dan eigenlijk in zijn gang?Ja, nou allereerst zul je waarschijnlijk met de secretariaat antwoord. Het ligt overigens aan of we het hebben over een GGZ-instelling of een vrijgestelde psycholoog. Dat kan natuurlijk ook nog altijd. Daar kan je ook nog met een verwijsbrief naartoe. Maar als het een GGZ-instelling betreft, dan zal je in eerste instantie met het secretariaat dan een afspraak in kunnen plannen. En vervolgens wordt er dus een intake ingepland, een intakegesprek. Waarin eigenlijk zo volledig mogelijk een beeld van jou wordt verkregen. Dus hoe ziet dan jouw paniek aanvallen eruit? Hoe vaak komt het voor? Frequentie, is dat altijd al zo geweest? Of is dat pas geleden gestart? Zijn er andere problemen, bijvoorbeeld alcoholproblematiek. Dat is een contraindicatie, noemen we dat. Dus dat betekent dat we dat we eerst aan de alcoholproblematiek gewerkt moet worden voordat we dus aan de paniekstoornis dan eventueel kunnen werken.En zo wordt er dus eigenlijk een volledig beeld gekregen van de persoon om te weten van ja, wat gaan we nou precies doen? En is dat nu ook het moment om de behandeling in te zetten voor een paniekstoornis? Ja, dus we gaan eerst gaan jullie eigenlijk dan kijken van hé, maar waar komt het een beetje globaal vandaan? Oftewel, wat heb je andere klachten? Bijvoorbeeld ook misschien zit er een depressie bij of zit er een trauma achter. Er wordt eigenlijk even breder gekeken. Misschien zit natuurlijk ook veel mensen met PTSS of autisme. Of dan wordt eigenlijk gekeken van wie is deze persoon eigenlijk? En dan wordt er dus pas een traject in gang gezet. Dus dat wordt dan een beetje op de persoon afgesteld, denk ik. Dus niet een klare oplossing.Nee, er klopt inderdaad, er wordt per persoon gekeken ook welke problematiek staat op de voorgrond. Dus als inderdaad andere problematiek op de voorgrond staat, dan dient dat eerst behandeld te worden. Bijvoorbeeld trauma is een goed voorbeeld wat je net noemt. Als dat echt meer op de voorgrond staat, dan moet dat eerst behandeld worden voordat dus bijvoorbeeld de paniekstoornis behandeld zou kunnen worden. Dus daar wordt eigenlijk een overwog keus in gemaakt. Maar ik kan me ook voorstellen dat als jij dan een afspraak maakt, dat je zelf helemaal niet zo duidelijk hebt waar het dan vandaan komt. En dat in één gesprek zal dat dan ook niet altijd allemaal duidelijk zijn, toch?Ja, nou wat er op dit moment is aan klachten, is meestal wel duidelijk. Dat kan de psycholoog ook vragen met zijn bij een soort van ja-nee vragen. Bijna van ze sprake van dit, heb je nog andere klachten of loop je hier nog tegenaan? Op zich kan je dat of bevestigen of ontkrachten. Dus dat is op zich wel helder. Waar het precies vandaan komt, dat is inderdaad niet altijd helemaal helder. Wat bijvoorbeeld uit onderzoek blijkt, is dat vaak de enige samenhang is bijvoorbeeld met verlating of verlies in de jeugd. Daar komt vaak een paniekstoornis. Dat heeft daar vaak wel koppeling mee. Dat zien we dan vaak.En met agoraphobie, dus dat betekent dat niet naar buiten durven gaan. Of voor bepaalde plekken, dus ook voor mij ook combinatie bij is. Straatvrees wil je dan ook hè, bijvoorbeeld? Precies, ja, de straatvrees. Zien we dat dat vaak dan bijvoorbeeld weer juist gerelateerd is aan problemen met zelfstandig gaan wonen. Dus rond de 20, 30 jaar zo'n beetje ontstaat, vaak ook. Maar het is ook soms niet helemaal helder te krijgen waar komt het precies vandaan. En op zich is dat voor behandeling ook niet zozeer relevant. Dus daar gaan we eigenlijk niet heel erg naar graven of wat dan ook. We gaan echt meer in het praktische aan de slag ermee.Ja, maar dat is wel belangrijk, want ik kan me voorstellen dat er ook mensen zijn die denken, nou, ik heb helemaal geen zin om over mijn jeugd te praten. Of ik had best een prima jeugd. Dus het is helemaal niet relevant. Of ik heb geen zin om mijn ouders de schuld te geven. Die word ik ook nog wel eens. Het is echt niet altijd het geval dat daarin gaan gegraven wordt? Nee, tenminste, bij ons was dat dan met name gewoon heel licht vragen. Zijn er nog bijzonderheden in de jeugd? Zijn er nog dingen wat we moeten weten? Want kijk, zouden er nou hele ernstige trauma's zijn in de jeugd? Dan is het natuurlijk wel belangrijk om te weten. Want dan moet daar misschien op aan ingegrepen worden in plaats van de paniekstoornis mee te starten, bijvoorbeeld. Maar anders is dat inderdaad.Vooral wordt er gevraagd naar bijzonderheden en wordt vooral eigenlijk daarmee dus afgewogen. Is de paniekstoornisbehandeling dus nu ook het beste om nu in te zetten? Ook om eerlijk te zijn, want stel dat er een hele heftige trauma is geweest in de jeugd, ja, dan kunnen we misschien wel werken op die paniekstoornis, maar als we verwachten dat we trauma behandelen, dat dan de paniekstoornis vanzelf overgaat, dan heeft het misschien niet zoveel nut om dus aan die paniekstoornis te werken. Tenminste, dan verwachten we dus dat er meer effect zal zijn door aan het trauma te werken. Maar dat kan nog altijd overwogen worden van nou weet je, dan gaan we toch met de paniekstoornis aan de slag. Als je niet met het trauma aan de slag wil gaan, en gaan we kijken. Maar we zijn wel eerlijk, we gaan kijken hoe ver we daarmee gaan komen.Ja, dus dat gaat wel in overleg natuurlijk. Ja, zeker. Er wordt niks geforceerd. Sowieso is, het is geen verplichte behandeling of wat dan ook. Dus het is allemaal vrijblijvend. En de cliënt is daar zelf ook bij. Dus die mag zelf inderdaad ook aangeven van nou dit is precies wat ik zoek, of dit is totaal niet waar ik naar op zoek ben. Nee, logisch natuurlijk. Want het gaat natuurlijk om jouw herstel. Het is ook belangrijk dat je daar iets over te zeggen hebt. Soms moet je natuurlijk ook wel het advies aannemen van degene die daarvoor geleerd heeft en die er natuurlijk in gespecialiseerd is. Jazeker. En tegelijkertijd weten we ook niet alles. Dus somsDenken we dat het inderdaad dan beter is om aan de trauma te werken. Maar uiteindelijk is de veel zo groot bij de cliënt en de motivatie dat het dan wel lukt om aan de paniekstoornis te werken. Gewoon met het paniekstoornisprotocol. En soms zie je dat dat dan weer juist maar voor korte termijn heeft gewerkt. Dus dan zie je dan toch een cliënt weer terugkomen dat hij na een aantal jaren dan weer zegt van nou, het is toch weer terug. Het was toch onvoldoende. En dan toch alsnog wel de traumabehandeling doen, of wat dan ook. Ik benoemde nu het paniekstoornisprotocol. Want nou stel we gaan er gewoon vanuit dat jij we hebben natuurlijk over paniekstoornis, maar daar valt hyperventilatie natuurlijk ook onder bij jullie als psycholoog.Dat we het zo noemen nu? Nou, het is mooi dat je dat zo noemt, want we maken echt wel onderscheid tussen paniekanval en paniekstoornis. Paniekkaanval is echt die kortademigheid, het gevoel hebben te stikken, transpireren duizelig, beven, trillen op je benen, misselijk. Al die symptomen hoort bij paniekaanval. Maar een paniekkaanval, ongeveer bij 23% van de bevolking komt wel eens een paniek aanval voor. Dus een paniekaanval op zichzelf is eigenlijk niet zozeer het probleem. Het probleem zit er meestal in dat de persoon bang wordt heel erg.Overmatig bezorgd wordt dat het weer eens voorkomt, die paniekaanval. En dat wordt een paniekstoornis. Want dan wordt het hele leven zeg maar hoe zeg je dat, opgebouwd rondom het vermijden van dat het nog eens gebeurt. Met behoorlijke angsten enzovoorts. Dus daar maken we wel een verschil in. Tussen hebben we het over een paniek aanval, hebben het over een paniekstoornis. Ja, dus vooral de angst voor de angst. En daar komt dan bijvoorbeeld die straatvrees vrij of het vermijden van de supermarkt of dat je niet meer een verjaardag durft. Of autorijden, is natuurlijk ook zoiets wat heel veel voorkomt. Precies, dus vermijding komt er inderdaad bij voor. Ook veiligheidsgedrag. Dus het alleen maar nog met je partner durven gaan, bijvoorbeeld.Of dat soort dingen. Of altijd toch een medicatie nemen van tevoren om wat rustiger te zijn. Of dat soort dingen. Dat bevestigt ook weer van. Het is inderdaad een angst. Tenminste, het is inderdaad een angstige situatie. Ik kan het alleen maar aan als ik met mijn partner daar ben. Dus dat zijn dingen die uiteindelijk dan ook in de behandeling uiteindelijk doorbroken moeten worden om te zien van hé, maar die paniekaanval komt niet altijd voor. Het is inderdaad angst voor de angst. Het is angst om daar dus weer in te geraken. Vaak is dat een soort van controleverlies geweest wanneer dat is gebeurd of wat dan ook. En is vooral een grote angst dat dat weer eens voorkomt.En dan hebben we de intake gehad en dan is er dus eigenlijk een wordt er een plan opgesteld. En wat voor thapie is dan eigenlijk de meest gangbare? Wat voor behandelingen krijg je dan? Ja, dat is best een hele reeks eigenlijk. Allereerst wordt altijd gestart met het registreren. Dus we gaan even bijhouden. Hoe verloopt dat nou precies, zo'n paniekanval? Wat gaat eraan vooraf? Is dat in bepaalde situatie? Is dat altijd op een bepaald tijdstip? Of is dat altijd? Kunnen daar iets in terugvinden in het registreren? En vervolgens wordt gestart met interoceptieve exposure heet dat. En dat betekent dat je dus gaat nabootsen van een paniek aanval.En daar hebben we dan bijvoorbeeld meerdere oefeningen voor. Dus dat gaat dan bijvoorbeeld over 30 seconden je hoofd tussen je benen zetten en dan weer heel snel omhoog komen. Of zoveel keer draaien op een stoel. Of heel hard rennen op de plek. Of je gaat dus al die sensaties die wel eens voorkomen bij een paniek aanval, ga je nabootsen. Om dus te kijken van. hey, kan een cliënt daar dus inderdaad van leren van dit betekent niet dat ik...Of dit betekent niet dat ik gek word. Noem maar op wat voor ernstige iets eraan gekoppeld is, vaak, eigenlijk, omdat dat iets ernstigs betekent. Dus daar wordt dus aan gewerkt, tenminste mee geoefend, dus in eerste instantie, om te leren dat die lichaamsignalen op zichzelf niet zozeer gevaarlijk zijn. Dus daar eigenlijk een soort van gewenning al aan te krijgen. Als iemand dan heel heel angstig is, wordt dat dan altijd gedaan? Of kan je dan ook zeggen van nou, dit slaan we nu even over, want men zit zo hoog in de angst dat hij dit echt niet wil.Ja, en dan angstig is voor deze, bijvoorbeeld een hart dat sneller klopt, of het warm krijgt of het trillen op de benen. Dat bedoel je dus dan angstig? Ja, inderdaad. Als je dit al hoort, je denkt van nou, ik ga niet naar een psychologen, want dan moet ik dat gevoel opwekken. Ja, dat er zoveel spanning al zit, dat je denkt, nou, daar begin ik niet aan. Ja, snap ik. Wat eigenlijk dan gebeurt is, we gaan het niet vermijden. Want juist die vermijding zorgt ervoor dat je juist bevestigt van ja, een snel hard, harder kloppend hart. Dat betekent dat ik doodga. Dus eigenlijk als we dat meegaan in die vermijding, die vermijding bevestigt eigenlijk jouw.Jouw gedachtes daarover. Dus het doorbreken gaat echt met het doen. Maar we kunnen zeker kijken of we het misschien wat korter kunnen maken. Dus dan hebben we niet over 30 seconden hoofd tussen de benen, bijvoorbeeld. Maar dan doe je het maar 2 seconden. Dan begin je gewoon heel licht. En op die manier dat heel langzaam dan verhogen. Dus dat is dan wel een mogelijkheid. En altijd kan er ook gestart worden met wat dan wel gedurfd wordt. En dan kunnen we dan kijken later naar hetgene wat echt wel spannend is. Overigens is wel datgene wat dus juist spannend is, belangrijk om dan wel te gaan herhalen. Het is niet van het één keer, dus twee seconden, je hoofd tussen je benen te hebben gedaan. En dan dus die sensatie van bijvoorbeeld misselijk in het hoofd.Door dat vervolgens nooit meer te doen in je leven, dat je dus gaat leren van er gebeurt inderdaad helemaal niks als ik een beetje misselijk voel in mijn hoofd. En we kijken dan ook heel erg van tevoren van wat verwacht je dat er gaat gebeuren, ga je flauw vallen, wat dan ook. Hoe ziet dat er precies uit? Want dan hebben we het niet alleen over een gevoel van flauw vallen. Want ja, misselijk voel in het hoofd kan heel erg verward worden van ja, dit is ook wel een gevoel van flauw vallen bijvoorbeeld. Nee, wat is flauw vallen precies nou op de grond liggen, eigenlijk, dus echt gevallen zijn. Dan pas kunnen we zeggen. Nou, dit was echt inderdaad, nu ben je echt flauwgevallen. En dan gaan we dus continu naar zo'n oefening kijken. Is er gebeurd waar je nou eigenlijk voor vreest? Nou, wat eigenlijk nooit gebeurt.Vooral flauwvallen. Vlauwvallen gebeurt pas wanneer jouw bloeddruk verlaagt juist en niet verhoogt. Dus eigenlijk gebeurt nooit wat gevreesd wordt. Dus daarmee kan je eigenlijk de verwachtingen te niet doen. Dus door zo vaak geoefend te hebben, merken van ja, eigenlijk gebeurt het niet. Waardoor dus ook in jouw hoofd hersteld wordt die verwachting die jij hebt opgeslagen. En daarmee dus uiteindelijk ook dat kan gaan doorbreken. Overigens is dan ook de volgende stap het gaan doen. Dus door middel van gedragsexperiment of exposure in Vivo, dus het ook.In realiteit. Dus nu hebben we het over gehad over oefeningen, die dus zorgen dat je dus daar die symptomen oproept. Maar uiteindelijk ga je dus ook in het werkelijke leven, dus bijvoorbeeld, ook oefenen. Dus bijvoorbeeld als je bang bent, dat het in de tram gebeurt, dat je dan misselijk wordt en dat je dan flauw valt en een paniek aanval krijgt of wat dan ook. Dan gaan we dus oefenen met ook in de tram stappen en kijken of dat dan weer gebeurt. En of je dan ook werkelijk inderdaad de paniek aanvat gekregen. Maar dat gaat geleidelijk aan natuurlijk. Het is niet bij de eerste behandeling meteen dat jullie op.In die tram of in die drukke supermarkt of in de auto op de snelweg zetten. Dat gaat natuurlijk heel geleidelijk, stapje voor stapje. En dan gaat er echt om dat je vertrouwen leert krijgen weer in je lichaam. Dat er niks gebeurt, dat er echt niet iets heel ernstigs is. Waardoor je dan stapje, ja, voor stapje dat vertrouwen krijgt. En het dus ook dan steeds die exposure therapie wat verder gaat uitbreiden. Ja, zeker. En dat is inderdaad ook het gevoel moet dan ook langzaam meegaan. Het gevoel is altijd wel lastig, want soms weet je het met je hoofd. Ja, ik weet dat het inderdaad niet echt gaat gebeuren. Maar het duurt altijd wat langer voordat gevoel ook meegaat. Het is helaas altijd het geval dat je hoofd sneller ga dan je gevoel gaat, dus de angst.Kan nog steeds wel opkomen, ondanks dat je met je hoofd weet van ja, maar dit kan eigenlijk niet meer. En daarvan geldt dat echt het doen, het blijven oefenen. Dus het is niet door thuis achter een uranium te gaan zitten dat het dan opgelost wordt. Maar het is echt door het gaan doen. Dat je dus gaat merken van inderdaad, er gebeurt helemaal niks. En dan gaat jouw gevoel dus dat ook mee. Dus die angst gaat daardoor dus ook verminderd worden. Je zou het eigenlijk ook een beetje kunnen vergelijken met een kind dat valt van de fiets. En na het vallen van de fiets gaat hij nooit meer op een fiets zitten. Nou, zijn angst voor een fiets wordt dan enorm groot. Want het laatste wat hij opgeslagen heeft, is die val voor die fiets. En die verwacht alleen maar als ik weer op een fiets ga zitten, dan val ik weer.Maar terwijl als je hem dan direct na zo'n val weer op de fiets zet en de dag erna weer op een fiets zet. Dan wordt het een van de vele herinneringen. En het is één keertje gebeurd, maar het is ook vele keren niet gebeurd. En daardoor krijgt het kind wel vertrouwen. Van ja, meestal gebeurt het niet. En zo werkt dat dus met angst. Want soms is er maar één keer iets gebeurd en dan slaat dat heel erg vast in ons systeem. Terwijl de honderden keren dat het wel goed is gegaan, en toch blijf je dan angstig voor die ene situatie. Het is heel bijzonder hoe dat werkt, eigenlijk in ons systeem. Daar gaan we het niet over hebben, want dan zitten we nog twee uren te kletsen.En we gaan nu even over de praktische kant hebben. En dan heb je dus over exposure therapie. Zijn er ook nog andere? Krijg je dan nog meer oefeningen en dingen om te doen? Zij het dagboek bijhoud. Tenminste, ik noem het altijd een dagboek bijhouden, een beetje opschrijft. Of wanneer treedt het op en je gaat kijken of je patronen kunt herkennen. Ja, dus het registreren van je paniek aanvallen, daar start je eigenlijk mee. Dus dat is aan het begin daar meer inzicht in krijgen. En verder is dan ook nog wel het stukje: wat meer cognitief uitdagen. Dus echt meer kijken van nou wat voor gedachtes heb je daar nou bij? Wat en helpt het je echt om zo te denken? Klopt het ook deze gedachtes?En dat ga je dan vervolgens in het doen, dus inderdaad. Dus dit is vanuit de CGT, de cognitieve gedragstherapie, hoe deze dus aangepakt wordt. Ja, nou, ik vind zelf cognitief altijd best wel een lastig woord. Dus ik kan me voorstellen dat je laat ziet denkt. Nou, wat betekent dat nou eigenlijk? Wat is het betekent nou in gewoon Jpianneke taal? Nou, het is cognitief gedragstherapie. Dus dat zijn ook echt wel twee verschillende woorden. En cognitief betekent dus inderdaad in het hoofd wat speelt zich in gedachten af. En dat dus aanpakken. En het gedrag is dus ook echt in het doen.En juist die combinatie van die twee, dus zowel dus de gedachtesuitdagen als het ook echt in het doen gaan veranderen, blijkt dus super effectief te zijn. Dus de cognitieve gedachtstherapie zijn vaak dus ook de therapie, de meest effectieve therapieën voor de meeste stoornissen. Dus het is echt niet zo. Want vaak vroeger, vooral dachten we, je gaat naar een psycholoog en dan moet je alleen maar praten over wat je dwars zit en wat er allemaal speelt. Maar eigenlijk noem je het dus eigenlijk een hele actieve therapie. Je bent heel erg bezig, er zal natuurlijk ook veel gepraat worden. Het ligt er wel aan wat voor psycholoog je hebt, want je hebt diverse therapeuten. Dus de psycholoog die werkt volgensDe cognitieve gedragstherapie, CGT. Die werkt dus inderdaad op die manier. Maar je hebt bijvoorbeeld ook therapeuten die meer op de psychotherapie zitten, bijvoorbeeld. Die zullen dan wat meer op het praten zitten en het graven naar het verleden en dat soort dingen. Dus het ligt echt wel aan wat voor therapeut je hebt en wat voor therapie dat is. Maar de cognitieve gedragstherapie staat echt voor inderdaad zowel uitdagen van de gedachtes. Hoe denk je erover en helpt dat je nou vaak dus niet? En dus hoe kan je anders leren denken? En kloppen je gedachtes überhaupt wel? En het ook gedragsmatig dus anders gaan handelen. En hoe.Dus natuurlijk ook misschien heb je daar. Er helemaal geen antwoord op. Maar hoe lang doet dan gemiddeld zo'n behandeltraject? Nou, vaak staat daar zo'n beetje 11 sessies voor, volgens het protocol. De GGZ houdt zich daar ook vaak wel echt wel aan, dus die hebben ook wel een soort van maximum aantal sessies wat ze kunnen besteden. Dus dat is een beetje wel de leidraad. En is dat dan gemiddeld meestal één keer per week, of is dat om de week, of ga je juist vaker? Ga je bijvoorbeeld twee keer in de week, of is dat echt afhankelijk van de persoon? Dat zal meestal één keer per week zijn. Dat kan misschien per instelling nog wel verschillen, maar meestal zal dat één keer per week zijn.Dan gaan we bijvoorbeeld naar de tram. Want als dat jouw situatie waar die heel erg spannend vindt, ik kan me ook voorstellen dat ik al zei: supermarkt autorijden. Maar ga jij dan echt als psycholoof de psycholoog dan echt met je mee in die situatie? Dat kan zeker. Dus er zijn psychologen die dat doen, dat is niet allemaal, maar er zijn psychologen die dat doen, dus die met jou meegaan. En dat is overigens dan wel voor het begin. Dus bijvoorbeeld, het kan ook zijn als je angst hebt voor lift in de lift dat er zoiet gebeurt. En er is een lift, dus ook in het gebouw waar de psycholoog zit. Nou, dan waarschijnlijk gaat die psycholoog jou dan voorstellen van joh, we zullen het ook even gaan oefenen. En ik ben bij, ik ga je hierbij begeleiden.En dan eerst in eerste instantie zal dat dan met de psycholoog zijn, maar uiteindelijk...Zoals ik durf het alleen maar met mijn partner. Het moet niet alleen maar zijn dat je dan alleen maar durft met de psycholoog. Het moet uiteindelijk ook dat je straks zelfstandig op eigen benen kan staan. En dat ook durft zonder de psycholoog. Dus het is als een opstapje als het ware om dat te leren. Het kan overigens ook zijn, sommige psychologen werken daar dus ook mee, dat ze dan via beeldbellen bijvoorbeeld aanwezig zijn. Dan bel je ze even in op het moment dat je normaal bijvoorbeeld een sessie hebt. Jij bent dan op dat moment bij de metro. En je gaat daar dan je oefening doen terwijl de psycholoog erbij is. Metro is overigens wel een lastige, want vaak heb je daar niet goed verbinding. Dus dan verloopt het gesprek niet helemaal vloeiend, maar noem maar op. Dus waar je dan ook maar bent, dat je dus dan met de psycholoog kan oefenen. Dat hij even bij je is op dat moment. En via oortjes dus kan vertellen. Daar je er een beetje doorheen kan begeleiden. Dus die kan je er echt een beetje doorheen praten en zeggen. Let even hier op. En zie je dat er niks markeert of dat er niks gebeurt met je. Of zeggen, oh, wat goed dat je dit doet. Want dat is natuurlijk ook een belangrijke impostieve bevestiging. Zeker, om te bekestigen inderdaad. Ja, zeker. En is er dan nog iets wat ik belangrijk is om te weten hierover? Wat ik misschien nu nog niet gevraagd heb. Dat je zegt: oh, maar dat is wel iets wat ik nog even kwijt wil?Nou, het is vooral dus inderdaad, ik denk dat het het belangrijkste besproken is, echt de angst voor de angst. Dat is echt vooral wat een paniekstoornis is. Want nogmaals, paniekaanvallen komt dus bij 23% van de bevolking voor. Dus vrij normaal is dat eigenlijk wel. Alleen andere mensen die merken misschien dat er iets gebeurt, maar die hechten er niet zoveel waarde of niet zo'n angst. Het wordt niet zo'n angstcomponent, als het ware. Dus het wordt vooral belangrijk om dat als wat meer normaal te bekijken. En dus echt inderdaad, door het doen. Het vermijden, is ook echt een voeding voor angst.Een voorbeeld kan ik ook geven voor degene die angstig is voor spin, bijvoorbeeld, als hij telkens de kamer uitrendt, zodat hij een spin ziet. Die bevestigt ook ontzettend dat die spin een ontzettende monster is. Terwijl, het moment dat hij beslist, oké, ik ga niet de kamer uitrennen, ik blijf gewoon zitten in de kamer bijvoorbeeld. En dan merkt hij die spin, die beweegt helemaal niet. Er gebeurt eigenlijk helemaal niks engs. Eigenlijk is het misschien wel zelf op een gegeven moment een beetje saai. Want ja, die beeg maar niet en jij zit er maar naar te staren. Dus dan ga je dus beseffen door het doen: van er zit geen werkelijke angst. Het is allemaal in mijn hoofd, maar het is werk, in werkelijkheid is dat niet zo angstig.Dus dat is vooral dus ook een belangrijke om vaak weten we verstandelijk best dat die spin je niet opeet. Als er wat is, dat je best die supermarkt uit kan rennen. Dus er zit best wel veel. Je weet het vaak wel. Toch daar stemmetje in je hoofd en zegt ja, maar wat als wat het heel erg opblaast. En in dat geval, als je dat dus herkent van jezelf, dat je dingen bent gaan vermijden, dat je dingen niet meer durft, of dat je het wel doet, maar met heel veel spanning in je lichaam. Kijk, dan is het natuurlijk gewoon echt heel goed om toch eens een dolverwijzing te halen voor een psycholoog. Ja, zeker. Die kan je er echt heel goed doorheen begeleiden. Dus dat maakt het een stuk makkelijker dan dat je het alleen gaat doen.Bedankt. Ik denk dat het heel duidelijk is voor iedereen van wat kan een psycholoog met vooral met cognitieve gedragstherapie betekenen voor als jij last hebt van hyperventilatie, maar ook wel paniekstoornissen. Ja, is er nog iets wat je wat je toe wil voegen? Of is het. Voor mij hebben we alles wel echt besproken zo hè? Ja, in de notendop hebben we inderdaad wel besproken hoe dat een beetje gaat binnen de cognitieve gedragstherapie, de behandeling. Nou, dan wil ik je heel erg bedanken voor je tijd en je moeite en vooral het delen van deze uitleg. Marja, kun je volgen onder de naam. Dat gaat ze zelf allemaal even opnoemen.Zij zijn met eten, dus dat is inderdaad rondom de begeleiding die ik bied voor vrouwen met een eetstoornis. En je kunt mij momenteel op Facebook en op Instagram vinden, op Vrijza met eten. De link zal nog toegevoegd worden onder de podcast. Ja, zeker. Dus als je hier vragen over hebt, dan mogen ze zeker natuurlijk ook contact met jou opnemen. Zeker, zeker weten. Mooi. Nou, heel erg bedankt voor je tijd. En jij bedankt als luisteraar om weer te luisteren naar ons."
interview-113.mp3,interviews,NVIDIA Parakeet TDT 0.6B v3,26.8,25.441935483870967,100,92.19354838709677,6198.3125,5765.022177419355,168.9102328774688,"Hallo jullie. Ik zit nu bij 113 met Maa tegenover mij. Maaike is psycholoog bij 113. En jullie houden zich bezig met de willen vragen die binnenkomen. Ja, dat klopt. Hoe komen de bellers of de mensen met jullie in compta? Via ons telefoonnummer, dat is 0900 0113. Die vinden ze soms op de website. Dat is ook voorhandliggend, www.113.nl. Of soms hebben ze ons voorbij horen komen op de radio via een commercial, en dan hebben ze ons nummer gehoord, op de website gehoord. En zo kunnen ze ons vinden. En kunnen ze alleen bellen. Nee, ze kunnen ook chatten.Ook via de website. Er staat dan ergens bovenin wil je nu hulp met een bolletje met chatten. Dan kan je daar klikken en dan kom je meteen in een chatroom. En op dat moment is er iemand die dan meet je. Ja, dat is het idee. Ja, dan zijn er vrijwilligers beschikbaar die dan de chats aannemen en ook de telefoontjes. Komen er veel vragen binnen? Ja, er komen best wel wat mensen binnen. Op sommige momenten van de dag is het drukker dan op andere momenten van de dag. Dan hebben we het bijvoorbeeld vooral voor s'avonds en s'nachts. Overdag is het soms wat rustiger, maar soms kan het overdag ook heel druk zijn. Maar we hebben in ieder geval op elk dagdeel wel ongeveer 7 of 8 mensen die echt in de lijnen zitten.Zo druk is het dus wel bij ons. Het zijn het lange gesprekken. De chatgesprekken duren ongeveer een uur, dat is het streven, maar het kan ook korter. Het hangt er een beetje vanaf wat de vraag is. De telefoontjes een half uur, maar ook dat kan korter. Stel dat iemand nu in nood verkeert of zichzelf al iets heeft aangedaan, is het zaken om het kort te houden, zodat iemand 1 en 2 kan bellen. Kun je een beetje iets vertellen van met wat voor vragen mensen komen? Ja, dat kan. Dat is echt heel erg uiteenlopend. Dat varieert van meisjes die het slachtoffer zijn geworden van sexting en zich ontzettend schamen omdat die foto de hele school rond is gegaan, tot.Oudere mensen die ongelooflijk eenzaam zijn, tot mensen die opgenomen moeten worden of in een opname zitten, of mensen die in een instelling zitten. die opgenomen worden. Ja, kan. Of die wordt aangeraden om opgenomen te worden omdat het echt niet goed gaat. En die daarvan van ellende niet meer weten wat ze moeten doen en daardoor sociale gedachten hebben. Dus het is echt alle leeftijden en alle soorten problemen komen bij ons voorbij. Ja, een klein aangrijpend. En krijgen jullie ook cultuurspecifieke vragen? Ja.Wat ik daarover kan zeggen, wat ik zelf daarin meemaak, is eerder dat je merkt dat in sommige culturen er anders wordt omgegaan met bijvoorbeeld praten over emoties. En dat daar een beetje een taboe op ligt, dat mensen dat moeilijk vinden. En dat je daarom ook moeilijk kan praten over jezelf gedachten, als jongere bijvoorbeeld met je ouders. Of als het in bepaalde culturen niet oké is om homoseksueel te zijn. Dat je daar niet over kan praten. En dat je daar zo door in de knoop zit met jezelf. Dat je suicidaal wordt en dat je daar dus ook weer niet over kan praten. Wat voor adviezen geven jullie dan mensen, bijvoorbeeld van een meisje die school dan krijg?Een sekschandaal te maken. Dat van alles kan gebeuren. Wat kunnen jullie betekenen voor zo iemand? Ja, het hangt er sowieso een beetje van af hoe oud zo iemand ook is. Dus als het gaat om iemand die minderjarig is, dan proberen wij zo snel mogelijk ervoor te zorgen dat iemand er een volwassene bij betreft. Dat kan een ouder zijn, maar dat kan ook een docent zijn of een mentor of een lievelingsstand. Maar het is een beetje vertrouwd. Precies, want als je het hebt over die meisjes die het slachtoffer zijn van seksing, die zijn vaak wat jonger. Dan proberen we zo snel mogelijk daar iemand anders bij te betrekken. Want wij kunnen het hebben over die zelfmoordgedachten. Want we zitten natuurlijk op een afstand, want we zien die mensen niet. Dus we proberen altijd wel zo snel mogelijk aan te sturen op nog wat meer hulp van buitenaf.Maar die moeten ze ook zelf benaderen. Ja, nou ja, als het om een minderjarig is, probeer je er een volwassene bij te betrekken die dichtbij staat. Zodat die samen met dat meisje in dit geval dan. Maar dan hebben jullie contact met de volwassenen? Nee, nee, wij hebben daar geen contact mee. Dat probeer je gewoon door die persoon zelf. Ja, dat is de bedoeling. Dat is belangrijk dat mensen dat zelf doen. En dat is ook omdat wij wij garanderen anonimiteit en vertrouwelijkheid. Dus wij weten niet wat jij zijn en daar gaan ook niet om bemoeien met om mensen heen. En dat zorgt er juist voor dat mensen ook naar ons toe durven te komen met die problemen. Omdat het zo anoniem leeft.Het zijn er bepaalde leefgebieden die eruit ziet waarmee het meest kwetsbaar is? Situaties waarin mensen verkeren, bedoel je dan? Ik denk dat het belangrijkste is toch wel eenzaamheid. Dus als iemand heel erg alleen is en zich niet verbonden voelt met anderen. Dan zijn mensen heel erg kwetsbaar. En zijn dat meer oudere mensen? Wat noemde je dat kunnen ouderen zijn, maar dat kunnen ook jongeren zijn die gepest worden of die zich wijntverdienen hebben bijvoorbeeld. Iedereen kan natuurlijk eenzaam zijn. En zijn het ook dan per seizoen?Bijvoorbeeld met eenzaamheidsproblemen en nu gaan we naar de winter toe. Donkere maanden, veel mensen die toch vaker thuis blijven, is het in die periode meer, de eenzaamheid? Ja, daar durf ik niet zo heel veel over te zeggen. Eigenlijk je zou verwachten rond de periodes zoals Kersmus, dat het dan ongelooflijk druk is. Maar daar kan je niet zoveel over zeggen. Het blijft het hele jaar een beetje hetzelfde. Het is in de lente bijvoorbeeld net zo druk als in de winter. Je zou denken, het wordt donker, het regent. Het weer is somber. Misschien is dat dan. Dat maakt mensen ook zonde. Maar in de lijnen zie je daar niet zo heel veel verschil in. Dus niet seizoensgebonden of staan.En hoe kunnen jullie hun ondersteunen, mensen die met hulp vragen komen? Nou, in eerste instantie heb je de crisissijn, waar mensen in eerste instantie naartoe bellen of waar ze met vrijwilliger kunnen chatten. Die gesprekken heb je, maar die gesprekken zijn in principe eenmalig. Mocht iemand dan daarna nog meer hulp nodig hebben, dan kan iemand zich aanmelden voor therie. Ook via onze website. En dan kom je met een van de psychologen in contact. En ook online. Ook online, ja, via de chat, via de telefoon of via de mail. Dat mag iemand zelf kiezen, wat die persoon zelf het fijnst vindt. En dan heb je maximaal acht gesprekken met een vaste psycholoog.Waarin je dus ook wat meer tijd hebt om uit te zoeken wat er nou precies aan de hand is. En hoe je kan leren omgaan met jezelf, wordt gedachten en alles wat eronder zit. En lukt het in die acht sessies die jullie hebben met de mensen om iemand weer op een andere gedachte te brengen? Ja, soms wel. Soms heb je er maar vijf nodig. Soms is het zo dat je acht sessies doet en dat je denkt, nou het lijkt me verstandig als je ook nog even naar de huisarts gaat en je aanmeldt bij een thapeut zodat je wat face-to-face contact hebt. Maar dat verschilt heel erg. Wat zou jij zeggen tegen degene die het moeilijk hebben, maar niet durven te bellen of contact op te nemen met de ene die.nlJa, als je het zo moeilijk hebt dat je echt toch aan zelfmoord denkt, zou ik je toch willen vertellen. Ik weet dat het heel erg moeilijk is. Maar wij zijn erbij 13 in. Wij weten dat praten over zelfmoord helpt. En je bent anoniem, het is een veilige omgeving. Dus we treden niet naar buiten met wat jij vertelt aan ons. Dus ik zou toch zeggen: neem de stap, want je hoeft het niet alleen te doen. Dankjewel, Maike, voor het interview. Nou, kijkers, jullie hebben gehoord. Wat je vraag ook is: er is altijd wel iemand die hier staat om een antwoord op te geven. Dus zit je met iets, dan kun je altijd contact opnemen met 1in3.nl."
kpni-arts.mp3,interviews,NVIDIA Parakeet TDT 0.6B v3,39.0,25.5223880597015,100,98.48507462686567,8450.3125,8399.819962686568,164.03286616506307,"Jij bent KPNI-therapeut. Laten we daar eens even beginnen. KPNI. Waar staat het voor? En wat doet een therapeut? Klinische psychoneuroimunologie. Klinische nicco. Klinische psychoneuroimunologie. Zeg ook wel eens voor de grap die klinische psycho, neuro, socio, endocrino, neuro's en alle disciplines die je kunt bedenken, worden bij elkaar gehaald. Dus het is ook evolutie geneeskunde. Het gaat over de sociale context waarin mensen leven. Eigenlijk is het idee een beetje parallel aan de functional medicine uit de Engelse-Aikaanse literatuur. Dat we de mensen veel meer als een functionele eenheid moeten zien.En ook functionerend in een groter geheel, en dat al die dingen die daarin gebeuren, op een gegeven moment bepalen of we gezond blijven, zeker ziek worden. Het lichaam is steeds bezig om te reageren op alle uitdagingen die er op ons afkomen. Dat kan het nieuws zijn. Psycho-emotionele factoren, je relatie, je sociale situatie. Pas net een stukje te lezen over de risicofactoren om ziek te worden als je meer of minder verdient, bijvoorbeeld. Los van leefstijl. Dat is eruit gefilterd, maar als je wat meer verdient, heb je onmiddellijk een verhoogde kans om langer te leven. Dit geeft over getallen uit Amerika. Maar dusOm aan te duiden, we proberen alle factoren die een rol spelen bij ons bij het functioneren van de mens bij elkaar te zoeken of te rapen. En van daaruit na te denken over hoe functioneert de mens en wat gaat er mis als we ziek worden. Dus dan, want je zei ook en en tricologie, we hebben het over hormonen, emoties, sociale relaties, het hele spectacular. Het hele psychosociale functioneren, hoe hormonen en hersenen daarop reageren, maar ook hoe daar ook alle invloeden kunnen zijn van voeding en beweging. En hoe dat uiteindelijk leidt tot een bepaalde manier van functioneren van het immuunsysteem.In principe om ons te beschermen, maar als we te lang bescherming nodig hebben, worden we daar weer ziek van. Dus als we te lang moeten zoeken naar een balans, dan kost te veel energie. En dan moeten we gaan schuiven met die energie. En dan kan het wel eens zijn dat het immuunsysteem langer meer energie nodig heeft. Waardoor onze hersenen wat minder krijgen. En dan worden we moe. Om maar simpel te zeggen. Zijn dat ook een beetje. Want ik heb natuurlijk één grote vraag. Maar ik vind het ook wel leuk om even in te zoomen op dat stukje praktijk. Als je dat hoort, denk ik, oh, dat moet dan alle huisartsen toch ook weten, maar is het.Hoe ver staat dat daarvan af, van wat in de reguliere gezondheidszorg bijvoorbeeld gebeurt? Gelukkig zijn er steeds meer artsen die ook in deze discipline werken. Dus ik geef ook les op verschillende opleidingen. En daar zien we steeds meer artsen, specialisten binnenkomen, apothekers, psychologen. Dus ook vanuit de reguliere wereld is er heel veel interesse in deze manier van denken. Het grote probleem is denk ik dat er twee praktische dingen zijn. De huisarts in een huisartsenpraktijk heeft 10 minuten tijd. En ik ben de eerste keer anderhalf uur met iemand aan het praten. Daarna staan. Dan kun je misschien zien of iemand een keelontsteking heeft die antibiotica nodig heeft of een keel ontsteking die.Vanzelf overgaat, of het een virus is, dat soort dingen. En de huisarts is dan veel meer een filter geworden: van dingen door laten gaan naar een ziekenhuis of het gaat vanzelf over of met een pilletje. Maar echt de onderliggende oorzaken van problemen boven water halen, dat is heel lastig in die setting. En het tweede probleem is denk ik een wetenschappelijk probleem dat we er steeds meer achter komen dat mensen vooral chronische klachten krijgen, omdat er misschien wel tien dingen tegelijkertijd mislopen. En we zijn heel erg gewend om in de wetenschap één op één te denken. Dus je hebt een longontsteking. Nou, dat was heel interessant. Want op een gegeven moment kwamen we erachter dat de longontsteking kwam door een bacterie.Prima, mooie wetenschap, want dan konden we later ook middelen ontwikkelen om die bacterië dood te maken. En daarmee hebben we de longontsteking opgelost. Mooi. Bij deze manier van denken wordt bijvoorbeeld ook gebruikt als we kijken naar Alzheimer. Dat is toevallig een project waar ik nu mee bezig ben om te kijken wat we preventief kunnen doen bij Alzheimer. En dan zie je dat er misschien wel 40 dingen mis kunnen gaan die allemaal in een bepaalde verhouding tot elkaar kunnen leiden tot Alzheimer. Maar dan wil je dat gaan onderzoeken. En dan zie je dat de behandeling bestaat uit misschien het geven van vitamines. In ieder geval voeding aanpassen, meer gaan bewegen, zorgen dat de stress opgelost wordt. Misschien gifstoffen, darm, heel belangrijk bij alle hersenproblemen. Dat gaan we allemaal tegelijkertijd doen.En dan is er, die vindt nu in Amerika een kliniek waar mensen zo behandeld worden en dan gaat het heel goed mee met die mensen. Dus die relatief scoren die heel goed. Alleen elke onderzoeker zegt ja, maar u doet tien dingen. Ik weet nou niet wat er gewerkt heeft. En dat is een manier van denken die nog heel erg in die wetenschap zit. Waar we even doorheen moeten. Want we moeten op een andere manier naar het effect van behandelingen kijken. Misschien gooi alles er maar op wat je hebt, want waarom niet? Ja, en precies. En we zijn natuurlijk gewend om allemaal losse puzzelstukjes te onderzoeken. Terwijl er misschien wel 30 puzzelstukjes zijn die samen het totale plaatje maken. Nou, dan ben ik absoluut op de goede plek, maar dat wist ik stiekem wel.Ik vraag namelijk af, niet of er een verband is, want dat snap ik ook wel, maar of jij mij dat kan verhelderen in het beeld waarin stress, maar ook trauma, depressie, verslaving en ADHD aan elkaar gelinkt zijn. Schroot, dat besef ik mij. Maar misschien dat we dat een klein beetje kunnen ontrafelen. Want dat is een bepaald patroon. Dat zijn volgens mij ook symptoom in de symptoomhoek een beeld wat denk ik vaak. Er zit wat overlap in.Alle ADHD-patiënten zijn hetzelfde. Nee, maar het beeld zo van. Volgens mij is het een beetje. Maar bij depressie zeker. Wat we begrijpen, is dat als je. Stress is op zich. Je vraag is eigenlijk van wat is de invloed van stress en trauma? En ook als je kijkt naar dat systeem. Want goed, ik maak de podcast natuurlijk met name voor mezelf, maar ook voor mensen die. Er zijn zoveel van dit soort gelijke patronen. Ja, ik weet dat ik een stressgevoelig systeem heb. Ik weet dat als ik niet goed op mijn voeding let, heb ik er ook last van mentaal. Dus het is een soort van samencroes. Het is niet dat ik, oh, het label ADRD of.Verslaving, ik heb het er eigenlijk nog niet eens bij gezegd. Maar verslavinggevoeligheid met impulsiviteit. Dus dat beeld. En het is niet oh, ik ben verslaafd of ik ben super gestrest of ik heb een burn-out, maar dat is het wel. Het zijn een beetje de restanten van die symptomen wat zo samen clustert. En ik denk dat dat in een soort van stressgevoelig systeem zit. Wat misschien getriggerd is door trauma. En ook misschien wel trauma in het immuunsysteem. Daar was ik gewoon een beetje aan het zoeken van ben ik naar de juiste dingen aan het kijken, of zie ik misschien wel iets over het hoofd wat hier nog misschien bij zou moeten? Moet je eerst realiseren wat stress is.In de volksmond wordt stress altijd als iets negatiefs gezien, maar stress is in principe een van onze belangrijkste overlevingsmechanismen. Het is te koud, je lichaamstemperatuur zou te veel dalen, daar word je van bewust, dat is een stressor. Je word je bewust en je gaat de trui aantrekken. Dat is een normale reactie op prikkels van buitenaf, op stressoren. Het kan ook prikkels van binnenuit zijn. Je energie is op, je moet gaan eten. Dus dat is ook een vorm van stress. Maar dat zijn allemaal de normale stressoren. Zelfs als er een man met een geweer binnenkomt, moeten we handelen. Of je duikt onder de tafel, of je doet ietsje. Je moet in beweging komen om een probleem op te lossen. Dus elk probleem wat ons uit ons evenwicht zou kunnen brengen.Vraagt om een reactie, en dat is het spel tussen de stressen, het probleem, en de stressreactie van ons lichaam. Dus de stressrespons die het moet oplossen. Een soort call to action van hallo, daar moet iets op hebben. En dan zijn we constant op een onbewust niveau, op orgaaniveau en op celniveau mee bezig. Dat drinkt niet door. Dus dat is eigenlijk niet wat we dan met stress bedoelen. Maar op het moment dat je daarvan bewust wordt, dan wordt het een stressmoment en dat vraagt op een oplossing. Prima, niks mis mee. Kunnen er een aantal dingen gebeuren? Het eerste wat we zien in onze moderne wereld is dat stressoren niet meer.De ladingen hebben die ze vroeger hadden, kou, honger, acuut gevaar, stresszorgen zijn allemaal dingen die langzaam in ons achterhoofd blijven hangen. Pas het boekje van Rutger Brechtman, ik moest het nog lezen, maar ik heb het besteld: dat het water komt. Ik kan me voorstellen dat sommige mensen die net in Amsterdam een hele hoop geld hebben besteed aan een nieuw huis, dat die daar enigszins gestrest van raken. Maar je kunt het niet oplossen. Het blijft hier achteraf zitten, blijft malen. En dat is een heel simpel voorbeeld dat er op heel veel niveaus tegenwoordig stressoren zijn, psycho-emotionele stressoren, die te lang aan blijven houden en die ons te lang in een stressstand kunnen houden. En dat snapt het lichaam niet goed?Af en toe acute stress aan en uit, prima. Maar chronische stress gaat een probleem worden. En dus ook stress hoor ik je zeggen, die we misschien niet zelf op kunnen lossen, waardoor het maar blijft hangen. Dat is natuurlijk het grote probleem. Als je kijkt, als ik geen geld meer heb en ik moet schulden betalen, dan kan ik mijn huis verkopen, dat is een oplossing. Dan ga ik kleiner wonen en dan is het opgelost. Maar sommige dingen kun je echt niet oplossen. Dus dat maakt dat we in onze moderne wereld andere stressoren hebben, die ook op een wat andere manier in ons lichaam werken, maar ons wel altijd alert houden. Dus er is constant wel bepaalde mate van spanning. Soms voel je dat ook in je buik. Heb je dat onrustgevoel, anxiety, dat soort mechanismen, een beetje angstig zijn. Dus dat is.De moderne wereld. Een ander interessant punt is dat we juist die klassieke stressoren waar we eigenlijk heel goed mee kunnen reageren, vluchten vechtreactie, het is niet leuk, maar we kunnen het wel goed. Als het koud is, kunnen we thermoreguleren. We gaan trillen, we gaan de schildklier harder laten werken. Je gaat bewegen eventueel of eten, het is allemaal manieren om weer warm te worden. Hebben we het nog wel eens echt koud? Dus we hebben alle vervelende stressoren uit onze geschiedenis een beetje weggehaald. We leven in een comfortzone. Dus we gebruiken ook ons stresssysteem nooit meer op de klassieke manier. En dat lijkt.In ieder geval een aantal mensen te leiden tot ook een steeds minder goed reageren op al die psycho-emotionele stress. We kunnen het niet meer het systeem een beetje mee onderuit of zwakker maakt ofzo. Of voelig maakt. Ja, wat we zien als je naar onderzoeken kijkt, is dat af en toe een keer gezonde stress het stresssysteem aanzet, maar daarna ook helemaal uit. Terwijl die chronische aanhoudende stress ons stresssysteem constant een beetje aanlaat. Dat klopt niet. Dat is een factor die speelt. En wat we dan vervolgens zien is dat als je een beetje de pech hebt.Dat je vroeger je leven veel stress hebt. Of misschien wel stress overneemt van vorige generaties. Of van je moeder tijdens de tijd dat je in de baarmoeder zit of vlak na de geboorte. Dat jouw stresssysteem eigenlijk gaat anticiperen op het gegeven dat je vroeg in je leven veel stress hebt meegemaakt. Als je het heel simpel vertaalt, dat betekent dat veel stress voeg in het leven. Ik zal straks wel zelfstandig in een gevaarlijke wereld moeten overleven. En wat gebeurt er dan met je stressgevoeligheid? Die wordt sterker. Dus je gaat sterker reageren op al die psycho-emotionele ruis die er nu in onze omgeving zit. Dus dat maakt dat je sneller in die stressstand schiet.Dus dat is wat we dan early life stress noemen? Dat kan ook echt een traumatische ervaring zijn vroeger uit je leven. Want hoe, sorry dat je onderdekam, die early life stress, klinkt heel flauw misschien. Maar hoe hevig moet of kan die zijn voordat daar echt iets structureel, ook op later liefde, dat je daar dan last van gaat krijgen? Er is een vragenlijst ontwikkeld, een gevalideerde lijst, die kun je invullen als per persoon, of bij mijn klanten doe ik dat soms. En dan heb je indicatie van nou, dit is wel echt een optelsom van een aantal stressoren die de kans duidelijk vergroot dat je een gevoelige stress is. En dat is niet een subjectieve perceptie, maar echt dingen die je zou kunnen. Het zijn natuurlijk objectieve gebeurtenissen.Waarbij je natuurlijk hoe je dat subjectief ervaart, wel een rol speelt. Dus verhuizen is een stressor. Niet zo'n hele grote. Geslagen worden als kind of misbruikt of verwaarloos, dat zijn grotere stressoren, gepest worden. Dat zijn dingen die als het allemaal zo voor je twaalfde, vijftiende gebeurt, een spoor kunnen achterlaten. Dan heb ik stress bingo, denk ik. Kan op je pech? Nou, ja, niet helemaal bingo, maar ja. En uiteraard kunnen nog het latere leven echte, hele grote emotionele stressoren, traumatische ervaringen, kunnen ook dat stresssysteem eigenlijk blijvend veranderen. Waardoor je steeds gevoeliger wordt voor stressen. Ja, helder.En in de poging om steeds maar weer dat evenwicht te zoeken, omdat die stress uit te zetten, verliezen we heel veel energie. Je probeert eigenlijk steeds weer tot rust te komen, maar dat lukt niet. En dat maakt dat je in een soort energiebalans zit, waarbij de batterij eigenlijk steeds de neiging heeft om leeg te lopen en er niet meer genoeg tijd is om die aan te vullen, om die weer op te laden. Is het zo dat dat stresssysteem, als dat dan is, sneller of langer en vaker aangaat, dat dat een soort van ergens dat je daar energie weg lekt, dat die batterij waar je het over had, dat dat eigenlijk continu. Dat je eigenlijk nooit helemaal. Omdat je nooit helemaal tot rust komt, dat je ook niet optimaal opgeladen bent. En hoe uitzicht dat in relatie tot die?Dingen zoals depressie of pastischieke darmen, niet eens genoemd. De darm reageert heel sterk op stress. Als je iets spannend mee gaat maken en ook samen doen. Sirie wil zich druk mee. Die luistert mee. Je wordt constant afgeluisterd. Die buik speelt een hele belangrijke rol bij stress. En ook bij langdurige stress verandert de darmflora. Om eigenlijk energie te leveren om die stress vol te houden. Want dat is ook steeds de uitdaging in een systeem wat steeds in die stressstand staat, moet er energie zijn. Wat je sowieso ziet, is dat er energieverschuiving is. Dus de energie gaat naar het stresssysteem, niet naar andere systemen. Dus dat kan je al moeilijk.En als je wat aan andere systemen? Bijvoorbeeld je spieren, je hersenen of zo, je immuunsysteem. Dat zijn allemaal dingen die wat verwaarloosd kunnen worden. Herstel van weefsel, wanneer herstel je van inspanning als je nog in de stressstand staat of als je ontspannen bent. Dus je gewrichten, je pezen, moeten herstellen in rust. Belangrijk slaap. Dus daar speelt slaap een hele belangrijke rol, omdat je een groeihormoon maakt en melatonine speelt ook een rol. Maar ook gewoon gedurende de dag moet je rustmomenten hebben. Wanneer verteer je je eten goed? Als je aan het rennen bent voor je leeuw, of dat je gewoon rustig veilig in je omgeving zit en je hebt even de rust om te eten, dan haal je ook voldoende energie uit je voedsel.En heb je een slechte spijsvertering, heeft dat meteen weer invloed op hoe je darm functioneert. Want je krijgt onverteerd voedsel in je darm, dat gaat rotten en gisten. Dus zo zie je dat al die dingen in elkaar grijpen. En in de stressstand is adrenaline eigenlijk het overheersende hormoon, als je het even simpel zegt, cortisol probeert dat ook steeds weer te compenseren of daar een bijdrage te leveren aan de stressreactie. Adrenaline is de meest zichtbare ding. Zet je hartslag in een wat hogere stand. Dus je gaat meer energie in je spieren, je hartslag, je gaat meer zuurstof transporteren, je bloeddruk gaat omhoog. Maar als dat te lang duurt, dan krijg je daar natuurlijk allemaal klachten van.Je spierspanning gaat omhoog als je een vlucht altijd. En daar kun je gewoon echt spanningshoofdpijn van krijgen. Ik als fysiotherapeut werkte, heb ik denk ik een kwart van de patiënt had spanningshoofdpijn. Dus daar gingen we je nek lekker masseren. En dan ging het weer een beetje beter als het goed was. Dus die stress proberen we zelfs uit te zetten. En dat kost ook energie. En daar gaat bijvoorbeeld serotonine een belangrijke rol spelen. Serotonine is een stofje wat mee kan helpen om de stress wat te reguleren. Maar als je dus veel stress hebt, maak je je serotonine op richting het reguleren van de stress en kan het op termijn leiden tot depressie.Het is heel ingewikkeld, want dat werkt bij iedereen weer een beetje anders. Dus er zijn veel variaties in. Maar dat is een mechanisme bijvoorbeeld. En ik zei depressie, maar als ik het even helemaal op mezelf betrek, want ik kan natuurlijk alleen maar even spreken, nu vanuit mijn casus: is dat dystemie. Dus niet zozeer een klinische depressie, maar eigenlijk een algehele verlaagde stemming. En als ik dat verhaal hoor, denk ik. Klinkt heel logisch dan, of zo eigenlijk. Maar als er veel gevaar is en je hebt weinig energie, is dan niet ook een depressieve stand een beetje een bescherming. Even terugtrekken. Ik moet even weer tijd hebben om te herstellen. Maar als je niet kunt herstellen, omdat er steeds weer nieuwe stressoren bijkomen of ze worden niet opgelost.Dan is dat dus op een gegeven moment jouw staat van reactie op de situatie. En de link met bijvoorbeeld ADHD, want dat lijkt een beetje een soort van vreemde eend in de mix dan als het gaat over energie, maar toch zit die daar wel in volgens mij. Ik denk dat je moet nuaneren wat voor vormen van ADHD je hebt. Je hebt echt ADHD klanten met een afwijking in de hersenen, waar gewoon de bedrading waarschijnlijk wat minder goed is en de en de delen minder goed met elkaar communiceren. Maar je hebt ook mensen die hooggevoelig zijn. Ik denk dat dat een andere categorie kan zijn.Er zit alles overlap in, dat maakt het ingewikkeld. Maar wat je natuurlijk ziet als je in de stressmodus staat, dat er in ieder geval een registratie is van er is gevaar, er is iets aan de hand. Wat moet er dan gebeuren met je zintuigen? Ja, die staan op scherp. Dus je ziet alles, je hoort alles. Dus er komt ergens, je hoort die voorbij lopen en meteen is je aandacht daar naartoe, is weg van het gesprek wat we voeren als je in die stand staat. Dus het gevoelig worden voor prikkels, is het ook zeker met stress te maken. Dat is logisch. Je weet, de Beekse bergen gaan hier vlakbij, he. Dus ik heb nieuws gehoord dat de Relee ontsnapt is en dat hij richting Tilburg is gegaan. En als ik dan hier naar de supermarkt loop.Zou het slim zijn om iets alerter te zijn? Is die kans natuurlijk relatief klein, maar als voorbeeld: als je weet dat er gevaar is, dan hoor je alles beter, dan zie je alles sneller. Zelfs heb je het idee dat er iemand achter je staat. Dat gevoel kent. Dat je denkt van wat is er achter me aan de hand? Zo'n hoge gevoeligheid kun je op een gegeven moment krijgen door chronische stress. En misschien ga je ook wel reageren op geuren. Dat je de geur van iemand tegenover je oppikt en dan het gevoel krijgt. Wat is er met die persoon aan de hand? Is die misschien angstig? Is hij depressief? Dus mensen kunnen heel veel sferen oppikken. En dat zou.Theoretisch zal het met geuren te maken kunnen hebben, want onze neus wordt ook veel gevoeliger bij stress. En wat is dan, want daar had ik eigenlijk nooit zo over nagedacht. Het verschil of de relatie tussen dan echt de klassieke ADHD de bedrading in je hoofd, want daar herkende ik mezelf ook heel niet in. Ik heb ooit wel die diagnose gehad en dacht. Ja, als ik dertig, denk ik, ik zal eens een keer naar een psycholoog gaan eens even vragen. Moet je naar wil kijken. Maar en dat hooggevoeligheid, ik.Misschien was dat ook nog niet helemaal duidelijk, zeg maar, tien jaar geleden toen ze dat bij mij vaststelden. Wat is het grote onderscheid tussen die twee symptomen te zien? Is dat te herkennen vanuit de buitenkant? Ik denk dat je dat kunt herkennen aan de testen die je kunt doen. En misschien ook wel de manier waarop je reageert op de medicatie. Ik denk over dat alle tweede groepen wel goed kunnen reageren op de medicatie, omdat die vaak je een bepaalde energieverandering in die hersenen teweeg brengen, waardoor je je meer kunt focussen. Dat er meer energie naar die prefrontale cortex vooral gaat, waardoor je de impulsen uit gaat zetten. Maar opIk zeg dat ik durf te beantwoorden. Want ik weet niet of ik dan dingen door elkaar ga halen. En voor de mensen die dan met dat soort klachten zitten, die raken dan in de wakker. Nee, nee, dat moeten we absoluut niet willen. Dat was ook niet de bedoeling. Dat is even zijs voor. Want ik herken wel het impulsieve en het gevoelige. En zo kan ik hem ook wel aan verslaving linken. Want dat is ook een manier eigenlijk om te dealen met zo'n systeem. Want ADHD, of in ieder geval de ADHD-medicatie heb mij heel kort gehad. En toen deed me niks, maar toen had ik al veel te veel gefeest. En toen had ik heel veel vervelende associaties met het gevoel wat het opriep. Dus ik heb dat ook helemaal nooit gedaan.Zijn daar nog verbanden te zien of patronen in te herkennen dat dat soort mensen ook eerder last hebben van een verslaving, bijvoorbeeld? Ik heb net wel serotonine genoemd als belangrijke neurotransmitter. Ook dopamine speelt een grote rol, die voor ook uitgeput kan raken door langdurige stress. En dopamine geeft je een beetje een fijn gevoel. Zo van ik heb goed gewerkt, ik heb een fijn gesprek gehad en dat geef je een soort beloningsgevoel van was goed. Als dat een beetje gaat ontbreken, dan kun je dat gaan compenseren met verslaving. De meeste verslavingen doen iets met het dopamine systeem. En dan pak je.Je glaas je wijn s'avonds en denk je, lekker. Of je pak je sigaretje. Of je werk. Of je werk. Je kunt heel veel verslavingen hebben. Niet substantie te zijn. Je kunt ook aan gokken verslaafd raken. Bijvoorbeeld of een beetje een neurotisch verzamelen van papier om je heen. Ik denk dat dat veel verslaving te maken kan hebben met het offline kunnen gaan. Heel veel mensen die in die stressstand blijven, blijven online. Die telefoon is ook wel een beetje aan mee. Dat is ook vervelend. Dat je altijd maar eigenlijk bereikbaar moet zijn en moet reageren en zo kom je nooit even tot echte Ruststand. Maar dat dan drugs.Verslaving, daarbij kunnen helpen. En natuurlijk bij het glaasje alcohol doet dat heel duidelijk. Even offline gaan. Uit ervaring doe dat is precies wat drugs voor mij hebben gedaan. Dus even het numbing, eigenlijk gevoel. Hoe gek het ook klinkt van ik lang kleed hoor? Cocaïne gebruikt. En dat is met name echt iets om op stap te gaan en sociaal. Ik was het liefste alleen thuis. Het is lekker atypisch. En dan de rest van de week was het gewoon een beetje. Je bent wat afgestompt. En dat was eigenlijk best wel prettig. Terugkijkend. Toen had ik natuurlijk totaal niet door wat er gebeurde.Nu wel. Dat is natuurlijk de grote vraag: oké, hoe breng je zo'n stressgevoelig systeem? Ik kan natuurlijk naar mijn trauma kijken, naar psychoanalyse, natuurlijk heel veel of via voeding. Wat is een beetje een richtlijn om aan te houden? Of is dat echt heel individueel verschillend welke ingang het beste is? Dus ik vraag even herhaal: wat kun je eigenlijk doen bij mensen die in die stressstrand staan en daar last van krijgen, die zo'n stressgevoelig systeem hebben dat ze er last van hebben. Heel algemeen kun je zeggen dat als er meer gevaarsignalen zijn.Dan dat er veiligheidssignalen zijn dat het systeem onder druk staat. En dat is heel algemeen. Dus alles wat voor jou als gevaar wordt ervaren, zet je in de alertheidsstand. Maar omgekeerd, als jij met je familie of met vrienden ergens bent, dan kan je ook heel veilig voelen en als je ook vaak die stress uitgaat. Het is veiligheid, rust ten opzichte van gevaar. Je kunt op een gegeven moment aan de ene kant zeggen ik ga de gevaarsignalen weghalen, of aan de andere kant, ik ga rustsignalen inbouwen. En dan is het lastiger, want mensen met disse klachten hebben vaak langer.Dus dat systeem staat al lang in die stressstand. Het is helemaal vast in, wat je dan ziet, is dat de input, en je kunt dat denk ik best zien als de hypotalis, waar al die informatie binnenkomt. Dat wordt in sommige artikelen ook interessant gezien als een soort de governor of health een soort van directeur in jou of CEO in jouw hoofd die het beleid bepaalt. Alle informatie komt binnen. Gevaarsignalen, veiligheidssignalen. En al die informatie samen moet leiden tot een beleid, een overlevingsstrategie.Ik zie niemand zitten met zo'n mema's. Dus zolang het de gevaarsssignalen overheersen, blijf je in die stand staan. Dus je kunt aan de gevaarsssignalen werken. Soms is uitleggen hoe dingen werken, al een begin van rust vertellen dat het logisch is dat als je wat dingen mee hebt gemaakt vroeg in je leven, dat je daar later last van hebt. Dan gaat de lading soms weg. Soms als reframingen. Dat je het op een andere manier in jouw eigen hoofd, in jouw eigen verhaal inbrengt in de gebeurtenis. Dus je kunt sommige dingen als constant als negatief blijven zien. Maar misschien hebben ze je ook wel gevormd. En misschien ben jij wel.De vrouw geworden die je nu bent, dankzij de ervaringen kan het ook positief zijn. Zo zijn er allerlei manieren om daarmee mee om te gaan. Heel mooi dat je dat als eerste zegt. Want dat is eigenlijk iets wat instantly meteen kan, met gewoon pure denkkracht. Dus uitleggen, een beetje NLP-achtige technieken kun je daarbij gebruiken. Reframing is dan een term die daarvoor gebruikt wordt. En aan de andere kant kun je veiligheid bieden. Soms raken mensen in een soal isolement. Als je alleen bent, is elk gevaar ook iets wat jij zelf alleen moet oplossen. Dus als je alleen bent, verhoogt de stressstand.Eenzaamheid is een van de meest ziekmakende factoren in onze moderne wereld en dat wordt steeds erger. Oké, wel tegenstrijdig, inderdaad, want dat systeem wil zich terugtrekken. Want dat is he, hoe, dat herken ik ook heel erg, nu nog steeds, maar ik vind het ook wel fijn nu. Maar tegelijkertijd heb je dan ook eenzaamheid wat potentieel op de doel ligt. Dus de goede balans daar vinden, is een belangrijke. Dus je moet niet het gevoel hebben dat je er alleen voor staat. Want wij zijn als menselijke soort een beetje zwak. We zijn kwetsbaar. Dus we hebben de groep nodig om te overleven. En dat is ook in onze regel. Omdat we dat goed konden, die sociale vaardigheden konden ontwikkelen, hebben we ons waarschijnlijk ook ontwikkeld zoals we nu functioneren. We zijn sociale wezens, we zijn groepswezens.Uiteraard kan het soms teveel energie vragen, dus dan heb je een tijdelijke teruggetrekgeflex, maar dan zie je niet vaak dat dat niet de oplossing is. Ergens bijhoren bij een club, het kan een vriendenclub zijn, het kan ook de tennisclub zijn, wat even, het gevoel hebben dat je er niet alleen voor staat, is een veiligheidssignaal. Maar ook mensen laten voelen, dat zijn vooral de therapieën die ook met het lijf wat doen, dus htonomie, massage, soms acupunctuur. Ik heb je vraag, maar wat is haptonomie eigenlijk? Het leren voelen van waar de spanning in je lichaam zit.Heel veel stress vertaalt zich naar lichamelijke spanning. En deze spanning houdt de stress ook weer aan gang. Ja, want dit geeft ook een signaal van oh, er is iets aan de hand. Er is iets aan de hand? Want je zit zo, hartslag, van stress krijg je een hoge hartslag, maar van een hoge hartslag krijg je een stressprikkel. Wat we zien is dat meestal praten over een trauma, maar een klein deel van het probleem oplost, dan vanaf hoe je met iemand praat. Maar bijvoorbeeld leren ervaren dat het lijf ook tot rust kan komen, ook een manier is om het systeem langzaamaan in een blijvende ruststand te krijgen. Ja. Dus de grote trauma-onderzoekers op dit moment. Dat weet je.Term, mensen die dat kennen, maar de Nervus vagus en die heeft dan verschillende takken. En een van die takken registreert veiligheid en die registreert ook ontspanning in je lijf. De Nervus vagus is dat die helemaal van boven. Op je achterhoofd komt hij naar buiten. Nee, die gaat naar je spijsvertering toe. Ademhaling en spijsvertering, dat zijn de belangrijkste functies. Maar dat is ook het systeem wat aangaat als we tot rust komen. En door dat te ervaren en dus in de ruststand te komen, zie je dat langzaamaan dat het systeem zegt. oké, maar.Het kan veilig zijn, dus ik hoef niet altijd aan. Als je dat maar op een of manier kunt trainen en vaak toe kunt passen, dan ontstaat er een nieuwe balans. Maar het lastige is dat dat wel wat tijd nodig heeft. Dus wat mindfulness bijvoorbeeld kan doen, allerlei yoga, meditatievormen. Je hebt neurofeedback en ook hartslagfeedback, een hartmat, waarbij de hartfrequentie wordt geregistreerd. En dat kun je gewoon op je iPhone of op je computer terugzien. En met dat systeem kun je dan trainen en langzaam leren om in een ontspannendere toestand te komen. En ook te voelen hoe dat voelt, en dat dan ook vaak op te zoeken. Ja, interessant. Ik moet ook meteen aan Jan Bommere denken. Ik weet niet of dat in naam jou wat zegt.Een Velverflow geschreven. En die gaf ook. Ik heb ook een workshop gevolgd waaron heeft ook het nergens vaker schat en loslaten. En hij is nu een boek aan het schrijven over trauma. Dus dat zit volgens mij ook heel erg in deze super interessant, heel actueel nodig, fijn. Ja, precies. Die nergens vaagens kan je daar misschien hebben, want dat is misschien wel een interessant knooppunt dan daar. Wat is dat precies? Een van de hersenzenuwen. En die nversfagus wordt gezien als de rustkant van het autonome zenuwstelsel. Een autonoome zenuwstelsel een ding wat helemaal voor zichzelf werkt. Dus dat werkt zelfstandig. Dat is mijn ademhaling. EnDan heb je de adrenaline kant en de bijnieren stresskant die reageren op gevaar. En die nervus vagis gaat aan als het gevaar weg is. En dan ga je je spijsvertering, die gaat rustigen en dieper ademhalen. Dus eigenlijk in de yin yang van de stressreactie is dit de jin en de adrenaline is de jangkant. Tot rust komen. En omdat de meeste stress in onze westerse wereld vooral gedachten zijn, wat zal er morgen allemaal niet fout gaan? Wat nu aan de hand is, maar wat kan er morgen gebeuren, zijn meditatietechnieken waarbij je je gedachten uitzet en je ademhaling reguleert. Dat zijn technieken waarmee je de nervens vagus aangaat.En dan kom je in een ontspannen stand. Gaat je hartslag naar beneden, je bloed gaat naar beneden, je immuunsysteem mag weer aan het werk. Dus al die dingen die gaan beter functioneren. En die hartmet, ik heb toevallig in zo'n workshop bij Jan Bommere dat geoefend. En ook had hij die en iemand voor de groep dat dan doen met inderdaad dat metertje. En je denkt, ja, wat is dat nou? Maar dan zie je dat is van heel erg staccato. Want het was een uitslag, een grafiekje die je. Ik weet niet wat het dan precies is, zou het meten, maar toen gingen we die meditatie doen. En dan zag je dat dat in plaats van een heel chaotisch streepje, werd het een heel mooi vloeiende van lijn. Wat de Nersvaris ook doet, is de hartslag remmen. Dus er is een rem op de hartslag.En als je ontspannen bent en je ademt rustig, dan gaat de hartslag met de inademing omhoog en met de uitademing naar beneden. Maar naar beneden doet hij alleen maar als een nerf is actief is. Anders blijft hij wat hoger. Dus dan zakt hij niet goed weg. Dat kun je vrij makkelijk meten met een sensor op je oren of op je vinger. Het wordt even omgerekend in een algoritme. En dan krijg je daar een kleur of een beeld. Of voor kinderen kun je ballonnetjes laten vliegen. Dus als je ontspannen bent, dan zie je alle balletjes omhoog gaan. Dat houdt leuk. Ik wil de kindervariant hebben. Er zit een standaard op, Rosje, als je hem aanschaft. Wat die eigenlijk doet, dat apparaatje registreren of die hartslag mooi meegaat met je ademhaling.En als dat zo is, dan ben je coherent. En als dat niet zo is, dan betekent dat dat je nog misschien wel rustig ligt te ademen. Maar ondertussen ligt te bedenken wat je morgen allemaal moet gaan doen. En als je dat gaat doen, dus leuk om ermee te experimenteren, dan merk je van ook zelf, als ik dat zelf doe, zo gaan mijn gedachten weggaan, schiet ik er in het blauw of in het rood. En dan moet ik er even terug naar gedachten uit en dan komt hij weer terug. Het is eigenlijk een feedbacksysteem. En dan kan je zelf ermee conditioneren. En wat ook een beetje controleert of je ook echt in een ontspannen stand komt. Want soms komen mensen zeggen, ja, ik kan heel goed ontspannen, hoor. En ik mediteer elke dag een uur, maar elke dag een uur aan het piekeren eigenlijk. Dat zou kunnen, ja, bij wijze van spreken.Oh, dan ga ik eens even. Nu ik dit zo hoor, denk ik, genoeg motivatie om het weer even op te zoeken en misschien wel toe te gaan passen. En die ervaring van rust en dat rust voelen in je lijf, dat is weer een begin van het herstellen van een nieuwe balans. Ik kom een beetje uit de voedingshoek, de vitaliteitshoek, en er wordt heel erg oh, etet maar gewoon gezond op miraculeuze wijze. Word je helemaal weer topfit. Zijn daar nog specifieke dingen over te zeggen over de relatie met voeding en stress in je immuunsysteem? Het wil niet te afge.De afgetreden paden nog een keer opnieuw bewandelen. Maar misschien zijn daar wat nieuwe inzichten of wat speerpunten die relevant zijn. Eén ding wat interessant is, is dat na verloop van tijd als je zo langere tijd onder stress staat, dat ook de hersenen anders gaan functioneren. Dat je ook echt anatomische veranderingen ziet in de hersenen. Een van de belangrijke gebieden is de prefrontale cortex, waarmee we complexe dingen doen. En die ook onze impulsen remten. Dus als je.Angst ergens voor hebt, dan kan je met die prefrontale cortex dat nog een beetje remmen en voor zorgen. Ja, dat valt wel mee, weet je. Dus dat dempt een beetje die emoties. En dan heb je de amygdala, de amandelkern, waar woede, angst, agressie zit, negativiteit, negatief op jezelf gerichte emoties zitten daar heel sterk. En je hebt de hypocampus waar je geheugen zit. Dat zijn drie gebieden die last hebben van stress. De prefrontale cortex verliest verbindingen met andere delen van de hersenen. Dus we kunnen minder goed complexe dingen doen. Als je echt een burn-out hebt gehad, je weet nog wel hoe die computer werkt, maar eigenlijk het vertalen naar een handeling wordt dan heel moeilijk. EnDus die functie verdwijnt wat. Amidala gaat overheersen, dus je krijgt een steeds korter lontje. En alles wat er gezegd wordt, ga je op jezelf betrekken, want er is gevaar, dus ik moet mezelf beschermen. En vervelend, die hypocampus haalt het geheugen een beetje onderuit. En hippocampus produceert ook nog stofjes, een beetje op valium lijkende stofjes, die de stress ook helpen uitzetten. Dus je komt in een stand te staan waarbij de rem op emotie weg is, emotie wordt steeds sterker, mijn geheugen wordt steeds slechter, dat kan ook steeds minder goed functioneren. En de hippocampus met zijn falium kan hem niet meer helpen om tot rust te komen. Dat noem je een soort wind-up reactie. Ja, en datDaaruit komen is lastig. Wat we nou bijvoorbeeld zien met voeding is dat de hersenen hebben energie nodig. En om dingen te veranderen om weer nieuwe verbindingen te maken, dat kost ook heel veel energie. Dus dan moet je ervoor zorgen dat er veel energie naar die hersenen gaat. En dan is het paradox dat koolhydraten en suikers kort een klein beetje energie aan die hersenen geven, waardoor we ons wel goed voelen, maar op lange termijn eigenlijk de energiebalans in die hersenen verstoren. En ook elke keer als we eten, kost dat energie aan de hersenen. Soms merken dat ook na het eten bij je moe. Dan is er energie in die spijsvertering nodig, dat gaat de kosten van de hersenen.Dus wat zien we nu met herstel van hersenen na stress, maar ook naar trauma, of misschien ook zelfs wel bij neurodegeneratieve ziektebeelden. Dat veel koolhydraten eten, veel suikers eten stoort, dat vaak eten stoort. En dat dus misschien het regime wat nu populair is, dat intermittent fasting voor dit soort dingen heel goed kan werken. En dan zie je wel echt dat het heel veel energie kan opleveren. En dan is er meer energie beschikbaar voor de hersenen. Die hersenen worden ook eigenlijk een beetje getriggerd om weer energie op te eisen. Als er echt te weinig energie is, worden die hersenen gewoon even gestrest. Maar dat is een gezonde stress en daardoor gaan ze meer energie vragen. Net als die koude douche even.En dan zie je dat die energiebalans weer kan herstellen en die hersenen weer kunnen veranderen. En dan komt het geheugen gewoon weer terug. Die hippocampus kan ook weer groeien. Niet alle delen van de hersenen kunnen makkelijk groeien, maar deze delen prima. Maar ook in deze fase? Heel veel vrouwen in de overgang die verliezen een groot deel van die hypocampus. Het is gewoon hormonaal. Maar dat herstelt zich weer. Niet altijd 100%. Maar ook daarin zien we, als je dat maar gaat vasten, dus af en toe een keer glucosestress voor die hersenen genereren dat het te weinig energie is, dat dan die systemen weer veel beter gaan functioneren en dan komt het weer terug.Maar er moet wel een noodzaak voor zijn. Als ze moeten wel het gevoel hebben, ja, ik moet weer veranderen omdat er een noodzaak voor is. En om f te worden hersenen fit maken, hersenen weer herstellen, kost energie. Waarom zou je dat doen als het niet nodig is? Dus je moet een soort van druk op dat systeem leggen. Van oké, er is nu honger, ik moet in beweging komen, ik moet helder worden, ik moet de juiste beslissing nemen. En dan zie je dat de hongerstress eigenlijk leidt tot een reparatieprogramma in de hersenen. Waardoor oude cellen verdwijnen, er weer nieuwe stamcellen uit gaan groeien, er weer nieuwe verbindingen gemaakt worden. En als je dat doet combineren met bewegen, nuchter bewegen, is die prikkel nog veel sterker.En dat is iets wat op dit moment heel veel onderzocht wordt en waar hele goede resultaten gezien worden. Ja, ook als ik gewoon meer een beetje puur filosofisch nadenk. wij mensen hier nu, je moest ook eerst in beweging komen voordat je je eten kon maken. En waarschijnlijk had je pas ergens op het eind van de dag als alles gedaan was, iedereen weer terug op het kamp. En dan had je je grote maaltijd en dan was je ook veilig. Want was iedereen terug bij het kampvuur. Dus het voelt voor mij heel logisch nu om gewoon, ja, pas later op de dag te eten. En pas echt s'avonds mijn grote maaltijd te doen. En helemaal tegengesteld. Dan word je ooit eens geleerd. Oh, drie keer per dag, vooral ochtends. S'avonds niet te zwaar. En zes keer per dag. En daar zitten de gedachten erachter, was wel logisch.Met de kennis die we toen hadden. Maar ik denk toch dat het een beetje anders ligt. En dat het helemaal niet zo erg is om af en toe een keer hongerstress te hebben en je moet niet te weinig eten over een bepaalde periode, maar je moet misschien feesten en vasten afwisselen. In het weekend gewoon lekker een biertje drinken en een keer pizza eten. En door de week weer een paar keer vasten. Hoe lang dat vasten is het meest standaard stuk. Je ontbijt overslaan, dat is heel erg makkelijk. Soms zeggen ze wat langer. Waar ik nog niet helemaal, want ik had ook wel meer mensen over gesproken, is het verschil tussen mannen en vrouwen. Dat vind ik, vond ik toen in de literatuur ook heel weinig over terug. Mogen vrouwen ook gewoon?Vasten en kun je ook langer vasten, of is ons systeem daar toch misschien wat minder goed voor? Of misschien is dat wel van details die er eigenlijk helemaal niet. Een beetje, weet je, heel veel vrouwen gaan vast om af te vallen. En dat werkt bij vrouwen veel minder snel. Dus die frustratie komt dan van weet je, ik ben al maand lang, heb ik twee keer in de week eet ik maar één keer op een dag, en ik ben nog maar een paar ons afgevallen. Nou, dat heeft te maken met hormonen en met balans tussen spieren. Je kan je weer stress toevoegen en dat soort stuk. Dus dat dat je doel is. Maar als je kijkt naar fit worden en die hersenen beter laten functioneren, en dus dat de mist uit je hoofd gaat, dat gaat bij vrouwen ook goed. Dus daar zie je niet zo'n groot verschil in.En de vraag van hoe lang je dan moet vasten. Dus er zijn verschillende regimes. En afhankelijk van wat je doel is, zul je soms wat langer moeten vasten en soms is 16 uur prima. Voor insulinegevoeligheid lijkt 16 uur prima te zijn. Dus om wat wat diabetes te voorkomen of misschien zelfs te behandelen. Maar om echt in de autofagiest te komen, ik weet je term je iets zegt. Dan is het misschien 24 uur toch beter. En dan moet je toch echt even wat honger hebben. Een autofagie is het zelfregulerend systeem aanzetten, toch? Dus de cel die zichzelf gaat.Dat is autofagie, toch? Dus op een gegeven moment dat wat versleten onderdelen van een cel of cellen die niet meer goed functioneren, vervangen worden, waardoor er ruimte komt voor nieuwe cellen. Die worden getriggerd door het hebben van honger. En dan gaan ze opruimen en vernieuwen. Precies, dus hongerprikkel. En omgekeerd, als er voldoende energie is, dan wordt dat geblokkeerd. Dus insuline als hormoon blokkeert autofagie. En emtor, ander stofje, wat ook aangaat als je gaat eten, dat remt die autofagie. Dus je moet een afwisseling hebben tussen honger en lekker eten. Honger, lekker eten. Ook een vraag die ik nog wel eens kreeg.Er komen bij ons in de trainen ook vaak mensen die stress of burn-out hebben gehad. En ze weten dat ik heel fanatiek heb getraind en ook personal trainer ben geweest. O niet? Want sporten is toch ook stress. Net als vaste is ook stress. Maar ik wil juist mijn systeem tot rust brengen. Maar gaan die twee dan wel. Is het relevant dat iemand zich daar zorgen over maakt? Ik heb dat zelf ook. Oké, ik heb het druk. Misschien moet ik niet nog meer druega voegen nu door een zware training te doen? Ik denk dat wat ik in het begin al even aangaf, is dat er stressoren zijn die de basis normaal zijn en die ons in staat stellen om stress te beleven, maar daarna ook helemaal uit te gaan.Dat is iets wat bij stress belangrijk lijkt te zijn, maar ook bij het immuunsysteem. Dat het immuunsysteem aan en weer uit. Het stresssysteem moet aan en weer uit. En we kunnen prima omgaan met losse stressoren die maar op één systeem iets van ons vragen. Dus er komt een leeuw binnen en ik moet vluchten en vechten. Dat is gewoon één geïntegreerd systeem. Dat zit gewoon vanuit de evolutie gewoon ingebakken in hoe we dat moeten oplossen. En als je dat goed doet, heb je mazzel. Dan ben je op tijd weg en een andere keer het heel keer geluk. Dat is het leven. Weet je? Zo het in de natuur zich afselt. Kou, honger.Zuurstoftekort, door inspanning, dorst, waar kunnen we nog meer verzinnen, hitte. Allemaal natuurlijke stressoren waar we ook een programma voor hebben. Voor honger heb ik een programma. Ik kan namelijk zelf suiker maken. Want ik heb een lever en die maakt suiker. Dat is onze suikerfabriek. Dus honger is helemaal geen probleem als het even afselt. Lichamelijke inspanning, even heel moe worden, ook zuurstoftekort krijgen, is een hele goede stresszorg. En daarna ben je eventjes weer uit. En dan bouw je weer opnieuw op. Dus ik denk dat bewegen, mid je dat niet te dwangmatig doet en te hard traint, en je niet al heel erg uitgeput bent, eigenlijk heel goed is.Als je uitgeput bent, moet je training op gaan bouwen. En daar is een apart regime voor. Maar dat is. Het gaf om iemand zoals ik van een standaard persoon niet zo'n issue zijn. En wat natuurlijk wel slecht is, en dat is een beetje een risico wat je loopt als je druk hebt, is dat je de hele week niks doet. En ik heb een paar in de straat een paar fanatieke mountainbikers. Dus die heb ook een mountainbike gekocht. Als ik dan maar één keer in de week met die lui meega. En die fiets ik 100 kilometer. Dat is slecht. Oké, want dat is dan te groot. Te veel. Dat is gewoon een belasting voor het hart. Terwijl dan doe ik weer zes dagen niks. Dus je moet eigenlijk regelmatig in beweging zijn, regelmatig inspanning leveren en een paar keer echt moorden.Dat zou de ideale bewegingsregime zijn. Is er nog iets bekend over? Kan dat al in 20 minuten? Of is het gewoon, als je zelf afmalt, waarschijnlijk ben je dan wel 20 minuten bezig. Het is maar helemaal wat voor trainingsdoel je hebt. Dus spierobouw kan heel kort. En ook zelfs conditie kan op zich kort. Maar als je autofagie wil. Ja, autofagie en dat systeem gewoon zoveel mogelijk in. Dus ik eet nooit als ik ga fietsen. En dan ben ik anderhalf twee uur vind ik wel genoeg. Dan hoef ik niet te eten. Heb ik wel altijd ergens een moment waarop ik denk van nou er zit pap in mijn benen. Maar daar kom je vrij snel doorheen.En dat, daarvan hoop ik, mijn doel dan, om dan de insuline laag te houden tijdens het fietsen, ik het niet gegeten heb, en die autofagie wat extra te stimuleren. Maar het houdt ook een beetje van je doel af, van hoe je die beweging inindeelt. Oh, interessant. Hoe vaak vast jij bijvoorbeeld, of hoe vaak zou je zo'n 24 uur vast kunnen of mogen doen? Twee keer in de week is onderzocht. En dat lijkt goed te gaan. Als ik lesgeef, dan vast ik in principe dus danEn dat is, ik geloof ik 90 lesdagen heb dit jaar. Dus in ieder geval 90 dagen. En verder ontbijt ik bijna nooit meer. Dus ik eet meestal om één of twee uur voor het eerst. Ja, ik heb een beetje hetzelfde patroon. Alleen dat structureel 24 uur vast is iets wat ik al heel lang wel me van bewust ben, maar nog niet echt daadwerkelijk heb geïmplementeerd in mijn gewoonte. Maar ik hoor dat dat misschien toch eigenlijk best wel te experimenteren is. Waarom niet? Vandaag, het is nu lunchtijd zo'n beetje, van je zou toch kunnen bedenken, ik ga gewoon door tot vanavond en ik eet pas om 6 uur of om 5 uur. Het is op zich niet zo ingewikkeld. Nee, precies, moet dat misschien ook niet groter maken dan dat het is.Er zit soms ook een soort soort barrière in, ook een beetje een emotionele barrière, van honger is vervelend. En het is natuurlijk ook op zich iets wat we vanuit onze evolutie misschien hebben geleerd om als er voedsel is, dan maar te eten. Want de vraag is of er de komende week nog eten is. Dus we lijken een soort instinct te hebben. Als er eten is, krijgen we honger. Nou vooral als je eigenlijk die veiligheid nooit hebt, dan is het onbewust ook alweer een systeem van oh nou ja, doe maar nu, want het is er nu. En voeding doet nog wat andere dingen op emotioneel vlak, ook al met de neurotransmitters, dus serotonine wordt wat hoger, zeker als je wat koolhydraten eet. Dus het geeft even een prettig gevoel. Dat kan ook een onderdeel zijn van het lastig vinden om het eten los te laten op een dag.En ik hoorde wel zeggen, suikerskoolhydraten. Van geraffineerde koolhydraten, moet je eigenlijk zeggen. Ja, en is het dan zo? Ik vind dat feesten vasten dat concept waar zit ook de ying en yang natuurlijk in. Zijn er op dagen dat je niet aan het feesten bent, maar is het meer dat je meer richt op vetten en eiwitten dan? Of heb je dan niet een richtlijn die je dan wil volgen? Ik probeer het een beetje op het gevoel te doen. EnIk probeer wel redelijk in mijn eiwitvoziening te zitten. Ik denk wel dat dat belangrijk is. En dat we uit planten eiwitten halen, is wel een probleem omdat we dan heel hoog in de koolhydraten uitkomen. Dus dat is wel een lastige. Ik probeer veel vis te eten, kip. We weten ook gewoon wel eens runvlees en varkensvlees. Ik ben niet meer zo streng als een aantal jaren geleden, echt in het paleo. Of mijn master ooit onderzoek mee gedaan naar het paleo dieet. En ik denk dat daar wat flexibel mee omgaan, in ieder geval makkelijker is. Dat is voor mij altijd maar nadenken over wat ik moet eten. Dat eet ik liever een keer een dag niet. En dat geef ik mezelf iets meer vrijheid om dan.Ook eens een keertje mee te kunnen gaan in de flow. Ik denk dat wij twee, drie keer echt paleo koken, Max. En verder houden we wat rekening mee. Ik had laatst zitten googlen hoe het slavisch dieet, wat dat was, epigenetica, natuurlijk ook weer interessant. Dan denk ik, goh, wij zijn natuurlijk op een bepaalde leefomstandigheden is dit systeem ontwikkeld, dat is ook aan mij overgedragen. Wat aten die eigenlijk? En als je dat dan leest, denk ik. Ja, ik zou me daar kiplekken bij voelen. Dus hebben we het over wilde champions en juice. Stoofpotten en vlees, eigenlijk alles wat je makkelijk kon maken, verzamelen. Weet je knollen, maar ook niets, maar meer paddenstoelen en noten en dat soort dingen. En af en toe vlees.Wacht ik, brood en soep, denk ik. Ja, eigenlijk denk ik, nou dan zou ik. Helemaal geen moeite. Dat voelt heel. Met een parede dacht ik. Als je gaat kijken naar de mensheid in de wereld, dan zien we dat we ons op heel veel verschillende plekken hebben kunnen vestigen. Dat we hebben kunnen overleven op eilanden waar bijna alleen maar kokosnoten groeien. Dat Eskimo's die eten alleen vet van zeehonden en had gedroogd vlees in de winter. Dat we daar allemaal kunnen overleven. Als je zou weten dat je echt een lineage hebt, dat je een Eskimo-afstaming bent, dan heb ik waarschijnlijk wel het idee dat ik epigenetica mijn systeem wel blij zal zijn van een bepaalde samenstelling van mijn voeding. Dus dat zou kunnen. Dat is interessant om dat uit te zoeken.Wat in ieder geval wel zien is dat groepen zoals Eskimo's, maar ook de Pima Indianen in Mexico, die echt relatief kort in die moderne samenleving terecht zijn gekomen, dat die veel meer last hebben van het westerse dieet dan wij. De Aboriginals is ook niet. Dus als de omslag te sneller gaat, dan kost dat meer moeite. Fascenderend. Wat ik steeds meer denk is dat dat niet. voedingen, dus het wordt wel heel erg ingewikkeld gemaakt op heel veel manieren. Iedereen heeft heel veel stromingen en iedereen heeft zijn eigen ideeën over, maar dat wat je eet uiteraard een rol speelt. Maar niet.Het weglaten van potentieel slechte dingen het belangrijkste is, maar het binnenkrijgen van voldoende voedingsstoffen, vitamines, zonder dat je dat nou echt hoeft te overdrijven. En dat nu, als je kijkt naar het hele verhaal over dat vaste, dat misschien het altijd maar beschikbaar zijn van voedsel en altijd maar kunnen eten, leidt tot een hele hoge eetfrequentie. En dat het misschien veel slechter is dan wat we eten. Dat in ieder geval ook een hele belangrijke factor daarin zit. En ik.Pario, tot mijn 45, zo heb ik ook gewoon geleefd. 10 kilo zwaardig als nu, weet je, je ging gewoon mee met wat er speelde. Toen ben ik die PN-studie gaan doen. En toen kwam ineens het paliolieet om de hoek. Hartstikke interessant. Het heeft het nog vijf jaar geduurd voordat ik dat zelf een keer ging doen. Toen voel ik me wel goed, dus afgevallen. Maar uiteindelijk na drie maanden hield je dat toch niet helemaal goed vol. Dus toen kwam we ook sociaal, dat was het wat ingewikkelder. Maar nu ik sinds die twee jaar dat ik dat intermittent fasting onder de knie heb. En dat ik vertrouwen heb dat ik gewoon een dag kan blijven functioneren als ik niet eet, gaat het eigenlijk een stuk beter. Dan ben ik veel stabieler.Ook op een paar vage klachten, die gefrichtklakje 60, dus je begint op een gegeven moment een beetje gefrichtklakjes te krijgen en zo. En dat tok allemaal vrij snel weg. Dus dat is goed onder controle nu. Let jij dan specifiek nogal bijvoorbeeld genoeg visolie of vetten of dat soort dingen hoor. Als ik geen vis eet, dan pak ik wel wat krillolie, wat visolie en wat magnesium af en toe. Je voelt die dingen gewoon aan met het levertraan. Je voelt die dingen gewoon aan. Heel veel mensen denk ik niet. Maar ik bedenk soms van nou, ik heb op twee dagen geen vis gegeten. Ik moet even pilletjes visolie of het levertraan. Of vitamine D in de winter. Vitamine K pak ik wel wat.Ik hoorde laatst een heel interessant interview over het Carnivore diet met een man die via zijn dochter de autoimmuziekte en uiteindelijk uitgekomen is ik kan alleen nog maar vlees eten. Hele interessante discussies ook daar rondom. Heb jij daar een mening over? Ja, mening vast wel, maar zo beekend. Wat we zien is dat heel veel planten stoffen in zich dragen die bij ons wat kunnen storen. Dus de peulvruchten, de granen. Maar ook alle zoogdierenproducten kunnen dat doen. Dus er zit een beetje een ingewikkelde grens. Maar.Het kan best zijn dat er meer mensen zijn die last hebben van allerlei plantenstoffen, lectines, saponines. Die trigger ons immuunsysteem, zeker bij autoimmuunziekte kan dat heel interessant zijn. En ik heb ook wel een paar klanten hier gehad, die zijn overgestapt op zo'n 100% dierlijke voeding. Het gaat hartstikke goed darmen. Soms met darmklachten als alleen maar vlees eten nergens last van hebben, die planten geven onmiddellijke reacties. Maar de vraag is: zijn dat nu uitzonderingen, of zijn dat mensen die om wat voor reden ook een verstoring in hun spijsverteringssysteem hebben. En zo uit balans zijn dat ze echt nog maar te heftig reageren op die planten. EnWat gebeurt op lange termijn, natuurlijk, als je alleen maar vlees eet en helemaal geen vezels eet, dat is wel een beetje tricky voor onze darmen. Dus daar. Dus wat ik bij een van die mensen toe van, die zeggen van oké, die plantenlectines die zijn, die storen bij jou. Dus je gaat iets van spinazie gaat eten of whatever, ik heb meteen last. Maar vezels die al wat voorverteerd zijn, dus insuline en vos, dat zijn de prebiotica's, die ga ik wel aan die mensen geven. Want om die darm wat op gang te houden. Eigenlijk als ik het over denk, we weten er nog niet genoeg van om te zien wat het op lange termijn doet. Hetzelfde probleem met vegetariër zijn.Wat doet dat op termijn? Heel veel mensen voelen zich als ze daarmee beginnen, ook wel lekker. Weet je even, er verandert wat in je systeem. En misschien ga je wat anders ontgiften of krijg je op andere manier energie. Maar na vier jaar, maar als je te weinig eiwit eet, wat doet dat met de voorraad van eiwit? En op een gegeven moment zie je dat als je dat dan niet heel goed managt, dat vegetarisch eten, zeker veganistisch eten, dat het kan storen. Wat ga je dan eten? Ja, heel veel soja. Dat is niet voor iedereen even goed te verteren. Dat ruimt-schildklier, daar zitten gewoon wat storende stoffen in. Heel benieuwd hoe dat zich gaat uiten straks.In in de gezondheidszorg. Omdat nu vegan is natuurlijk super groot en hip en belangrijk en duurzaamheid. En dat zijn ook vraagstukken die belangrijk zijn. Ik zie in de praktijk nog wel eens van die meiden van de jaren 25 binnenkomen. Die zijn al op hun zeventiende om emotionele redenen gestopt met het eten van vlees. Allemaal prima, maar die leven dan op boterhammen met pinaka's en een hagenslag. Want dat is dan een beetje hè. Die zijn niet in staat om dan heel goed hun dieet aan te passen. En dan krijg je heel stel problemen. En wat dat op lange termijn doet, ik denk dat er mensen zullen zijn die het prima doen op een vegetarisch dieet.Maar of dat nou echt bij ons hoort, dat denk ik niet als we naar onze spijsvertering kijken en onze bouw kijken. Het is zo'n fascinerende puzzel. Dit, zo'n web. Maar ik denk dat het niet zo heel erg ingewikkeld is om voldoende voeding voor mensen te maken. Er zijn een paar insectenboeren die zeggen, ja, wij kunnen zoveel eiwit produceren dat het eigenlijk helemaal geen probleem meer is. Ik hoorde het verhaal van iemand die slakken telen. In slakken zit gewoon 90% eiwit. En dat kun je heel effectief telen. We moeten gewoon veel meer slakken gaan eten. Oh, die had ik nog niet gepast in mijn rijtje met paddenstoelen en noten, slakken en insecten. Maar je zit een beetje lekker klaarmakt. Is het prima te eten? Ja, leuk.Is er een thema nu waarvan je denkt, oh, dat moeten we echt meer mensen gaan bekijken of onderzoeken of zich mee bezighouden? Wat voor mij nu het belangrijkste thema is, waar ik steeds tegenaan loop, is de het gegeven dat chronische ziektebeelden door verschillende factoren beïnvloed worden en dat we ook meer dingen tegelijkertijd moeten doen om mensen uit dat patroon te halen. Daar zijn twee mooie voorbeelden van mevrouw Terry Walsh, Amerikaanse neuroloog, kreeg zelf MS, is alles gaan uitzoeken wat er te vinden was, heeft een heel systeem gegeven.Is voor haarzelf bedacht. Dat werkte voor haar. Ze heeft nu een kliniek waar ze mensen behandelt. En die doet gewoon alles wat voor jou nodig is. Dus we kijken naar wat. Jij komt met een klacht binnen, dan gaan we kijken, heb je last van stress? Oké, moeten we behandelen. Heb je voldoende vitamine B12? Dat is niet. Moeten we behandelen? Doet je darm het goed? Nee, moeten we het behandelen. En als je dan al die zwakke plekken behandelt, dan zie je op een gegeven moment dat er een moment komt waarop dat immuunsysteem tot rust komt, en dan ben je eigenlijk van je probleem af. Met auto-immuunziektes, soms nog met triggers, die moet je dan blijvend weghalen. Maar als je dan een beetje daar rekening mee blijft houden, danZie je dat je dus ook door dat soort ziektebeelden heen kunt komen, waarvan we eigenlijk allemaal denken in de reguliere wereld in ieder geval, ja, we dat niet te behandelen. Voor Alzheimer precies hetzelfde. Als je een Alzheimer wetenschapper die al 30 jaar zoekt naar een medicijn, die zegt eigenlijk, we vinden het niet omdat we Alzheimer, wat we nu zien dat Alzheimer een probleem is van misschien wel 40 dingen die bij elkaar komen. Hij vergelijkt dat zelf met een dak met 36 lekkages. En als je dan twee dakpannen recht legt, blijft er nog steeds een hoop water binnenkomen. Dus je moet zoveel mogelijk dingen repareren.En ook in zijn kliniek, gepubliceerd in de Journal of Alzheimer. Dus echt, wel gecontroleerd, zijn bewering. Dat hij zegt. oké, we kunnen mensen met beginnen Alzheimer ook zelfs nog weer op de rails krijgen krijgen. Het grote probleem is dat we dus moeten accepteren dat we meerdere dingen gaan doen en dat de wetenschap daar eigenlijk steeds met de hakken in de zand gaat. Ja, dat kunnen we niet. Die willen effectmeting zien. Die willen één op één. En deze, meneer Bredessen, heeft een boek geschreven over Alzheimer. Die wil eigenlijk dat onderzoek gaan doen. Die wil zijn methode vergelijken met medicijnen, met niks doen. Maar hij komt nergens doorheen omdat we.Eigenlijk in de wetenschap steeds tegen dat één op één op één systeem zitten. Want je kunt maar één ding tegelijkertijd checken. Dat lijkt me zo frustrerend voor een analyticus zoals jij, de wetenschap oparmt, van ja, maar jongens, ik ben helemaal wetenschapper. Ik vind wetenschap prima. Maar in die zin moet ik ook bedenken dat als een bepaalde methode van onderzoek niet meer werkt, omdat het probleem er anders uitziet, dat we dat moeten gaan veranderen. Daar zit een soort weerstand op, waarvan ik hoop dat die verdwijnt. Als we dat nog kunnen veranderen in de geneeskunde, dan kunnen we weer een hele grote stap maken.Er zijn wel heel erg mooie stappen gemaakt, immuuntherapie met kanker? Er zijn heel veel dingen die heel interessant zijn. Maar juist bij dit soort ziektebeelden waar het ook heel moeizaam gaat de vooruitgang. Is dit wel een interessante. Denk je dat zoiets ook voor dat soort aanpak voor bijvoorbeeld de depressie? Of echt de echte mentale gezondheidshoek daar is ook hè? Doe maar een pilletje. Dus daar moet je ook zoeken naar. De oorzaak zoeken, de zwakke plek in het systeem opsporen en die allemaal repareren.Fascinerend dit. Ik zit naar de tijd te kijken. Want je komt aan. Kijk jij maar. Ik heb nog. Om twee uur komt de volgende klant. Dus je mag. Ik ben een ontzetde. We gaan het even op een iets andere boek gooien. Ik ben ontzettende boeken. Dus voor mij is het echt geweldig waar we niet zitten. Want dit is jouw behandelkamer. Hoeveel boeken staan hier? Weet je dat? Ik weet het op dit moment niet. Ik heb ooit een keer geteld hadden er 5000. Nee, echt? Binnen staat ook nog een voorraad. En ik ben er nu doorheen aan het lopen, dus het is ook een beetje rommelig. Zo eens in de 5, 6 jaar, dan moet ik een beetje opruimen. Dus dan gaat alles weer een keertje verschuift van plank en dan gaat er weer wat weg.Daar kan ik het weer een beetje ordenen. Dus daar ben ik nu wel mee bezig. Maar tijdens de kerstvakantie keek in het griep. Dus ik geloof dat mensen zo'n kerstvakantie onder de dingen. Dan ben je eigenlijk gewoon de architectuur in je hoofd ook daarmee opnieuw aan het vingsweden, maar zo maar recht te zeggen. Een deel is zoals sommige mensen willen sigarabandjes verzamelen, vind ik boeken verzamelen leuk. En het is natuurlijk. Je leest niet alles van voor naar achter, maar vooral in het lesgeven is het fijn dat je verhalen hebt. Ik geloof wel in. Dat ontbreekt misschien ook wel een beetje in de geneeskunde, dat het niet een mooi verhaal is wat we over onszelf vertellen, maar dat het allemaal van die fragmenten zijn.En dat vanuit heel veel invalshoeken informatie hebben, maakt dat je er misschien wel wat makkelijker een verhaal van kunt maken. Het leuke is als ik hier zo rondkijk. Want ik heb natuurlijk zelfs wel een overlap in interesse. Maar omdat jouw veld zo breed is, en het gaat over neurologie en het gaat over filosofie, maar ik zie ook Russell Brand dan heel toevallig stapelen. Het is zo rijk. Het geeft zo'n rijk gevoel. Ik weet het Japanse woord even niet meer. Dat is een woord voor het fenomeen dat mensen meer boeken kopen dan dat ze kunnen lezen. Dat is een ding. En dat schijnt ook positieve health effect zelfs te hebben. Dus.Ja, jij zit hier in je eigen boekshow. Boeken die binnenkomen, ik lees het eerste hoofdstuk, inleiding, eerste hoofdstuk. En dan beslis ik of ik een boek uit ga lezen. Of dat ik het idee heb van nou, ik weet ongeveer waar het over gaat. Dus meestal zaten we bij de inleiding staat er dan in hoofdstuk 2 gaan we dat vertellen. In hoofdstuk 3. Dus dat heb ik dan hoop ik een beetje in mijn systeem zitten. Dat als ik weer een bepaalde input nodig heb, dan denk ik, dat boek moet nog een keertje lekker. Dat je eigen Rollodex. Ja, en ja.En wat natuurlijk ook heel fijn is, want ik weet voor wel eens wetenschappelijke artikelen leest. Ja, ik ben wetenschapper geweest, maar niet die kant opgegaan. Dat is natuurlijk leuk. Maar meestal krijg je dan, als je een slimme wetenschapper bent, je bent met een project bezig, dan probeer je je project op te verdelen in zoveel mogelijk wetenschappelijke artikelen. Dan kun je de meeste impact hebben. Maar dat betekent dat je dus steeds zelfs niet het hele puzzelstukje aan het lezen bent, maar dat je steeds stukjes van de puzzelstuk voorgeschoteld krijgt. Dus je krijgt heel fragmentarische informatie. Er komt alweer eens een keer in een review artikel. Maar het is ook heel interessant om de wetenschapper.Zijn verhaal te laten vertellen. Dus wat ik heel interessante boeken vind, is een boek van een neuroloog die dan schrijft over hoe ooit ontdekt is dat allerlei neurologische problemen ontstaan zijn door het immuunsysteem, dat het neuroinflammatie is en hoe dan die geschiedenis van die kennis zich ontwikkeld heeft. En dan heb je eigenlijk veel meer informatie. In ieder gevalend. Dan dat ik al die artikelen moet halen. Dat kost zoveel tijd. Ja, past ook wel bij hoe wij natuurlijk als mens informatie tot ons hebben genomen. Dat is verhalend. Er staat er dan nog eentje tussen waarvan je denkt, dat is zo'n standaard fijn boek om mensen aan te raden die een beetje de thema's die we vandaag aan hebben geraakt. Robert Sapolski, een van de bekende stresswetenschappers.Het boek heet, Ik zal hem even Behave: The Biology of Humans at Our Best and Worst. Sapolski. Ik zal dus even een foto maken. Dat is ook een mooi boek van dat. Zal ook nooit eens een keer gewoon een dun boekje zijn, nee nee. Nee, nee, nee. Ik heb het nu ook in mijn tassen, dat is ook zo'n ontzettende pil. Why Zebras Don't Glcers? The Acclaimed Guide to Stress, Translated Disease, and Coping. Tof. Ik ben nu Gabo Matte, Scattered Minds staat nu op mijn stapeltje. Gabo Matte is zo'n verslavingsonderzoeker, maar ook heel erg op het trauma- en stresssysteem.Het boek heet Scattered Minds. Ik moet het dus nog richting die overprikkeldheid en overhooggevoeligheid en ADHD-symptomen. Nee, dan ga ik hem voor je bestellen. Want dat probeer ik bijna altijd in het podcast te doen als ik ergens ben geweest. Ik ben ook een ontzettend boek fan. Dan krijg je die van mij als ik dus. Dankjewel. Daar maar zo meteen mee afsluiten. Ik heb nog één ander boek, wat ik een belangrijk boek vind, niet zo heel makkelijk te lezen. Systems view. We moeten in systemen denken. En we moeten ook in onze bij de microfoon blijven zitten. In onze ecologische vraagstukken moeten we ook veel meer in systemen denken.En wat Frietsofera doet, is een natuurkundige kwantumfysica heeft hier niks mee bezighouden. We leven in een systeem. En als we niet alle iets doen, moeten we altijd kijken naar wat dat doet op alle aspecten van het systeem. EnNooit te vaak. En dat doet hij als het gaat over gezondheid. Over de vraag: wat is leven? en hoe kan leven op zo'n planeet zich hier blijven ontwikkelen zonder dat de boer kapot gaat. Dus hij had de ecologie erbij, hij had wetgeving erbij. Dus echt iemand die ziet, echt een systeemdenker. Het is niet het makkelijkste boek, maar het is wel heel erg boeiend om daar af en toe uit te lezen. Het voelt ook echt als een schoolboek, zo lekker. Of nu als een studieboek. Dat is echt een studieboek. Ik heb het één keer gewoon oppervlakken gelezen en nu ben ik een aantal onderdelen ervan nog wat aantal. Het ziet dan natuurlijk uit als wetenschappelijk artikelen aan de binnenkant. Het is redelijk wetenschappelijk-filosofisch, is het opgebouwd. Maar.Ik ga van deze drie moet ik zo meteen even een fotootje maken. Ik weer input. Sapolski, als je fijn vind om video's te kijken, heel veel van zijn lessen, dus van zijn colleges, die staan op YouTube. Geweldig. En dus de hele serie van lesen, waar hij eigenlijk dit beheven op heeft gebaseerd. Die kun je zo kijken. 28 keer een uur.Ga ik eens even opzoeken. Ik zou zorgen dat dat ook in de omschrijving erbij komt te staan. Hij is leuk om naar te luisteren. Hij praat in ook wel vol zin, maar hij heeft wel een aparte manier van kijken en van benaderen. Dat is fijn. Als je iemand zijn stem erbij hoort, en als hij dan vervoert zijn boek leest, dan hoor ik het altijd een beetje zo in de intonatie en in het accent van de schrijver. Dat is leuk. Zij is ook primatoloog en neurowetenschapper, dus heb ik heel veel onderzoek gedaan naar bavianen. En over het gedrag van bavian, en hiërarchie en testosteron en al dat soort dingen. Er zitten nu vast mensen luisteren en denken, oh, nou, dat is echt waanzinnig interessant.Voor wat voor vraagstukken kunnen mensen weer uitere? En voor wat voor vraagstuk? O waar kan je mensen naartoe verwijzen die zich mogelijk aangesproken voelen? De meeste mensen die bij mij in de praktijk hier komen, zijn mensen met klachten die ze zelf niet begrijpen, waarvan de huisarts ook niet begrijpt waar ze vandaan komen of bijvoorbeeld MS, dat soort type klachten waarvan mensen vragen: kan ik nog meer doen dan alleen maar medicijnen slikken? Of kan ik misschien zonder medicijnen ook dingen oplossen? Dus de wat complexere medische klachten, dat is wat in de praktijk veel komt. Er komen ook wel mensen van vroeger die zeggen: natuurlijk, als acupuncturist werkt, heb je mij mijn elleboog geprikt. En nu heb ik aan de andere kant pijn. Kun je dat toch even met acupuntuur oplossen? Dat loopt natuurlijk prima.De sterke kant van de psychoneuroimmunologie is juist om de mensen samen te gaan nadenken over wat gaat er mis, waar gaat het mis, en hoe kunnen we weer dat systeem in een stand krijgen waardoor je gezond blijft. Want dat is eigenlijk wat het lichaam wil. En maak nog één keer het grapje wat jullie denken dat het is. Het is niet KPN, maar toen we begonnen, zeiden: eigenlijk is het klinische neuroimmunolo. Je had een heel rijtje. Wil je nog een beetje maken? Psycho. Neuro, socio, endocrino.Immunologie. En zo kunnen er nog een paar tussen plakken. Jij hebt elk feestje. Precies ja. Wat is dat dan? Precies ja, dat heb je een fietekaartje wat je uit kunt klappen, dat is ook heel. Maar psychoneuroimunologie is een wetenschapsgebied dat al in de jaren tachtig ontwikkeld is, en dan zijn ook gewoon binnen psychologiefaculteit of medische faculteiten. Toen we nog gekeken om het te gaan studeren als verdiepende master naar de psychologische. Ik heb een psychologie gestudeerd, een wetenschappelijke master gedaan. En toen ik met fideliteit bezig was, een beetje mijn ingang geweest naar persoonlijke ontwikkeling toe. Oh, nou, dat is lichaam, dat is maar één stuk. Waarschijnlijk jij ook. Oh, dat is maar één stuk. Het is groter.Er is me wel naar gekeken. Wie weet ooit of niet. Maar de klinische psychoneuroimmunologie, dat is eigenlijk de vertaling van al die kennis naar de praktijk. En dat is door twee Nederlanders gestart, Leeuw Pruinboom en Bram van Dam. Bram is overleden ondertussen. Maar dat is helemaal uitgebouwd tot een hele grote opleiding. Post HBO voor artsen, therapeuten. Fysiotherapeuten zitten er veel, osteopaten zitten er veel, psychologen zitten er veel. Die eigenlijk de geïntegreerde kennis willen hebben. En daar kun je dus in Nederland en in België een opleiding in volgen. Als je een soort basiskennis hebt, dan kun je daar naartoe. Ja, fascinerend, mooi.Dankjewel voor je tijd en voor je gigantische bak aan kennis."
ouderen-zorg.mp3,interviews,NVIDIA Parakeet TDT 0.6B v3,34.1,25.628925619834718,100,97.68595041322314,8458.3125,8450.378615702479,166.06309433039007,"Welkom, Shirine, bij de podcast van Netzorg. Leuk dat je er bent. Dat ten eerste. Kan je uitleggen wat jij doet in de oudere zorg en hoe je er destijds bent begonnen? Ja, gewoon even een kort voorstelrondje, eigenlijk. Ja, mijn naam is Crien, ik ben 31 jaar en ik werk al 13 jaar in de oudere zorg. Toen de tijd begonnen, als receptioniste, als voedingsmedewerker en ook in de keuken. Ik was toen best wel jong, ik was uit mijn hoofd 17 dat ik daar kwam te werken, want ik heb mijn middelbare schooldiploma niet gehaald.En ik merkte al heel graag aan mezelf dat ik de auto zorg heel erg leuk vond. En toen ben ik opleidingen gaan doen. Dat ik op de middelbare school zat, deed ik zorg en welzijn. En dan moet ik natuurlijk stages gaan lopen. Met kinderen werken ook heel erg leuk. Maar toen heb ik stage gelopen in de oudere zorg voor een soort stumfelstage voor twee weken. En toen merkte ik heel erg aan mezelf dat ik het heel erg interessant vond en gewoon leuk om met mensen te mogen te werken. Zeker op die leeftijd. Want ze hebben vaak een heel mooi verhaal met zich mee. En toen was ik inderdaad 17 dat ik al kwam te werken in de oudere zorg. Alleen vond ik het heel spannend. En er werd al heel snel gezegd van ja.Maar ga je nog echt willen wassen, want dat is dan waar het werk uit bestaat volgens heel veel mensen. Dus dat heb ik me toen de tijd wel heel erg tegengehouden, eigenlijk. Tot ik inderdaad een jaar of twintig was. En dat ik toen eigenlijk wel gewoon de stap heb gemaakt dat ik dacht, ik wil gewoon wel echt meer kunnen betekenen voor deze doelgroep. Ja, begrijpelijk. Want zeg maar, toen jij zo jong in de oudere zorg begon, voel je dat de begeleiding toen destijds goed was? Of viel je dat wel echt vies tegen? Nee, dat viel toen de tijd wel een beetje tegen inderdaad. Want ik wist dat er bij mij veel meer in mijn mars had. En zo iedereen om me heen eigenlijk die dat wel inzag. Alleen dat werd best wel tegengehouden, omdat het heel erg werd gezegd: ja, maar je gaat bill wassen.Het werd daar zo erg de focus op gelegd. En het is zoveel meer dan dat. Tuurlijk, het hoort erbij, absoluut. Maar het is zoveel meer dan dat. Dus ik ben wel blij dat ik uiteindelijk van mijn eigen plan heb getrokken en dat ik stapsgewijs hogerop ben gekomen. Zelf ben nu werkende als IG'er en EVV'er. En wat houdt er dan zeg maar precies in? De functie verzorgen die IG bestaat voor individuele gezondheidszorg. Dat houdt in dat je de cliënt benadert naar zijn of haar wensen en behoefte, dat je diegene echt als een individu ziet. Verzorging die G houdt in dat je verpleegische verhandelingen mag uitvoeren, dat je daarvoor bevoegd en kwaan bent.Ook medische handelingen. Persoonlijke verzorging, ADL zoals wij dat noemen. Dat betekent algemene dagelijkse levensverrichtingen. Dus het houdt in van het wassen en aankleden tot iemand douchen en alles wat ertussen invalt. Ik mag medicijnen uitzetten en ook uiteraard toedienen aan de bewoners. Wij zeggen graag bewoners. Je signaleert en observeert ook je bewoner. En bij bijzonderheden rapporteer je dat in het dossier. Elke beoner heeft een eigen dossier met een eigen plan, met doelen daarin. En wat het verschil dan is met EVV'er, wat ik dan ook ben, is dat betekent eerst de verzorgende verantwoordelijke.Dat ik verantwoordelijk ben voor een x aantal bewoners en daarvan dan ook de dossiers bij hou. En dat ik het aanspreekpunt ben voor de bewoner, maar ook voor de familie. En daarnaast ik zorg ervoor dat de plannen ook in orde blijven, dat ik daarvoor ook gesprekken in plan, zorgleefplangesprekken zoals dat heet. Vooraf gaat heb je dan vaak een MDO, een multidisciplinair overleg. En daar betrek je dan ook de artspij, SOG-specialist, oudere en geneeskunde, maar ook bijvoorbeeld een fysiotherapeut, een ergotherapeut, een logopedist. Die hebben we ook allemaal rondlopen bij mij in het huis. Die daarvoor kan benaderen.En dan zorg ik er ook voor dat als er bijzonderheden zijn, dat dat wordt vernoemd in het zorgplan. Ja, want ik hoorde jou zeg maar net over dat jij ook zelf de dossiers bijhoudt. En ik hoorde jou net ook praten over doelen. Bedenk jij ook de doelen voor de cliënten, zeg maar. Dus wat ze willen bereiken en waar ze aan moeten werken en wat voor doelen zijn dat dan? Onze organisatie is er zo op ingericht dat je. Je hebt de vier levensdomeinen. Eentje daarvan is bijvoorbeeld woon- en leefomstandigheden, ook participatie. Ik kan wel een voorbeeld geven: stel iemand die kom binnen met een CVA of in een volksgemacht.Volgt worden broerte. Kan het een doel zijn dat iemand weer teammeter wil lopen met rollator? Iemand kan helemaal niet meer lopen of moeilijk lopen. Dan heb je natuurlijk gelukkig gewoon je viso die daarin meekijken. Maar dan is bijvoorbeeld een doel dat iemand die meter kan lopen met een rollator. Ja, dat zijn wel mooie dingen. En zeg maar, in wat voor omstandigheden zijn dat allemaal? Want ik denk, ik neem aan als iemand niet meer kan lopen, dat het in een instelling is of in een organisatie is. Maar doe jij ook buiten de organisatie dingen, bijvoorbeeld in huis. Of wat zijn jouw werkom, wat is eigenlijk jouw werkomgeving? Mijn werkomgeving is een woonzorgcentrum, verpleeghuis, verzorghuis.En onze bewoners wonen ook echt bij ons en krijgen op 24 uur per dag zorg. En als jij bijvoorbeeld die cliënt hebt die dan wat je aangaf, niet meer kan lopen. En hij kan wel in één keer door goed doorzettingsvermogen wel weer tien meter lopen. Wat voor voldoening haal jij dan zeg maar uit? Ja, trots wel. Wordt het minder echt trots? Ja, zeker, zeker. De bewoners die wij binnenkrijgen, komen niet voor niks bij ons binnen. En soms komen ze uit hele schijnde situaties. Vaak vanuit thuis, ook wel vanuit de revalidatie dat ze doorstromen naar ons.Je ziet iemand helemaal opbloeien. Je ziet dat het goed doet voor diegene dat ze onder de mensen zijn en dat ze maakjes kunnen vinden op de afdeling. Zowel met personeel, maar ook met medebewoners. En ik heb wel vaak al heel veel gevallen gezien. Of gevallen, dat klinkt zo negatief. Ik heb al heel vaak gezien dat iemand dan binnenkomt en gewoon met de maanden heel erg opbloeit en inderdaad weer hele stukken kan lopen. Of stel iemand die is binnengekomen met ondervoeding. Dat iemand gewoon bij ons flink aan het eten is en goed aan het aankomen is. In overleg dat diëtisten natuurlijk. Ja, dat is mooi. Wat je zegt, ze zoeken onderling ook wel contact met elkaar tussen de cliënten. Dus je ziet ook wel dat er echt banden worden gelegd tussen de cliënten zelf en met andere cliënten.Is dat belangrijk in de organisatie zelf, dat dat veel gebeurt, dat er echt ook samenhang is? Zeker, zeker. Iedereen is natuurlijk wel een individu en we proberen wel de bewoner daarin vrij te laten, wat diegene zelf wil. Maar als je inderdaad inziet, of het is ook benoemd bij het eerste gesprek, of tussendoor dat iemand behoefte heeft aan een praatje of spelletjes te doen of contacten te leggen met medebewoners. Dan willen wij daar wel in sturen, inderdaad. En ook kijken van waar willen we dan diegene in de huiskamer neerzetten, dat ze aanspraak hebben. We hebben ook heel veel activiteiten bij mij in huis. Dus dat is ook wel heel erg fijn, dat ze dan ook contacten kunnen leggen, ook met andere etages in het huis. Wat voor activiteiten moet ik dan aan denken?Oeh, heel erg verschillend. We hebben wekelijks een wandelgroep waarvoor je kan opgeven. Maar we hebben ook een soort van miniconcertjes als het ware. Dat er inderdaad artiesten komen optreden. Nou ja, gewoon een gezellige activiteit om denk ik samen ook contact te leggen, gok ik. Want zodra zo'n activiteit is, zijn dan sommige activiten. Zodra het zo'n activiteit is, bijvoorbeeld wandelen. Zijn die activiteiten dan ook echt gericht om met bijvoorbeeld een cliënt goed in gesprek te gaan? Ja, niet per se. Ook natuurlijk gewoon beweging en lekker buiten zijn. Maar je kan ook gelukkig zeer zeker mee in de rolstoel. Maar je gaat natuurlijk wel een leuk praatje maken. Want dan zal je ook wel vast wel mee hebben gemaakt dat cliënten heftige verhalen vertellen aan jou.Hoe kijk jij daar tegenaan? En hoe neem je dat mee in je werk? Als een bewoner aan mij een persoonlijk verhaal vertelt, bied ik altijd een luisterend oor. Ik oordeel niet. Ik hoop altijd dat ik de zekerheid geef aan een bewoner dat het veilig is bij mij dat ze dit delen. En dat vind ik ook wel mooi van mijn werk. Kan dat soms zwaar zijn, denk je? De werk ook, zeg maar, de werk ja niet de werkdruk, maar meer de druk die opstaat, omdat het best een heftig beroep is en je het niet mee naar huis gaat nemen, zeg maar. Ook zou je dat niet ervaren zo? Ja, nee, wel, jewel zeker.We zijn natuurlijk allemaal mensen. Je kan het wel eens meenemen naar huis. Zeker. Ja, absoluut. Maar ik probeer wel altijd voor mezelf, zodra ik dan de deur uitstap. Dat ik denk, oké, de werkdag is voorbij. Ik probeer het af te sluiten inderdaad. Ik heb gelukkig een heel fijn team waarin ik werk, waarin het. Ja, je kan het ook onderling bespreken. Stel het echt heel erg heftig. Wordt dat ook genoeg gedaan, zeg maar, onderling nog gepraat, nadat het bijvoorbeeld een heftige casus is geweest? Of wordt dat goed besproken? Ja, zeker. We weten elkaar altijd wel goed te vinden daarin. Ja, en elk gevoel mag er dan ook wel zijn. Want kan je als ons meenemen in, zeg maar.Hoe jouw typische werkdag een beetje eruit ziet. De zorg is natuurlijk altijd anders. En de werkdag is nooit hetzelfde. Maar kan je ons ongeveer een beetje omschrijven hoe een typische werkdag voor jou eruit ziet. Ja, zeker. Ja, geen enkele werkdag is inderdaad hetzelfde. Ik draai voornamelijk avonddiensten. Dan begin ik om kwart voor drie in de middag. En dan begin ik vaak gewoon met een kopje koffie achter de computer en dan ga ik me inlezen in de dossiers, de rapportages. Ik zet natuurlijk mijn werktelefoon aan dat ik de belletjes in de gaten kan houden die binnen kunnen komen. Dan hebben we de mondelingenoverd met de dagdienst. Zodra hun vertrokken zijn, dan doe ik mijn ronde. Soms moet je je bewoners uit bed halen of heb je een toiletronde.Dan tegen vijur om en nabij begin je met de medicijnen uitzetten. En die deel je dan ook gelijk uit op dat moment. Dan gaan de bewoners eten en wij helpen ook de voedingsassistent met het uitdelen van het eten. Dan hebben wij pauze van de zorg. En dan heb je de eerste ronde, zoals wij dat altijd zeggen, met bewoners naar bed helpen en begeleiden. Op mijn etage heb je best wel een hele complexe zorgsituatie met heel veel bewoners die wij het liefst met z'n tweeën helpen. Want dat is voor ons als wel prettig, maar ook voor de bewoner om daar met z'n tweeën aan het bed te staan. Dus dan maken we ook een verdeling wie de tweetjes doet, zoals wij dat zeggen, en wie dan de lopertjes doet, om het.Zo noemen wij dat. En ik denk dat heel veel mensen dat ook wel herkennen hoe ik het nu benoem. Dan heb je de eerste ronde: je evalueert tussendoor: hoe gaan we? Gaan we goed? Zijn er bijzonderheden? Dan hebben we koffiepauze. Na de koffiepauze heb je de laatste ronde. Dan ga ik vaak ook weer medicijnen delen om een uurtje of negen. Gaan mijn collega's dan de zorg in, en soms andersom, soms ga ik de zorg in en doe mijn collega de medicijnen. En dan uiteindelijk rapporteer je al je bevindingen in het dossier en sluit je alles af en laat je alles netjes achter. Ja, en dit klinkt zeg maar wel als een beroep die nog wel.Doen is en dat jij niet veel stress ervaart, zoals je het nu vertelt. Zijn er factoren waardoor dit voor jou echt een stressvolle baan is, eigenlijk? Ja, zeker, het personeeltekort en dat is natuurlijk landelijk. Hebben niet alleen wij als organisatie mee te maken. En dat is lastig, want mijn afdeling is officieel een somatische afdeling zoals dat heet. Het houdt in dat bewoners zou komen te wonen met lichamelijke aandoeningen. Maar inmiddels is dat een mengelmoesje met vaak toch wel pG, psychogeriatrie.Dementie. Elke afdeling in de oudere zorg is erop ingericht dat je een x aantal medewerkers nodig hebt voor de zorg zwaarten die op dat moment is op de afdeling. Roosters zijn soms heel lastig rond te boksen. Wat het dan inderdaad niet makkelijker maakt, is dat mijn afdeling inderdaad wel heel complex is momenteel. Dat je niet met vast personeel werkt, dus wel vaak uitzendkrachten of ZZP'ers. Als je zegt je werkt met uitzendkrachten en ZZP'ers, merk je dan ook dat die ZZP'ers die dan in een instelling komen minder goed zijn opgeleid en minder goed in de functie te klassen? Zeg maar dan iemand die daar bijvoorbeeld wel is opgeleid en.Daar je dienst is bij zo'n organisatie. Nee, dat niet. Want in principe heeft elke ZZP'er dezelfde opleidinggenoten. Mitch, bijvoorbeeld helpende bent. Of verpleegkundige is natuurlijk een stapje hoger. Maar je merkt wel dat je wil het liefst iemand hebben die bekend is op de afdeling. Dus ook bekend is met de bewoners. Dat je ook echt goed op de zorgvraag kan inspelen. Mijn verantwoordelijkheidsgevoel is best wel hoog tegenover de bewoners. Dus ik probeer vaak alle ballen hoog te houden, uiteraard wel te delegeren. Maar soms moet je loslaten. En dat is moeilijk, inderdaad. Want dan hoop je maar gewoon dat alle zorg goed verloopt, ondanks dat je bijvoorbeeld een looproute meegeeft of het een en ander vertelt over de bewoner. Ja, wat zijn.Eigenschappen die je eigenlijk moet hebben om echt voor jou beroep goed uit te voeren. Empathisch vermogen. Inlevingsvermogen ook, een zorg hart. Dat je ook echt zorg draagt voor je bewoner. Je moet goed met mensen kunnen werken, uiteraard goed samen kunnen werken. Maar ik denk toch wel, vind ik, toch wel het meest empathisch. Hoe ga je om met situaties of agressief gedrag van een cliënt? Rustig te blijven en professioneel te handelen. Vaak komt agressiviteit voort uit onbegrepen gedrag. Stel iemand is dementerend, maar ook vaak uit frustratie vanuit die bewoner.Ik probeer het niet te bagatelliseren, ik probeer een luisteren het oor te bieden, uiteraard wel mijn grenzen aan te geven. Mijn organisatie geeft ook training hiervoor, weerbijstraingen. En je hebt ook e-learnings die je hiervoor kan volgen, om het wel meer onder de aandacht te brengen. Wij werken ook met MI-meldingen, melding incident cliënt. Die melding maak je online in het dossier van de bewoner wanneer het te ver gaat. Mocht een melding vaak voorkomen, dan gaat een leidinggever niet mee aan de slag, of de verpleegkundige of allebei, waar dan het euvel precies ligt en wat we hiermee kunnen. Maar het voornaamste is uiteindelijk toch wel gewoon rustig blijven en professioneel.Gebeurt het veel dat er agressie op de werkvloer voorkomt? En gebeurt het dan op wekelijkse basis, maandelijkse basis? Waar moeten we een beetje aan denken? Ja, in mijn organisatie waar ik werk gelukkig niet heel vaak. Het is wel voorgekomen. Ik heb zelf ook wel wat in het verleden meegemaakt. Een voorbeeld noemen? Ja, praat ik wel over een aantal jaar geleden dat er een bewoner bij ons kwam te overlijden. En familie was het niet eens met mijn handelen, terwijl ik het wel een overleg had gedaan met familie in eerste instantie en uiteraard met de arts. Arts is altijd leidend. Ik doe nooit zomaar iets zonder dat een arts daar overheen heeft gebogen. En achteraf was familie dus niet blij hiermee. En dat is toen wel een beetje uit de hand gelopen dat ik ook wel flink ben uitgeschold op dat moment.Dat is wel heftig. Maar je hebt heel erg te maken, natuurlijk ook met familie wat je aangeeft. Hoe ga je daarmee om, zeg maar? Want ja, soms heb jij misschien het beste voor met een cliënt. En denk de familie dan dus over zichzelf aangeeft. Ik probeer altijd de situatie te begrijpen waar iemand vandaan komt. Ik kan het me ook voorstellen dat het lastig is als je moeder of vader, je oom, je tante, noem het, bij ons komt te wonen en dat je samen moet werken. Ik probeer altijd een luisterend oor te bieden. Horen wat de wensen zijn, maar ook wel wat haalbaar is. Ja en het gesprek aangaan. Want je wil het samen doen. Ja, dat zijn natuurlijk hele heftige situaties waar je zeg maar in belandt.Toen jij begon met je zorgopleiding. Had jij verwacht dat dit ook bij de zorg kon kijken? Of was je er totaal niet van bewust? Ik ben toen de tijd begonnen met mijn helpenopleiding in de thuiszorg. En daar heb ik gelukkig geen agressieve cliënten gehad. Dat kwam inderdaad pas een beetje dat ik intramuraal ging werken, dus echt in een verzorginghuis. Je hoort het wel, want er wordt echt wel over gesproken, maar ik had het zelf nog nooit meegemaakt. En tot je het zelf niet hebt meegemaakt, dan is het ook wel een beetje een grijs gebied. Maar ik merk wel dat er steeds meer aandacht voor is. Stel, iemand luistert dit en die denkt, ah, dat vind ik een tof beroep. EnDie wil de route gaan volgen om IG'er te gaan worden. Hoe kunnen ze die route gaan volgen? En daar kun je daar wat dingen over uitleggen? Je kan de route belopen die ik heb gedaan toen de tijd. Ik was natuurlijk 17 dat ik kwam te werken in ouderenzorg, maar ik had geen middelbare schooldiploma. Dus ik had eerst mijn niveau 1 afgerond, dat is gewoon zorg en welzijn. Tegenwoordig dat zorgassistent. Toen vervolgens niveau 2, dat is dan de helpende. En dan heb je ook de helpende plus. Dat houdt in dat je medicijnen mag verstrekken. Bacter medicatie, dat is dan al voor verpak vanuit de apotheek. Dan heb je inderdaad de verzorgende opleiding, dat is dan niveau 3, wat ik dan inderdaad heb gedaan. En ik heb er gewoon inderdaad stapsgewijs omhoog gewerkt.Ik neem aan dat er genoeg hele grote organisaties zijn die vaak wel heel veel reclame maken. En het zorgpersoneel heeft dan het tekort. En ik merk wel dat organisaties toegankelijker zijn en ook kijken naar de persoon zelf dan naar het papiertje die ze wellicht niet hebben. Trek gewoon de stoute schoen aan en lopend huis binnen, stuur een mailtje, vind een telefoonnummer. Deels door het grote personeelstekort dat ze gewoon mankrachten tekort komen, waardoor ze ook wellicht binnen de hoogopgeleide mensen ook aannemen. Ja, maar ook de vergrijzing, die is natuurlijk enorm in Nederland. En ik merk bijvoorbeeld wel heel erg in mijn organisatie dat.Een zorgassistent of een voedingsmedewerker zich aan het opwerken is tot helpende of verzorgende en soms zelfs verpleegkundigen. Ja, wat zou je zeggen tegen mensen die twijfelen om in de zorg te gaan werken? Ja, ik kom een dagje meelopen. De oudere zorg is echt heel erg leuk. Het is enorm voldoende werk om te doen. Trek gewoon de stoute schoenen aan ga naar de eerste beste grote organisatie die je in de buurt hebt. Kom vooral een dagje meekijken. Want dan zie je, denk ik, echt wel het beste wat ons werk inhoudt en wat je zo doet op een dag. Wat je kan betekenen voor een bewoner. En gewoon doen. Wat kunnen organisaties.Volgens jou beter doen om nieuwe mensen aan te trekken dan. Hoe kunnen organisaties zichzelf nog aantrekkelijker maken om nieuw personeel of studenten te werven? Ik merk dat mijn organisatie tegenwoordig op social media toch wel zit. Dat je ze voorbij ziet komen op Instagram. Met ook echt wel een hele leuke quote. Die ze dan gebruiken om echt jongeren aan te trekken. Zo ook op Facebook natuurlijk. En dat doen ze goed, want ik denk dat de jongeren, inderdaad, laten we zeggen 16 plus, totaal geen weten heeft. En ik wil natuurlijk niet iedereen over één kam scheren. Wat de zorg nou precies inhoudt, en dan in mijn geval oudere zorg.Dus ik denk dat het op die manier wel aantrekkelijk wordt gemaakt. Om even terug te komen naar het stukje social media, waar je net over vertelde. Wat voor content plaatste jouw organisatie dan om wel zichtbaar te zijn? En waar moeten we dan aan denken? Stories. Tenminste, als je dan stories aanklikte, dan heb je natuurlijk reclame tussendoor, dan zag ik mijn organisatie voorbij komen. Ook in je feed. Als je aan het scrollen bent, heb je natuurlijk ook reclame, dan zag ik ze ook voorbij komen. Hoe belangrijk denk jij, zeg maar, dat bijvoorbeeld een foto ten opzichte van een video is voor jouw organisatie?Ik denk dat een video wel iets meer kan laten zien wat het inhoudt. Ja, een foto is natuurlijk maar een foto. Stel, je hebt een kort filmpje van misschien 10 tot 15 seconden, denk ik wel dat je iemand wat sneller over de streep kan halen. Waar loop jij in de praktijk het meest tegenaan als het gaat om goede zorgleveren? Het meest er aanlopen, ja, om eerst aan de positieve kant te bekijken, ken je bewoner, leer je bewoner ook echt kennen. Dus praat met de bewoner, leer de familie kennen, spit de dossiers door.Doe je dat niet of heb je inderdaad minder kennis, of nou nee, niet minder kennis, maar ben je inderdaad de ZZP'er bijvoorbeeld. Ja, dan kan je daar wat tegen aanlopen dat je minder goede zorg kan bieden. Ja, lastig. Dat is een probleem dat niet op te lossen is, maar gewoon het personeeltekort toch? Ja, maar dat kan je niet veranderen. Wij denkt zeggen als het personeeltekort opgelost zou zijn, dat jouw werkdruk ook een stuk minder hoog. Dat denk ik wel, inderdaad. Een organisatie is erop ingericht dat je een x-aantal verzorgenden hebt rondlopen op de afdeling op een dagdienst. Een x-aantal helpenden of assistenten, zorgassistenten.Dus je kan wel zeggen van ga je opleiden, ga je opleiden. Maar helpen hebben we ook net zo hard nodig als een verzorgende. En de zorgassistent hebben we ook net zo hard nodig als een verzorgende. Wat doen organisaties volgen jou te weinig om medewerkers goed te ondersteunen? Op zich doet mijn organisatie dat eigenlijk al best wel goed. Maar wat het lastig kan maken, is toch het uur salaris, als ik al eerlijk ben. Op zich kan ik dat hier ook wel eerlijk bekennen, is dat ik natuurlijk avonddienst draai. Dus dan verdien je ook meer krijg je ORT on regelmatigheidsoeslag. Doe je dat niet, dan krijg je gewoon je standaard uurloon. Wanneer merk je dat iemand op het punt staat om af te haken? Wat speelt er dan meestal?Ik denk dat dat komt omdat de zorg een zwaar beroep is. Zowel lichamelijk als geestelijk. Ik denk dat je dan op dat moment misschien toch te weinig kan verdienen voorgeen wat je wel niet doet. Werk in de zorg is best pittig, zowel lichamelijk, maar ook mentaal. En voor hetgeen wat wij doen, want we zijn wat dat betreft wel echt een manager van alles. Je bent niet alleen zorgverlener, maar je bent soms ook gewoon politieagent en je bent psycholoog en je bent voedingsmedewerker en je bent van alles en nog wat tegelijkertijd, inderdaad, in je functie. Is ook wat je werk heel erg mooi maakt en ook boeiend. Maar ik kan heel goed begrijpen dat het dan.Dus waar valt voor hoeveel je dan verdient op dat moment. Wat vind jij dat een organisatie dan op zo'n moment kan doen? De organisatie aan zich niet zoveel, maar meer vanuit de overheid, inderdaad. Er komen bijvoorbeeld wel weer langsvogingen aan en ze proberen het ook echt wel goed recht te trekken. Maar als je het mij vraagt, vind ik het nog steeds wel het onderbetaalt, inderdaad. En hoe mooi ik mijn werk ook vind. En ik zal nooit de zorg uitstappen. Maar voor hetgeen wat je wel niet doet, verdien je eigenlijk wel te weinig. Hoe vind jij dat de capaciteit van personeel op jouw werk beter of slimmer geregeld kan worden?Onze afdeling, en zo elke afdeling, is ingericht op de zorgswaarte van alle bewoners. En daar wordt dan een potje van gemaakt en gaan ze kijken hoe je ingezet kan worden. Dus dan gaan ze ook kijken naar de niveaus die ze nodig hebben. Ik ben wel van mening dat je meer gediplomeerd personeel mag hebben rondlopen. En met gediplomeerd bedoel ik echt verzorgen of hoger. Want doe je dat niet, dan kan je ook niet de zorgen en kwaliteit bieden die je wel graag zou willen bieden. En ik weet dat mijn organisatie er wel zijn best daarvoor doet, maar het is niet altijd haalbaar. En dan praat ik bijvoorbeeld ook over werken met onbekende uitzendkrachten of ZZP'ers.Ja, en die mogen dan wel soms gediplomeerd zijn, maar dan nog ben jij wel de enige bekende die dan alle touwtjes in handen heeft. Waar gaat volgens jou nog veel tijd verloren in de dagelijkse zorg? Ik denk dan toch wel de administratie. Om een voorbeeld te geven, is ik werk acht uur op een dag en ik ben natuurlijk even v'er. Dus dat houdt in dat ik mijn mail moet bijhouden, kijken of inderdaad de familie mij benaderd heeft. Ik moet dan ook de zorgplannen daarop aanpassen als het nodig is. Ik wil de arts spreken. Dat is allemaal werk wat ik moet verrichten in mijn acht uursdienst. Begrijpelijk.Want mijn collega met wie ik dan, die naast bestaat dan op dat moment, die bijvoorbeeld geen EVV'er is, die moet dan bijvoorbeeld weer een stapje harder lopen in de zorg op dat moment. Ja, dus hoe het efficiënter zou kunnen, durf ik niet helemaal dan te zeggen. Maar ik merk wel dat administratie wel een groot aspect daarin is. Want je geeft aan, je werkt veel met collega's. Wat maakt voor jou een fijn team om in te werken? Humor. Humor, ja zeker. De hele dag lag op de werkvloer. Ja, continu. Ja, ik vind humor wel echt heel erg belangrijk. Onderling vertrouwen dat je naar elkaar toe durft te komen. Dat je open bent aan elkaar en eerlijk bent aan elkaar.Ja, en durf ook te zeggen waar je tegenaan loopt, maar ook bijvoorbeeld inderdaad hele heftige casussen die je dan mee kan maken. En zeker wanneer je inderdaad toch wel wat jongeren hebt die nog niet de ervaring hebben, bijvoorbeeld. Dat je daar wel voor openstaat om dat bespreekbaar te maken. Hoe wordt er volgens jou leiding gegeven in de zorg, in de oude zorg? In mijn organisatie goed. Ja, wij hebben een teambegeleider en een teamleider. Die weet ik uiteraard wel te vinden wanneer het nodig is. Maar we zijn ook echt wel een heel erg zelfsturend team. Dat vind ik zelf persoonlijk wel fijn. Dat ik inderdaad daarin wel word vrijgelaten. En dat er voor mijn gevoel niet op mijn vingers wordt gekeken. En dat ik ook echt wel het idee heb dat ik.Serieus wordt genomen in mijn handelen en hoe bekwaam ik ben en hoe professioneel ik ben. Ja. Want hoe zorg je ervoor dat je jezelf blijft in de zorg? Ook al heb je met zulke heftige casussen te maken? Hoe ik mezelf blijf. Ik denk dat dat misschien ook wel kom met de jaren. Wet met de jaren ben ik natuurlijk ook wel gewoon meegegroeid. Ik durf wel het gesprek aan te gaan met mijn collega's, maar ook met de bewoners. Ik doe me niet anders voor op mijn werk dan hoe ik privé ben. En dat is ook gewoon meer omdat je dan het beste zorg kan leveren. Wel als ik inderdaad mezelf ga lopen wegcijferen in bijvoorbeeld een heftige casus. Of ik zie dat iets beter kan dan.Dan laat ik wel van me horen. Wat zie je bij andere organisaties die het wel goed doen met personeel als het gaat om behoud van personeel en de mensen die blijven? Ja, vind ik een lastige, want ik werk al 7,5 jaar voor dezelfde organisatie. Dus ik weet ook niet zo heel goed hoe andere organisaties dat precies doen. Ik heb wel vriendinnen die inderdaad werken voor andere organisaties. Maar ik merk wel dat we hun ook een beetje tegen hetzelfde aanlopen. En dan ga je toch weer terug naar het landelijke probleem, denk ik. Wat zou de volgens jou dan beter geregeld moeten worden om mensen duurzaam inzetbaar te maken?Ja, toch het vaste personeel aantrekken, inderdaad. Dus niet je zzp'ers en je uitzendkrachten. Ik bedoel, fijn dat ze er zijn, maar inderdaad, ze zijn duur. En ik denk dat je op daar manier efficiënter kan maken dat je ook meer poppetjes op de werkvloer kan zetten met de juiste diploma's. En op het gebied van de trainingen, waar denk jij zeg maar dat het nog veel winst te behalen valt? Ik denk dat er landelijk wel meer training gegeven kan en mag worden, inderdaad. Je hebt natuurlijk je e-learnings, maar dat is online. Ik denk dat daar wel verbetering in zit om je scholing inderdaad up-to-date te houden. Jij vindt een training krijgen fysiek.Fijner dan ik de training online krijg. En waarom waar zit dat bij voor jou dat grote verschil dan? Als ik een e-learning maak, merk ik aan mezelf dat ik wel snel afgeleid raak. Sommigen zijn interessant en ook echt wel leerzaam. Maar als je het fysiek meemaakt of dat je fysiek aanwezig bent en het is ook nog eens een interactieve training, dan heb je mij helemaal. Want dan vind ik het ook interessant en dan doe je het samen met degene die naast je staat op dat moment. Hoe belangrijk is ruimte voor ontwikkeling en autonomie voor jou? Belangrijk. Ik moet elke drie tot vijf jaar mijn technische handelingen opnieuw laten aftoetsen.Mag ik ook uiteraard zelf aangeven als ik merk dat ik niet meer bevoegd of me bekwaam voel. En autonomie. Ja, ik merk dat mijn werkgever dat op zich al doet. Bijvoorbeeld als je kinderen hebt, dat je later mag beginnen om je kinderen naar school te brengen. Of dat je kortere diensten mag werken, om welke reden dan ook. Dat doet mijn werkgever wel al gelukkig. Om inderdaad samen tot een goed rooster te komen. Wat wordt er volgens jou onderschat in de zorg als je kijkt dat je puur daar instroom in behoudt? Ik merk bij mijn werkgever dat er al meer wordt gemoderniseerd. Om een heel goed voorbeeld te geven, wij hebben passieve tailliften, zoals dat heet, zodat wij bewoners passief uit bed kunnen halen. Dat houdt in dat de zorgvrager geen loopfunctie meer heeft.En wij hebben sinds kort plafondliften. Dus dat zit dan vastgemaakt aan het plafond en dat is ideaal. Je hoeft niet meer de gang op te rennen om je passieve taellift te vinden. Hij werkt hartstikke licht, dus dat is ook fijn voor je rug. En ik denk dat daar andere organisaties, en nogmaals, ik werk niet bij andere organisaties, maar dat ze daar misschien wel nog wat in kunnen leren om inderdaad dat behoud te hebben om ons werk makkelijker te maken en efficiënter en ook ergonomischer uiteraard. En wat mijn organisatie ook heel goed doet, is uitjes organiseren. Net zoals aankomende week hebben we een kroeg getocht door Haarlem heen voor het personeel.Ja, hoe leuk is dat? Ja, en je leert elkaar kennen dan buitenwerk om en je bouwt een band. Ja, dat doet mijn werkgever wel echt enorm goed. Waar ben jij het meest trots op als je kijkt binnen je werk? Het meest trots, ja. Het kan echt voor alles zijn, tot een cliëntenoment, tot aan. Ja, nou, ik heb dan wel een heel mooi voorbeeld van gisteren tijdens mijn avonddienst. Dat een bewoner van oor tot oor gelunderd, omdat die meisjes hier binnenkomen en dat hij blij is dat ik dan de avonddienst heb. En dat hij dan ook vraagt aan mij: van ben jij degene die mij naar bed komt helpen? En wat ben ik blij dat je er bent? En het is heel kleins, maar dat maakt mij wel enorm trots dat ik het verschil kan maken voor een bewoner. Wat hoop je dat anderen ervaren door jouw werk?Dat ik wel heel erg betrokken ben. En dat ik de bewoner ook echt zie voor wie hij of zij is. Het is gewoon een persoon met vaak een grote levensachtergrond. Dat je verder kijkt naar alleen de aandoening die degene heeft. En dat je daardoor het verschil kan maken. Er zijn waarschijnlijk andere zorg, organisaties die het luisteren. Wat zou je ze willen meegeven om het behoud van qua personeel te? Luisteren naar je personeel. Luisteren waar de behoeftes liggen. En natuurlijk wel binnen alle beperkingen uiteraard.Op die manier behoud je toch wel je goede personeel, denk ik. En wat hoop je dat de kijkers, die nu luisteren, mee kunnen nemen uit jouw verhaal? Ik hoop dat ik duidelijk heb kunnen vertellen wat de oudere zorg inhoudt, wat een werkdag is voor mij, hoe dat eruit ziet. Ik hoop dat ik mensen hetzelfde gevoel geef als wat ik heb. Dat je heel veel voldoening kan halen uit je werk. En dat elke dag anders is. Maar je biedt hartstikke mooi werk en je kan echt een verschil maken voor de bewoner. Dankjewel, Cirille, voor het delen van jouw verhaal en voor je openheid en het eerlijk vertellen van jouw verhaal in de zorg. Ik wil je hierbij bedanken en.Dankjewel voor het luisteren naar deze podcast. Tot de volgende aflevering. Tot de volgende."
verzorgings-staat.mp3,interviews,NVIDIA Parakeet TDT 0.6B v3,31.7,25.53358208955226,100,97.71641791044776,12874.3125,8987.163246268658,101.56900959831928,"De verhoging van de AOW-leeftijd is onder druk van politiek protest en vakbonden van de baan. Maar het kabinet heeft ruim 6 miljard aan bezuinigingen op onze sociale zekerheid nog niet opgegeven. Hebben we het over de WW en de arbeidsongeschiktheidsverzekking? Wie ja. Onacceptabel zeggen vakbonden. En dus zal de Polder weer om de tafel moeten. En de vraag is dan, wat voor een samenleving willen we nou? Weten we dat Nederland is gebouwd op een sterke verzorgingsstaat? En wie betaalt uiteindelijk de prijs? Daarover praat ik deze week met vijf kopstukken in BNR's Big Five van de verzorgingsstaat onder druk. En vandaag is dat niemand minder dan Koen van Oostrom, sinds 1 mei, de nieuwe voorzitter van de werkgeversvereniging VNO NCW. Van harte welkom. Goedemorgen.En heel leuk dat je weer terug bent bij de Week Five. Het was een paar jaar geleden dat ik hier was bij jou. Ja, zeker. En dat ging toen over de self-made man en women. Want je bent iemand die zelf-made is. Met eigenlijk weinig welvarend opgegroeid. En uiteindelijk ben je helemaal binnen als vastgoedman en projectontwikkelaar. En daar hebben we toen uitgebreid over gesproken. Is nog terug te luisteren? Ik heb het ook even teruggeluisterd, het was echt hartstikke leuk. Mooi. We gaan het nu over hele andere zaken hebben, natuurlijk. Oigens ben je ook nog invloedrijk VVD'er, maar nu snurkend lid, hè?Ja, dat werkt niet. Mijn achterban zitten duizenden bedrijven. En die hebben hele verschillende politieke kleuren. En dus laat ik de kleur van de VVD even liggen. Want daar sta ik nu niet voor. Ik sta nu voor de bedrijven Nederland.Maar is dat moeilijk? Want het lijkt me heel moeilijk om een snurkend te zijn. Nee hoor, dat vind ik niet. En ik vind het eigenlijk ook heel erg leuk om nu de andere partijen beter te leren kennen. En ik heb wel een periode gehad dat ik daar een beetje soms naar keek en dacht van goh, wat gebeurt daar nou allemaal in die partijen. Maar als je dan beter kennis maakt, zelfs met mensen als Jesse Klaver en CDA D66. Ja, dan krijg je toch ook iets meer het gevoel bij hun standpunten en hun achterbaan en hun gedachten. Dus dat is eigenlijk hartstikke leuk. Ja, leuk om daar meer over te horen. Ook over bijvoorbeeld Hans Pekman. Die we ook later deze week te gast hebben overigens. En we gaan natuurlijk over die verzorgingsstraat praten die onder druk staat. Maar eerst toch even het laatste nieuws waar de Telegraaf gisteren over heeft bericht. En dat is dat alle supermarkten het lidmaatschap van VNO NCW hebben opgezegd. Klopt het?Ja, dat klopt. Dat is vorig jaar gebeurd. Zoals je weet is VNO een enorme vereniging. Er zitten duizenden en duizenden leden. En er komen elk jaar heel veel leden bij. En dan gaan helaas ook elk jaar wel weer een paar leden af. Dat had in dit geval te maken met een nieuw contributiestelsel. Nou, dat zijn dingen die gebeuren. We zijn met z'n in gesprek. Het is een beetje van voor mij tijd. Je wist dit al bij de overdracht. Ik ben ermee aan het werk gegaan en ik heb toevallig vorige week ook met de vertewoordigers van de supermarkten gesproken. Eigenlijk een heel positief gesprek. En wat ik ontzettend leuk vind, dat zijn natuurlijk kruiden enorme ondernemers. En ja die vechten om elke euro. En dat gebeurt ook. En het is te vroeg om te zeggen of er beweging in zit. Maar ik vind in ieder geval prettig dat de relatie goed is. En we gaan eens kijken of we een oplossing kunnen bereiken. En je zegt: we hebben heel veel leden. Maar dit is toch wel echt een hele grote groep. Als je als lobbyorganisatie.Deze dit deel kwijtraakt, dan ben je echt wel kleiner in omvang.Dan is aan de ene kant waar. Aan de andere kant zien we een enorme toestroom van technologiebedrijven binnen ons huis. En daar is ook heel veel dyniek. Daar werken ook heel erg veel mensen. Dus per saldo is het niet zo dat het een ramp is. Het is in het verleden overigens vaker gebeurd dat de supermarkten wel of niet lid waren bij ons. Dus het is ook niet zo dat het nou de pijler is waar Venuw op draagt. Maar wat ik wel wil zeggen is dat volgens mij is het zo ontzettend belangrijk in deze periode dat er een beetje eenheid is. Eenheid aan de werkgeverskant en ook eenheid aan de vakbondenkant. We hebben gezien dat daar in het verleden gedoe was. Als het rust is in de polder, is het makkelijker om met elkaar te praten. En daarom had ik het liever niet gehad. Want dan heb je liever dat dit ook even onder de radar blijft, of we zijn nog met elkaar in gesprek. Nou, dat is niet het geval. Maar dat neemt niet weg dat van mijn kant de houding 100% positief is om te kijken of we toch met elkaar in gesprek kunnen blijven. En hopelijk bedenken ze zich, komen ze terug aan boord. En dan zijn wij als VNO nog vollediger. We hebben al bijna het hele Nederlands bedrijfsleven achter ons. Maar je wil ze gewoon erbij houden. Dat kan niet anders. Dit is zo groot in zo'n lobbyorganisatie. Want ik snap dat ook technologiebedrijven bijkomen, maar je wil ze gewoon erbij houden. Dus niet goed voor de beeldvorming.Ik denk dat hoe vollediger wij zijn namens het Nederlandse bedrijfsleven, hoe beter het is. Dus het was ook niet onze keuze om ze eruit te zetten. Ze zijn er zelf uitgegaan. Ik denk dat het in ieder geval niet verstandig is om het via de media te spelen. Ik denk dat het goed is om het gewoon in te. Misschien was het, ja, was het zo hoog dat ze dachten, nu moeten we dit wel doen, want ze luisteren niet. Ja, blijkelijk is dat dan vorig jaar gebeurd. En ik was toen nog niet de voorzitter. Dus ik weet nog niet precies wat de dynamiek was. En of er sprake was van teleurstelling of zelfs boosheid op dat moment. Dat weet ik niet. Maar wat ik wel weet, is dat er nu eigenlijk best wel productieve gesprekken met elkaar voeren. En ja, je hebt wellicht gehoord dat een van de zaken die ook in dat telegraafartikel werd genoemd, ging over het wettelijk minimumloon. En daar hebben de supermarkten ook echt wel wat om de oren gekregen. Dat minimumloon, per 1 juli wordt dat 14 euro 99, 15 euro afgerond. Dat was 10 euro. Dus dat is 50% omhoog gegaan. Nou ja, als je dan een winkelier bent, dan heb ik er wel begrip voor dat je zegt van voelden we ons niet goed vertegenwoordigd. Nou, beste VNO, heb je wel goed voor ons gezorgd? Ik snap die vraag. En wij doen alles op alles om te proberen, ook in de gesprekken in de polder, om daar wat mee te gaan doen. En dan heb ik ze het liefst aan boord, want dat praat makkelijker. Ja, dus dat is het punt waar je misschien toch wat kan doen nog voor ze. Dat zou zomaar een van de dingen kunnen zijn. Alleen de polder is ingewikkeld. Want er spelen heel veel belangen. Ik kan net zeggen, dit punt is moeilijk terug te draaien, lijkt me. Ik heb gezien dat vrijdag Hans Specman hier op bezoek is. Misschien kan dat jouw eerste vraag aan hem zijn. Meneer Sperkman, het kan het minimumloon niet meer zijn. Je moet wel nog gasten over hem gaat. Ja, ik heb een goede band met hem. En jij zei net, ik ben een zelfmade ondernemer. En dat klopt ook. En hij is dat in zekere zin ook, zelfmeet. Hij had ook geen makkelijke jeugd en heeft er heel veel uitgehaald. Ik heb dat gedaan met de bouwen van heel veel gebouwen. En ik heb daar een vermogen mee kunnen opbouwen. En hij heeft dat heel anders ingezet. Hij heeft een heel leuk verhaal. Je hoort een kroeg begonnen. En nou ja, ik zou dan denken: oh, een kroeg en dan een tweede kroeg en dan een netwerk van kroegen.En bij hem was het zo dat hij gezegd heeft: ik heb daar een social business van gemaakt. Dus de opbrengsten daarvan, die gingen terug naar allerlei. En dat typeert de ondernemer Hans Pekman. En ik ben de ondernemer Koe van Oostrom die andere keuzes heeft gemaakt. En die zijn niet goed of fout, die zijn gewoon anders. En ik vind het wel heel erg leuk dat er nou eigenlijk twee ondernemers in de polder zitten. Ja, ontzettend leuk. En hij zat dus niet naar je te kijken. Want ik weet dat je een hekel hebt aan het woord vastgoedmiljonair. Dat ben je. Heb je het toch gezegd? Dat heb ik het toch gezegd? Ja, dat is echt gemeen. Maar zo zat hij dus niet naar je te kijken. Nou, ik denk dat hij ook wel natuurlijk met belangstelling kijkt van wie zit daar nou? Dit is duidelijk geen bestuurder aan de kant van Venus, een ondernemer.Maar wat voor type ondernemer? En ik denk dat het altijd wel een beetje dan een vraag is: is het een ondernemer die alleen maar bezig is met een groot mogelijk vermogen? Of is het iemand die maatschappelijk betrokken is? Ik denk, ik wil geen jury over mezelf zijn, maar ik heb altijd geprobeerd, ook met de duurzaamheidszaken die ik gedaan heb, waar wij ook een aantal jaar geleden over hebben gesproken. Om juist ook een brede ondernemer te zijn, die onderdeel is van de oplossing en niet van het probleem. Nou ja, je vertelde toen dat je echt een switch hebt gemaakt. Dus dat je eerst wel was voor winnen, winnen, winnen. En zoveel mogelijk omzetten. En uiteindelijk toch ook hebt geleerd dat je er anders naar moet kijken. Het leuke jij als ondernemer.Is als je succesvol bent, dat je in een soort nieuwe wereld terecht komt. Bij mij was dat dat ik mensen leren kennen zoals Peter Bakker, Fijker Sibesma, Paul Polmen. Die op dat moment het Nederlandse bedrijfsleven leiden. En dat niet deden alleen maar met de agenda shareholder value. Maar ook met de agenda hoe kunnen we zorgen dat we een land sterker maken. Dat we sociale cohesie hebben. En dat we grote maatschappelijke problemen oplossen. En dat is altijd onderdeel geweest. Sorry, dat moet ik goed zeggen. Nadat ik hen heb leren kennen, is dat onderdeel geworden van mijn portefeuille. En daarvoor was dat minder zo. Ik vind dat ook niet per se slecht. Ik kan me voorstellen dat een startende ondernemer.Even een fase heeft dat hij eendimensionaal is. Hij moet namelijk een product bedenken, wat beter is dan de producten om hem heen. En op het moment dat je daar een stap verder in bent, dan heb je iets meer ruimte om ook na te denken over hoe kan ik daar dan ook een positieve impact mee maken. En is dat misschien ook de reden dat je deze baan als voorman van VNO NCW juist zo mooi vindt? Omdat je dus daarmee ook meer kan creëren voor Nederland? Ja, in die zin is het een beetje een bekroning op dat werk wat ik heb gedaan. Ik was een beetje op zoek naar zoiets. Ik was eigenlijk aan zoek in Europa. Omdat in het geweld in de wereld, hebben we vandaag weer het nieuws in het Midden-Oosten gezien. Wat er speelt in China, in Rusland, maar zelfs ook bij onze partner Amerika. Die varen toch een andere koers dan een aantal jaar geleden. Moet Europa sterk worden? En ik dacht wat leuk om daar een rol in te spelen. Nou, toen kwam VNO langs en toen dacht ik, ja, maar dan wordt het ook wel heel concreet. En dat is ook heel mooi om in Nederland veel sterker te maken, het bedrijfsleven veel sterker te maken. En vanuit die kracht dan hele goede dingen te doen. En toen dat langskam, dacht ik, ja, dit is toch ook te mooi om waar te zijn. En hoe bevalt het? Ik vind het waanzinnig leuk. Ik vind het waanzinnig interessant. En als ik heel eerlijk ben, Diana, wij kennen elkaar al een tijdje. Het is soms ook best wel pittig. Want ja, ineens ben ik de spreekbuis van al die duizenden bedrijven. Als het gaat over sociale zekerheid. Nou, als het gaat over economische groei, ik hoop dat we daar nog over gaan hebben. Ja, daar weet ik heel veel. Want ik heb altijd met de CEO's gewerkt. Ik weet hoe moeilijk het is om een bouwvergunning te krijgen, hoe de rechterlijke macht werkt in Nederland. Maar in sociale zekerheid is dat relatief nieuw. Ik moet eerlijk bekennen, in mijn bedrijf liet ik het ook wel eens over naar haar R-afdeling. En dan vond ik het gewoon heel irritant dat we loondoorbetaling bij ziekten hadden. Dat je twee jaar verantwoordelijk bent als ondernemer voor iemand die ziek wordt. Maar nu zit ik er midden in, nu ben ik er verantwoordelijk voor. En dat betekent dat ik sommige nachten doorbreng met het lezen van SER-rapporten en probeer te begrijpen wat de stichting van de arbeid precies is. Je kan je niet echt makkelijk inwerken, toch? Want je bent meteen kathuis, de hele Sabang is op je afgekomen. Het is misschien een beetje naïef, maar ik had de hoop om tot de zomer gewoon te luisteren, vragen te stellen. En dan, laten we zeggen, na de zomer echt vliegend uit de startblokken te komen. Zo werkt het niet. Het is vanaf dag één krijg je toch vragen op je af. De media speelt er ook een rol bij. Die hebben kritische vragen. Als je iets zegt, kan het nieuws zijn. Dus je moet op je woorden letten. Heel erg leuk. Volgens mij gaat het je redelijk makkelijk af. Heb je Hans de Boer nog vaak in gedachten? Het is een van jouw voorgangers natuurlijk bij Veno NCW. Je kende hem ook goed. Ik ken hem goed. Hij was misschien ook wel een klein beetje mentor voor me in dat maatschappelijke. Hij heeft een tijd bij een vastgoedbedrijf gewerkt, waar wij ook mee samenwerkten. Dus daar uit die periode kende ik hem. Hij kon nogal eens een kop koffie drinken en dan had hij altijd heerlijke, heldere, uitgesproken meningen. En dat is soms ook gewoon hartstikke goed in de polder, dat mensen dingen scherp zetten. En dat deed hij als geen ander.De Big Five. Diana Matroos. Mijn gast vandaag is Koen van Oostrom. Hij is de voorzitter van VO NCW. En we gaan het natuurlijk hebben over de verzorgingsstaat onder druk. En in relatie daartoe ook de sociale zekerheid. Want dat is enorm actueel. Eerst even de vraag: wat heb jij überhaupt met de verzorgingsstaat? Wat natuurlijk drie pijlers heeft. De sociale zekerheid, gezondheid, zorg, onderwijs, dat soort zaken. Ja, ik vind dat wij in Nederland oprecht het allermooiste land in de hele wereld zijn. Ik vind dat dit zo'n bijzonder land is, waar het zo.Waanzinnig goed gaat met heel veel zaken. En daar is die sociale zekerheid een van de pijlers die daaronder staat. Voor de goede orde, ondernemerschap is ook een pijler. En daar maak ik me op dit moment echt zorgen over. Maar die pijler sociale zekerheid, die pijler, het fatsoen wat wij hebben in Nederland. Dat als je om allerlei redenen uitvalt, en dat kan definitief zijn, en dat kan tijdelijk zijn, dat er dan een systeem is wat probeert om je te begeleiden om je weer terug op je voeten te zetten en weer zo mogelijk ook weer aan het werk te krijgen. Dat vind ik briljant dat we dat hebben. De vraag is wel een beetje: of het systeem wat we vandaag hebben, met bijna een miljoen mensen in de via.Of dat nou het systeem is wat we nog steeds kunnen veroorloven. En of dat dat systeem is waar ik net van droomde. Dat dat onderdeel van dat hele mooie Nederland is. Daar ben ik ook wel een beetje kritisch over. Ja, toch, als het gaat over een aantal punten van de sociale zekerheid, hebben jullie natuurlijk met de AOW-leeftijd verhogen, zijn jullie echt achter de bonden gaan staan? Ja, nou ik weet niet of het achter de bonden is. We staan vooral achter onszelf. Maar Venou heeft zijn handtekening gezet onder een groot akkoord die ging over de verhoging van die pensioenleeftijd. Dat heeft mijn voorgangste Ingrid Thijs gedaan. Daar sta ik 100% achter. En ik vind ook dat als je zo'n lange termijn afspraak maakt,Waarbij het voor een aantal partijen ook echt wel pijn heeft gedaan. Dat was voor de bonden ook niet makkelijk om dat te slikken destijds. Ja, dan vind ik ook dat je dan ook een zekere loyaliteit aan zo'n transactie moet doen. Een beetje als ondernemer is ook gewoon afspraak is afspraak. Dat is gewoon een helder beginsel in Nederland. En dat vind ik ook eigenlijk in dit geval.Weet je, is het dan nooit bespreekbaar natuurlijk, als de wereld helemaal zou veranderen, dan op een keer komt alles ter bespreking naar de... Misschien een alternatief fiscalisering van de aardappelen? Ja, maar de verwachtingen die we destijds hadden toen we deze deal gedaan hebben, die zijn ongeveer uitgekomen. Er zal eigenlijk sterker nog, de leeftijdsgroei is iets minder geworden dan we hadden gedacht. Er is COVID doorheen gegaan, et cetera. En dan vind ik dat niet het onderwerp waar we nou over moeten praten. Dus daarvan heb je ook gezegd, het moet gewoon in de vriezer of zoiets. Niet over hebben. In intussen is het dat ook van tafel. En dan kun je natuurlijk gelijk alle alternatieven daarvan op tafel leggen, dus die fiscalisering, et cetera. Ik hoop eigenlijk dat dat niet nodig is. Ik zie dat er twee andere dingen spelen die veel belangrijker zijn. Onze economische groei is veel te laag. Als wij 2% economische groei hebben, hoeven we deze discussie over die paar miljard niet te hebben. Want dan gaat die economie gewoon met vele miljarden per jaar omhoog. En het tweede ding is dat er zitten een aantal echte problemen in onze sociale zekerheid vandaag. Bijvoorbeeld de instromende via is veel te hoog. Als we Nederland gewoon vergelijken met België, Frankrijk, Duitsland. Het is ruim 800.000 of zo? Het is ruim 800.000, maar er zitten er ook nog 200.000 mensen in het tweede ziektejaar in de regeling daarvoor. Wat door de ondernemers wordt betaald. Die komen er dus aan. Dus die instroom die blijft fors. Daarmee lijkt het erop dat we gaan groeien naar een miljoen mensen in de via. Dat is veel meer dan de land om ons heen. En daar moeten we eens goed naar doen. Snappen we voldoende waar dat door komt. Want je ziet ook dat er heel veel jongeren daarbij vertegenwoordigd zijn met psychische klachten. Dat daar echt ook een enorme stijging in zit. Dan hebben we met elkaar ook iets te doen. Misschien ook werkgevers. Want waarom zijn al die mensen zo.Ongelukkig als het om de psychië gaat. Ja, ik vind dat precies de vraag die wij ons moeten stellen. En ik heb nog niet alle antwoorden. Wij werken keihard op dit moment binnen VNO, maar ik weet ook dat binnen de CER, Sociale Zaken als ministerie is hiermee bezig. Kim Putters ook later deze week te gasten. Ook ook een voormidamele denker die heel goed en heel scherp kan formuleren waar dan echt het probleem zit. Maar jij noemde bijvoorbeeld de jonge mensen. Het is natuurlijk doodzonde dat iemand die 30 is en dat die in een burn-out terechtkomt en dat het niet lukt om die dan naar ander werk te begeleiden. Want het kan zijn dat er sprake is van toch ook een beetje een arbeidsconflict of te veel druk. En misschien in de samenhang tussen het privéleven en het werkende leven, dat daar dingen misgaan.Maar dat mensen dan in een situatie komen dat de kans bestaat dat ze nooit meer gaan werken, dat vind ik verschrikkelijk. Dat vind ik voor die mensen verschrikkelijk. Maar het bedrijfsleven heeft ook heel hard deze mensen nodig, omdat er nog steeds een tekort is aan arbeidskrachten. Als we het voor elkaar krijgen dat deze groep. En niet allemaal, want er zetten mensen bij die andere dingen hebben waardoor ze echt niet meer inzetbaar zijn. Maar andere mensen zijn wel inzetbaar en die moeten benaderd worden. Maar is er dan een goede weg om te zeggen wat het kabinet wil, om daar dan 20% van af te halen?Wat ik heb geleerd in mijn zes weken dat ik al voorzitter ben, het is nog kort, maar wat ik in die zes weken heb geleerd is dat op het moment dat je het woord bezuiniging hanteert, dan gaan overal de loopgraven dicht. En dan gaan mensen met een hak in het zand en dan stopt een beetje de discussie. En dan verhart de discussie. Snap je daarin ook de bonden? Want die hebben natuurlijk wel, ja, zijn heel blij met dat cadeau natuurlijk van die AOW-leeftijd. Maar zeggen toch: ja, nee, we gaan toch weer staken. Want dit moet ook van tafel. En straks hebben we het nog wel over.De WW ook. Nou, over dat staken wil ik het zo nog even hebben. Want wat mij betreft was dat niet nodig geweest. Maar wat ik. Ik wil geen uitspraken doen over wat de bonden dan denken. Dat is misschien de vraag van vrijdag en de hand. Nee, niet wat zij denken, maar dat je denkt, nou ja, ik begrijp het wel. Ik had het toch liever het gesprek wat meer open gehouden. Nogmaals, ik denk dat die stakingen niet nodig waren geweest. Maar waar het echt over gaat. En waar ik denk dat ook Hans Pekman een partner gaat worden. Een miljoen mensen in de via is niet goed. Niet, laten we zeggen, voor zijn achterban. Voor de werkende in Nederland. Niet voor de bedrijven en helemaal niet voor de overheid, die daar helemaal geen geld voor heeft. Dan moeten we met elkaar kijken. Wat is nou de reden? Precies de vraag die jij stelde: waarom gaan er zoveel mensen?Die via in, wat is daar, wat is daar nou aan de hand? Is dat COVID geweest? Maar waarom zijn de getallen dan zoveel groter dan in andere landen waar ook COVID was? Heeft dat te maken met zijn veel vrouwen die net bevallen zijn die in een burn-out terecht komen? Wat is daar dan de problematiek? En kunnen werkgevers daar ook beter handen? Ik neem de verantwoordelijkheid op mij om echt aan die werkgeverskant te kijken. Doen wij nu voldoende aan preventie? Hebben we goede regelingen? Wat is daar de discussie die wij aan kunnen? En het is helemaal niet zo dat wij alleen maar zeggen: het probleem ligt bij het UWV. Ik denk overigens wel dat we goed naar de rol van het UWV moeten kijken. Er zijn te weinig keuringsartsen. Ja, want daardoor gaan mensen weer langer moeten wachten uiteindelijk op. In dat proces gaan dingen niet zo efficiënt als ze zouden moeten. Nou, ik wil ook met Hans Pekman praten: wat kan hij nou doen vanuit zijn kant? Om met mensen in contact te treden en te horen wat zijn nou echt de problemen daar. Nou, dan moeten we kijken met het bedrijfsleven. En het bedrijfsleven wil dit ook, want die willen die mensen heel graag weer terug hebben. Die wil die mensen graag aan het werk hebben. Wat kunnen we nou doen om die mensen weer aan het werken? Ja, maar dit is wel echt lange termijn visie. Daarmee heb je het nu niet opgelost. Het kabinet zit met een probleem vanwege de defensieuitgav en allerlei dingen die we rond stikstof, wat ook belangrijk is voor werkgevers natuurlijk en voor het bedrijfsleven waar jij voor staat. Het moet nu bezuinigd worden in feit. Maar het is wel zo dat dat minder snel gaat dan sommige mensen denken. Als je naar de tabel kijkt die bij het regeerakort zat, dan zie je in die tabel dat heel veel van de bezuinigingen pas in latere jaren echt impact hebben. Concreet voorbeeld, ik heb geprobeerd namens te werkgeven te zeggen laat die AOW nou even met rust. Die AOW ging pas ook over heel veel jaren echt impact hebben op de begroting van de overheid. Als we in de tussentijd die economische groei.Aan kunnen zetten. En we kunnen zorgen dat we weer naar 2% economische groei gaan. En ik ben een beetje ondeugend, heel onambitieus. Ik denk zelfs dat we naar 3% economische groei zouden kunnen. Als we dat voor elkaar krijgen. Dan hebben we die verhoging van de AOW leeftijd helemaal niet meer nodig. Dus je zegt bezuinigingen, dat is nu het verkeerde woord. Maar sluit je bezuinigingen uit? Het sluit helemaal niets uit. En ik vind ook dat.Ja, dat je realistisch moet zijn. Maar ik hoop in ieder geval dat we fundamentele veranderingen in de sociale zekerheid voor elkaar kunnen krijgen. Veel meer mensen aan het werk kunnen helpen. En als we dat kunnen doen, dan hebben we misschien, daar ben ik open in, Diana. Misschien is er dan op korte termijn inderdaad nog wel een vraagstuk over de financiën. Maar die discussie wordt heel veel makkelijker als we weten dat er op termijn veel minder mensen in de via zitten. En ook in andere regelingen. En als we zien dat op termijn de economische groei hoger is. Want dan heb je misschien voor 2028 of 2029 nog eens een jaar waar er dan bijvoorbeeld een miljard te kort komt. Ik noem maar even een willekeurig getal. En dan zal toch even het gesprek met Elko Heijnen moeten plaatsvinden. En ik begrijp heel goed hoe hij in de wedstrijd zit. En hij is, ja, ik had ook bij mij in mijn bedrijf altijd een hele strenge CFO. En die zorgde er echt voor dat de discipline ook gewaarborst bleef. En die rol heb je in een kabinet keihard nodig, want anders gaat het echt alle kant op. Maar dan hebben we een discussie over een veel kleinere omvang dan hoe die nu wordt gepresent. En dan ga je eigenlijk ook een oproep doen, ook jullie gezamenlijk, om te kijken of hij daar een opening kan bieden. Nou, misschien dat er dan ook wel allerlei creatieve oplossingen zijn. We hebben net gezien dat er geld gevonden is door Schurts, maar door dingen uit de toekomst naar voren te halen. Op het moment dat ik kan bewijzen dat die economische groei omhoog gaat. Want dat moet natuurlijk ook niet een soort droom zijn. Dat moet dan ook echt wel verankerd zijn. Maar als we die verankering kunnen bewijzen.Ja, wellicht zijn er dan ook mogelijkheden. Maar ik ga niet op de stoel van de minister van Financiën zitten. Die is buiten gewoon intelligent. Weet heel goed hoe het spel werkt. Je zegt gewoon, het moet rust komen in de pool en daarom is dit zo belangrijk. Dat is ook belangrijk. En ja, weet je wat ik ook vind, is dat is dat. Als er dan toch nog een bezuiniging over zou blijven. Nogmaals, ik denk dat dat veel en veel kleiner zou kunnen worden, dan is het ook een beetje aan het kabinet. Want er komen er allerlei woorden rond van vennisgasbelasting tot allerlei andere termen. Ook het ideetje van spekman, hè, winstbelasting omhoog. Dat soort dingen. Maar dan zou ik ook zeggen, nou, dan is het ook even, als er dan toch nog ergens een gaatje zit. Het gaat dus dan vele malen kleiner. Als er dan nog iets over is, dan zou ik zeggen. Dan is het kabinet aan zet. En dan is dan wordt het politiek. En ik vind dat de Polder niet op de rol van de politiek moet overnemen.om dat uh in te vullen."
hulpverleners.mp3,interviews,NVIDIA Parakeet TDT 0.6B v3,31.7,25.666666666666664,100,94.42105263157895,10422.3125,10422.3125,163.22524364037582,"Meenou, zou je iets verder willen introduceren? Ja, mijn naam is Menoual Amat. Ik werk als onderzoeker aan de Vrije Universiteit Amsterdam. Ik heb zelf een achtergrond in culturele antropologie. En in de afgelopen jaren heb ik dus een promotieonderzoek gedaan aan de Universiteit voor Humanistiek. Dankjewel. En kun je iets vertellen over de focus van het onderzoek en de noodzaak hiervan? In de afgelopen jaren, zoals ik al zei, heb ik onderzocht hoe mantelzorgers met een migratieachtergrond de zorg ervaren voor een familielid met dementie. En ik heb daarbij met name gekeken naar hoe de zorg gedeeld wordt binnen families en hoe de zorg gedeeld wordt tussen families en formele zorg.Daar was nog niet zoveel over bekend, mantelzorgers met een migratieachgrond worden heel weinig en te weinig meegenomen in dit soort onderzoek. En ja, de vergrijzing en toenemende diversiteit in westerse samenlevingen maakt de urgentie van dit onderzoek dus groot. Ik heb daar een kwalitatief onderzoek uitgevoerd, vooral onder mantelzorgers en voor een kleiner deel onder zorg- en hulpverleners. Wat was er al wel bekend over de zorg bij mensen met een migratieachtergrond en wat voegt jouw onderzoek daaraan toe?Wat al wel bekend was uit voorgaande onderzoeken is dat mantelzorgers met een migratieachtergrond minder gebruik maken van formele zorg. Dat kan te maken hebben met taalbarères, discriminatie of bijvoorbeeld gebrek aan kennis over dementie. In die voorgaande onderzoeken suggereren dan ook dat deze mantelzorgers vaak intensievere zorg geven en daardoor vaker over belast zijn. Maar waar nog niet zoveel onderzoek naar gedaan was, is hoe mantelzorgers met een migratieachgrond het delen van de zorg ervaren. En hoe die ervaringen gevormd worden door hun sociale omgeving.En door hun contacten met formele zorg. Zoals Savitri en Evelien in de video al vertelden, het geven van zorg is een complexe ervaring, vaak een emotionele en morele ervaring die beïnvloed wordt door verschillende factoren. En binnen dit onderzoek heb ik dus geprobeerd om daar inzicht in te geven. En in je onderzoek ga je dus ook in op die emotionele ervaring van het geven van zorg. Wat zegt je onderzoek over het ervaren gevoelswereld van deze mantelzorgers?De bevindingen laten zien dat het geven van zorg gedaan wordt vanuit twee sociale opvattingen of morele kaders, kun je zeggen, die stellen dat je voor een oude familielid hoort te zorgen. Het ene morele kader stelt dat je zorg geeft aan een oude familielid uit liefde voor je ouders bijvoorbeeld, omdat ze bijvoorbeeld ook voor jou hebben gezorgd als kind. In het andere morele kader stelt dat je zorg geeft vanuit een verantwoordelijkheidsgevoel. Dus ook als je geen fijne relatie hebt gehad met je ouders. Deze opvattingen of morele kaders zijn al aanwezig in een samenleving.Maar vaak geeft slechts één vrouw in een gezin of in een familie je gehoor aan, dat is vaak een dochter of een schoondochter. En met die morele kaders in gedachten neemt zij dus de meeste of alle zorgen op zich. Doordat ze aan die morele kaders kan voldoen, geeft dat een gevoel van trots en kracht ook dat ze de zorg kan geven. Dat zorgt er ook voor dat ze de zorg kan blijven geven. Dus het gehoor kunnen geven aan het morele kader van liefde voor je ouders en het morele kader van verantwoordelijkheidsgevoel geeft, dus een gevoel van trots en kracht. En wat betekent dit voor delen van de zorg?Het betekent dat met die morele kaders in gedachten de zorg of de mantelzorgrol langzaamaan een belangrijk deel van de identiteit van de mantelzorger wordt. Dat is zeker het geval wanneer de zorg niet gedeeld wordt binnen de familie. En de mantelzorg om daarmee om te gaan, met een gebrek aan dat de zorg niet gedeeld wordt in de familie, wordt de mantelzorgrol afgezet tegen familieleden die geen zorg geven. Mantelzorg kan dan denken van ja, ik ben in ieder geval wel een betere dochter of een betere gelovige.Dan familieleden die geen zorg geven. En dat is eigenlijk een manier van omgaan met gevoelens van overbelasting en maar vooral ook met gevoelens van teleurstelling in familieleden die geen zorg geven. Het onderzoek laat daarmee dus ook zien dat het geven van zorg een hele emotionele en morele ervaring is. En om de ervaringen en behoeften van mantelzorg te begrijpen, heb je ook gebruik gemaakt van intersectionaliteit. Wat zijn hierbij de belangrijkste bevindingen? Wat vooral naar voren komt, is dat iemands migratiegeschiedenis, dus hoe iemand gemigreerd is,En de sociale klasse waarin iemand is opgegroeid van grote invloed zijn op het verkrijgen van vaardigheden die van belang zijn bij het organiseren en het delen van de zorg. Maar wat dit in de praktijk betekent, verschilt per mantelzorger. Omdat andere sociale factoren of andere aspecten van iemands identiteit en iemands levensgeschiedenis ook beïnvloeden hoe de zorg ervaren wordt, hoe de zorg gedeeld wordt. Denk bijvoorbeeld aan iemands positie in de familie, of er een sociaal netwerk is of niet, en bijvoorbeeld wat voor rol religie speelt in iemands leven.Je zegt dus eigenlijk dat iedere mantelzorger andere levenservaringen heeft en daardoor dus ook andere behoeftes heeft bij het delen van zorg. Klopt dat? Ja, dat klopt. Het onderzoek laat daarmee dus ook zien dat we ons niet moeten blindstaren op cultuur, op de cultuur en etniciteit van mantelzorgers. Maar in plaats daarvan iedere mantelzorg te zien als een uniek individu die verschillende ervaringen heeft en waarvan de achtergrond eigenlijk heel complex is en die beïnvloeden de manier waarop.Iemand de zorg ervaart en de behoefte die iemand nodig is. Dus het is heel belangrijk om te kijken naar de persoon die tegen je over zit als professional. In plaats van labels te plakken op mantelzorgers door ze te zien als onderdeel van een culturele groep. Ja, en je hebt ook met zorg en hulpverleners gesproken. Wat kwam hieruit naar voren? Wat vooral naar voren kwam, is dat zorg- en hulpverleners in het contact met mantelzorgers en families. Het vooral belangrijk vinden dat er een gevoel van nabijheid is, want dat is nodig om de zorg te kunnen delen. En daarvoorIs het heel belangrijk dat er ook een gevoel van begrip en vertrouwen is tussen mantelzorger en professional. Maar bij mantelzorgers met een migratieachtergrond in hun contacten daarmee wordt dit gevoel van nabijheid vaak verhinderd. Ook mantelzorgers ervaren vaak een gevoel van afstand. Waardoor nabijheid en vertrouw eigenlijk niet mogelijk is. En dat leidt er dus vaak toe dat professionals deze mantelzorg niet verder kunnen helpen en dat ze dus vastraken in hun werk. Daarnaast kwam het voor dat professionals in hun werk heel erg uitgaande van een vraag en sturen benadering. Evelien vertelde het ook al even.En in deze benadering wordt de regie heel erg bij de mantelzorger gelegd. Dus het is aan de mantelzorger om de hulpvraag te formuleren. Maar vaak werkt dat gewoon niet zo. Ik weet nog dat een paar professionals me ook vertelden dat wanneer een mantelzorger de hulpvraag niet formuleert of aangeeft geen hulp nodig te hebben, dat ze dat dan ook dat de professional het dan ook moeilijker vindt om een mailtje te sturen of om even te bellen om te zien hoe het gaat. Want ja, dan zou je misschien als professional op dringerig overkomen, want het past niet binnen een vraaggestuurde aanpak.Maar ja, deze aanpak werkt vaak niet wanneer er geen vertrouwen is. Want iemand zou de hulpvraag minder snel formuleren wanneer er geen gevoel van vertrouwen is en nabijheid. Daarnaast werkt deze aanpak ook niet wanneer een mantelzorger bijvoorbeeld geen kennis heeft van dementie, dus gewoon niet weet wat dementie is, en ook niet op de hoogte is van wat de mogelijkheden voor ondersteuning zijn. In de breakout sessie zal ik daar wat verder op ingaan. Maar wat vooral naar voren komt uit het onderzoek is dat deze aanpak er echt vaak toe leidt dat professionals vastkomen te zitten in hun werk. Waardoor vervolgens mantelzorgers ook niet.Ondersteund worden in het delen van de zorg. Ja, dus je gaat in op die nabijheid en vraaggerichte aanpak. En als dat niet wordt bereikt, wat gebeurt er dan? Ja, wanneer dat gebeurt, zag ik dat het vaak gerelateerd wordt aan culturele verschillen. Dus met contact lukt niet. Het eerste waar professionals vaak aan denken, niet altijd, maar vaak wel dat het te maken heeft met culturele verschillen. Dat gebeurt doordat professionals het contact met mantelzorgers met een migratieachtergrond vaak vergelijken met mantelzorgers uit de meerderheidspopulatie, waarbij het contact vaak wat makkelijker gaat.Maar op die manier worden deze mantelzorgs als de ander gezien, waarmee het heel moeilijk is om contact mee te maken omdat ze de cultuur niet zouden kennen. Zo is die gedachtegang dan. Daarnaast wordt ook vaak aangenomen dat Evelien al eigenlijk vertelde en Savitri, is dat wanneer mantelzorgers niet om formele hulp vragen, ook al snel wordt aangenomen dat dat niet gebeurt omdat mantelzorgers met een migratieachtergrond nou eenmaal liever zelf zorg geven of nou eenmaal liever binnen het eigen sociaal netwerk hun probleem oplossen of op zoek gaan naar ondersteuning.Behalve dat dat niet overeenkomt met de ervaringen van de mantelzorgers die ik sprak, leiden deze manieren van denken er vaak toe dat professionals vastlopen in hun manier van werken. En ze ervaren daardoor ook vaak een soort handelingsverlegenheid, waardoor ze ook een beetje terughoudend zijn in het doorvragen bijvoorbeeld. En daardoor komen veel vraagstukken niet op tafel en worden delen van de zorg dus verder belemmerd. Een paar professionals die ik sprak hadden wel andere manieren gevonden om toch verbinding te maken met mantelzorgers en obstakels te overkomen.De meeste professionals die ik sprak, hadden we toch vaak over dit soort obstakels die ze tegenkwamen in hun contact met mantelzorgers met een migratieachtergrond. Ja, en komen we al bij de laatste vraag: Hoe kunnen zorg- en hulpverleners die nu ook meekijken, mantelzorgers met een migratieachtergrond ondersteunen? Vaak wordt gezocht naar concrete formules of concrete handvatten bij het delen van de zorg met families en mantelzorgers met een migratieachtergrond. Maar die zijn er niet en die kunnen er volgens mij ook niet zijn, want het gaat altijd om maatwerk.Van een aantal professionals hoorde ik bijvoorbeeld dat ze het fijn zouden vinden als er een boek was met een overzicht van verschillende culturele gebruiken per culturele groep, zodat ze hun contact met mantelzorgers met een migratieachgrond daar vervolgens op kunnen afstemmen. Maar zoiets werkt niet. Dat zou gewoonweg niet werken, omdat mensen veel meer zijn dan de culturele groep waar ze toe behoren. Wat wel kan helpen, is om geen culturele labels op mantelzorgs te plakken, maar om open en nieuwsgierig het gesprek aan te gaan.En zoals ik al zei, het is altijd heel belangrijk om te kijken naar de mens die tegenover je zit en je af te vragen hoe is iemand opgegroeid? Hoe lang woont iemand in Nederland, zijn er sociale netwerken of niet? Etcetera, zijn heel veel vragen die belangrijk zijn om de achtergrond en de geschiedenis, de levensgeschiedenis van de mantelzorger helder te kunnen krijgen. Dit soort aspecten spelen allemaal mee in hoe de behoeften zijn. En daarin bedoel ik ook dus dat het belangrijk is om contact, verbinding te maken met de leefwereld van mantelzorgers. Want zij zijn een enorme bron aan kennis.En zij weten als geen ander hoe het ouderen met dementie geleefd heeft en wat de behoeften zijn in de zorg. Dus vooral het gesprek aangaan met mantelzorgers. Wat daarna heel belangrijk is, is dat professionals zich ook bewust zijn van hun eigen referentiekader. Wanneer we het hebben over mantelzorgers met een migratieachtergrond, gaat het vaak over de cultuur van de ander. Maar professionals hebben ook een cultuur, natuurlijk. Ze hebben ook een professionele bagage en ze nemen ook zichzelf mee in het werk dat ze doen.Dus het is heel belangrijk dat ze daar bewust van zijn. Want objectieve hulpverlening is er niet. We komen allemaal ergens vandaan, we zijn allemaal met bepaalde normen en ervaringen opgegroeid. En die kleuren de manier waarop je situaties, zorgsituaties in dit geval ziet en benadert. Dus in het contact met mantelzorgers denk ik dat het heel belangrijk is dat professionals zich constant afvragen met welke bril kijk ik naar deze zorgsituatie of naar deze mantelzorger. Het is natuurlijk ook belangrijk dat professionals gesteund worden hierin door de organisaties waar ze werken. En dat zou kunnen door diversiteit en inclusie als aandachtspunt te nemen.Nou, dankjewel Menan voor dit gesprek. En we kijken heel erg uit naar jouw promotie half november. En mocht je daarbij willen zijn, stuur dan ook een berichtje even naar Varos en dan linken we je door voor de online sessie."
ouderen-zorg-2.mp3,interviews,NVIDIA Parakeet TDT 0.6B v3,34.1,25.495897435897447,100,98.07179487179488,10422.3125,10422.3125,166.41155836118202,"Nou, dit is mijn allereerste podcast. De Tommy in de Zorg podcast, ga ik het maar noemen. Ik ben hier nu op Sint-Josef oord. En ik vind het een hele mooie locatie. Eigenlijk wel heel bijzonder. Ik ben nu met Olaf Schut en we hadden een afspraak staan. En uiteindelijk hebben we nou besloten om dit te gaan doen, om een podcast te gaan maken. Er zijn weinig podcasts over de zorg. Ik denk dat we daar nog wel hele leuke dingen mee teweeg kunnen brengen met de podcast. Maar ik ben hier nou met Olaf. Olaf is specialist oudere geneeskunde. Zeker dat goed? Ja, dat klopt. En is het. Hoe noemen ze het nog meer? Het werd vroeger altijd verpleeghuisarts genoemd. En eh.Eigenlijk sinds 2008 weten we is het gefuseerd met de oude sociale geriaters. En sindsdien heet het Specialist oudere geneeskunde. Specialist oudere geneeskunde. En zijn er veel mensen die jouw beroep beoefenen? Ja, volgens mij zijn het er om en bij 1500. Het is een relatief kleine groep voor een hele grote doelgroep. Ja, en veel van hen werken nog steeds in het verpleeghuis. Je ziet dat daar een grote cultuurverandering ontstaat, dat er steeds meer buiten het verpleegs gaan werken. Als je nagaat dat 6% van de kwetsbare ouderen wonen in het verpleeghuis. Dus van alle kwetsbare ouderen woont er maar ongeveer 6% in het verpleeghuis.Jij werkt niet in een verpleeghuis. Ik werk op dit moment vooral bij mensen thuis. En ga over een tijdje in Amsterdam ook wel in het verpleeghuis onder andere werken, maar ook bij mensen thuis. En dan wat voor mensen kom je dan tegen jouw werk? Ja, eigenlijk allerlei soorten mensen. Het is natuurlijk het idee in Nederland dat we steeds langer thuis willen wonen. Deels vanuit de overheid, maar ook wel dat mensen dat graag willen. We worden steeds ouder. En vinden het ook heel belangrijk om te kunnen doen. Hoe je zelf instaat. Dus veel mensen willen zo lang mogelijk thuis wonen. Wat ik zie, is ik word veel door huisartsen ingeschakeld. En dan doen we een zogeheten eerste lijnsconsulten.Want de huisarts is de eerste lijn, eigenlijk de eerste zorg. En die kunnen ons inschakelen voor heel veel redenen. Maar veel voorkomend is bijvoorbeeld dat ze merken dat het op vele fronten steeds moeizamer gaat. Dat iemand steeds meer verschillende klachten heeft, bij veel specialisten loopt, bijvoorbeeld steeds meer gaat vallen, de medicatie wel eens vergeet, geen thuiszorg heeft, liever ook niet wil. Echt een beetje een grijsgebied tussen gaat het nog wel thuis of niet gaat. En dan zie je dat dit soort patiënten veel naar specialisten gaan in het ziekenhuis. En wat wij kunnen, is ze in een korte tijd helemaal in kaart brengen. Dus dan worden wij ingeschakeld door de huisarts met een vraag.Van bijvoorbeeld, wanneer valt steeds vaker, kun je daarin meedenken van een onderliggende oorzaak of of het überhaupt nog thuis wel veilig kan. En dan komen we ja een paar keer langs en dan brengen we ze eigenlijk in een kaart. Maar die, ik weet wel, als ik in de wijk werk, dan is het toch vaak de huisarts waarmee je te dealen hebt, zeg maar. En die heeft het niet zo vaak over zo'n specialist ouderen geneeskunde. Van het verpleeghuis ken ik het wel. Maar in de wijk dan. Ik zie ze dan niet zoveel. Hoe kan dat, denk je? Ja, ik denk dat het dit toch ook wel deels met de naamsbekendheid te maken heeft. En dat het ook wel lastig is dat het bijna in elke regio weer anders georganiseerd is. Dus die keten van zorg. En dus.Hoe zijn de onderlinge afspraken gemaakt? Als ik kom zelf uit Noordoost Groningen heb je echt een crimpregio. Daar werken heel weinig specialist oude geneeskunde. Dus als je er maar weinig hebt, dan is het ook heel moeilijk om die eerste lijnsconsulten te doen. Dus als je al te korter in je verpleeghuis hebt, dan zie je bij de grote organisaties vaak dat ze minder geneigd zijn om die consulten te doen. Wat eigenlijk gek is als je nagaat waar de grootste doelgroep woont. En ik denk dat dat ook nodig is, dat we dat huisartsen weten dat ze een spanningspartner kunnen vinden in de complexe zorg met ouderen. Maar dat wij ook een schakel kunnen zijn tussen de case manager, de thuiszorgmedewerker, de familie.En wat ik vaak zie is dat ik zie meestal mensen één à twee keer. En dan hebben we meestal één of twee gesprekken en dan brengen ze helemaal in kaart. Ook soms met een verpleegkundige of andere erbij. En dan hebben we vaak een uitzaggesprek. En dan geven we eigenlijk heel veel handvatten om te kijken of iemand daardoor een stukje waardevoller nog thuis kan wonen. En het kan soms iets heel kleins zijn, bijvoorbeeld dat ze nooit hebben gedacht aan die trap is aan te passen. Dus je bent ook een beetje ergotherapeut. Ja, we proberen eigenlijk alles op alle domeinen in kaart te brengen. Dus bijvoorbeeld op lichamelijk vlak, maar ook op de ADL, dus de lichamelijke verzorging, hoe ze dat organiseren. Of iemand nog wel of niet kan koken. Eigenlijk doen we een heleAssessment van dat we alles in kaart brengen, alle domeinen ook op psychisch vlak, communicatief, zijn er bijvoorbeeld zichtproblemen of hoorproblemen. En dan lopen we dat stapsgewijs bij langs van wie zou daar nou een rol in kunnen spelen? We doen vrouwen ook niet alleen. Want ook de wijkzorg doet ontzettend veel en signaleert ook heel veel. Dus daar hebben we ook vaak contact mee. Maar kan kan er zeg maar iemand, een verpleegkundige of verzorger in de wijk, kan die jou gewoon bellen? Ja, dat kan. Vaak wel. Meestal gaat het via de huisarts. En een hele belangrijke spin in de web is een praktijkondersteuner. Dus die zie je sinds de afgelopen jaren steeds meer. En dan heb je ook praktijkondersteuners ouderen. Die zijn eigenlijk ook het aanspreekpunt daarin vaak.Dus daar sparren wij het meest mee. Maar je ziet ook dat we bij bepaalde huizen bijvoorbeeld elke zes weken een MDO hebben. En dan verschilt het per regio, maar dan kan het bijvoorbeeld zijn dat je daar een wijkverpleegkundige, maar ook een WMO-consulent, een case manager sociaal team of zo. Je kan eigenlijk daar alle belangrijke spelers van die wijk aan tafel laten komen en dan bespreek je de kwetsbare ouderen. En dan kan het soms alleen al aan tafel voldoende zijn. Dan hoef je niet eens altijd iemand te zien. Maar dat je met het meedenken soms echt iemand al heel erg kan helpen. Ja, oké, best wel boeiend. Jammer dat er toch niet zoveel mensen van weten eigenlijk. Maar als je nou even teruggaat in de tijd. Je bent een.Je bent een man en je bent nou dokter geworden. Al een tijdje trouwens. Wa wilde jij vroeger worden? Toen je jong was? Vroeger wilde ik professioneel basketballer worden. Met 1,73 meter was dat wel een uitdaging. Heb je wel geprobeerd? Ik heb het op mijn manier wel geprobeerd, heel veel gebaasgebald. Ja, maar nee, het is helaas niet mogen worden. Nee. Toen wilde ik na een lange zoektocht geneeskunde studeren en wilde ik vooral sportarts worden. Want ik sporte nog steeds heel veel. Maar waarom geneeskunde? Geneeskunde omdat mijn vader was huisarts.Oké, dat zie je vaak hè, dat dat toch een beetje in de familie zit, de dokters toch? Klopt. En mijn moeder is zelfs verpleegkundige. Dus dat zag je ook. Mijn vader had een huisartsenpraktijk in Noordoost Groningen en aan huis. Dus ik heb het altijd gezien. Patiëntenzorg hielpen mee als ze griepspuiten werden gezet. Met de registratie, en als ik wat ouder ouder was, dan mocht ik ook wel eens een griepsprik zetten onder supervisie. En ik vond het stiekem eigenlijk altijd heel erg leuk, maar een beetje in je puberteit. Dan kom je in zo'n fase dat je niet, of juist helemaal zoals je vader wil zijn, of compleet niet. Nou, ik wilde het leger in en ik wilde vooral heel veel sporten en.Toen zei mijn vader ooit tegen mij, hij zei, je hebt zoveel interesse in de mens en in het verhaal van de mens, waarom word je niet gewoon eerst dokter? En dan kun je altijd nog het leger in. Ja, je kunt ook legerachts worden. Ja, militair arts. En dat vond ik eigenlijk wel een hele logische zet van hem. Dat ik dacht, daar heb je eigenlijk wel gelijk in. En dan heb ik eerst een hele interessante studie en dan kan ik daarna een heel mooi actief leven in het leger hebben. Dus je vader is wel een voorbeeld van jou? Ja, mijn vader is een groot rolmodel met beide ouders, maar mijn vader wel uiteindelijk voor me voor het pad wat ik heb bewandeld. Oké, dan nou goed. Dan ga je geneeskunde studeren. Ik ben verpleegkundige en ik.Ik weet wel, heel veel mensen die in de zorg werken vinden, kijken ook wel een beetje op tegen de dokter. Hebben veel geleerd en ik denk ook de dokters van vroeg dat die wel een beetje anders in hun werk stonden. Was het moeilijk? De studie? De studie vond ik heel moeilijk. Mijn probleem was, ik was naar mijn middelbare school een stukje naar het buitenland gegaan daarna. En toen ik begon met studeren, las ik elk boek wat er was. Studieboek voor de studiesf. Veel studenten gingen veel tactisch kijken, welke belangrijke boeken. Ik las elk boek, elke letter. En daardoor vond ik het moeilijk.Onderscheid te maken tussen kleine details die werden gevraagd. Dus hele zeldzame dingen. Ik wist vaak heel goed de klinische ziektebeelden, maar minder goed een speciaal eiwit wat ineens werd gevraagd. Of een zeldza molecuul. Dat vond ik lastiger. Dus ik liep er in het begin best wel tegenaan. En ik heb ook echt overwogen om mijn studie te stoppen op een gegeven moment. Maar de voordat je basisarts bent, dat duurt zes jaar? Ja, in mijn derde jaar overwoog ik te stoppen met de studie. En dat een.En toen heel veel soul searching gedaan en gekeken van ik wilde heel lang ook de theateracademie doen. Dus ik dacht, ga ik dat dan niet doen? Met al zoekende geweest of zo? Zeker zoeken. En dat is ook wel iets wat ik herken bij medecters en ook wel geneeskunde studenten, dat het echt een zoektocht is, omdat het eigenlijk een hele brede opleiding is. Voor mensen denken ik word er dokter mee, maar eigenlijk kan je alle kanten ermee op. Maar tijdens jouw opleiding ben je ook denk ik heel veel bezig met jezelf. Ja, ik denk dat dat wel erbij hoort bij jullie opleiding. Tenminste.Ik weet niet wat zo is. Nee, zeker. En daar is denk ik ook veel meer aandacht voor. En ook wat patiëntencontact met je doet. Als ik vergelijk met mijn vader, heb ik wel eens gevraagd. Hij heeft in zes jaar opleiding één patiënt gezien. En dat was eigenlijk vooral aan de start wanneer die dokter werd. Terwijl nu de geneeskundeopleiding een hele praktische opleiding is, waar je heel veel stages doet, heel veel patiënten ziet vier keer per week waar een patiënt een college had, waar live een patiënt was. En ook heel veel aandacht veel meer aandacht is voor communicatie met de patiënt. Dus ik denk dat daar echt wel een hele positieve verandering in is. Maar wat bijvoorbeeld gek is met wat je zei over die verpleegkundigen, wij hebben in ons eerste jaar een zorgstage. Dan moet je een maandje meelopen met de verpleging. En dan ben je eigenlijk even tijdelijk.Helpende. Of dan help je in de zorg. Ik vond dat super leerzaam. Ik heb dat in het ziekenhuis gedaan. En dan moet je mensen wassen en aankleden en de wondverzorging helpen. Dat hoort er echt bij. Maar dat is helemaal het begin van de opleiding. En veel mensen hebben er toch wisselen ervaringen bij. Wel leerzaam, maar daarna ga je echt door met je opleiding. En dat ik wel eens achteraf denk van het had leerzamer geweest als ik dat helemaal aan het einde van mijn opleiding had gehad. Omdat ik nu meer dan ooit realiseer hoe wij leunen op de verpleging onze handen en voeten zijn, onze ogen dat wij soms patiënten maar zo'n kort moment zien.Ja, dat je elkaar echt nodig hebt. En dat je elkaar ook af en toe blindelinks moet kunnen vertrouwen. En dat realiseerde ik me beter toen in die fase, in dat eerste jaar. Maar daar gaat zes jaar overheen. En dan heb ik wel eens het gevoel dat mensen dat vergeten eigenlijk. En ik denk dat dat medespeelt in die rollen en in die hiërarchie die er misschien nog steeds wel is. Ik vind het wel mooi, je zegt vertrouwen, dat is denk ik heel belangrijk in de zorg. Even terug naar jou. Je hebt dus de basisarts en daar oudere geneeskunde gaan studeren. Maar dat is eigenlijk toch. Ja, niet iedereen kiest daarvoor. Waarom kies jij specifiek voor de doelgroep oudere mensen? Want die worden niet meer zo.Snel beter. Nee, dat klopt. Dat is eigenlijk denk ik bij mij ontstaan dat ik de sportoarts heel snel had verlaten dat beeld. Ik heb een keuzevak gedaan. Toen merkte ik dat het voor mij niet de doelgroep was waar ik eigenlijk naar op zoek was. Ik had toch wat meer met mensen die toch wel ziek waren. En toen kwam ik op revidatiegeneeskunde. Daar heb ik mijn hele studie eigenlijk op gericht. Onderzoek gedaan in India en ook keuzevakken in gedaan aan mijn oude koodschap. En toen vond ik het toch wel lastig dat je toch nog best een grote afstand met de patiënt hield. En het patiëntencontact niet dichtbij genoeg kwam op een of andere manier. En toen dacht ik, ik word mijn huisarts, wat datDat was dan een soort van laatste keus, wat eigenlijk belachelijk is. Want het is een ongelooflijk complex vak. Maar toen dacht ik, daar vind je alles, alle interesses. Ook toch zoals mijn vader. En die zei: ga met verplegers werken. Dat is het meest complexe doelgroep voor een huisarts. Als je dat een beetje onder de knie hebt, dan komt het huisarts worden wel goed. En hij had denk ik niet gerealiseerd dat het effect iets anders zou worden. Dus jij ging eigenlijk met de intentie naar het verpleegheid van nou uiteindelijk wil ik huisarts worden. En toen is er iets anders gebeurd, zeg maar. Ja, mijn eerste ervaring was niet meteen liefde op eerst gezicht. Ik had toen net als Suriname nog koodschappen gelopen en toen ging ik in de Bijl maar in een verplegaar starten.Qua sfeer fantastisch, en ik heb ontzettend leuke bewoners gehad, maar er was niet zoveel begeleiding. Dus ik had het was een locatie die enorm onder bezetting had qua dokters. To heb ik ook gekozen om daar niet in verder te gaan na een paar maanden. Een klein uitstapje gemaakt naar de verslavingszorg. En daar kwam ik heel veel ouderen tegen met verslavingsproblematiek, met drankproblematiek, met benzoafhankelijkheid, slaapmedicatie. En ik vond dat stiekem eigenlijk heel erg interessant. Vooral omdat ze zulke mooie verhalen altijd hadden en zo anders waren dan de jongeren die aan de GHB verslaafd waren.En toen zeiden heel veel collega's tegen mij: Volgens mij moet jij iets met je ouderen weer gaan doen. En ik had het in mijn hoofd al helemaal afgeschreven. Maar toen viel het allemaal op zijn plek. En als ik dan nu jaren later terugkijk, ik ben nu bijna klaar met de opleiding tot specialist. Dat is een driejarige opleiding. En ik heb daarvoor dus ook een tijdje in de oude zorg gewerkt. Merk ik dat die doelgroep zo ontzettend leuk is. En er is geen dag hetzelfde. Vooral het werken met mensen die demend zijn, dementie hebben, dat vind ik zelf heel erg mooi. Waarom dan?Omdat je eigenlijk als dokter niet een standaard doktersrol hebt. Dus ik schrijf niet alleen maar pillen voor. Ik denk niet alleen maar in diagnoses. Maar je weet dat iemand de ment is, je weet dat ze een beperkte tijd hebben om nog te leven. En je kijkt eigenlijk naar veel grotere dingen dan alleen de lichamelijke klachten. Je kijkt ook naar bijvoorbeeld kunnen ze door die lichamelijke klachten ineens niet meer activiteiten doen. Hoe kun je die activiteiten dan nog op een bepaalde manier aanpassen dat ze het wel kunnen doen? Kon iemand piano spelen, maar kan hij door zijn ziekte dat niet meer? Hoe kan je dan wel zorgen dat hij nog van pianmuziek kan genieten?En dat, ook met dat soort dingen denk je heel veel mee. En je denkt het heel erg in een team. En het zijn mensen die heel dankbaar vaak zijn, omdat ze toch wat anders in het leven staan dan jonge mensen. Maar ook wat je zegt, je hebt dan geneeskunde gestudeerd, zegt het al, bij deze mensen worden niet meer beter. En dan moet er toch wel iets zijn met die doelgroep die jou dan toch triggert of zo. Ik vond het heel bevrijdend, dat heb ik ook wel eens een keer gezegd. Ik vind het heel bevrijdend om niet alleen in diagnoses te denken. En zo is wel de opleiding heel erg ingericht. Iemand komt met een klacht.Je denkt in een bepaald patroon en het zal een bepaalde ziekte kunnen zijn. En je denkt in een behandeling die gaat oplossen. Die wil je oplossen. Fixen. En dat zit er ook soms nog wel in. En dat kan ook heel nuttig zijn, dat is ook af en toe zeker nodig in acute situaties. Of bij bepaalde klachten die je daardoor toch nog kan verhelpen. Want dat vergeten ook heel veel mensen, denk ik, dat je bij ouderen ook echt bepaalde klachten zeker nog wel kan verhelpen. Ik heb ook wel eens dat ik een schouder, dat ik daar een injectie in heb gegeven en dat iemand daardoor pijnvrij geen pillen nodig heeft. Nou, dat vind ik heel mooi om te kunnen doen. Maar ik vind het ook wel heel fijn dat het heeft wel iets dat eigenlijk je als zo'n jonge dokter.Met een fase van het leven bezig bent, wat allemaal voor ons te wachten staat. Met de laatste levensfase, met de dood. En dat is heel bijzonder om mee te werken. Den jij dat je zeg maar anders in het leven staat door jouw werk? Ja, 100%. Hoe oud ben je eigenlijk? 33. 33. En dan gaat heel vaak om met jouw patiënten dan hele oude mensen. En die vertellen je verhalen en daardoor kun je dan beter je eigen leven relativeren of zo, denk je? Ja, soms wel. Soms denk je dan echt, dan maak je iets heftigs mee en dan denk je: Jeetje, dan kom je thuis en dan denk je ik wat.Wat ben je eigenlijk soms met benullige dingen maken je zorgen om? Of je toiletpapier op is of wat moet ik gaan eten vanavond? Ik heb ook daardoor veel meer over de dood na kunnen denken. Als kind was ik daar heel veel mee bezig en ook wel erg bang voor geweest. Je maakt nou heel veel of heel vaak denk ik wel de dood van dicht bij je mee. En dat je ook een actieve rol. Precies, ik geloof oprecht dat dat geen toeval is dat ik dan daarom ook met deze doelgroep werk. Spiritueel al in jouw jeugd. Of het beroep mij heeft gekozen, zover weet ik niet. Maar het is wel dat ik, doordat ik nu zo vaak.Roze of iemand. Ik heb meerdere mensen gehad die in mijn handen overleden. Dat je zo dicht bij de dood komt, dat ik er wel op een andere manier naar ben gaan kijken. En dat ik dat heel bevrijdend vind eigenlijk. Ja, dat het ook wel iets heel moois kan hebben af en toe. Maar ook heel bijzonder is dat je als dokter zo dicht bij dat proces komt. Maar je bent ook heel verantwoordelijk, eigenlijk in dat proces natuurlijk. Als verpleegkundige weet ik, jullie bepaalde dingen en je hebt heel veel verantwoordelijkheden, maar de dokter is toch wel degene die dan heel veel bepaalt en ook wel cruciale dingen. En ook wel, ik weet wel, in het hospis hadden wij een dokter en die was echt heel goed. Die was daar heel goed in. EnMaar als een dokter daar niet is, dan is het voor een verpleegkundige ooit wel eens lastig: hoe moet je die dokter eerst bespelen om de juiste zorg te kunnen krijgen. En ik denk, wat was ook mijn vraag? Als je dat goed kunt doen als dokter, als arts, dus super waardevol voor iedereen die betrokken is bij dat proces. Maar wat maakte dat voor jou dan? Dat je zei, je zegt van die dokters in het hospice konden dat heel goed. Wat was dat dan in jouw beleving? We hadden in het hospice één dokter. En die was ook gewoon gespecialiseerd in die terminale fase, zeg maar, waar mensen in komen. En bijvoorbeeld, mensen in de wijk, die dan de eigen huizarts hebben, die palliatief op een gegeven moment terminaal.En je hebt dan huisartsen erbij, die willen die zorg graag zelf doen, regelen, fixen, zeg maar. Maar die gaan heel andersom omdat ze misschien niet genoeg ervaring daarmee hebben. En dat is soms heel frustrerend. Want als je dan, ik weet van het hospice dat er hele andere doseringen werden toegepast om mensen rustig te krijgen of om mensen geen pijn te laten hebben. En dan zie je een huisarts iets anders doen. En dan zie je dat het geen goed effect heeft op een patiënt. Ja, dan is dat frustrerend. Maar zo'n dokter bedoelt het natuurlijk goed. Maar mensen met meer kennis op dat gebied kunnen denk ik toch wel beter die doseringen inschatten voor de mensen. En dan denk ik dat wel heel erg.Waardevol is. Dus er is heel veel verschil in natuurlijk. En als je dan misschien te trots bent om een, nou zeker misschien heel zwart-wit, om een patiënt over te geven aan een andere dokter, ja, dat kan ooit wel eens heel lastig zijn. Ja, is het dan altijd in het belang van de patiënt dat een huisarts dat, het is ook heel begrijp ik, als je als huisarts natuurlijk heel lange patiënt hebt geholpen. Zeker, daarom. Maar het is wel dat je zegt ook, je merkte in de praktijk gewoon dat je er tegenaan liep dat ze er gewoon niet altijd evenveel ervaring mee hadden. Jazeker. Je hebt dan zeg maar, je huisartsen die dan niet zoveel ervaring ermee hebben, die willen het dan graag zelf doen. En dan weet je als verpleegkundige hoe het binnen een hospice gaat.Je wordt er anders mee omgegaan met zulke klachten bij mensen. En dan. Ik ga niet zeggen dat je het dan beter weet als verpleegkundige. Maar soms ook wel. Hoe ging je er daarmee om? Wat ik kan me ook voorstellen, dat je dus door je ervaring dan wel eens denkt: ik zou het zo doen. Voelde je dan de ruimte om dat aan te geven aan zo'n dokter? Jawel, soms wel, zeker wel. Je hebt zoveel verschillende mensen natuurlijk. En soms wel, soms heeft ook wel eens ooit een dokter gevraagd wat zullen we dan doen. En dat vond ik mooi. Wat je mee? Ja, dat vind ik prachtig als je erin staat, maar ook wel eens ooit. Nee, zo is het en niet anders. En dan denk ik, ja, dan weet ik niet hoe het komt. Ik geloof echt dat iedereen met goede intenties in de zorg werkt en denkt dat hij het goede doet, maar.Het is denk ik heel belangrijk om voor elkaar open te staan, ongeacht hoeveel je gestudeerd hebt of wat precies je vak is binnen de zorg. Ja, ik denk ook dat dat echt essentieel is dat je realiseert dat je het niet alleen kan. Ik heb zelf in het hospice drie maanden mogen werken tijdens mijn opleiding in een Joodshospes in Amsterdam. Dat was echt super waardevol. Ik ben zelf niet van Joods kom af, maar dat was heel mooi om te kunnen meemaken. En daar werkte een huisarts die gespecialiseerd was in palliatieve zorg. En ik, als specialist oude geneeskunde opleiding. En er waren een paar andere specialisten oude geneeskunde ook aan verbonden. Dus het grootste gedeelte van de dokters waren specialist oude geneeskunde.En wat bijzonder was, dat ik daar ook soms met hele jonge mensen te maken kreeg, die gewoon net zo oud als ik waren. Die ging overleden. Die ging overleden. Dat vond ik zelf wel ook weer een moment dat ik dacht, ik ben wel heel dankbaar dat ik niet met jongere patiënten werk. Ja, ik vond het heel moeilijk. Dat herken ik wel. Ik kan me herinneren dat er een keer een jongen in het hospice lag die op mijn leeftijd had. Ja, dus dan onwerkelijk of zo. Dan ga je heel erg dingen op jezelf betrekken. Ja, je bent dan wel professional, maar dan doe je dat toch, waar ik denk. Jazeker, dat herken ik heel erg. Ik heb echt een patiënt gehad dat ik dacht dat had ik kunnen wezen. Het was alleen dat ik heb dan een dochtertje, dat had hij niet.Maar voor de rest had ik compleet dezelfde persoon kunnen zijn. En hij had het pech dat hij een tumor had waar hij aan kwam te overlijden. En ja, ook dat het leven dan zo dat je soms gewoon pech kan hebben. Maar ik vond het heel bijzonder dat in dat hospice werd er zoveel aandacht gegeven aan de beleving van het laatste stukje. En werd daar ook gezegd het leven wordt gevierd tot het laatste moment. Ik geloven mensen ooit niet bij een hospieties, als ik ooit vertel over het hospiet, dat mensen dan hebben zoiets van oh ja, dan gaat iedereen dood en daar is het heel duister. Terwijl, ja, jij weet het ook. Het leven staat nergens zo centraal als in een hospiets denk ik. Nee, nee, zeker. En er wordt ook heel veel gelachen en denk ik gegeten.Soms hele mooie muziek gedraaid. En via de wensambulance bijvoorbeeld bepaalde dingen nog gedaan. Ja, dat is ook mooi hè. Wat moet je die doen? Ja, ik volg hen ook op LinkedIn en dan zie ik altijd van die mooie foto's van iemand die nog ergens in een bos een laatste picnic doet. Of dat vind ik zo. Ik vind dat wij in de zorg voor dit soort dingen echt aandacht moeten hebben. En niet alleen voor verder moeten kijken dan alleen de ziekte. En als ik dan terugkijk, heeft dat dus ook meegespeeld waarom ik ooit voor revidatiegenees kunnen koos. Want die kiezen die werken ook heel vaak vanuit een ziekte. Dus niemand heeft bijvoorbeeld een beroerte doorgemaakt en daardoor beperkingen opgelopen. En hoe ga je er dan vervolgens mee om?En dat is zo'n andere manier van denken. En dat is wel denk ik ook lastig. Dat veel geneeskundestudenten dat niet gewend zijn om te denken. Dus is het ook logisch dat je daardoor sneller voor een beroep zal kiezen later. waar je zes jaar lang wat over te horen hebt gekregen. En daarom kies ik denk ik zoveel mensen ook voor het ziekenhuis. Dat ze denken, ja, ik vind ik hou van de actie, ik wil mensen kunnen genezen. En dat ik nu wel steeds. Ik denk dat het grootste gedeelte van de species oude geneeskunde in opleiding nooit dat van tevoren dachten te zullen worden. Omdat je in de opleiding daar weinig van ziet. Ik heb in Amsterdam de Uva gestudeerd. Ik heb geen enkel college.Van een specialist oude geneeskunde in sessie tijd gehad, maar ook niet van een geriater. Dus ik wist helemaal niks van oude geneeskunde qua specialisme. Ik had er nog nooit van gehoord. En dan is het natuurlijk heel lastig om voor iets te kunnen wel of niet te kunnen kiezen als je überhaupt niet weet dat het bestaat of dat er verkeerde verhalen over bestaan. Dus ik geef nu elke week les, ook op de vu, aan geneeskundigstudenten, vlak voordat ze hun stage gaan lopen in het verpleeghuis. En dan vragen mensen ook heel vaak hetzelfde aan: waarom heb jij godsnaam voor dit vak gekozen? Ja, datHet is ook niet voor de hand liggen. Je bent jong, je bent een man, je hebt ook tatoeages volgens mij. En dan werk je in de zorg en ook nog eens met oudere mensen. Die vragen krijg je dan inderdaad: wat maakt het dan? En ik denk dat je hoe ouder je wordt, en ik ben helemaal nog niet oud, maar ik sta aan het begin van mijn carrière, is dat je wel steeds meer gaat kijken waar krijg ik energie van en waar word ik gelukkig van. En voor mij is dat af en toe een onorthodoxe rol van de dokter. Gecombineerd met ook een hele pragmatische rol. Dus ik ben af en toe ook een soort huisarts, alleen dan voor alleen maar ouderen. Dus ik heb ook wel eens een tenagel weggehaald.Omdat hij een stoker teen veroorzaakte. Of een schimmelinfectie behandelen. Dat doe je ook. Of de diabetes van een suikerpatiënt goed instellen. Dat doe je ook. En wat vind je nou echt als je nou heel specifiek kijkt naar jouw vak, wat vind je nou echt het mooiste waar je zeg maar tegenkomt bij de dingen die je nu mag doen? Wat ik het mooiste vind om te doen, is denk ik iemand in de laatste levensfase, met name het laatste stuk, zo goed mogelijk kunnen begeleiden. Echt het allerlaatste bedoel je? Ja, dat vind ik denk ik een van de meest waardevolle stukken.Gecombineerd als tegenhanger, mensen ondersteunen in de thuissituatie. Dus door die constitatieve rol in de eerste lijn. Dat is een soort yinjang voor mij. De ene kant is eigenlijk het misschien wel een beetje het tegenovergestelde wat ik ooit heb geleerd, de dood en de dilemma's of iemand nog wel of niet naar het ziekenhuis moet gaan. Dat je daar met de familie een heel intens gesprek over kan hebben. Bij iemand die dement is en er niet meer over na kan denken of het niet meer kan verwoorden. En dat in tegenstelling tot iemand die dat wel heel goed kan, maar net heeft ontdekt dat hij dement begint te raken. En het leven.Uit zijn handen ziet glippen en een soort toekomstbeeld voor zich ziet van o god, ik moet ooit naar het verpleeghuis, hoe moet dit allemaal? En daar ook dan in mee te kunnen denken. En die twee tegenhangers in het vak, dat vind ik eigenlijk heel erg gaaf. Maar goed, ik denk wel een beetje dezelfde missie hebben, zeg maar. Van meer aandacht genereren ook voor de oudere mensen, voor de zorg voor oudere mensen. Maar heb je daar een idee over? Hoe kun je dat nou het beste doen? Hoe kunnen we nou zeg maar? Je kunt niet mensen overhalen om in de zorg te gaan werken, daar ben ik echt van overtuigd. Maar hoe kun je nou er wel voor zorgen dat mensen. Want ik was net zo onwetend als jij eigenlijk. Ik had ik had ook zelfs vooroordeerd, ik dacht saai, oude mensen willen daar niks mee te maken hebben.Mij is het ook gegrepen. Hoe kunnen we nou ervoor zorgen dat we die doelgroep kunnen bereiken? Want er zijn heel veel mensen, die nou ook niet weten wat ze willen, zoeken zijn, wel een vooroordeel hebben over iets waar ze niet weten. Hoe kun je die mensen trigger om misschien daar eens over na te denken of om het eerst te gaan ervaren? Ja, ik denk twee dingen. zeg maar, lange termijn, korte termijn, lange termijn om de grootste impact te maken. Nu wordt een nieuw raamplan geschreven voor het geneeskundecurriculum. Dus dat is hoe ziet het curriculum van die hele opleiding eruit. Dat zijn ze op dit moment aan de tekentafel aan het.Ontwerpen voor de komende zoveel jaar. Zit je daarbij ook? Nee, nee, maar er zitten wel er zitten wel grote spelers, zoals Nieke Nieuwehuizen. En ook mensen van het ministerie zitten erbij. Er wordt echt vanuit allerlei vakgebieden over nagedacht. En er zijn ook wel geluiden waarin ze. Ik verwacht ook wel dat er echt een grote verandering daarin gaat plaatsvinden. Tot de lange termijn dan. En dan praat je over tien jaar bijvoorbeeld. Een idee is bijvoorbeeld, nu is het geneeskundecurriculeum heel erg ziekenhuis gericht. Terwijl we weten uit onderzoeken dat meer dan een helft uiteindelijk niet in het ziekenhuis gaat werken. Maar huisartswoord of specialist oude geneeskunde of arboarts allemaal buiten het ziekenhuis.Toch is het gek dat we dan de opleiding zo erg ziekenhuis gericht hebben. En ook de koodschappen is denk ik 80% allemaal ziekenhuis gericht. Je doet allemaal ziekenhuis stages. En het allerlaatste stukje, een paar weken is het verpleeghuis, of soms niet eens, maar Amsterdam op de vuur gelukkig wel. Ik denk dat daar de verandering moet starten. Dus dat je een koodschappen op zijn kop gooit, dat je het grootste gedeelte allemaal buiten de ziekenhuizen stage loopt bij de huisarts. En dat als jent, je oudere patiënt bijvoorbeeld een keer een operatie nodig heeft, dat je meegaat. Dat je gaat kijken in het ziekenhuis. En dat je daardoor het stukje van die operatie leert. In plaats van dat je acht weken lang op een afdeling van de CDC staat. Waar je ook heel vaak niet nuttige dingen.Dus in de opleiding, daar moet de grootste slag geslagen worden. Ik denk als je daar meer aandacht voor hebt, dan heb je het profijt voor de langere termijn dat veel meer mensen het normaal vinden om met ouderen te werken. En ook buiten het ziekenhuis te werken. Dus dan heb je veel completere dokters. Dus nu dat je voor jou gevoel meer de focus echt gewoon op het ziekenhuis wezen en niet op de andere dingen die, daar wordt er dan misschien op het laatst als uitstapje even bijgedaan van dit is er ook nog. En daardoor wordt het automatisch ook als een soort tweede, derde keus door mensen ervaren. Dat ze denken, nou, als het niet het ziekenhuis wordt, dan maar dat. Terwijl het grootste gedeelte.Uiteindelijk voor de voor de huisarts geneeskunde kiezen of de oude geneeskunde. En het achteraf dan vaak zeggen van had ik dit maar eerder geweten. En dus die zoektocht. Ja, ik denk dat daar dat je mensen minder zoekende zouden zijn als je een complete beeld in je curriculum neerzet. En een korte termijn oplossing, is dat je als eerste stap. Dat je bijvoorbeeld op alle plekken van de, als ik het puur over de dokters heb, op alle geneeskundefaculteiten een verplicht koodschap oude geneeskunde zijn doen. Dus nu zijn er maar een paar plekken die het doen, onder andere de VU, en Nijmegen doet het volgens mij.En anders is het een onderdeel van een sociale stage. Dus de een komt bij een arboarts en de andere bij een pleeghuis. Als je dat overal in Nederland doet, dan weet je zeker dat elke student het in ieder geval een korte fase ziet. Hebben ze het ervaren. Precies. En ik denk ook niet dat het nodig is dat iedereen in een oude genees kunnen gaat werken. Maar als een chirurg later door heeft van wat er afselt in de thuissituatie, wat heeft geleid tot die heupfractuur, waarom het zo lastig is om thuis te wonen met dementie. Dan zou je die patiënt ook heel anders benaderen als die opgenomen wordt in het ziekenhuis. En dan zou je ook een andere afweging soms kunnen maken van is deze operatie wel op zijn plek? Uh?En waar je dat nu niet doet, omdat je het niet weet, je kent het niet. Dat is wel heel mooi, hè. Ook al ga je er niks mee doen. Die ervaring aan zich, met die doelgroep, gaat je alleen maar een completere dokter maken. Uiteindelijk. Hoe zou je dat voor de verpleegkundigen voor je zien? Nou, hetzelfde denk ik. Ik denk vooral dat ook op hbo-v-opleidingen dat een verplichte oudere zorg stage goed zou zijn. Gewoon om hetzelfde idee dat ze dan uiteindelijk wel een beeld ervan hebben en of je erin gaat werken, ja of nee. Dat ligt aan jezelf. Je kunt niet mensen verplichten tot in de oudere zorg gaan werken. Maar het is natuurlijk wel zo dat er heel veel ouderen zijn, mensen houden we steeds langer in leven door onze mooie geneeskunde, toch?Maar ja, die mensen hebben ook zorg nodig. En uiteindelijk hebben we daar wel heel veel mensen nodig. En ik denk dat dat wel heel belangrijk is. En dan op alle opleidingen gewoon. Bij de verzorgende opleiding ben ik wel van overtuigd dat de oudere zorg, is daar gewoon, daar gaat het heel vaak over. Verpleegkundige is dan toch ook weer heel vaak ooit ziekenhuis. Jonge mensen die denken ik ga verpleegkundigen worden, waarvan de moeder of vader niet in de oudere zorg werkt, die denken die willen in het ziekenhuis werken heel vaak. De actie, daar kun je veel dingen doen. En hoe komt? Ik denk dat dat komt, ook heel erg door de series, hè? Grace Anatomy en ER, of hoe heet al die series. Ik denk echt dat het daar wel mee te maken heeft. Door beeldvorming van mensen die zal.Een beetje gekleurd door de media. En dat is mooi. Dat is prima. Ik denk dat ook een keer een serie over de oudere zorg mag komen of zo. Maar zo'n verplichte stage, gewoon om het ervaren, vind ik vind ik iets heel heel goeds. Want je kunt mensen nooit verplichten, maar het ervaren maakt mensen alleen maar rijker, denk ik. Ja, en ik ben er ook wel eens een keer voor gevraagd. Er was een stelling in een blad dat iemand aan mij vroeg van een paar mensen vroeg van zou je ervoor zijn? En dan zei iemand die erop tegen was, die zei dat het verplicht, zou ik niet willen. Ik noem het ook verplicht, maar het zou eigenlijk de norm moeten zijn. Het is nu de norm dat je stagi loopt bij de jury, bij de interne, noem maar op.En het is niet de norm, het is de afwijking, de uitzondering, dat je een keer in een verpleeghuis een stage zou kunnen lopen. Terwijl daar zou een verandering in moeten plaatsvinden van ook een cultuurshift. Maar ook wat wij uitdragen als dokters in de oudere zorg. En dat we ook daarin een heel ander beroep hebben dan dat het een paar jaar geleden was. Dus ik denk dat als veel meer mensen weten dat we ook heel veel in de wijken en bij mensen thuis werken, wat een huisarts heel veel doet, maar wij hebben veel meer tijd en veel meer expertise op een specifiek gedeelte. Dat dat ook heel aantrekkelijk is voor jonge artsen om in te gaan werken.Ja, en daar zullen zelfs instellingen, verpleeghuisinstellingen, ook naartoe moeten gaan. En dat ze hun dokters die nu allemaal binnen de verpleeghuismuren vooral werken, dat ze die ook veel meer gaan stimuleren om de wijk in te gaan. En samen te werken met de thuiszorg en de case managers. En de praktijk ondersteunen en de huisarts. Daar ligt de toekomst van het vak. Niet in het verpleeghuis. Daar ben ik echt van overtuigd. Ik vind het wel mooi dat je ook eigenlijk ook gek dat het een norm is dat je wel op chirurgie en allerlei plaatsen komt, maar de oudere zorg een beetje vergeten is. Terwijl het is niet zeker dat je ooit in je leven een chirurgische behandeling nodig hebt. Maar we worden allemaal ouder. Tenminste, die kans is groter verwacht ik. En daar is dan weinig aandacht voor. Oké.De nog een laatste dingetje. De toekomst. Ik ben best wel positief over de zorg. Ik denk dat het allemaal goed komt, niet zonder enige inzet. Hoe kijk jij naar de toekomst van de zorg? Want er zijn nou een hoop problemen veel in de media. Wet zorg en dwang is ook een dingetje als ik vandaag. Hoe zie jij de toekomst? Ja, ik denk dat er heel veel gaat gebeuren. En ik denk dat er ook veel gaat innoveren in specifiek de oudere zorg. Dus dat we een hele andere manier van werken gaan nodig hebben. Maar ik zie dat heel positief in inderdaad. Ik denk dat we wel dat we allemaal onze schouders eronder moeten zetten.Want bijvoorbeeld mijn collega's en wij hebben het heel zware. Werkdruk en het kan niet meer. En er zijn signaal afgeven met z'n allen. Hoe zit dat bij jullie? Ja, dat wordt ook op een vergelijkbare manier wel gedaan. Of dat ze zeggen we kunnen niet hoe kunnen we zo direct de toekomst aan met de tekorten die we hebben. De babyboom generatie gaat massaal, sorg, met pensioen. En daar is een hele. Dat kunnen we letterlijk qua aantal mensen niet.Ook al zou iedereen voor de oude genees kunnen kiezen, zou je dat niet kunnen compenseren? Nee, dus we moeten wel iets doen. We moeten, maar daar moet je de manier van werken ook gaan veranderen. En dus daarom zie je in de oude zorg ook dat we vaker met specialist verpleegkundige specialisten gaan werken. Of assistin assistants. Of dat we vaker met basisartsen werken. Of ook praktijkverpleegkundigen. Dus dat we veel meer een andere manier van hoe je je werk inricht, taakdelegatie, taakerschikking. Dat dat ook heel erg belangrijk is. Maar dat betekent dat dokters ook soms moeten loslaten en verantwoordelijkheden moeten kunnen loslaten. En dat is denk ik voor niet voor iedereen even makkelijk. Maar het is onvermijdelijk. En als dat gebeurt, en ook op stuk op de geneeskundefaculteiten.Gaat omdraaien, dat de focus een andere focus wordt, meer gericht op de eerste lijn. Dat we ook zien dat je in die laatste levensfase eigenlijk nog heel veel mooie dingen kan bereiken. En ook zelfs nog wel op curatief, dat je dingen kan behandelen, maar dat je beter kan afwegen wanneer stuur je nou iemand wel of niet in. En dat je er vroeger ook over gaat praten. Samen met huisarts, samen met de familie. Dan kun je heel veel dingen voorkomen. Dan kun je de crisisopnames vaker voorkomen. Dan komen mensen niet zomaar altijd op de spoedijs in hulp, omdat het ineens niet meer gaat. Nee, je hebt daar in een vroege stadium eigenlijk al over nagedacht. Dat is denk ik waar de toekomst naartoe gaat. En wat denk ik echt heel een heel mooi onderdeel is van ons vak. En als ik denk.Dat er veel dokters zijn die eigenlijk ook dat stiekem wel willen. Mee willen werken aan innovatie en in verandering. Met merk je een verschil tussen de nieuwe generatie dokters en de wat oudere generatie dokters, zeg maar. Was daar het grootste verschil tussen die twee groepen? Ik weet niet waar je de lijn moet trekken hoor. Ik denk dat je zeker wel een verschil merkt. De dokter. Als je kijkt binnen mijn collega's, de verpleegkundige verzorgen, zijn er nog best veel die het gewoon een beetje eng vinden om de dokter te bellen. Want de dokter is toch gewoon een man of een vrouw. Maar die weet het allemaal. En zo denken wij dan. Heb jij dat ook?Nou ja, niet meer zo. Maar ik weet wel dat ik de eerste keer een dokter moest bellen, vond ik toch een beetje eng. Ik heb ook al een dokter aan de telefoon gehad, die niet zo aardig deed. En dan denk ik, dan vorm je dan wel natuurlijk een beetje van als je dan de reactie krijgt van ja, raar dat je dat vraagt of gewoon heel kort afdoen. Maar ik heb merendeel van de dokters die ik heb gesproken in mijn loopbaan tot nu toe vonden het juist super leuk als ik een vraag stelde dat ze mij dingen uit konden leggen. Dus ik snapte ook, voor mij is die angst dan niet meer. Maar ik merk wel dat het er nog best wel veel is. Dat ze de dokter toch op een soort voetstuk plaatsen: van die weet eigenlijk alles wel. En ik moet maar geen domme vragen stellen. En ja, die zal het wel drukken.Snap je wat ik bedoel? Er een soort kloofje is of zo nog steeds? Tussen de verpleegkundigen, verzorgenden, helpenden maar niet uit en de dokter. Ik denk dat het zeker een groot verschil daarin is ontstaan. Ook zelfs in het ziekenhuis, dat je daar een verschuiving ziet. Bepaalde specialismes is het nog wel wat meer hiërarchisch. Bij de circie echt wel wat meer. Als co-assistent, dan mag je op bepaalde plekken zomaar niet gaan zitten, bijvoorbeeld. Dat mag niet. Dan hoort daar de specialisten zitten en zit je op de befaamde co-assistentkruk.Dat verandert wel steeds meer. En ik denk dat er wel steeds meer intiem gevoel is. Alleen al onder de arts ook. Maar richting verpleging zie ik zeker een verandering als ik naar mezelf kijk. Als ik bijvoorbeeld fysite doe met een verpleegkundige, dan vraag ik heel uitgebreid vaak hoe zij het zien en of zij vinden dat het heel anders gaat. Of dat zij zich zorgen maken. Of waar denk je zelf aan? Ik nodig ze heel vaak uit om zelf ook over die dingen na te denken. En ik hang dan ook op dat moment aan hun lippen, omdat ik ook nog maar in de startblokken sta. Ik heb wel een hele berg aan kennis, maar het is ook deels geleerd uit boeken. En soms heb je een verpleegkundige waar je mee samenwerkt die al twintig jaar.Patiënten helpt en veel meer daarover weet dan ik. En ik weet bepaalde links te leggen of een plan te maken. Maar we hebben elkaar er een nodig. Dus ik denk dat dat wel heel belangrijk is dat ik dat ik die samenwerking altijd probeer op te zoeken. En ik denk niet dat dat een leeftijdsding is, dat oudere artsen dat niet per se doen. Maar je moet je wel voorstellen dat zij in een cultuur zijn opgegroeid qua geneeskunde studenten als dokter. Waar dat wel veel meer heersen nog. Ja, sowieso. Als ik kijk naar oudere mensen. Ik heb ooit mijn vrouw gehad, weet ik nog goed, het was een mevrouw met dementie. En die nam mij niet voor serieus aan.Toen ben ik een jasje aangedaan. Een wit jasje. Want op die afdeling waren geen witte jasjes. Da heb ik een stetoscoop omgehangen. Toen ben ik naar haar toe gegaan en heb ik nog even gevraagd van. Ik weet niet meer waar het over ging precies. Maar toen was het, oh, dat is de dokter. En ze stond op en ja, ze wilde iets niet. Ze was gevallen en wilde ze. Ze wilde niks weten ofzo. En toen was het in één keer goed en dat vind ik wel mooi. Ja, dat je dan toch wel voor deze mensen wel heel veel respect krijgt. Want uiteindelijk is het. Ik heb ook heel veel respect voor alle arts, want het is natuurlijk een super verantwoordelijk beroep. Waar gewoon je red levens of je maakt levens beter of je.Je laat het einde van een leven prettiger en mooier voorlopen. Dat is toch je taak, denk ik. Als ik het zo even staan vond. Dus je bent super van, want het is gewoon heel mooi. Heb je een tip voor alle dokters in Nederland? Heb je maar tips gezien in de toekomst van wat is nou het belangrijkste in de zorg om te doen op dit moment? Wat we met z'n allen eigenlijk al vanaf morgen kunnen gaan doen. zodat we een toekomstbestendige zorgsector hebben, complexe vragen. Zo ja, dat is grappig. Ga je morgen in de Tweede Kamer? Krijg het telefoontje van minister De Jonge.Als ik hem iets kleiner zou maken, specifiek de oudere zorg. Ik denk ik dat het belangrijk is dat we ons allemaal moeten realiseren dat onze doelgroep op een hele andere plek woont dan waar we nu onze focus op leggen. Dus we focussen ons in de oudere zorg breed, voornamelijk op hoe regelen we dit nou goed in het verpleeghuis. En ik denk dat we veel meer moeten gaan kijken hoe zorgen we zullen dat we complete zorg leven bij mensen thuis. En ervoor zorgen dat we veel meer gaan samenwerken. Dus ik hoop, ik denk dat toekomstbestendig is dat we veel meer gaan samenwerken bij mensen thuis. En dat ik als dokter en oude geneeskunde ook veel intensiever ga samenwerken metMet alle partijen die daar betrokken zijn. En als we dat allemaal doen, dat we veel, veel mensen een mooiere tijd thuis kunnen gunnen. Door samenwerking. Door samenwerking. Ik vind. Daar sluit ik helemaal bij aan. Ik denk dat samenwerken echt zo belangrijk is in de zorg. Dat je niet onafhankelijk wil zijn of alles zelf wil doen. Maar gewoon die wederzijdse afhankelijkheid. Dat dat gewoon heel mooi is. En dat je uiteindelijk het toch samen moet doen. En dat je alleen samen de juiste zorg kunt leveren, denk ik. Want je kunt het niet alleen doen en dat hoeft ook helemaal niet. Nee, en ik denk dat dat ons vakje zo mooi maakt. Ik vind het ontzettend.Ik ben juist heel dankbaar voor de dingen die je een thuiszorgverpleegkundige doet. Waardoor als ik vraag of ze wat nog vaker kunnen komen omdat iemand dan wat meer structuur heeft, bijvoorbeeld die dement is. Of daardoor veiligse medicijnen ineens inneemt en daarover spart met elkaar of dat haalbaar is. En ook met familie over nadenkt, dat vind ik veel waardevoller dan dat ik op een papier een medicijn voorschrijf en denk, daardoor is die baasontsteking ineens verholpen. Ik denk dat het veel waardevoller is om te kijken verder dan alleen de ziekte. En ik heb de thuiszorgmedewerker net zo hard nodig als dat.Zij, mij of een huisarts ook nodig heeft. En als we dat beter realiseren dat we niet allemaal in onze eigen eilandjes denken, denk ik dat je de oudere zorg veel behapbaarder maakt. En zal dat uiteindelijk ook leiden tot successen, waardoor misschien in de politiek, maar ook vanuit andere zorgverzekeraar, instellingen, dat ze ook een cultuurshift zullen gaan zien. En zullen gaan zien dat je daar dus ook veel meer kan gaan investeren en kan vertrouwen dat je het anders kan gaan inrichten. Vertrouwen is ook een ding. Ja, vertrouwen.Als je het even hebben over de de bureaucratie en zo, en de, daar zul je ook last van hebben, denk ik. Dat heeft ook wel met vertrouwen te maken. Ik denk wel eens zoiets van laat dingen toch een beetje los. Alles registreren en aftekenen en vastleggen en aanvullen in zo'n sowieso die mappen die er nog steeds zijn, die papieren en mappen. Ja, die heeft ook met vertrouwen te maken, denk ik, alles aftekenen. Heb jij er ook last van in jouw werk? Dat je echt heel veel moet verantwoorden. Die mappen, daar moest ik wel bij lachen. Want voor mij is dat soms ook wel handig. Want ik kom wel eens bij iemand. En dan kan ik daar toch een deel van de informatie in vinden. Maar ik snap heel goed wat je bedoelt. Ik denk dat het zijn doel op een gegeven moment voorbij gaat. En dat ook bijna een soort wantrouwen.Aanwakkert van ik moet blijkbaar verantwoorden of ik mijn werk wel goed doe. En wij moeten het ook veel voor de financiën om te kijken dat je wel goed wordt betaald voor de consulten die je bijvoorbeeld doet. Of de tijd die je aan een bepaalde behandeling besteed. Ja, ik denk dat dat niet het doel op zich zou moeten zijn. Maar het doel op zich is dat je iemand goed wil helpen. En als je meer tijd bent met kwijt bent met registreren dan met eigenlijk iemand helpen, dan is er iets fout. Dan is er iets fout gegaan. Is dat momenteel zo dat je meer tijd bent? Nou, dat hoor ik heel veel van verpleegkundigen en thuiszorgmedewerkers. Daarom is volgens mij dat minister De Jonge daar ook veel mee bezig is gegaan.En dat er geluiden zijn om meer dingen af te schaffen. Vraag me af of in hoeverre dat in de praktijk dan ook al meteen voelbaar is. Dan valt mee. Ik denk dat er heel veel dingen veel makkelijker afgeschaft kunnen worden. Bijvoorbeeld die vijf minuten registratie. Die kan echt in mijn beleving, en ik denk dat heel veel mensen het misschien wel niet mee eens zijn, maar die kan morgen al stoppen. Kunnen ze gewoon ergens anders regelen bij een zorgverzekeraar of bij iemand heeft een indicatie van vier uur per week bijvoorbeeld. Jij geeft ook zulke indicaties af. Oké, nou, stel je voor, iemand heeft een indicatie van vier uur per week, dus die mag vier uur per week zorg krijgen. Ik begrijp zelfs dat daar bijvoorbeeld een half uurtje van gereserveerd moet worden voor administratieve handelingen die gedaan moeten worden voor iemand. Maar.Drieënhalf uur per week, daar is het gewoon. En dan kun je gewoon leveren die zorg. En huis je in, huis je uit op je telefoon om te registreren hoeveel minuut je ergens je bent, is dat niet nodig, denk ik. En ik weet zeker als je aangeeft aan collega's, nou je hebt daar ongeveer een half uur. En als je nou structureel merkt dat het veel langer duurt, geef het even door. Gaan we eventjes met de dokter in gesprek of met iemand anders die de indicatie mag aanvragen, een wijkverpleegkundige om deze op te hogen. Maar dat je niet meer steeds als. Ik denk dat het gewoon makkelijk realiseerbaar is dat een zorgverlener, een verzorgende die gewoon bij mensen thuiskomt, dat hij niet meer alles zelf moet registreren. Dat stukje op een telefoon. 10 minuutjes meneer Jansen, 20 minuten mevrouw Jansen.Een half uur meneer Pieters dat als dat stukje al weggaat. Ik denk dat hij voor een hoop rust zorgt. Tenminste, voor mij. En denk je dat dat ook uiteindelijk meer ook een ander effect hebben dan alleen meer tijd voor de patiënt? Zou het ook nog een invloed kunnen hebben op hoe mensen het vak zelfs ervaren? Ik denk juist dat. Ik kijk, die tijd bij is hetzelfde natuurlijk. Maar het feit dat je weet dat er eens 10 minuten voor staat, geeft bij heel veel mensen al een bepaalde druk, denk ik. Ik weet nog goed dat ik net in de zorg werkte. En ik wist, er staat 10 minuten voor die persoon. En ik was al 12 minuten, had ik de rest van mijn route haast. Dat is raar natuurlijk. Nu weet ik ook daarmee om moet gaan. Maar bij heel veel mensen natuurlijk nog wel zo is dat je denkt, oh, ik ben toch over de tijd heen, dan moet ik bij de volgende maar wat sneller gaan.Als je dan al je route op die manier begint, dan zie je dan denk je van ja, die tijd is een indicatie. Laat die tijd even voor het is. En ga gewoon je werk doen. En als je nou echt merkt, bij die persoon zijn we steeds zo lang bezig omdat er iets aan de hand is, regel het met z'n allen. Maar dat je niet steeds meer. terwijl je aan het bed staat, om maar zo te zeggen, je telefoon erbij moet houden van hoe lang ben ik hier. Dat vind ik niet nodig. Dat kan me ook voorstellen dat je gewoon minder aandacht hebt voor echt letterlijk ook delen van je werk. Dat je net even het stuk van de wond, of een handeling, of die patiënt angstig is of niet. Dat je daar allemaal minder aandacht van hebt, omdat je eigenlijk een beetje in je achterhoofd met iets heel anders bezig bent.Ik denk wel, ja inderdaad, als je achterloopt, om maar zo te zeggen, dan krijg je haast en dan heeft hij echt effect op hoe je je werk doet. En ik ben ervan overtuigd dat iedere zorgverlener toch die wond goed verzorgt en dan weer gewoon met doorgaat. Maar dan nog, hoeven we die werkdruk niet te ervaren. En ik denk dat ligt ook een beetje aan jezelf, hoe je bent, maar ook wel een beetje aan het systeem waarin wij nu moeten werken. Maar allemaal, werkende zorg blijft mooi, daar ben ik echt, daar vind ik gewoon zo. Want je ziet hier ook kans in. En eigenlijk heel praktisch zijn het helemaal niet zulke grote stappen, zeg jij. Ik denk van niet. Ik denk gewoon, kijk, die uren moeten ergens geregistreerd worden. En dat kan iemand op het hoofdkantoor ook prima doen.Door gewoon alles op oké te zetten. En mocht het dan. Oké tenzij. Ja, inderdaad. Ja, oké tenzij, zorg aan dwang. Nee, ik denk echt dat dat wel anders te realiseren is. Dat je zeg maar wel zo'n telefoon hebt waar je in je dus kunt zien, naar wie moet je toe? En wat moet je daar doen? En hoe gaat het nu met die persoon een beetje? En wat is daar het beeld? En dat je dan vervolgens binnenkomt en dat je daar gewoon zonder een map te zoeken of zonder ergens formulieren in te vullen, dat je gewoon met die persoon samen kunt zijn. En dat je dan kunt kijken. hoe kan ik op dit moment het beste voor diegene zorgen? En of dat nou een douche douche is of iets anders. Maakt niet uit. Dan kan een zorgveranke zelf.Bepalen denk ik samen met die persoon op dat moment. Ja, ik denk wel dat het te realiseren is, dat denk ik zeker. Ik weet eigenlijk niet eens hoe lang we nou hiermee bezig zijn met deze podcast. Er staat hier geen tijd in beeld en ik vind het een leuk gesprek. Maar hoe lang duurt zo'n podcast eigenlijk, weet je het? Ja, een half uur en een uur kan van alles. Oké, we zien duidelijk hoe lang het is geweest. Ik vind het in ieder geval een superleuk gesprek. Ben je zijn? Ja, het is mijn eerste keer dat ik een podcast opneem met Olaf Schut hier in het mooie Nuland. Sint Jozef hoort. Heet het hè? Ik vind echt respect voor deze mensen hier, omdat we vandaag gewoon nog hier mochten gaan zitten in een vergaderruimte met twee microfoons.Praten over de zorg. En ik hoop dat de mensen met een beetje plezier hebben geluisterd. Hoop ik ook. Wat vond je ervan? Ja, ik vond het leuk om te doen. Dankjewel dat ik het ook samen dit gesprek kon hebben met jou. Dit is de eerste keer, en daar gaan we gewoon nog je overdoen. Lijkt me goed. Oké, nou dan ga ik het nou beëindigen. Dankjewel. Jou ook bedankt voor jouw input. Graag gedaan."
seksuele-voorlichting.mp3,interviews,NVIDIA Parakeet TDT 0.6B v3,33.3,25.703703703703702,100,94.74074074074075,10422.3125,10422.3125,162.5499837426465,"Uit nieuwe cijfers blijkt dat het aantal infecties zoals gonereu en syphilis in tien jaar tijd fors zijn gestegen. Ook in Nederland maken deskundigen zich zorgen. Volgens onderzoekers spelen meerdere factoren een rol. Het condoomgebruik daalt, mensen laten zich steeds minder snel testen en betrouwbare informatie over SOA's wordt steeds minder gevonden. Maar hoe staat het er eigenlijk voor in studentenstad Groningen? Welke SOA's komen het meest voor? En wanneer is het verstandig om je te laten testen? Daarover ga ik vandaag in gesprek met Mariette van de GGD Groningen. Ik ga er even opellen. Met Mariette, afdeling seksuele gezondheid, GG Groningen. Hoi Mariette, je spreekt met Madeline van Spot en V Groningen. Moi, hoi. Ten eerste heel erg bedankt dat je even tijd voor ons hebt vandaag.Zou je jezelf kort kunnen voorstellen en vertellen wat jouw rol is binnen de GGD? Zeker, ik ben dus Mariette en ik ben werkzaam als verpleegkundige op de afdeling seksuele gezondheid hier van de GGD, waar wij ons bezighouden met alles wat met seksuele gezondheid te maken heeft, voor de gele provincie. Dus dat kan gaan om het doen van zoantesten, seksualiteitsproblematiek, seksuele gezondheid, noem maar op. En we zien de laatste tijd berichten over een stijging van het aantal SOA's. Is dat iets wat jullie ook opvalt? Ja, er is inderdaad heel wat aandacht momenteel voor het feit dat er meer SOA's zijn.Het is wel iets wat wij zien, maar wij zien het al wel een wat langere tijd. En wat daar misschien wel goed is om te benoemen, is we zien nog steeds dezelfde SOA's. En het is ook nog steeds zo dat de grootste SOA die gevonden wordt, dat is chlamydia. Dus die vinden we nog steeds het meest. Maar er zijn een bepaald aantal SOA's waar we nu wat meer besmettingen van zien dan voorheen. Dus daar is wel een lichte stijging in te zien. Zou je daar eens wat meer over kunnen vertellen? Ja, tuurlijk. Nou, we zien voornamelijk dat onreu en syfilus nu wat aan het stijgen zijn. Dus voorheen eigenlijk altijd al wel veel chlamydia besmettingen. Maar we zien dus nu ook al wat meer gonreu en syfilus. En dat is eigenlijk sowieso landelijk wel te zien, maar ook al in heel Europa.Maar dat is dus ook al wel van het afgelopen jaar dat dat aan het spelen is. Dus het is niet dat er nu opeens een enorme uitbraak is of zo. Het speelt al wat langer en het is gewoon een geleidelijke stijging. Dus het is ook niet dat er nu in Groningen een enorme uitbraak van SOA's is. Maar ja, het is wel iets wat wij opmerken. En waarom denk je dat dat nu dan pas zo onder de aandacht komt in het nieuws, als je zegt van het is eigenlijk al een jaar gaande? Ja, dat is wel een hele goede vraag. Dat is ook wel interessant. Ik denk omdat er een Europees onderzoek is uitgekomen waarin dit wordt benoemd. En dat dat dan toch iets is waar mensen op aanstaan, wellicht ook wel wat angst voor hebben. En dat er daardoor ook dan gewoon media aandacht voorkomt.Dat het dus eigenlijk al iets is wat wij al wel wat langer zien. En hoe staat het er op dit moment voor in Groningen? Want je zal even, die stijging is hier ook te zien. We hebben natuurlijk een studentenstad met een studentencultuur. Hoe staat het ervoor hier bij ons? We zien dus ook in Groningen wel dat gonderen wat meer stijgt onder jongeren, maar überhaupt onder mensen en de Cyprus ook wel wat. Nu is Cyprus nog steeds iets wat we voornamelijk vinden bij mannen die seks hebben met mannen. En gonderen wel onder alle doelgroepen die wij zien. Maar ik denk dat.Kijk, het is altijd vervelend dat SOA's stijgen. We willen het liefst dat er zo min mogelijk SOA's zijn. Want SOA's brengen zorgen met zich mee, die kunnen gezondheidsrisico's met zich meebrengen. Dus dat is natuurlijk nooit wenselijk. Maar het is niet dat het nu zo de spuigaten uitloopt dat wij het hier in Groningen denk ik heel slecht doen. Maar ja, wat je zegt, we zijn wel een studentenstad. Het kan zijn dat er natuurlijk hier veel onveilige seks plaatsvindt. Maar het is nou niet zo dat wij als Groningen het zo veel slechter doen of dat het hier heel opmerkelijk is dat het hier extra is dan in de rest van Nederland of van Europa.Dat is een geruststellende gedachte, denk ik. Als het hier niet zo duidelijk de spuitvaten uitloopt, dat men alleen maar naar Groningen kijkt. Nee, dat is helemaal niet nodig. Want zijn er bepaalde leeftijdsgroepen waarin de stijging het hoogst is of het meeste merken is? Ja, daar kunnen wij eigenlijk niet heel veel over zeggen. Kijk, wij zien eigenlijk alle leeftijden wel, vanaf dat mensen een beetje seksueel actief worden. Dus nou, dat kan beginnen vanaf 14 en dat gaat echt door tot in de 90. En al die leeftijdsgroepen zien zij ook.Dus wij kunnen niet per se, en heel veel wordt natuurlijk ook nog steeds bij de huisarts gezien, of mensen doen thuis online testen. Dus wij kunnen niet echt per se iets zeggen over in welke leeftijdsgroep dat nou meer voorkomt. We zien overal wel dat somas wat meer stijgen. Dus dat is bij studenten, maar dat is ook bij mensen die ouder zijn en bij volwassenen. Want merk je dat jongeren dan anders omgaan met seks en bescherming dan bijvoorbeeld een aantal jaar geleden?We zien wel vanuit cijfers dat condoomgebruik echt wel wat aan het afnemen is. Dus er wordt onder zoveel jaar een onderzoek uitgevoerd dat heet seksonder 25ste. Nou, dan pijlen ze een beetje hoe het ervoor staat met de seksuele gezondheid van jongeren. En daarin zien we wel dat er een daling te zien is in het gebruik van condooms. En dat kan natuurlijk ook weer met zich meebrengen dat we nu meer SOA's zien. Dat zou wel een logisch gevolg zijn, natuurlijk. Dus voorheen was het toch wel wat gebruikelijker om een condoom te gebruiken. Ik denk dat dat voorheen, en al helemaal jaren geleden, sowieso wat normaler was. Maar dat wordt dus toch steeds wat minder sexy. Terwijl eigenlijk kunnen heel veel van deze dingen voorkomen kunnen worden als.Mensen wat meer condooms zouden gebruiken. Maar ook dat het niet gebruik van condooms, dat zien we eigenlijk ook weer bij bijna alle leeftijden wel terug. Dus het is niet zo dat studenten daar echt het grote probleem in zijn. We zien überhaupt dat condoomgebruik wat aan het afnemen is wat minder sexy wordt gezien. Wat denk je dat de verklaring is dat het condoomgebruik zo afneemt? Ja, dat vind ik best wel moeilijk om te zeggen. Ik denk dat het voornamelijk wellicht te maken heeft met het feit dat er minder campagne op wordt gevoerd. Dus vroeger had je echt grote condoomcampagnes, werd er heel veel aandacht aan besteed tijdens seksuele voorlichting. Was het dus veel meer een besproken onderwerp, echt wel een beetje een hot topic. En dat ging eigenlijk zo goed dat ze toen gedacht hebben: denk ik, van nou, dat is niet meer nodig.En nu zien we dus ook dat er al best wel een tijd niet echt condoomcampagnes hebben plaatsgevonden. Dat het wellicht ook de seksuele voorlichting wat aan het veranderen is. En dat dat dus wellicht nu tot gevolgen heeft dat mensen minder condooms gebruiken. Op wat voor manier verandert de seksuele voorlichting dan? Ik denk dat we er voorheen gewoon wat meer aandacht aan besteden. Dus misschien scholen er steeds meer voor om de sexuele voorlichting zelf te geven. Wij hebben überhaupt ook in Groningen minder capaciteit om langs alle scholen te gaan, natuurlijk. Maar er is ook wel een beetje verschuiving te zien dat het wellicht allemaal wat preutser wordt. EnJa, eigenlijk is er eigenlijk wel van alle tijden dat er tijdens seksuele voorlichting om school heel veel aandacht voor de praktische zaken. Dus wel zoals bestaan, je kan zwanger worden. Seks is eigenlijk hartstikke eng. Begin er maar niet aan. En veel minder, hoe bereid je jezelf goed voor en hoe zorg je ervoor dat seks leuk is? En wij zeggen ook al, leuke seks is seks zonder zorgen. Maar daar is eigenlijk weinig aandacht voor. Wat eigenlijk heel jammer is, want wellicht als jongeren toch beter voorbereidt nou hun seksuele carrière ingaan en daarmee ook meer oog hebben voor. Nou, ik vind het belangrijk om mezelf te beschermen. Ik vind het ook leuk om zorgloze seks te hebben. Dus ik pak er vaker een condoom bij.Is er dan wel voldoende kennis over SOAS of zien jullie ook nog vaak misverstanden? Ik heb wel het idee dat er op zich best wel wat kennis is. Maar helaas zien we ook nog steeds wel wat misverstanden. En dat heeft dan voornamelijk te maken met hoe kan je een SOA oplopen. We horen soms echt nog wel verhalen van. Nou, kan ik dan een SOA krijgen van de wc-beel of oefenen. Dat zijn een hele goede vragen om te stellen. En we zien toch ook wel nu met de verschuiving van het test op chlamydia. Dat heel veel jongeren dan nu opeens denken, nou, gamidia is helemaal niet meer gevaarlijk. Dus daar hoef ik me helemaal niet meer voor te testen. Terwijl, ja, dat is eigenlijk niet waar. Het is wel nog steeds belangrijk om je te testen als je klachten hebt. Of als je vaste partner bijvoorbeeld chlamydia heeft.Want een chalina met klachten kan nog steeds wel gevolgen hebben voor je gezondheid. Wanneer is het verstandig om je te laten testen? Dat is voornamelijk verstandig als je klachten hebt. Dus merk je iets op, denk je, dit voelt niet helemaal pluis. Ga dan zeker testen. Maar ook als je bijvoorbeeld een waarschuwing hebt gekregen, en ik denk dat het überhaupt verstandig is om je bijvoorbeeld elk half jaar of elk jaar wel te testen als je onveilige seks hebt. Dus heb je regelmatig onveilige seks, dan is het misschien tof verstandig om je elk half jaar tot jaar.Te testen op SOA om zeker van te zijn dat je niks hebt. Maar het is voornamelijk belangrijk om te komen testen als je ook echt daadwerkelijk klachten hebt of een waarschuwing hebt gekregen. Wat gebeurt er als een SOA niet op tijd wordt ontdekt of behandeld? Ja, dat is een hele goede vraag. Dat verschilt een beetje per soa. Dus een chlamydia zonder klachten, dus dat is een hele belangrijke, een chlamydia zonder klachten, dat kan niet heel veel kwaad. En dat ruimt je lichaam ook gewoon vanzelf op, heeft ook niet meer die hele schadelijke gezondheidsrisico's die voorheen wel verteld werden. Dat is wel wat anders met danreu. Dus een honreu is natuurlijk ook een SOA, kan nog steeds bestaan, ook zonder klachten. Maar een honreubesmetting wordt eigenlijk.Niet zo goed door het lichaam zelf opgeruimd. Dus daarvoor is het wel belangrijk om te testen. En loop je heel lang rond met een chomreu of heb je chlamydia met klachten, dat is voornamelijk gewoon vervelend voor de cliënt zelf. We zien eigenlijk pas dat PSOA's echt invloed kunnen gaan hebben op je gezondheid. Als je meermaals een PSOA hebt gehad met klachten. En dan kan het zijn dat dat voornamelijk bij vrouwen wat effect kan hebben op de vruchtbaarheid. Dus dat is wel, daarom is het ook wel zo belangrijk om die te beschermen tegen zo'n door middel van genooms. Dat er toch heel veel mensen zijn die toch wel echt een kinderwens hebben. Maar het is dus wel niet zo. We willen wel een beetje weghalen van o.Wees maar super bang, want het is echt niet dat je in één klap onvruchtbaar wordt. Dat denken ook wel heel veel mensen. Maar het is zeker wel belangrijk om je te beschermen, omdat ze vaker een zoa hebben, wel daadwerkelijk daar effect op kan hebben. Ik denk dat het goed is dat je dat ook zo benoemt. Omdat ik inderdaad ook in mijn omgeving dan hoor van oh, met glamidia, dan hoef je nu niet meer te behandelen, hoef je niet meer, hoef je geen kuurtje meer. Dus het kan allemaal niet zoveel kwaad als je een keer glamidia krijgt. Maar dat is dus niet waar. Nee, dat is toch wel wat genuanceerder dan die uitspraak van oh ik heb geen media, dat boeit allemaal niet meer. Want ook al heb jij zelf geen klachten, dan kan je het nog steeds aan iemand anders geven en die kan wel klachten krijgen.En heb je dus chramidia met klachten, ja, dan kan het nog steeds zeker wel gezondheidsrisico's met zich meebrengen. Ik denk heel goed om te weten. En dan zou ik graag willen afsluiten met de vraag: wat is volgens jou de belangrijkste boodschap over veilig seks hebben? Je laten testen op SOA's, voor de mensen die hier misschien naar kijken? Ja, ik denk eigenlijk dat het heel goed is dat we condooms er een beetje gaan promoten. En ik weet dat heel veel jongeren, maar überhaupt mensen denken van oh, maar condooms daar is toch helemaal niks aan. Maar daar is echt nog heel veel in te experimenteren en ook heel veel in te doen als bijvoorbeeld zitten niet lekker. Kijk een keer naar een andere breedte maat.Ben je bang voor de kosten? Je hoeft echt niet altijd de duurex condooms te doen. Kruidvat eigenmerk is net zo goed. En dan ben je voor 3,50 euro heb je al een pakje condooms. En voornamelijk ook leuke seks is seks onder zorgen. En heb je seks gehad en heb je toch die zorg van oh, heb ik misschien een SOA? Nou, dan heeft toch invloed op die hele ervaring. Doe je het veilig? Heb je het vaak ook leuker? Hoef je die zorgen niet mee te dragen. En heb je toch een keer dat je denkt, dit is niet helemaal goed gegaan? Of ik wil me toch even laten checken. Nou, dan kan je altijd bijvoorbeeld op onze website kijken voor meer informatie. En dan kunnen we altijd met mensen meekijken of ze bij ons kunnen komen SOA testen, natuurlijk.Want waar kunnen mensen terecht voor betrouwbare informatie of een test? Nou, betrouwbare informatie sowieso altijd op onze website. Dus als je gewoon naar GGD Groningen gaat en dan klikt op seksualiteit, dan kom je bij onze pagina. Nou, daar staat heel veel informatie. Je kan altijd bij je huisarts terecht voor goede SOA-testen. Je kan ook bij sommige online aanbieders. Dus bijvoorbeeld SOA Poly Noord is een hele goede die wij veel aanraden. En dus val je bij ons in onze doelgroep. Dan kan je ook bij ons komen testen. Alleen bij ons is er gewoon maximale capaciteit. Wij kunnen helaas niet heel Groningen zien. Dus maak je echt heel veel zorgen. Wil je zo snel mogelijk terecht? Dan kan je altijd naar de huisarts, maar wij kunnen ook altijd met je meedenken.Nou super. Ik denk dat dat heel goed is om te weten voor een hele hoop mensen. Ik wil je heel erg bedanken voor je tijd en je wijze woorden. Geen probleem. Super. Wil jij nou niet met een duiper lopen deze zomer? Gebruik dan toch gewoon weer een condoom. Want fijne seks is zorgeloze se. Mocht je nou toch denken dat je iets hebt opgelopen, laat je dan testen bij de lokale GGD, via de huisarts of via een kit die je zelf kan bestellen op het internet. Bedankt voor het kijken en tot de volgende keer."
psychiator-stress.mp3,interviews,NVIDIA Parakeet TDT 0.6B v3,36.6,25.461842105263162,100,98.44736842105263,10422.3125,10422.3125,170.70602466697676,"Uitvermeel wilde maken. Want het zijn hele belangrijke thema's. Toen het boek uitkwam, maar ja, nog vele malen meer volgens mij. Dus laten we even bij het begin beginnen. Ja, heel goed. Ik zit hier in het Erasmus MC met professor Witte Hogendijk. Ik kwam op jou spoord door een boek wat ik. Ik zal zien daar staan: Van Big Bang tot Burn-out. En toen dacht ik, die meneer moet ik spreken. Fascinerend boek. Ik vind dus om stress te bekijken vanuit dat de big history. Ik zie hem hier ook op de muur. Geniaal. Ik denk dat dat voor heel veel mensen heel erg zinvol is.Maar kunt u misschien in een vogelvlucht ons even een vogelvlucht ons meenemen wat dat inhoudt? En wat de relatie stress, evolutionaire, het evolutionaire perspectief, stress, depressie bedhoudt? Dus wat ik samen met Wilma de Rek van de Volkskrant heb gedaan, is te kijken: is er sprake van een evolutionaire mismatch tussen datgene wat er op ons afkomt als moderne mens, en datgene waarvoor we gebouwd zijn. En daartoe zijn we teruggegaan in de tijd. En hebben gekeken waar voor het eerst gaan die twee uit elkaar lopen. Dus waar voor het eerst wordt er iets van ons gevraagd als soort.Waar we niet op gebouwd zijn. En dat is eigenlijk wat we gedaan hebben. En wanneer was dat? We denken dat dat is in de Arijse revolutie. Dat daar het spoor ontspoorde. Ja, want daarvoor waren we natuurlijk al een mens, maar toen waren we nog jager verzamelaar, net als de apen voor ons. En alle kraagdieren en überhaupt de vissen, iedereen. Dus alle soorten voor ons waren jager verzamelaar, althans de belangrijkste soorten. Maar wij dus ook. Dus wij deden eigenlijk waarvoor we gemaakt waren jagen en verzamelen. En onze fysiologie, onze stressrespons was daar helemaal op afgestemd.Vanaf de Agarische revolutie is onze configuratie, zo noem ik het dan altijd maar, niet meer geschikt voor datgene wat van ons gevraagd. Wat bedoel je met configuratie? Ja, de stressrespons, gewoon onze impulsen, ons gedrag vanuit de biologie gezien, onze bedrading. Moet het dat zo maar even te noemen, loopt dus niet meer synchroon met wat er daadwerkelijk nodig is. Precies. Wat heeft dat voor gevolgen? Het gevolg is dat je een situatie krijgt waarin.Bijvoorbeeld bij de agrarische revolutie krijg je de situatie dat je gaat samenwonen met meer mensen dan waar je hersenen op gebouwd zijn. Dus je ziet bij alle primaten, alle aapachtigen, dat hoe groter de bepaalde verhouding van de hersenschorst tot het hersenvolume aan de ene kant is, hoe groter aan de andere kant de groep waarin hij leeft. En dat is ook wel voorstelbaar, met grotere hersenen even kort door de bocht. Kan je beter onthouden van nou die is te vertrouwen, van hem heb ik nog wat te goed. Met hem kan ik goed jagen. En voor de mens kom je dan uit op ongeveer 150 mensen.Dunbar's limits. Er is wel kritiek op geweest op die studie, maar het algemene idee van Dunbar klopt: als je kijkt naar kleinere apen, zoals Schimpansees, dan zie je ook dat ze in kleinere groepen leven. Dus dat klopt wel. En dat klopt ook met sociologisch onderzoek naar de mens. Wat dat bevestigt. En je weet het uit je omgeving ook. Als je op iemands bruiloft komt, waarin iedere echt iedereen heeft uitgenodigd tot en met de melkboer op de hoek, dan zit je ook op zo'n 150 man. Nou, althans in onze cultuur. Als je nou beseft dat je wanneer je gaat settelen die groep.Eigenlijk ongebreid kan groeien. Je dorp kan ook 200 mensen worden, of duizend, of 10.000, of 10 miljoen, zoals het nu is. Veel wereldsteden zijn groter dan 10 miljoen mensen. Dan kan je voorstellen dat je allerlei regels moet opstellen om die samenleving nog ordentelijk te laten verlopen. En het idee is ook, theorie is ook dat die regels eerst via mondelingen overdracht op volgende generaties zijn overgegeven en later zijn vastgelegd in de Heilige Geschriften. Met als belangrijk doel om die regels vast te leggen.En maar je kan je tegelijkertijd voorstellen dat op het moment dat het nodig is om regels op te stellen of hoe je met je buren omgaat, dat er ook een stresszorg wordt geïntroduceerd, die nieuw is voor jou, waar je miljarden jaren niet om gevraagd hebt, als soorten in de evolutie. Maar opeens heb jij daarmee te maken, omdat jij in het dorp woont wat groter is dan 150. Nou, dat is één. Twee is dat op het moment dat je stopt met jager verzamelaar zijn en je gaat je vestigen op één plek, is het voor het eerst nuttig om bezit op te bouwen. En voor het eerst mogelijk om dat te doen. Want als je daarvoor.Leefden als jagerverzamelaar en je had bijvoorbeeld een beest gedood, dan deelde je het met de anderen. Want het had geen zin om het voor jezelf te houden, want je krijgt het niet op en het verrot, en je kan het niet meenemen als je weer verder trekt. Terwijl als je je zettelt, kan je een opslagplaats maken en dan kan je het verhandelen. En daar krijg je dus voor het eerst bezit en daarmee ook ongelijkheid. Zoals ongelijkheid tussen mannen en vrouwen. En dat is een andere stressor waar ongelijkheid. Dus zo zie je dat het aantal voorbeelden: je vraagt van wat gebeurt er dan? Dit soort dingen gebeuren dan. En dat perspectief van de big history, dus soms wordt.Onze evolutie, de gezien is pad geslagen tot één dag. Of in dit boek was het volgens mij de hele moderne eeuwen? Volgens mij het begint in, ik ben even het jaad al kwijt. Maar we zitten nu, zeg maar, in het laatste seconde van één dag. Waarom is dat perspectief, dus dat extreme, extreme, extreme uitzoomen, om te kijken naar waar komt dat vandaan waar we tegenaan lopen, waarom is dat zo cruciaal? Onze hersenen zijn niet gebouwd op het begrijpen van al te abstracte begrippen.Dus wij begrijpen concrete dingen en een beetje complexe of een beetje abstracte dingen ook nog wel. Maar als het te abstract wordt, dan kunnen we onze hersens niet eromheen krijgen, als het ware. Dus dan snappen we het niet. Bijvoorbeeld een logaritmisch verband. Je kan het berekenen en je kan het snappen, maar je kan het niet echt doorvoelen, zeg maar. Nou, datzelfde geldt voor grote getallen. Je weet dan net wat je voor een miljoen kan doen, een mooie auto en een mooi huis en klaar. Maar wat kan je voor een miljard kopen? Daar heb je eigenlijk al geen idee van. Dus daarom, omdat de evolutie in een miljarden jaren gaat, hebben we daar een trucje voor bedacht. We hebben gezegd: stel dat één seconde in het huidige leven.Gelijk staat aan duizend jaar evolutie. Dan ben je in één tel terug in de middeleeuwen, twee tellen het jaar nul. En dan op die manier ben je na een dag tellen honderd miljoen jaar terug. Zelfs dat is al mindboggling, zeg maar, als je er te lang over nadenkt. Dat is ook zo. Maar het help je wel als je vasthoudt aan die ene dag. Want een dag kunnen we heel goed doorvoelen hoe lang dat is. Bijvoorbeeld door de oefening te doen, wat deed jij gisteren op deze tijd? Weet je het nog? Probeer eens te bedenken. Drie uur.Dan moet ik eerst even nadenken welke dag je het vandaag. Daar begint het al? Daar begint het al, dat bedoel ik. De besef van tijd, is moeilijk. Ja, weet je het? Gisteren werkte ik thuis rond deze tijd. Ze zitten waarschijnlijk achter mijn computer iets met onze marketing. Ons marketingplan bij te werken of zoiets. Nou, dan moet je vervolgens bedenken wat je daarna ging doen die middag. Wandeling gemaakt? Wandeling gemaakt. En of je daarna ging borrelen, eten.Nee, daarna was het avondeten en lekker relaxed avond met mijn vriend. Oh, hou je niet van Ajax dan? Het was echt geen relaxed avond gisteren. Ik woon echt heel erg afgelegen, ook heel erg in het groen, heel rustig. Ik heb ook geen televisie, geen kranten. Dus even vrij minimalistisch bestaan wat dat betreft. Dan komen we misschien nog wel op te spreken over dat type bestaan dat dat goed is. Dus dan is het pas avond. En dan ga je nog slapen en dan ga je lekker ontbijten. Vanmorgen heb je allemaal dingen gedaan. Toen ben je hier naartoe gereisd, heb je nog luncht eerst hier naartoe gereisd. En nu zit je weer hier. Dat is best een lange.Periode zo'n 24 uur, maar je kan hem goed doorvoelen. Je kan hem goed overzien. Dus als je dat vasthoudt, dan snap je ook meer hoe de verhoudingen in de tijd zijn in de evolutie. En dat is heel belangrijk voor het punt wat we willen maken. Want op deze manier, als je deze manier van tellen aanhoudt, dan zou stel dat wij op 9 mei nu leven. Dan zou het heelal op 1 januari zijn ontstaan. De aarde zo ergens in maart. Ik weet het niet uit mijn hoofd meer. Begin van het leven zo vijf weken geleden, de eenzellige. Overigens, het einde van het leven op aarde over zes weken alweer.Want dan houdt de zon op met schijnen. Dus wij zitten ongeveer in het midden. Dat las ik in het boek. En dat heb ik opgeschreven. Toen dacht ik. Oeh, dat is iets om eens een keer een meditatie aan te wijden. Het feit dat wij op de helft grof weg van 4,5, dan ga je al, miljard of biljard. Ik weet niet eens. 4,5 miljard jaar en dat het nu nog over 4,5 miljard vergaat de heleboel. Nou, dan is er geen leven. Het is heel koud. Saaaibende wordt het dan volgens mij. Ja, toen dacht ik dan ook, wow, dat is ook echt fascinerend om daar eens over te filosoferen. Wat dat überhaupt voor ons betekent als mens. Dat wij.Op de helft of over de helft zijn. Maar over zes weken stopt de zon met zijn. Hoe weten we dat? Dat is een brandstof, helium waterstof. Als ik het uit mijn hoofd goed zeg, is nu voor een bepaalde hoeveelheid op. Dat kan je zien aan metingen. En je weet hoeveel die verbruikt per dag, zeg maar. Dus dan kan je uitrekenen hoeveel dagen die er nog heeft. Oké, wauw. Demotiverend. Nee, of juist niet, juist niet. Ja, waarom is het demotiverend? Het is voor mij persoonlijk absoluut niet demotiverend. Ik kan me voorstellen dat het dat soort gedachten wel in de hand werkt.Bij mensen van oh jee, we zijn de retour en dat dat weer een heel kettingreactie aan gedachten veroorzaken. Ik denk dat het hierbij nog wel meevalt. Want het nadeel wat je had bij dat 1 miljard te abstract is om te snappen, is hier je voordeel. Je kan niet 5 miljard jaar te leven. Dat is best prima. Nee, zeker. Maar het feit dat de zon over zes weken de brandstof op is, dat besef ook, dat geeft er aan dat het lijkt zo oneindig. Het heelal, dat dijt oneindig uit. En de tijd ook. Maar nu in één keer.Draait hij om, oh nee, maar dat is misschien helemaal niet zo. Ja, nou ja, mensen zijn altijd op zoek naar zekerheden in het leven, en daar is er eentje van. Ja, we hebben er een aantal. Dat we als mens doodgaan, maar dus ook als aardig, als planeet, als soort, tenzij we dus de ruimte in gaan. Als leven, niet als planeet. Als leven zelfs. Maar inderdaad, tenzij interstellar gaat. Wat natuurlijk heel waarschijnlijk is. Mijn vriend sta heel helemaal wild van, omdat soort gedachtexperimenten die leest en luisteren, dan kijkt daar ook veel naar. Voor mij gaat het nog net even iets te abstract.Alle rijke mensen op aarde zijn ermee bezig. Alle miljardairs. Om een ticket en way out te kopen. We hebben het Big History. De stelling van het boek is dat we, als je het goed hebt verteld dat het niet helemaal passend is, omdat we. Ja, mag ik nog even het punt afmaken van waarom we dat gedachteexperiment hebben gedaan, van die seconde op een duizend jaar? Is namelijk dat je, ik was bij het begin van het leven op aarde. En dan wat je ziet, is dat de vis zeven dagen geleden voor het eerst op aarde kwam.Toevallig zeven dagen van de schepping, maar dat is staat er los van, zo'n parallelle hypothese, zeg maar, van de schepping. Maar dat dus de reptielen dan vijf, als ik uit mijn hoofd goed zeg, de zoogdieren vier. Even kijken. Dan de aapachtige twee, en wij dan op die 9e mei. Dus aapachtige één dag geleden en dan zoogdieren drie dagen geleden enzovoort. En dan zie je dus dat elke soort die moet wennen aan een compleet nieuwe omgeving.Zoals een vis die op land moet gaan leven, die heeft aan één dag blijkbaar zo ongeveer genoeg om zich aan te passen, evolutionair, aan een compleet nieuwe omgeving. En dat zie je bij al die soorten. Maar bij de mens zouden wij in dit voorbeeld op 9 mei, die hele 9 mei ter beschikking hebben, op de manier zoals jij net terugredeneerde van wat je gedaan hebt gisteren om 3 uur, om ons evolutionair aan te passen. Oftewel zouden we 100 miljoen jaar de tijd hebben gehad om ons aan te passen aan de grote veranderingen sinds de Ajische Revolutie. Maar dat is niet waar. Want die Ahaïse revolutie was 10.000 jaar geleden. En je hebt blijkbaar een soort ongeveer 100 miljoen jaar nodig om.Evolutionaire veranderingen te ondergaan. We missen nog een paar nullen. Precies. Dus als je goed gaat kijken, dan is de tijd die we echt gehad hebben om ons aan te passen sinds de periode dat het echt veel sneller ging, allemaal, sinds de industriele revolutie, een paar honderd jaar geleden. Dus in deze telling 0,2 seconde, dus een split. Waar je 24 uur nodig hebt. En dan van die 0,2 nog een veel kleiner fragment in deze connected mobiele wereld. Nou, dat heb je helemaal gelijk. Dus als je dat doorredeneert, dan zie je dat alle omwintelingen sindsdien elke keer tien keer zo snel elkaar opvolgen als de vorige. Dus als je kijkt van.Arache revolutie is dan 10.000 jaar geleden. De grote ontwikkeling daarna is collective learning, dat je zoveel abstracties in je taal inbouwt dat je het kan overdragen op een nieuwe generatie, waardoor je als soort voor het eerst slimmer wordt. Duizenden jaren. Industriele revolutie honderden jaren. Digitale revolutie tientallen jaren. En nou artificiële intelligentie zelflerende machines jaren. Dus daar gaat steeds een nul vanaf. Het tempo neemt steeds keer 10 toe. Dus dat is precies wat je bedoelt. Want het gaat steeds maar sneller. En wij ons maar afvragen waarom het soms zo stroef en moeizaam gaat.Want dan komen we op natuurlijk ook stress, depressie, overspannen, burn-out. Wij lopen dus tegen de lamp. Het wrijft. Waarom is dat eigenlijk? Misschien niet waarom. Want dan snap ik wel de mismatch. Maar waarin uitzicht dat voor de meeste mensen? Hoe uitzicht dat voor de meeste mensen? Ja, dus eigenlijk moet je zeggen, voor de minste mensen. Want het gros van ons kan hier nog steeds goed tegen. Want we zijn weliswaar evolutionair niet aangepast. Want we zijn nog steeds het beest wat we waren. Daarom heet dat tweede boekje Leefens een Beest qua stress respons. Maar er is nog een tweede mechaniek waardoor we kunnen veranderen en ons kunnen aanpassen aan onze omgeving.En dat is wat je noemt neuroplasticiteit. Dus de veranderlijkheid van de hersenen. Dus als je iets onthoudt, bijvoorbeeld als ik dit tegen je zeg en je weet het vanavond nog, dan is er iets veranderd in je hersenen. Dat is ook aantoonbaar. Daar heeft Candel de Nobelprijs voor gekregen. En als je het vergeet, dan gaan die connecties weer blijkbaar weer verloren gaan. Dus daarom zeg je dat de hersenen veranderlijk zijn, plastisch zijn. Dat geldt dus niet alleen voor het onthouden van feitjes, maar ook voor het aanpassen aan nieuwe omstandigheden. Dus dat zou best aan de hand kunnen zijn dat de nieuwe generatie die opgegroeid is met social media.En de hele dag tikken op het mobieltje. Net iets anders brein heeft dan wij bijvoorbeeld. Mijn achtergrond is ook psychologische wetenschapper. Ik heb nog steeds heel erg raam dat ik mijn eigen afstudeelonderzoek niet over toen nog MySpace. Toen was er nog geen MSN en helemaal nog geen social media. Ik wilde ik heel graag afstudeelonderzoek doen. Kijken naar identiteit en hoe dat dan samenhangt en wat het allemaal zou betekenen. Dus achteraf denk ik, had ik dat maar gedaan? Want nu vind ik het nog echt zo. Ik ben zo benieuwd wat de wetenschap over vijf jaar of over tien jaar vindt van de kinderen, inderdaad. Ik heb wel wat geluiden gehoord over jonge meisjes die veel op Instagram zitten dat die vaker automutileren om even een gek spoor te noemen. Wat voor invloed heeft dat?Mentale gezondheid. Mijn intuïtie zegt, volgens mij is dat best wel zwaar. Dan komen we eigenlijk terug op je vraag. W betekent dit voor de minste mensen? Want het gros van de mensen vaart hier prima bij door die neuroplasticiteit. En dus hoe meer informatie, hoe beter, hoe sneller het allemaal gaat, hoe beter. Maar er is een deel van ons wat daar minder goed tegen kan, het stressgevoelige deel. Dus mensen die wat angstiger zijn aangelegd of wat controlebehoeftiger zijn, of de dingen wat minder makkelijk kunnen volgen. Doordat ze heel jong zijn of juist heel oud. Doordat ze een culturele achterstand hebben.En of een EQ, een lager EQ, of een psychiatrische stoornis. Er zijn een hele groep mensen die daar wat minder goed tegen kan. Dus voor deze hoge, complexe, snelle maatschappij. En dat is natuurlijk altijd zo geweest. Er is altijd een bepaalde verdeling in de populatie geweest, waarbij het gros van de mensen in het midden zit. Da aan de linkerkant een aantal mensen waren die heel stressbestendig zijn de durfals. Dat zijn dan de jagers en de verkenners, en heel nuttig. En dan een andere uiterste dat je de hele voorzichtige mensen, de dwangmatige mensen.Angstige mensen. Maar die waren ook heel belangrijk voor de populatie als geheel, omdat ze controleerden of er geen giftige bestjes bij het eten zitten, et cetera. En of iedereen wel zich aan de regels houdt en iedereen fair play doet. Hoe kunnen we dan stress eigenlijk het beste definiëren? Want ik begrijp uit het boek: het is nuttig en zinvol, en het heeft ons helemaal gebracht tot waar we nu zijn. Dus ik zie het boek ook als een soort verwachtingsmanagement. Dat is er. Daar kunnen we gewoon mee omgaan. Maar toch wat stress nu heel negatief weggezet. Te veel korter, sol allemaal, negatieve effecten in het lijf en burn-out als gevolg daarvan. Maar wat is stress dan eigenlijk?Stress is allereerst een containerbegrip. Er wordt van alles onder verstaan. En daarom is het inderdaad goed om het te definiëren en het uit elkaar te rafelen. Eigenlijk bestaat het uit drie componenten: stress is het gevoel wat je hebt in je hoofd. Wanneer de omgeving iets van je vraagt of eist, dat is de stressor, waar je alleen maar aan kan voldoen door in actie te komen. En dat is de stress respons. Dus stress is het goed wat je hebt in je hoofd als de omgeving iets eist, de stressor, waar je alleen maar aan kan voldoen door in actie te komen, en dat is een stress respons. Dus die drie begrippen: stress, stressor en stressrespons, moet je goed uit elkaar houden is.Want misschien zeg ik dat dan fout. Is de gedachtes die wij zelf creëren, kunnen die ook als stressor optreden? In ingebeelde bedreiging eigenlijk. Dat is precies ook het probleem van de mens. Dus als je die mismatch niet hebt, dan heb je wel stressoren. Elk beest heeft stressoren. Denk maar aan ziekte, de dood, honger. Maar zo'n fysiologie is daarop afgestemd, want zijn stressrespons past daarbij. Dus als hij honger heeft, gaat hij magerder worden, gaat hij eten zoeken, et cetera. En als hij ziek is, dan gaat hij zich gedijst houden en gaat hij weinig energie besteden. Als er dood is,Wat in de hele evolutie natuurlijk overvloedig geweest is. Dan gaat hij een bepaalde onthechtingsfases in, wat wij ook nog kennen als rouw. Dat zijn allemaal normale stressresponsen die passend zijn bij de stressor. Maar de mens heeft vaak tegenwoordig geen concrete stressoren meer. Die heeft abstracte stressoren. Zoals een dreigende reorganisatie die je via de e-mail tot je komt en jaren boven je hoofd kan hangen. Of de zeespiegel gaat stijgen tegen het jaar 2050. Ik bedoel, hoe kan je daar een gezonde stress respons op leveren? Je kan er niet van vluchten, je kan er niet tegen vechten. Dus wat moet je daarmee?En dus wat je ziet, is dat bij de mens de acute stressrespons nog net zo functioneel is als die altijd geweest is. Als je opzij moet springen voor een tram die eraan komt, of je moet een voordracht houden of je moet op tijd zijn voor een afspraak. En zelfs de wat korterdurende chronische stressrespons is nog functioneel, maar als het te lang duurt doordat het te abstract is en je eigenlijk niks mee kan, dan is het niet meer functioneel. En dan kan je er zelfs bijwerkingen van hebben, zoals een verhoogde hartslag die je je keel voelt of een gespannen gevoel in je hoofd. En dan is die stressrespond eigenlijk niet meer dan een bijwerking van een systeem wat verouderd is, zoals je verstandski's of je blinde darm.Restjes uit de evolutie die je eigenlijk niet meer nodig hebt, maar daar je ook geen last van hebt totdat ze gaan ontsteken. En zo kan je het chronisch stress responsem in zekere zin ook zien. Ja, interessant. En wat betekent dat voor mensen die daar last van hebben, die zich chronisch gejaagd, gestrest en daar dus ook op lange termijn negatieve gevolgen van ervaren. Die acute stress, die kan dus overgaan als er niks aan doet, en als de stresszorg chronisch genoeg is, en abstract genoeg overgaan in chronische stress.En die chronische stress kan overgaan in overspanning. En die overspanning kan overgaan in burn-out. En die burn-out kan overgaan in depressie, lichte depressie. En soms zie je dat er ook een ernstige depressie uit voortkomt. Is dat ook de, want het was een van de vragen die ik had. Het boek heet Van Big Bang tot Burn-out. Maar eigenlijk als je het lees, is het meer van Big Bang tot depressie. En dat Burn-out daar dan een stapje voor zit. Is dat ook de relatie tussen die drie, dat je door die fase heen gaat? Dat kan. Je kan ook depressief worden op een heel andere manier. Maar je kan ook op deze manier tot een depressie komen. En wat is precies het verschil tussen burn-out en depressie dan? Nou.Als je een groep burn-out patiënten goed onderzoekt psychiatrisch, dan blijkt eigenlijk 50% al een lichte depressie te hebben. Dus er is een overlap tussen die twee. Maar er zijn ook grote verschillen. Je kan bijvoorbeeld depressief worden zonder ooit stressgevoel te hebben, bijvoorbeeld als je een naasten verliest en daarna ook je baan verliest. Dan ben je dus niet overbelast geweest, maar je hebt gewoon een dubbele verlieservaring. Waardoor je even helemaal teruggefloten wordt. Wat er gebeurt, weten we niet. Zo zou je het kunnen noemen. Dus je kan via een hele andere route depressie worden. En daarnaast heb je daarbij ook symptomen die anders zijn dan bij burn-out.Zeker als het een ernstige depressie betreft, want dan kan je afvallen. Dus dat je zo weinig honger hebt dat je gewichtsverlies hebt, bijvoorbeeld. En zo zijn er nog een aantal kenmerken die anders zijn bij ernstige depressie dan bij burn-out. Ja, het lijkt me lastig om ze uit elkaar te rafelen, ook omdat ze samen voorkomen en ook deels dezelfde symptomen hebben. Ik heb het geluk dat ik ze beide heb gehad, leuk in je boek las ik, dat de hele van, oh nee, het zit aan, het zit in het ligt aan mijn genen, dus dat kan ik daar door verklaren dat mocht ik niet meer doen.Paders voelt als het hele leven depressief. En als ik naar die familielijnen kijk, ik denk. Nou ja, ik snap misschien wel dat diegene, dat die switch bij mij makkelijk aangaat, om het dan zomaar even te zeggen. Ik heb ook een burn-out gehad. En die twee voelen wel. Ik ervaarde ze ook anders. En soms vraag ik me af. Moet het burn-out heten? Kunnen we niet een soort van overload noemen? Want dat lijkt wel alsof dat voor mijn gevoel alsof dat gaande is. Het is gewoon een soort van overload. Alsof je je computer even vastloopt. Ik heb geen geheugen, geen schijfruimte meer. Stot daarmee. Het klinkt zo alsof we op zijn. Maar zo voelt het dan niet. Het voelt dan eerder alsof we een soort vanOver de kook zijn gegaan of zo, overlood hebben ervaren ofzo. Maar misschien zeg jij nee, dat klopt echt helemaal niet. Ik ben heel benieuwd naar jouw perspectief daarop. Ja, nou ik denk dat je voeg naar het onderscheid tussen burn-out en depressie. Maar het onderscheid tussen overspanning en burn-out is minstens zo belangrijk. Oké, wat is dat? Waar zit dat in? Nou, het wordt door elkaar gebruikt, hé, bij een overspanning burn-out, toch? Maar het zijn eigenlijk twee totaal verschillende beelden. Dus bij overspanning heb je een lijst van symptomen van acht symptomen, waar je er drie van moet hebben om te voldoen aan dat eerste criterium.En die symptomen vallen in twee groepen uit elkaar eigenlijk. Eén is het gevolg van slecht slapen. Dus dan ben je moe en je kan je minder goed concentreren. Dat is logisch. Dat zijn drie symptomen: slecht slapen, moe en minder concentreren. Er blijven er vijf over. En die vijf symptomen kenmerken zich eigenlijk door een soort onrust, labiliteit, agitatie. Dus dat mensen niet tegen herrie kunnen, dat mensen een kort lontje hebben, gauw geprikkeld, aangebrand. Dat mensen in huilen kunnen uitbarsten, de emotionele labiliteit. Dat mensen veel piekeren. EnDus dat, dat is een set van zo'n die gekenmerkt wordt door ja, onrust, stabiliteit, agitatie. En dan moet je te overspannen. Dat is overspanning. Ja, criterium A. Dan heb je nog criterium B waar je aan moet voldoen. En dat is dat je een gevoel van controleverlies hebt en een onvermogen om met nieuwe stressoren goed om te gaan. En de reden dat ze dat niet als gewoon symptoom 9 hebben gemaakt, maar gewoon als apart criterium waar je aan moet voldoen, is dat kun je wel bedenken, dat als je dat hebt, dat je steeds verder in een negatieve spiraal raakt. Want als je het heel erg druk hebt, je hebt bijvoorbeeld chronische stress, maar je bent nog niet overspannen en iemand vraagt nog iets aan je.Dan zeg je van nee, wacht even. Dit kan ik er echt niet bij hebben. Terwijl als je al in die overspanning zit, ben je daar niet meer toe in staat. En voor je het weet ligt ook dat op je bord. Snap je? Dus dan heb je te weinig energie om nog dingen af te houden. En dan raak je dus nog verder belast. Dus dat is criterium B. En dan heb je nog een criterium C. En die zegt dat deze klachten een significante impact op je leven moeten hebben. Je moet echt minder goed doorfunctioneren. En D, het moet niet beter te begrijpen zijn als depressie.Want depressie is een ernstig beeld en je kan geen overspanning diagnosticeren als je ook een depressie hebt. Dus er moet geen depressie zijn. Er moet geen depressie zijn. Maar die eerste twee criteria zijn het belangrijkste. Als je nou? Ik moet meteen denken aan, ik sta heel veel voor young professionals. En die lopen allemaal met het vraagstuk, die ervaren overwhelm. Deel ook leeftijdsfase. Deel ook denk ik nu de maatschappij. Wat je beschreef van. Je zit eigenlijk al vol, het is heel erg druk. En voor je het weet, komt er nog meer op hun bordje. En zij geven heel veel van die groep geeft aan dat ze dat ook een soort van doen uit een.Ambitieuze motivatie van goh, ja, nee, dat zal wel horen als ik carrière wil gaan maken in mijn eerste vijf jaar werken. Ja, tuurlijk wil ik dat. En dat hij zich dus allemaal in een soort van naar een overspannen toestand zouden kunnen werken. Dus niet zo gezegd. Dus wat jij beschrijft, is de fase daarvoor, dat is die van chronische stress. Ja, kom maar, kom maar. En dat is dus voor veel mensen geen probleem. Die vinden het zelfs leuk. Maar voor een kleiner clubje is dat risico dat je dan naar de volgende fase gaat. En dat is dan de overspanning. Volgens mij niet eens een heel klein groepje. Ik weet de statistici, maar ik denk dat heel erg.Overwhelm, dat hoor ik bijna alleen. Maar ik heb veel trainingen bij bedrijven. En dat is nummer één klacht. Ja, dat is dan de stress. Dus overwhelmd door stressoren, nieuwe indrukken, fear of missing out ook het hoge tempo van alles. Mondialisering, de social media, waardoor alles in het hier en nu altijd maar op je afkomt, ook in het weekend, ook van je werk. Dat speelt daarin mee, maar dat is nog geen overspanning. Nee, oké. Nou goed voor ook om te weten. Ja, want dat moet een significante impact op hun functioneren hebben. Ze zitten nog wel bij jou op die cursustrainingen. En niet bij jou als huisarts.Dus dat is wel een verschil. Je moet niet iedereen overspannen noemen. Nee, zeker niet. Maar het is goed om te weten dat het heel goed is dat ze nu bijvoorbeeld trainingen volgen of boeken gaan lezen, omdat ze ook wel door hebben van goh, dit moet ik niet op lange termijn doen. Dat is niet goed voor me. Wat is depressie? Weet de psychiatrie of de wetenschap dat wat het precies is? Ja, er zit al één stapje tussen, dat is die burn-out. Dus is misschien goed om die eerst even onder de loep te nemen. Want die is dus echt anders dan die overspanning. Burn-out is criterium A, je moet overspannen zijn.Dus dat zit er sowieso in. Alles wat we hiervoor gezegd hebben moet je hebben of hebben gehad. En B, heel belangrijk, moet zes maanden aan de gang zijn. Dus als je vijf maanden overspannen bent, dan heb je geen burn-out. Volgens de huisartsendefinitie. En die is goed om aan te houden, want anders heeft iedereen zijn eigen definitie. Huisarts en bedrijfsartsen houden dit nu aan criterium C, ook een belangrijke, is dat het zo is dat je lichamelijke vermoeidheid en uitputting op de voorgrond staan.En de reden dat dat niet zomaar symptoom 10 is uit het rijtje van overspanning, is dat het aangeeft dat je lichaam mee gaat doen. Dus dat je psychische spanning zich vertaald heeft in je lichaam. Wat je vroeger somatiseren noemde. Er zit een aspect van somatiseren in. Zoals je ook spianninghoofdpijn hebt, of rugpijn of buikpijn als presentatie van een psychische probleem. En dat betekent weer dat het zo hardnekkig is de burn-out. Maar het betekent ook dat het vooral gekenmerkt wordt door die upputting. En dat is een heel ander beeld dan die labiele agitatie van de overspanning.Dus zo kun je die twee heel goed uit elkaar houden. En is het eigenlijk heel gek dat het door elkaar gebruikt wordt. Ja, maar nu weten we het, nu kan het ook niet meer fout doen, ja. Nou en depressie is dan eigenlijk een situatie waarbij dus ook een aantal andere symptomen erbij komen kijken, zoals dat afvallen. Zit daar ook nog een verschil in het soort gedachten die mensen hebben in de drie verschillen? Bijvoorbeeld meer depressieve gedachten bij de een dan bij de ander bijvoorbeeld. Ja, dus de inhoud van de gedachte is vaak wel anders. In de zin van dat een depressief iemand.Soms ook geneigd is om de schuld bij zichzelf te zoeken. Ik ben een waardeloos figuur, laag zelfgevoel, ik ben de schuld van alle mislukkingen. Terwijl bij iemand die burn-out is, kan ook zeggen van nou, als ik een betere baas had gehad, die redelijker mij belastte dan had ik hier nooit gezeten. Dus de burn-out en de overspanning, die zijn toch ook wel iets meer vaak door heel concreet over belasting ontstaan. Terwijl de depressie door allerlei factoren kan ontstaan. Maar daarnaast heb je dus ook.Andere inhoud van gedachten daarbij. En wat moeten we hiermee? Los van dat zo'n big history perspectief op stress, een soort van in mijn gevoel, een soort van verlichting geeft van oh, het zit niet in mij. Het zit ook in jou. Nee, maar het is niet door mij veroorzaakt. Het is niet door jou veroorzaakt, precies. En het is ook niet een probleem van jou als individu, maar een probleem van ons als een soort. Dus iedereen zit hier bij tijd en wij mee met die stressgerelateerde klachten. Alleen onderkent niet iedereen het altijd even goed.Doet ook op social media, Facebook, et cetera, alsof het niet bestaat, alsof je alleen maar gelukkig en succesvol bent. Social is niet een paar kevallen. Wat is jouw visie daarop? Hoe draagt dit bij in het hele speelveld of juist niet? Eén ding is belangrijk om te beseffen, denk ik dat jongeren er meer last van hebben dan ouderen, omdat zij vaak de eerste generatie zijn die met een nieuw medium te maken hebben. Dus toen mijn kinderen opgroeide met Facebook, had ik er geen ervaring mee. Dus ik kon ze daar moeilijk in coachen. En dat zie je vaak bij nieuwe generaties. Ehm.Verder is het zo dat het grossen ons er prima tegen kan en er veel plezier van heeft. Maar als je stressgevoelig bent, dan zou het kunnen dat die overload of overwelming van informatie en emotioneel gedragen informatie en een soort achtergrondbelasting veroorzaakt. Dus niet de echte stressor zoals de dood van iemand of een reorganie, maar meer een achtergrondbelasting, wat we ook wel daily hassel noemen. Dus vergelijkbaar met een onveilige buurt of luidruchtige buren. Iets wat elke dag een beetje druk geeft. Ja, draag, last geeft. En zeker als.Ja, als je beseft dat alle ellende uit de hele wereld ongecensureerd en realtime in je broekzaak komt, is dat voor sommige mensen die daar gevoelig voor zijn belastend. Daar kan ik me alles bij voorstellen. Maar bewezen is dit niet. Het is maar een hypothese. Dat is dan het diat of het mankement, maar gewoon waarom ik zo heel erg benieuwd ben wat de wetenschap over vijf of tien jaar doet, nu we dit soort generaties kunnen volgen en nu die ook op psychiatrische consulten komen, vaker, of bij huisartsen vaker komen, of in een andere trajector verzuilt raken. Want volgens mij moeten nog een hele hoop data geanalyseerd worden of gemeend worden.Zijn daar al op dit moment al onderzoeken of hypotheses die nu getest worden, als je kijkt vanuit het oogpunt van de psychiatrie, van goh, weet je wel, en in welk speelveld zitten we nu en wat moeten we daarmee? Nou, er wordt wel heel veel onderzoek gedaan vanuit de psychologie naar het effect van gaming, bijvoorbeeld, en social media en wat eruit komt, is wisselend. Dus je kan er nog niet echt chocola van maken. Maar uw mening, of dat zei ik weer uw, sorry. Jouw mening. Nou, ik heb de mening dat ik ook niet alles hoef te bewijzen. Want het is ook een beetje de vraag wie de bewijs last heeft.Ik vergelijk het altijd met de opwarmen van de aarde. Daar begonnen 30 jaar geleden of langer mensen over te praten en die werden weggehoond. En tien jaar later werden ze niet meer weggehoond, maar werd ze wel verteld van bewijs het maar eens. En dat is eigenlijk tot een paar jaar geleden niet mogelijk gebleken, omdat het zo moeilijk is om ijzenkappen te meten of weet ik veel, daar heb ik geen verstand van. Maar op een gegeven moment zag je toch dat 90% van de wetenschappelijke wereld die hypothese aanhing en eigenlijk langzaam die bewijslast omklapte naar de mensen die beweren dat er geen opwarming van de aarde is. Zonder dat er echt.Keihard bewijs is. Er zijn wel statistieken en associaties en warme zomers, en blablabla, maar het is heel moeilijk om echt die klimaatverandering, dat het klimaat aan het veranderen is, om dat te bewijzen. Ja, en je zegt het zo'nzelfde zal nu misschien ook zijn met dit soort thema's. Ja, dus wat je zegt, wat je noemt de face validity, dus het boerenverstand, zeg maar, naar kijken, zeg je dat er veel meer op ons afkomt dan honderd jaar geleden. Het tempo ligt veel hoger met alles. Kijk maar naar wanneer je voor het laatst filmen uit de jaren 50 helemaal hebt kunnen uitkijken.Dat is gewoon niet te doen, zo traag als dat gaat. Ik heb laatst nog een hele oude tekenfilm die ik uit mijn jeugd, waar ik helemaal gek van was, die terug zit te kijken. Oh, wat leuk om die we te zien. Dan dacht ik: wat praten die mensen? Dat is echt niet normaal. Maar vooral hoe langzaam het gaat. Ja, en het taalgebruik en hoe ze met elkaar omgaan. Allemaal heel rustig. En nogmaals, voor het gros van ons is dat nog geen probleem. Maar voor mensen die stressgevoelig zijn, zou het maar zo kunnen dat dat een extra achtergrondbelasting geeft. Maar bij wijzen kan ik het niet, maar bij wijzen hoef ik het misschien ook niet. Want het is zo ja obvius bijna. En natuurlijk de grote handvraag: hoe kunnen we zorgen dat wij, degene die daar hinder van ondervinden, dat wij wat meer weerbaar hebben.Borden daartegen? Ja, dus je kan een paar dingen doen. Eén is denk ik belangrijk om je te beseffen waar jij zit op die normaalverdeling van stressgevoeligheid. Zit je helemaal aan de kant van de deurvals en kan je alles aan? Prima. Zit je ergens in het midden ook prima, maar zit je aan die andere kant, aan die rechterkant, en ben je stressgevoelig. Bijvoorbeeld omdat je al een keer zo'n aandoening hebt gehad of dat je het in de familie hebt gehad, of dat je merkt dat je bij het minste of geringste van de leg bent, dan kan je daar ook maar een beetje naar leven. Het is geen ziekte.Het is nog steeds onder de normaalverdeling als dit je hem aan de rechterkant, maar het is altijd voor de groep als geheel functioneel geweest. Dus het is niet een ziekte van jou als persoon, maar meer een verschijnsel van ons als soort, dat sommigen van ons daar gevoeliger voor zijn. Dus het is geen ziekte, maar je kan er maar wel naar luisteren, naar je lichaam luisteren ook, naar die stressignalen, de stressresponsignalen. En dat doe je op een paar manieren. Eén is als je weet dat je aan die gevoelige kant zit, blijf een beetje uit de red race, uit de competitie, de harde competitie. Je kan heel goed je ambities kwijt zonder met anderen in de strijd te gaan de tijd.Twee is als je die mismatch dus heel erg voelt van datgene wat er in de moderne tijd op je afkomt, en datgene waar we als soort op gebouwd zijn, leeft dan maar een beetje naar de soort die we eigenlijk nog zijn, namelijk toch een soort beest, leef als een beest. Dus dat wil zeggen dat je, en nu komen er een paar open deuren, maar die ik toch maar even noem, ga wat vaker naar buiten. Want het is in die laatste splond dat we binnen zijn gaan zitten. Heel onnatuurlijk. Beweeg wat meer. Want daar zijn we ook mee gestopt opeens. Eet wat minder. Daar zijn we ook opeens meer gaan doen, allemaal dik geworden. Wezen hebben nooit dik zijn.Als in de vrije natuur levert. Want ze aan onze lijn door het park lopen. Precies in gevangenschap. Maar in de vrije natuur zijn ze nooit te dik. Ze kijken wel uit dan, worden ze gepakt. Ga wat meer om met de mensen waar je echt contact mee hebt. Een van die 150 die je aan kan. Waar je echt iets aan beleeft. Die echt iets aan jou hebben, in plaats van die duizend vage Facebookvrienden. Slaap als een beest. Dus een beest zorgt altijd dat hij voldoende slaapt, terwijl wij rustig een slaaptekort opbouwen. Wat heel onverstandig is omdat je het risico voor stress gerelateerde stoornissen toeneemt. En relaxen beest.Als je hard werken is, prima. Die mensen die bij jou op cursus zitten, moet je vooral stimuleren. Lekker doorbeulen, maar daarna moet je een periode van rust hebben. En als je naar het dierenrijk kijkt, de meeste dieren zijn niet langer dan vier uur permaal actief. Twintig uur liggen ze lekker te luieren. Terwijl wij vanmorgen vroeg tot s'avonds laat aan het rondrennen zijn. Dat ligt een beetje aan het type soort wat we zijn, maar het is toch belangrijk om te beseffen dat het, als je echt wil leven als een beest die je echt bent, die je al honderden miljoenen jaren bent, eigenlijk van binnen, dat je daar een beetje naar luistert. En als dat niet helpt, dat zijn open deuren, maar.Tegelijkertijd denken we dat door de manier waarop we het uitleggen, dat mensen het beter begrijpen en daardoor ook beter kunnen volhouden. Want het is niet zo moeilijk om een advies op te volgen. Ga vaker naar buiten. Maar het is moeilijk om het volgende week nog steeds te doen. Laat staan een jaar later hetzelfde geld voor eten en bewegen. Ja, want dan komt het iets van gedragsverandering. En dan moet je echt van diep van binnen begrijpen waarom het is. En daarom is dat evolutionaire perspectief zo leuk. Dan besnap je echt waarom het is. Dit zijn een aantal aantal adviezen. En daarnaast heb je nog een heel protocol vanuit de huisartsen, wat je kan volgen om met een activerend beleid in verschillende fases iemand weer uit zijn huis.Overspanning of burn-out te helpen. En als dat niet helpt, dan is er nog psychotherapie en et cetera. Ja, dat is natuurlijk een hele lege aan coaches die zich daar ook in specialiseren om mensen daaruit te helpen. Coaching is een goede tussenweg tussen psychotherapie en de huisarts. Ik weet niet of het het concept wel eens heeft hoort, forest bathing. Ik weet even het Japanse woord niet meer. Doe ik vertaan elke dag al best een paar maanden nu. Als ik kijk naar mijn eigen mentale gezondheid en mijn eigen zwakheden. Want je noemde het een paar dingen en denk ik. Eigenlijk is zo'n wandeling door het bos.Tik ik al bijna alles tik ik al aan. Ik neem mijn telefoon niet mee. Dus ik ben ook even, want dat hoor ik niet. Want misschien unpluggen even. Niet bereikbaar zijn en niet doelgericht iets aan het doen zijn. Ontspannen als een beest. Ah, dan heb je toch iets van vier vliegen in één klap. Ik ben buiten. Ik ben in het bos. Want dat is ook dan weer weer hedend wordt gedacht. Ik wandel, ik mediteer. In ieder geval. Die tijd voor mezelf om mijn hoofd even leeg te maken of om mijn ademhoud te letten. Hoe lang duurt het nog voordat dit misschien ook wel? Want ik heb psychologie gestude, ik heb het nog niet zo verhoord.Dat dit meer gemeen goed wordt, ook dit soort adviezen en dit soort lifestyle of deze inzichten als het gaat over stress en de informatie overlood en de vele uitdagingen die we hebben en de gevaren die daarbij horen. Zowel kijken van oké, het is niet helemaal in ziek. Doet het dan echt zo lang voordat de wetenschap daar dat ingehaald hebben en dat dat dan vervolgens ook weer in de collegesalen terug wordt gegeven aan nieuwe lichting? Dat is eigenlijk precies mijn punt van waarom ik het niet altijd nodig vind om iets wetenschappelijk te bewijzen voordat je het naar buiten mag brengen. Want eigenlijk is dat geen eerlijke race. Omdat de krachten die daar tegenovers staan, veel sneller handelen.Denk aan de suikerindustrie en de fastfoodindustrie die ons allerle ongezond eten en veel calorieën opdringen. Denk aan de social media bedrijven uit Silicon Valley en China die in gevecht zijn om onze aandacht om advertenties te sluiten en daardoor verslavende elementen inbrengen in de games en de apps. Door de rode bolletjes, weet je wel, waardoor je per se wil openen. Wat zit erin? Misschien is het wel een beloning. Dat maakt dat er industrieën en veel grotere krachten zijn die ons de verkeerde kant op van het padje afproberen te duwen, dan dat wij met onze goede bedoelingen vanuit de wetenschap.Misschien wel tien jaar bezig zijn voordat we een klein snipert bewezen hebben. En dan nog eens inderdaad naar de collegebanken krijgen. Dus dat is geen eerlijke strijd. Dus je moet gewoon je gezond verstand gebruiken en zeggen van bepaalde dingen zijn gewoon niet helemaal een goede match meer. Dat zijn gewoon een mismatch. Daar moeten we iets aan doen. Voor preventie van wat wij noemen moderne tijdsziektes. Dus de stressgerateerde stoornissen, overspanning, beurnout, depressie, maar ook overgewicht en daar een vast suikerziekte, hart- en vaatziekte. Het zit direct aan overgewicht vast. Verslaving aan allerlei middelen, alcohol, sigaretten, maar ook de drugs.Dus dat met je gezond verstand snap je dat je daar dat je die mismatch best mag aanpakken. Als je weet dat er zulke druk vanuit de industrie bestaat om ons van het padje te drukken. Zonder dat je per se alles bewezen hoeft te hebben. En wat zien jullie in de praktijk waarom dat dan toch voor mensen zo ontzettend moeilijk is? Dus de mensen die op consult komen of die misschien al in behandeling zijn. Want het zijn open deuren. Ik zeg soms ook wel ja, mensen die nu nog niet weten dat suiker niet goed voor je is, mijn hele onderwerpsteen heb je de afgelopen tien jaar gezeten. Maar toch, en ik ben het doe het zelf ook nog steeds. Wat is dan toch in ons mensen dat dat zo verschrikkelijk moeilijk is? Ook al weten we het allemaal. Nou, je zegt het goed: wat is het in ons mensen?In ons mensen zit ingebakken de biologie van honderd miljoen jaren evolutie. Dus kijk naar die beloning van dat appje, dat rode bolletje wat je wil openen, omdat er een uitnodiging in kan zitten, of een complimentje, of iets wat je per se niet wil missen, daar komt die Fier of Missing out weer vandaan. Waarom is dat zo verslavend? Omdat je, als je die beloning krijgt, dan kort door de bocht, en simpel gezegd, krijg je dan een shotje dopamine in je hersenen. W een gevoel van bevrediging geeft en wat voortkomt uit die oude evolutionaire taak van dat shotje dopamine, wat je krijgt als je voedsel gescoord hebt of seks gehad hebt. Want dat is goed voor de voorbestaan of de voorplanting.Het systeem zit nog diep ingebakken in de mens. En daar worden we nog steeds diep van binnen door gedreven. Dus daarom is het zo moeilijk om te veranderen. Want we kunnen het rationeel wel bedenken. Maar zolang we dat van binnen anders voelen, is het heel moeilijk te beteugelen, maar niet onmogelijk. En de oplossing is, denk ik, dat je het niet alleen doet, maar dat je ook ten diepste begrijpt waarom je het doet, die verandering. En dat je accepteert dat het nooit vanzelf zal gaan. Dat je het altijd moet blijven trainen, jezelf bij de les moet blijven houden, moet blijven oefenen. En dat hoor je ook van mensen die heel ervaren zijn in mediteren.Die zijn niet echt klaar. Je hebt niet echt gevoel dat ze klaar zijn daarmee. Die zijn altijd maar verder aan het oefenen en het trainen. En ja, dat is gewoon de prijs die je betaalt, maar het is wel nodig. Ik interviewde een gelukskundendocent en die zei ook van ja, de reden waarom dit thema mij zo ontzettend grijpt, is omdat ik, zie zat misschien in de angstige hoek, ik heb dit elke dag voor mezelf als reminder nodig. Want het gaat tegen mijn bedrading, bij wijze van spreken, in. En dat heb ik met de podcast over persoonlijke ontwikkeling en groei en leiderschap en vooral heel erg mindset en bewustzijn. Dat is als een soort van continu reminder in mijn eigen proces en dus ook met de mensen die luisteren.En dat mensen van vragen, ja, als je net nou niet klaar mee, heb je niet genoeg gesprekken gevoerd, genoeg boeken gelezen, een podcast? Dat blijft. Mediteer je bijvoorbeeld zelf ook? Hoe val jij in dat spectrum? Ja, ik doe het met de natuur. En met wielrennen. Alles waar je in een kadans kan komen. Met lopen of met fietsen. Dus dat is voor mij de manier om het te doen. Dat merk ik zelf ook in het lopen, in de kadans van het lopen, alsof je het dan een soort van weg kan hebben. En niet hier in je hoofd rondjes blijft zegkelen. Op het moment dat je de tijd vergeet,En dat je denkt van hé, ik ben er al. Ja. Dan ben je goed bezig. Oké, dat is perfect. Wat ik dan net nog vragen. Ik ben hem even kut, ja, minimalisme. Dat is best wel een trend, minimalisme, maar ook simpeler gaan leven. Bijna een open duur, maar volgens mij onderschrijf je dat ook. Zou dat voor ons als geheel of specifiek voor die groep die daar gevoelig voor is?Of zouden we allemaal als mensen gewoon wat simpeler, wat eenvoudiger, wat rustiger, af en toe disconnected zijn of zeggen nee, wij zijn zo capabel om ons aan te passen dat het echt niet voor iedereen hoeft. Dus je zegt eigenlijk twee dingen: dat het niet voor iedereen hoeft, nee, dat is natuurlijk zo. We zijn verschillend in onze stressgevoeligheid, dus we moeten ook verschillende dingen daarin doen. Maar je zegt tegelijkertijd vraag je ook van zullen wij als soort, moeten we als soort niet wat minimalistischer zijn? Ja, we jagen nu natuurlijk complexer, complexer, complexer. Grote, mooie, beter? Wat volgens mij ook geweldig is. Want het brengt allemaal hele fantastische innovaties.Maar dan moet ik weer denken aan het feit dat we het hoekje over zijn. Op het grotere schaal. Moeten we dan ook niet een beetje downscalen in onze ambities? Maar die ben ik dan? Precies de vraag die daar aan vooraf gaat is: heb je die keuze? Ik denk het niet. Als mens denderen we voort. Omdat we gewoon nieuwsgierig van natuur zijn. We willen altijd weten wat er om het hoekje zit. Omdat je dan weer een docamine shotje krijgt. Je hebt een gevoel van tevredenheid, een gevoel van zingeving in het leven. En mensen willen altijd exploreren en uitzoeken hoe dingen zitten. En dat uitzicht in innovatie en wetenschap. Mag ik nog iets vragen over de.Gedachtes en het omgaan met gedachtes als je in een depressief durf ik dan bij niet te zeggen, maar als je je down voelt en je merkt dat je negatieve gedachtes hebt, wat ik zelf heb er geleerd om uit te zoomen, even te wachten en te beseffen van mijn hoofd bedenkt nu dit, maar ik kan ook prima een heel ander scenario bedenken. En ze kunnen altijd waar zijn, want ik weet het niet, ze allemaal maar scenario's. Dus ik kies ervoor om in dat andere te geloven. Dat is mijn ezelsbruggetje, omdat ik in de angstige, depressieve hoek viel. Maar.Zijn er misschien nog andere manieren om als je opgeslokt wordt in zo'n negatieve bui met angstgedachten of piekeren of je zorgen maken, wat je kan doen om jezelf daaruit trekken. Er zijn in de psychotherapie natuurlijk verschillende technieken, met name in de cognitieve gedragstherapie die heel praktisch zijn. Ik denk aan de gedachtenstop. Die ken ik niet. Dus de oefening van de gedachtenstop gaat als volgt: Je neemt een angstige piekergedachte die je vaak hebt, die moet je even naar voren halen. Ja.Oké, ja? Dan ga je vervolgens drie minuten. Voel hem, gatverdam. Dan ga je vervolgens die gedachte. Gedurende een bepaalde tijd, ik zeg nu maar even een halve minuut, maar je kan het ook voor drie minuten doen. Heel erg duidelijk doorpiekeren. Dus niet zomaar een beetje piekeren, maar echt volop piekeren. En dan ga je echt hebben, oh, die gedachte ging dan zo en zo, en zo. En dan ga je dat doen. En dan de volgende stap, als je dat een paar minuten gedaan hebt, is de volgende stap dat jeJezelf voorneemt, of dat je een alternatieve gedachte klaarlegt die leuk is. Bijvoorbeeld een strand waar je deze zomer was met dat barretje en die cocktail en die leuke vrienden en zoals je daar lacht. Dan pak je die piekgedachte weer op, die zet je weer in, maar je spreekt met jezelf af dat je op een gegeven moment tegen jezelf zegt: stop, en dan pak je die leuke gedachte en stop je daarvoor in de plaats. En dan dwing je jezelf om aan dat strand te denken. En als je dat vaak oefent, dan leer je dus om controle te krijgen overWaarover je denkt. Want dat hebben wij natuurlijk als voordeel boven alle beesten voor ons in de evolutie. We hebben die enorme hersenschors waarmee we zelf kunnen bepalen waar we aan denken. We hebben ook een bewustzijn die zich uitstrekt buiten het hier en nu. We kunnen alleen in het hier en nu denken, maar wij kunnen denken aan zoals het was op die vakantie of je verheugen op iets in de toekomst. Dat is ons voordeel. Dus wij, en dat besef je niet zo, maar je kan denken waar je wil, dat kan jij bepalen. Alleen vraagt het weer, net als meditatie, veel oefening. Mindfulness is eigenlijk iets wat hieraan gelinkt is. Maar dan heeft het iets andere invalshoek, namelijk dat jebepaalde gedachtes op een andere manier gaat vanuit een ander perspectief bekijken. Dus een nare gedachte is niet iets wat jou helemaal bevolkt en beheerst, maar kan ook iets zijn wat je voorbij ziet drijven. Dus op die manier zijn er vanuit de cognitieve gedragstherapie allerlei oefeningen, en ik ben daar zelf geen expert in, maar die je kan toepassen en die je kan oefenen met een psychotherapeut. Maar je kan ook wat ik net noemde, in die activerende benadering van de huisarts of de bedrijfsarts of van een coachende benadering leren.Om te gaan met het type stressoren wat op je afkomt. Hoe begrens je dat? Hoe kanaliseer je dat? En je kan met een, zoals het verhaal van onze als het onze, kan je de symptomen uit je lichaam beter begrijpen en daardoor ze minder alarmerend vinden. Je kan dan denken van God, die stress respons van dat kloppende hart, dat had die vis een half miljard jaar geleden ook al. Het is gewoon een oude verouderde visrespons waar ik niks meer aan heb. Want mijn problemen zijn veel te abstract daarvoor. Dus neem het met een korreltjes hout. Het is ook een vorm van loslaten. Ja, mooi. En als je echt iets hebt, dan moet je naar een psychiater.Op welk moment is het zo erg dat je inderdaad naar een psychiater moet? Wat zijn er red flags voor mensen die misschien niet luisteren? Van oké, dan is het erg tijd om professionele hulp in te schakelen. Nou, eigenlijk is het moeilijk te zeggen als je er zelf in zit. Eigenlijk moet je aan de huisarts die bepaalt wat dat moment is. Dus als de klachten, met name met psychotherapie niet voldoende verholpen kunnen worden, kan het aangewezen zijn dat iemand ook medicatie krijgt en dan komt een psychiateral gauw om de hoek kijken. Wat is het volgende grote project, of wat is het volgende grote thema?Wat bij jou op de plank ligt, wat je graag wil gaan onderzoeken, we doen nu al onderzoek in samenwerking met veel andere mensen naar hoe je stress bij studenten het beste kan benaderen. Oh, superinteressant. Dus daar is een andere afdeling hier in huis de trekker van. Dus we lopen een heleboel projecten eigenlijk. We keken ook naar bijvoorbeeld stresshormoon, cortisol bij in het haar van zwangere moeders die dan kinderen krijgen, in hoeverre die stress ook krijgen.In het haar van het kind te meten zijn, en te meten is, objectiveren is in hoeverre dat doorgegeven wordt aan via het ongeboren kind. Oh, of die theorie, want die is natuurlijk al wat langere, dat dat overdraagbaar is, of dat ook echt feitelijk. Dus daar is dan een van de psychiaters hier in huis, Meike van den Berg, mee bezig. En zo zijn er allerlei onderzoeken die lopen. Maar wel nog steeds gewoon stress. Misschien van oh ja, ja. Waar komt die fascinatie vandaan? Nou, ik ben tijdens mijn studie geneeskunde al daar ingerold met mijn promotieonderzoek bij Dik Zwaap. En daar kwam eigenlijk naar voren dat stress een heel leuk is.Sleutelconcept is om psychologie, biologie en sociale eisen samen te brengen. Antropologie zelf. Antropologie. Dus daar komt eigenlijk in het fenomeen stress komt alles samen. Syri wil zich ermee bemoeien. Dus dat is leuk omdat ik zelf in de biologische psychiatrie me aan het specialiseren was. Dus daar waar psychische klachten zich lichamelijk vertalen in de hersenen. Is dat stressconcept een soort scharnierconcept, waardoor al die dingen samenkomen?Daardoor is het altijd bij me gebleven. Zelf ook in een situatie van als een Beurn-out. Want ja, goed, ik ben zelf ook een PSD-traject in geweest. Ik weet hoe overweldigend dat kan zijn. Ja, nou het is grappig dat je het PSD-traject noemt. Want ik had op het eind, toen ik voor de deadline voor de drukker zat, had ik zo'n nacht doorgewerkt en toen zag ik opeens dingen wegschieten in mijn ooghoek en kreeg een soort muis muiskramparm omdat ik de hele tijd dingen zat gekregen. En toen dacht ik van, oh ja, zo voelt het dus. Als je te ver gaat, nu moet ik echt even stoppen. En toen was het gelukkig al klaar. Ja, ja.Ja, ik kan me wel voorstellen dat ook voor veel mensen ook een motivatie is om daar iets mee te gaan doen, omdat ze zelf weten hoe dat voelde. Ja, zoals bij mij niet. Andersom. Ik krijg juist de klachten van het onderwerp. Dat is ook wel grappig. Maar er komt niet een nieuw boek aan over een. Komt er een vervolgende, want we hebben natuurlijk dat leven als een bees, die kende ik heel eerlijk, moet ik eerlijk bekennen dat ik die niet heb gelezen. Ik zal het je zo meegeven. Oh, wat fijn. Misschien wel leuk om hem misschien wel aan een van de luisteraars ook te verloten. Ja, prima. Tof. Zijn er nog onderwerpen van je denkt van dat moeten we echt even bespreken? Er hebben boekjes ook samen met Wilmark gemaakt. Oh ja?Ik vond het las echt ontzettend prettig. Ja, dat is echt helemaal haar verdiensten. Het is nog een onderwerp waarvan je zegt, dat moeten we echt even bespreken. Of dat is nu echt zo belangrijk. Ik wil echt dat veel mensen daar nog meegeven. Volgens mij hebben we wel heel veel besproken. Oké, dan wil ik je bedanken voor je tijd. En heel veel succes met het onderzoek. Dankjewel."
ouder-worden-2040.mp3,interviews,NVIDIA Parakeet TDT 0.6B v3,28.6,25.482352941176465,100,93.96078431372548,10422.3125,10422.3125,126.70147298262904,"Welkom Jan. Goed dat je hier bent. Je hebt heel veel functies. Je bent lid van de kwaliteitsraad, je bent algemeen coördinator van Nederland Zorgt voor elkaar en ook nog voorzitter van Austerlied Zorgt. Dat heeft ook allemaal met elkaar te maken, toch? Ja, dat klopt. Ik begon met mijn vrijwilligersbaantje, eigenlijk bij mijn eigen zorgcoöperatie in het dorp Auslitz, waar ik woon. En er bestaat een jaar of tien. Ik ben sinds een jaar of drie voorzitter daarvan. Vanuit Auslitz zijn we de beweging, of het netwerk Nederlands Zorgt voor elkaar begonnen, het landelijk netwerk voor al dit soort initiatieven.En ja, zo ben ik in die functie van algemene coördinator gerold en van daaruit ook weer in de kwaliteitsraad terechtgekomen. Nou, heel veel verschillende functies. En nu heb je ook nog besloten om je te gaan verbinden aan het programma Ouder Worden 2040. Wat spreek jij daar zo in aan? Nou, ik moest in eerste instantie wel even nadenken toen ze me vroegen van: goh, wil je meepraten over dat programma? Want er zijn natuurlijk al behoorlijk wat even praatclubjes of denktanks in de zorg en eromheen. Maar ik vond dit wel een interessant initiatief omdat het echt heel breed gaat. Dus het kijkt niet alleen maar naar het zorgaspect, maar alle aspecten van het leven van de vergrijzende samenleving komen daarin aan orde.Dus de thematiek sprak me in die zin aan, omdat ik denk dat alles echt met elkaar verbonden is. Je kan niet alleen maar het zorgaspect eruit halen, want dan vind je niet de oplossingen die je nodig hebt. En het tweede aspect wat ik aantrekkelijk vond, is dat ook in de deelnemers, degenen die erover gaan meedenken, of nu op dit moment in die verschillende chemia zitten, is gekozen voor een heel breed palet aan mensen vanuit allerlei hoeken van de samenleving. En ik denk dat het ook sterker maakt. Dus niet alleen zorgbobo's die met elkaar praten, maar ook echt mensen uit de samenleving, bedrijfsleven, actieve burgers zijn er allemaal bij betrokken. Ja, nou ja, de actieve burgers hebben meteen ook het onderwerp waar jij in gespecialiseerd bent, zullen we maar zeggen. WantWe staan voor nogal een opgave met het ouder worden 2040. Wat is het belang van burgerparticipatie in die komende 20 jaar, bij die ouder wordende samenleving? Ja, ik denk dat we het niet zonde kunnen. Ik denk dat als we de zorg blijven organiseren zoals we dat nu eigenlijk de laatste 50 jaar gedaan hebben, waarbij we dus deAlle aspecten van het zorgen en het ondersteunen van mensen eigenlijk uitbesteed hebben aan professionals, aan organisaties, welzijnsorganisaties, zorgorganisaties. Woningbouwverenigingen, alle partijen bestaan uit professionals die allemaal hele nuttige dingen doen natuurlijk. Maar er is natuurlijk al door allerlei mensen die er verstand van hebben berekend dat dat allemaal op termijn niet meer houdbaar is, omdat de druk op dit soort organisaties steeds groter gaat worden door de vergrijzing en door de toenemende hulpvraag. Dus we zullen echt moeten nadenken over alternatieven. Hoe kunnen we de samenleving zelf betrekken bij het zorgen voor en het ondersteunen van de toenemende groep ouderen in onze samenleving? En je zegt, daar moeten we over nadenken. Daar heb je vast ook al ideeën over. Hoe zouden wij een deel van die formele zorg en hulp over kunnen dragen naar het informele circuit?Ja, in feite gebeurt dat denk ik al wel op behoorlijke schaal. We hebben zien nu dat het aantal initiatieven wat op lokaal niveau binnen hun eigen dorp of wijk dit soort dingen organiseert. Dat neemt enorm toe. We zitten nu al op 1500 ongeveer die we kennen. Een paar jaar geleden waren het nog maar 500, dus dat gaat echt heel hard. Dus de basis is er om dat te gaan doen. Maar nu moeten we alleen nog de structuren vinden om dat op een goede manier in te bedden. Want nu is het eigenlijk zijn er twee parallele trajecten. Je hebt het formele zorgtraject en je hebt wat ik dan even noem de nulde lijn zorg. Dus dat is de georganiseerde zorg door burgers.In sommige plekken gaat dat goed samen, maar op heel veel plekken loopt het eigenlijk nog parallel aan elkaar en we moeten dat eigenlijk met elkaar zien te verbinden. En dat is best wel een opgave, want er zijn natuurlijk allerlei elementen in hoe we de zorg en ondersteuning nu georganiseerd hebben die dat best wel bemoeilijken. De verschotting die we hebben met alle verschillende. En daar hebben we niet alleen professionals last van onderling, maar ook in de samenwerking met burgers maakt dat dat best wel ingewikkeld. Dus daar moeten we echt nieuwe aan modellen voor gaan ontwikkelen. En daar wordt ook wel echt aan gewerkt op dit moment. Onder andere vanuit Nederlands Zorgt voor elkaar.Maar ja, daar zijn we nog volop in ontwikkeling eigenlijk. Maar die nieuwe modellen zijn wel nodig. Want als we nu kijken, merk je toch heel veel berichten over overbelaste mantelzorgers bijvoorbeeld. De manier waarop we het nu georganiseerd hebben, ook voor die informele zorg, is ook niet houdbaar, denk ik. Nee, dat klopt. We hebben ongeveer een half miljoen, en inmiddels misschien zelfs wat meer structureel overbelaste mantelzorg is in Nederland.Ik denk dat dat echt een probleem van de toekomst gaat worden als we daar niet veel meer op gaan inspelen. Dat is iets wat je heel goed lokaal kunt organiseren zonder dat je het systeem daarbij nodig hebt, om even zo te zeggen. Dus bijvoorbeeld bij ons in Oudstlied hebben wij meer dan 100 vrijwilligers op een bevolking van ongeveer 1700. En we hebben een dorpsondersteuner, een professional die wij aansturen. En die houdt echt die mantelzorg in de gaten bij ons in het dorp. Die worden dus gemonitord, om weet zo te zeggen. En zij kan heel makkelijk vrijwilligers inschakelen om respect te bieden of om te ondersteunen. Om even op adem te komen, maar ook gewoon structurele ondersteuning. Een schaakmaatje voor iemand die daar behoefte aan heeft, zodat degene die de mantelzorg moet verrichten, even tijd heeft om wat anders te gaan doen. Dat is eigenlijk heel makkelijk lokaal te organiseren.Maar ik denk dat we ook moeten kijken naar meer verbindingen tussen informeel en formeel. Dat ook in het hele zorgproject, als het wat meer professionele kenmerken gaat bevatten, dat we daar ook een betere samenwerking gaan krijgen. Dat is nog wel een aardige opgave waar we voor staan. Want dan is het ook wel van belang om te kijken naar hoe wordt die formele zorg georganiseerd. En dat zal ook moeten veranderen.Ja, ik denk dat we nu eigenlijk wat we gezien hebben in de afgelopen periode is dat we steeds meer schaalvergroting hebben gekregen. Dus dat we veel meer op een regionaal niveau of op gemeentelijk niveau zijn gaan organiseren. De hele WMO is bijvoorbeeld op een gemeentelijk niveau georganiseerd. Die hebben dan weliswaar weer wijkteams. Maar ook die wijken zijn vaak niet ingedeeld op de manier waarop bewoners zelf naar hun wijk kijken.Auslitz is ingedeeld samen met een wijk in Zijst, waar we eigenlijk helemaal niks mee te maken hebben. In Austerlit hebben we het zo geregeld dat wij een eigen dorpsteam hebben. Dus de WMO is daar afgesplit van de reguliere WMO. Omdat wij gezegd hebben, wij willen dat ook die ondersteuning via dezelfde patronen loopt als de informele zorg. Dus diezelfde dorpsondersteuning regelt ook de WMO. Dus die regelt het vrijwilligerswerk, maar die regelt ook de formele ondersteuning. En eigenlijk kun je dat ook doorvertalen aan de wijkverpleging, die kun je ook veel beter op datzelfde niveau organiseren. Dus we hebben ook een wijkverpleegkundige die heel nauw samenwerkt met die dorpsondersteuner. En eigenlijk als je dat op die kleine schaal van een paar duizend mensen organiseert, dan is het heel simpel.En dan, zolang je maar vanuit het belang van die gemeenschap gaat redeneren en gebruik maakt van de kracht die er in die gemeenschap zit. Bij vrijwilligers, zijn ook heel vaak bestuurders die in zo'n dorp wonen of in zo'n wijk wonen, die daar best ervaring mee hebben om dat te organiseren. Maak daar gebruik van. En maak ook gebruik van de zilveren generatie, waar de RVS het over heeft. Het enorme potentieel aan jonge pensionado's die nog heel actief kunnen zijn en dat ook graag wel willen.En ik denk dat we daar nog veel te weinig gebruik van maken om die ook in te schakelen bij de zorg en ondersteuning voor de mensen die nog ouder zijn en die echt zorg en ondersteuning nodig hebben? Er zijn nog genoeg zaken om aan te pakken. Maar als dat allemaal op die manier ook aangepakt wordt, hoe ziet jouw ideale zorgsamenleving bijvoorbeeld over tien jaar eruit? Ja, nou ik hoop dat over tien jaar overal zorgzame gemeenschappen zijn in Nederland. Mijn zorgzame gemeenschap bedoel ik een dorp of een wijk waar ze.Als bewoners ook eigenaarschap hebben genomen voor het zorgen voor elkaar. En dat zal in de ene wijk, of dorp heel anders uitzien dan in de andere. Dat mag ook. Dat moet je vooral zo inrichten dat het past binnen de gemeenschap. En dan hoop ik dat de formele zorgpartijen en ondersteuningsorganisaties die zich daarop gaan aansluiten. Dus dat die niet meer leidend worden. Maar dat de lokale processen leidend worden en dat daar ondersteuning wordt geboden vanuit de gemeente, vanuit woningbouwverenigingen. En als laatste punt, wat ik denk heel belangrijk vind, is dat we ook qua oudere huisvesting op een manier moeten gaan werken dat we dat ook helemaal lokaal gaan organiseren. Dus iedere dorp of wijk.Wat mij betreft zou een kleinschalige woonvoorziening voor ouderen moeten hebben. Dat heeft twee grote voordelen. Eén is dat ouderen dan niet ontworteld worden uit hun eigen netwerk. We hebben het in Auslitz gemerkt toen we nog geen zorgwoningen hadden, dat mensen op de laatste fase van hun leven.Vaak nog moesten verhuizen naar een verpleeghuis in de buurt, in Zijst of in Drieberg ofzo. En dat had meestal vrij dramatische gevolgen. Het is maar een paar kilometer verderop. Ja, maar je wordt toch echt ontworteld en je raakt je netwerk kwijt. En dan zijn mensen ook echt uit Heimwee overleden. Die kennen wij ook gewoon, die dat gewoon heel kort volgehouden hebben. Dus dat is één. Het tweede voordeel is dat als mensen het sociale netwerk kunnen blijven houden, is dat die mantelzorgers ook intact blijven en dat die nog steeds kunnen blijven zorgen. Dus je krijgt veel meer informele steun op het moment dat je mensen in hun eigen woonomgeving kunt opvangen, ook als ze wat zwaardere zorg nodig hebben. Zeker. Het is nog een grote opgave, er moet veel gebeuren. Daar ga jij je ongetwijfeld ook hard voor inzetten, samen met een aantal andere mensen.Hartelijk dank Jan voor uw komst naar de studio. En u weer hartelijk dank voor het kijken naar deze aflevering van het programma Ouder Borden 2040. Tot ziens!"
verpleegkundige gevangenis.mp3,interviews,NVIDIA Parakeet TDT 0.6B v3,32.5,25.48190954773869,100,98.23115577889448,10422.3125,10422.3125,164.10147739825612,"Maar iedereen heeft recht op zorg. Of je nou iemand vermoord hebt of een brood gestolen hebt, ja, je hebt recht op zorg. Punt. Als je weet dat je het kan, dan moet je er ook voor gaan. Echt een duidelijke norm richting de samenleving. Wij horen achter onze politiemen te staan. Leuk dat je luistert of kijkt naar de politiepodcast Boeiend. En we hebben vandaag weer een interessant onderwerp voor jou in petto. We gaan namelijk niet de politieorganisatie induiken, maar de penitentiaire inrichting. En om daarover te praten zit bij mij aan tafel Carlijn. Welkom. Dankjewel. Jij werkt niet zomaar in de PI, want jij bent verpleegkundige. Klopt, ja, justitieel verpleegkundige. Justitieel verpleegkundige. Kan je wat vertellen over wie jij bent en wat je doet?Ja, ik werk inmiddels bijna twaalf jaar in de PI. Ik werk in de PI Rotterdam, Locatie, Deschie. En als justitie overpleegkundige. En het leuke is, aan mijn baan, ik heb ontzettend veel vrijheid en we draaien eigen spreekuren. Heel gevarieerd beroep heb ik. Ben je dan een soort van huisarts in de PI, moet ik dat zo zien? Nou, ja, zo zou je het een beetje kunnen zien. Als een soort huisartsenpraktijk, he, de Medische diensten, een soort huisartsenpraktijk. En wij zijn eigenlijk de buffer tussen de huisarts en de gedetineerden. Dus in de eerste instantie komen mensen, kunnen hun verzoekbriefje invullen op de afdeling als er iets aan de hand is, komen ze altijd eerst bij ons.En gaan wij inventariseren is dit iets wat wel naar de huisarts moet? Kunnen wij dit zelf afhandelen? Moet iemand doorverwezen worden naar de fysi of naar de optigen, of nou noem het allemaal maar op. Dus ja, inderdaad. Bijzonder. Hoe ziet dan een werkdag er voor jou uit? Ja, nou, als we ochtends binnenkomen na het even opstarten, bakje koffie, dat soort dingen. Ga ik meestal eerst even langs de OBS, de observatiecellen, oftewel de isoleercellen, strafcellen, maar net hoe je het wil noemen. Daar zitten mensen die of iets hebben gedaan wat niet mag, of voor hun eigen veiligheid.En die bezoeken wij elke dag in principe om even te horen of het goed met ze gaat, of ze iets nodig hebben en of we iets voor ze kunnen betekenen. Nou, dan gaan we daarna meestal het spreekuur draaien. Alle verzoekbrievjes die binnen zijn gekomen afhandelen agendapunten, dat kan zijn wondzorg of bloeddruk nog een keer meten of noem het maar op. En dan heb je vaak inkomsten, die komen dan weer bij jullie vandaan. Nieuwe mensen die zijn opgepakt, die moeten de BI in moeten hebben. Daar gaan we een hele intake mee doornemen. Dus binnen 24 uur vragen we hun hele medische voorgeschiedenis uit eigenlijk.Kan je wat vertellen over de PI waarin jij werkt, Locatie de schi, PI Rotterdam. Wat is dat voor wereld? Hoe ziet het er daar een beetje uit? Nou, heel bijzonder, want het is ontworpen door architect Karel Weber. In 1989 geopend. En het is een cacafonie aan kleuren. Het is een heel kleurrijk gebouw van binnen. Groen, geel, rood, blauw, alles komt voorbij. Da kan je een hoop van vinden, maar ik vind het zelf eigenlijk wel soort vrolijk of zo. Het is een vrij kleine PI. We hebben voornamelijk enkelcellen, sinds kort een paar dubbelcellen ook. En we hebben verschillende regimes.We hebben huis van bewaring en gevangenis. Voor degene die niet weten wat het verschil is. Huis van bewaring zijn ze nog niet afgestraft. Gevangenis zijn ze wel afgestraft. Dan hebben we een extra zorgvoorziening. Dat is een afdeling voor met name psychisch kwetsbare mensen. Daar is net een iets ander regime. Daar hebben ze een ander dagprogramma. Personeel is daar net even anders op geleid. En dan hebben we nog een terroristafdeling. En hoeveel mensen zijn er dan in totaal ongeveer in detentie bij jullie? Rond de 260, 265. Dus dat is vrij klein hoor. En je hebt dan te maken met mensen die daar niet voor niks zijn, maar die ook vaak ontzettend.Op hun kwetsbaarst zijn. Hoe is dat om met mensen om te gaan die in zulke omstandigheden leven? Het grappige is dat je dan op de afdeling ziet dat ze zich soms best als haantjes kunnen gedragen. De grootste afdeling telt 72 man. En ja, dat kan soms best intens zijn als je daar rondloopt. Zoma drukte en een beetje stoer doen. En ja, dan komen ze bij mij in de spreekkamer met bijvoorbeeld hardklopping en weet je een jonge fent. Nou, dan doe je hier controles en dan merk je dat daar eigenlijk niet zoveel aan de hand is en dan komt het eruit en dan zitten ze eens te huilelijk met mijn moeder. Dus ja, die kwetsbaarheid. Dat is wel een behandelrelatie die je een beetje opbouwt. Dat is natuurlijk niet op dag één over het algemeen.Maar ja, die kwetsbaarheid, die zien we ook. En wat maakt dan het werk als verpleegkundige in een PI anders dan bijvoorbeeld een verpleegkundige in het ziekenhuis of op de ambulance bijvoorbeeld? Ja, nou ja, ik heb altijd vanaf ik ben in 2001 afgestudeerd. Toen had ik eigenlijk al meteen zoiets van, je moet mij niet aan bed zetten. Dat is niet voor mij weggelegd. Ik moet gewoon mensen wassen, dat soort dingen, dat is niet voor mij. Maar ja, de technische handelingen en gesprekken voeren met mensen, dat vond ik wel altijd leuk. En dat is wat ik in de PI dus wel heb. En daarnaast heb je gewoon heel veel vrijheid. Ik kan zelf mijn dag indelen als ik ochtends naar de OBS ben geweest.Dan kan ik bedenken. Nou, wat wil ik nu doen? Heb ik veel briefjes? Dan ga ik eerst mijn spreek u starten. Maar heb ik weinig briefjes? Nou, dan ga ik eens even op de afdeling kijken. Even horen hoe het met die meneer gaat met die gebroken arm. En dan ga ik eens even zo hier en daar een praatje maken, mijn oor te luisterleggen. Dat soort dingen. Dus je kan echt jezelf je eigen dag indelen. Dat vind ik ook heel prettig. En wat voor. Ben jij de enige verpleegkundige van PI de Schie? Of werk je in een team? Hoe moet ik dat voor me zien? Nee, we zijn met een team. Nou ja, we horen er zes te zijn. Die zijn er nu niet. Maar we horen met z'n zes te zijn. En meestal ben je met drie A4 op een dag. Dat is wel een beetje het streven. En werken jullie dan een soort van kantoortijden? Of gaat het 24-7 en in de weekenden door?Nee, we zijn in de medische dienst geopend op werkdagen van half acht tot vijf. En het kan natuurlijk gebeuren dat er vanuit het politiebureau vrijdagmiddag laat nog iemand bij ons daar binnen geschoven wordt. Ja, dan komen we op zaterdagochtend de intake doen. Maar dat zit, in principe, we hebben geen 24 uur zorg. Dat is overigens in andere PI's wel zo hoor, soms. Maar wisselt. Ja, precies. Het valt allemaal onder de dienstjustitiële inrichtingen. En er zijn natuurlijk allerlei verschillende functies binnen die hele wereld. Wat voor andere taken zijn er nog meer binnen zo'n PI?Nou ja, wij werken eigenlijk heel nauw samen met alle disciplines. Met name natuurlijk bijvoorbeeld de PIW'er, de Pentiaire inrichtingswerker, dat zijn de beveiligers op de afdeling. Die zijn de hele dag met die jongens samen. Dat zijn natuurlijk ook voor een deel onze ogen en oren. Dus als wij iemand op spreker krijgen met een bepaald verhaal of hij wil iets, dan in sommige gevallen checken we ook wel even van goh, klopt het wat hij zegt? Andersom werkt het ook zo. De PW'er ziet iets op de afdeling en signaleert ons van goh, misschien moet je even bij die man gaan kijken. Nou, dan heb je natuurlijk de complexbeveiligers.Ja, letterlijk het complex beveiligen. Dus die zitten achter de knoppen, die geven de deuren, die doen ook celinspecties. De afdelingshoofden werken we mee samen. Je hebt case managers die de belangen behartigen van de gedetineerden. Er is geestelijke verzorging, dus een pastor, een imam, een orthodox Russisch. Hoe noem je zo iemand? Van alles wat in ieder geval. Nu zijn er natuurlijk een hele hoop mensen die in de samenleving roepen, we moeten zwaarder straffen. Die gasten verdienen, medische zorg. Weet ik het allemaal wat. Sluit ze langer op. Maar jij werkt in die wereld, hoe kijk je daar tegenaan? Ja, ik vind dat best wel lastig. Kijk, het is niet.Ik denk als je er niet zo over denkt als ik, dan kan je niet in een PI werken. Want de heren die daar zitten, en natuurlijk dames ook ergens. Want jij werkt alleen op een mannen. Ja, we hebben alleen mannen. Die zijn al gestraft. Dus het is niet aan mij om daar op eigen houtje nog eens een schepje bovenop te doen. De rechter heeft ze afgestraft en dat is hun straf. En ik heb mijn werk te doen en dat doe ik met plezier. Maar iedereen heeft recht op zorg. Of je nou iemand vermoord hebt of een brood gestolen hebt, ja, je hebt recht op zorg. Punt. En dat is hoe ik er naar kijk. En dat is best wel eens met buitstaanders lastig. Als je het over zware delicten hebt. Ja, een hoogste boom inderdaad. Ja, dat is niet hoe ik er naar kijk.Nou, zijn er ongetwijfeld mensen die naar deze podcast kijken of luisteren die interesse hebben in het werken bij de DI, of misschien wel in jouw rol. Aan wat voor competenties moet je voldoen? Wat voor mens moet je zijn om in die wereld te werken? Ja, nou dat is wel grappig. Ik heb ook in het verleden wel eens in sollicitatiecommissies gezeten als ik het dan even heb over de verpleegkundige. En ik kijk zelf altijd meer naar wat voor persoon zit er tegenover me zit dan wat staat er op iemands cv. Iemand kan net van school afkomen en tegenover mij zitten. En dat ik dan denk: goh, ik zie jou het doen. Je staat stevig in de schoenen. Dat gaat helemaal goed komen.En iemand kan een prachtig cv hebben dat je denkt nou op papier fantastisch. Maar die zit bij elke keer als er een pieper afgaat met angst in de ogen om zich heen te kijken. Dus het is wel een beroep waarbij je een beetje stevig in je schoenen moet staan en toch je verbaal je mannetje moet staan. We gaan ook straks een kijkje nemen op jouw werkplek. Ik ben zelf nog nooit in PID geweest. Ik vind het ook ontzettend interessant om straks daar ook even een kijkje te nemen. Voordat we het nog meer over jouw werk gaan hebben, willen we wat meer over jou te weten te komen. En dat doen we in het verhoor. Het verhoor. Wat is het leukste aspect van jouw werk?Ik denk de diversiteit in de doelgroep. Als jij niet als verpleegkundige zou werken, wat voor werk zou je dan doen? Dat is een leuke. Ja, ik ben wel een regelneef. Dus ik denk dat ik dan ooit in de Blufs lang geleden in de evenementenorganis gewerkt, ik denk dat ik die hoek of zou feesten organiseren of dat ik niet. Dat vind ik alweer lastig. Ik vind het wel leuk als er toch ook een maatschappelijk belang bij betrokken is. Dus zoiets in die hoek, denk ik wel. Heb jij ook een muzieknummer wat het beste past bij het werk wat je doet? Och jeetje.Nou ja, ik ben eigenlijk best wel fan van Johnny Cash. Ja, dat is natuurlijk bij uitstek degene die altijd in de gevangenis ging optreden. Dus ja, als je het hebt over Johnny Cash, dan kan je een heel even natuurlijk op tafel gooien. Maar ja, Johnny Cash zou dan de artiest zijn die erbij. Ik heb ook staan welke film moet iedereen gezien hebben, maar is dat dan ook Walk the Line? Die gaat over Johnny Cash, toch? Ja, nou ja, nee, dat is niet. Ik moet meteen denken aan The Green Mile. Dat is natuurlijk echt een prachtig film. Echt, ik heb hem al zo vaak gezien en elke keer weer tranen me thuiten. Maar de manier waarop Tom Hanks kijkt.Naar die grote kerel. Hele beangstigende kerel. Hele beangstigende kerel. En toch ziet hij de menselijke kant van die man. En dat is ook een beetje hoe ik naar mijn werk kijk. Ik denk dat die dan wel bovenaan mijn lijstje staat. Wat is de grootste misvatting over het werken in een PI? Dat ze allemaal in oranje pakken lopen, denk ik. Ja, dat is serieus. Ja, die vraag heb ik al zo vaak gehad dat mensen echt denken van. Lopen ze het in eigen kleren dan? Het soort orange is de nieuw black-achtige beeldvorming. Ik weet het niet. En wat doe jij als jij niet aan het werk bent? Heb je ook hobby's? Dingen die je.In de vrije tijd doet. Ja. Dan probeer ik toch wel. Kijk, het is best wel een pittige baan. Je maakt soms echt heftige dingen mee. Dus mijn ontspanning vind ik in yoga bijvoorbeeld. Ja, daar word ik heel blij van. Fysiek en mentaal lospakken. Ja, zeker. Wat is voor jou het fijnste moment van je dag? Ik denk, wat ik net ook zei, als er de tijd voor is, dat ik even naar de afdeling kan lopen en daar gewoon even aan kan schuiven bij stelgasten die een potje aan het schaken zijn. O dat je gewoon eens even een praatje maakt. Verdachte feitjes.Dit verdachte feitje gaat over muziek. En niet zomaar muziek, maar muziek gemaakt door de politie. Nou, wat houdt dat in? We hebben namelijk één nationaal politieorkest en maar liefst 13 ensembes, koren en orkesten verspreid over heel Nederland. Zij ondersteunen bij een interne ceremonie een herdenking over een evenement. Het verschil tussen het Nationale Polieorkest en de dertien andere orkestenensembels is dat in het Nationaal Politieorkest alleen politiecollega's in actieve dienst spelen. En in die andere dertien, daar spelen ook burgers. Dus zij worden gescreen en worden dan aangenomen als politievrijwilliger. Nou.Ik hoop dat je weer wat wijzer bent geworden over de wonderenwereld van de politie. Ik zie je graag weer bij het volgende verdachte feitje. Jouw vraag. Wij stellen de kijkers en luisteraars van deze podcast altijd in de gelegenheid om vragen te stellen. Nou, er is natuurlijk ook heel veel interesse in jouw bijzondere baan. Voordat we aan die vragen toekomen, wil ik heel even terugpakken op wat jij net zei over dat die mensen die bij jullie verblijven in hun eigen kleren rondlopen. Kan jij iets vertellen over hoe zo'n dag en hoe hun leven op dat moment er een beetje uitziet? Ja, het dagprogramma, bedoel je?Nou, ik moet eerlijk bekennen, ja, daar hebben wij natuurlijk in die zin vrij weinig mee te maken. Behalve dat ik weet dat ze op bepaalde momenten als ze bijvoorbeeld naar de arbeid zijn, niet opgeroepen kunnen worden voor de medische dienst. Maar voor zover ik het kan vertellen, ze hebben verschillende dingen waar ze recht op hebben. Persoonlijke verzorging, dus dan kunnen ze douchen, dat soort dingen. De gevangeniskrant heeft verplicht arbeid een halve dag per dag, zeg maar. Dus ze moeten een halve dag werken. Sommigen kiezen er ook voor om hele dagen te werken, dat mag ook. Kan ik me ook voorstellen trouwens. Want als je daar hele dag zit, ik denk dat ik ook hele dagen zou gaan werken.Ze hebben luchten, ze hebben recreatie, dus dan kunnen ze koken op de afdeling. Ze maken ook kookclubjes. Dus dan kookt één de boodschap en de rest kookt het en dat roleert dan. En dan is wel ironisch als je voor coke daar zit om dan vervolgens in de kookclub te gaan. Ja, zo en een bibliotheekmoment. En dan zijn er natuurlijk gesprekken met van allerlei instanties waar wij de ketenpartners, waar wij mee samenwerken. Dus ja, dat is van de reclassering tot de politie, tot noem het maar op, case managers, medische dienst, psychologen. Het lijkt me wel een hele heftige wereld om in te zitten als gedetineerde. Is het een?Is het een spannende wereld? Hangt er vaak een gespannen sfeer? Nou, dat kan soms wel zo zijn. Dat hangt er een beetje vanaf welke afdeling het ook is. Maar ja, kijk, je stopt een groep mannen bij elkaar. Op de grootste gevangenisafdeling, zijn dat er dus 72. Ja, dat kan wel eens spanning opleveren. En dan gebeurt er iets en niemand is het daar niet mee eens. En dan is soms de spanning ook wel voelbaar. Maar dat is weer die samenwerking met de PW'ers op de afdeling. Ja, die weten donders goed. Die voelen dat feilloos aan en die weten donders goed van kom je voor die en die?Doe maar even niet. Slechte dag. Jij werkt hier natuurlijk als verpleegkundige, daar gaat ook deze podcast over. Hoe werkt dat? Want jij hebt een eigen soort van praktijk daar, maar je bent dus ook vaak op de zaal of in de kamers, op locatie als het ware, je werk aan het doen. Klopt het? Ja, nou voornamelijk zitten we op de medische dienst. Je hebt natuurlijk met medisch beroepsgeheim te maken. En iedereen heeft recht op privacy tijdens zo'n consult. Dus de meeste consulten doen we op de medische dienst. Dus dan komen ze naar ons toe. Maar ja, soms een beetje, hè, als iemand net aan zijn been geopereerd is.Dan moeten ze dus van de afdeling naar beneden, het halve pand door, naar de medische dienst weer naar boven. Ja, dat doe je dan niet. Nee, precies. Dus plus op sommige dagen zit het vol met personeel? Heb ik geen kamer? Nou, dan doe ik mijn bloeddrukje even op de afdeling. En wat voor medische, hoe noem je dat? Handelingen, zeg maar, verricht jij dan het meest? Waar kom je het meest mee in aanraking? Nou, dat is het leuke. Dat is zo divers van spoedgevallen, dat hebben we natuurlijk ook hè. Het is een afspiegeling van de samenleving. Dus je hebt van alles wat. Je hebt ook diabetes, je hebt ook hartpatiënten, je hebt ook kankerpatiënten, je hebt ook mensen met HIV.Het gaat van dat tot een ingegroeide teennagel en alles wat daartussen zit. Ja, dus dat is wel, dat maakt het ook zo leuk. Het is geen dag is hetzelfde. Zijn er bepaalde dingen die jij zelf dan het leukste? Of ja, leuk is natuurlijk nooit niet het goede woord, maar waar jij zelf van denkt. Oh ja, nu wordt het interessant voor mij? Ja, iedereen heeft zo zijn eigen specialiteit bij ons in het team. En ik ben bijvoorbeeld wat minder van de oren uitspuiten. Daar zijn een collega van mij die kan dat goed en die vindt dat leuk. Dat vind ik dan weer minder. Ja, ze noemen mij wel eens Dr. Pimpelpopper. Dus als het iets is met puz of iets opensnijden, danJa, echt? Ja, heerlijk. Maar dat is wel een beetje zuster-eig hoor. Oh ja? Ja, er zijn heel veel verpleegkundigen die dat ook zo hebben. Die dat mooi vinden. Lekker vieze dingen. En dan even scalpel erin. Ja, en gewoon lekker wonden verbinden en dat soort dingen. Bloed prikken, dat kan ik dan weer heel goed, mag ik wel zeggen. Dus dat zijn wel leuke dingen. En die gasten, als ik dat zo kan zeggen, maar die kennen jou natuurlijk ook allemaal in principe op een gegeven moment. Hoe loopt het contact tussen jou en de gedetineerden? Ja, eigenlijk heel relaxed. Als ik even terug ga naar mijn allereerste dag 12 jaar geleden, liep ik met een collega mee, dat was in detenticentrum Rotterdam.En we lopen op de afdeling en er loopt een gedetineerde achter mij. En die zei hallo. En ik keek hem echt zo aan van. Oh, Joko, mag ik nu hallo terug zeggen? Weet je wel? Ja, en nu is dat gewoon. Hé Corlijn, hoe is het? En een praatje. Maar wat wel heel belangrijk is in dit beroep, en dat geldt voor alle functies, is dat je je afstand nabijheid gewoon heel goed in de gaten moet houden. Je moet je altijd realiseren waar je werkt. En wij spreken mensen nooit aan bij de voornaam. Ik zou altijd zeggen meneer Jans of meneer Pietersen, ook al is het contact al 6,5 jaar gaat dat redelijk soepel? Blijft meneer.Dat moet je altijd realiseren. Want je hebt natuurlijk met duizend en één verschillende types te maken. En dat zal bij de ene een stuk makkelijker zijn dan bij de ander, denk ik. Want ik kan me best voorstellen dat jij een gigantische miser hebt gemaakt in je leven, daarvoor een flinke straf krijgt, maar eigenlijk een super relaxed persoon bent. En dat dat voor jou dan soms ook wel eens lastig is. Ik ben best wel ook geïnteresseerd in je leven en gewoon een normaal gesprek, maar het moet niet op een vriendschap gaan lijken. Absoluut niet. Nee, nee. En weet je, soms heb je wel eens we krijgen bij het kerst, bijvoorbeeld, krijgen we van sommige gedetineerden elk jaar een kaartje, allemaal alle verpleegkundigen, en ja dat is natuurlijk hartstikke leuk.Maar ik zal bijvoorbeeld nooit eten aannemen. Dan hebben ze een cake gebak of een taart. O ja, dat doe ik allemaal niet. Nee, nee. Daar moet je wel echt voor waken. Je moet dat echt wel gescheiden houden. Ja, afstand bewaren. Ja, absoluut. We gaan eens even naar de vragen die op mijn lijstje staan. Die vraag is meerdere keren gesteld trouwens, maar wat is nou het raarste wat je hebt meegemaakt? Ja, kijk, wat dat betreft kan ik natuurlijk een boek schrijven over alles wat ik gezien heb aan gekke dingen. Want buiten dat gedetineerden soms gekke dingen doen, komen er ook wel eens gekke mensen binnen. Die zou je hier ook hebben bij de politie. Mensen die echt ernstig verward zijn of wat dan ook, psychose.Dat is ook wel weer lastig, omdat ik natuurlijk niet alles kan vertellen. En dingen misschien ook herleidbaar zijn. Maar ja, ik vind het een lastige vraag zonder dat ik in detail treed, laten we het er gewoon op houden dat je genoeg tot de verbeelding van de dag. Je maakt echt wel echt gekke dingen mee. Dat je aan het einde van de dag op de bank zit thuis. En dat je denkt, wacht even, even terug spoelen wat. Was ik daarbij. We hebben ook vragen binnengekregen over jouw veiligheid en veiligheidsgevoel. Voel je je wel eens onveilig in je werk? Die vragen krijg ik vaker.En dan ga ik daarover nadenken. En als ik dan terugdenk, zijn er één of twee situaties waarin ik me misschien niet onveilig voelde, maar wat minder prettig. Bijvoorbeeld een keer gebeurd dat ik op de ring stond op de afdeling. En er was een gedetineerd niet eens met mijn beleid. En ik ging hem dat daar vertellen. En het was op dat moment druk, dus ik keek op een gegeven moment ook achter me en dan was even geen personeel, en die man was aan het schreeuwen en die smeed met zijn stale deur. En toen dacht ik, oké, nou ik ben gewoon rustig gebleven. Toen kwam er een andere gedetineerde die ik al langer kende, die kwam naast me staan en zeg: we staan aan de hand Carlijn. Ik zeg. Nou, meneer, is een beetje boos.Hij zegt ik zie het, ik blijf er even bij staan. Dat is de andere kant van de medaille. Dus er zijn jongens die zitten daar zo lang en die kun je inmiddels al best wel goed. En ik durf me handen ervoor in het vuur te steken. Dat als er echt strond aan de knikker is, als er eentje echt zou flippen, dat die ertussen springen. Op jouw werkplek heb je natuurlijk allerlei verschillende materialen, scalpels, naalden, allerlei dingen die je in principe in een PI niet zou willen hebben. Wat zijn er protocollen voor? Is dat gevaarlijk? Hoe werkt dat? Ja, laat ik beginnen bij de medische dienst. Wij hebben al onze spullen. Het ligt natuurlijk netjes achter slotte en Gendel in de kast.Maar er moet bijvoorbeeld wel bloed geprikt worden bij mensen. Dus ja, dat doe je inderdaad met een naald. Of als ik bij iemand een verbandje aan moet leggen, moet ik dat afknippen met een schaar. Nij zijn dat doorgaans verband, scharen, daar kan je niet zoveel mee. Maar ja, we hebben daar in die zin protocollen voor. Stel, ik zit bij iemand met iemand in de ruimte om bloed te prikken en ik moet even iets pakken, ik laat die man niet alleen in de spreekkamer zitten. Met mijn spullen die daar liggen. En als ze wel heel even als ik iets moet pakken of wat dan ook, alleen in de spreekkamer zitten, dan zorg ik dat er geen spullen liggen waar ze zo makkelijk bij kunnen. En voor zover ik weet, op de afdeling is het zo, als ze bijvoorbeeld willen koken met een aardappelschilmesje, dan kunnen ze dat bij de.PW herhalen. Dan gaat er een kaartje, aardappelschilmesje, bij hun naam op het bord. En dan weten ze precies, oh, die heeft het. Dus die is ook verantwoordelijk voor het mesje. En als hij het niet terugkrijgt, heeft hij een probleem. Dus alles wordt in de gaten gehouden. Alles wordt in de gaten gehouden. Absoluut. Want over wat voor gevangenisstraffen hebben we? Een grofweg van letterlijk een dag. Ik heb zelfmelders gehad die moeten zichz melden om nog een straf uit te zitten van een dag tot levenslang. En alles wat daartussen zit. Dus er zijn daar mensen die er langer zitten dan jij daar werkt. En ook nog langer ze zouden blijven. Die blijven ook nog wel even. We hebben ook een vraag binnengekregen, vond ik zelf ook wel een.Interessante vraag. Maar proberen ze proberen ze je wel eens te versieren? Nee. Ik denk dat de jongens donders goed weten dat ze een hele domme zet zou zijn, omdat ze weten dat er dan consequenties aan zitten. Dan krijgen ze gewoon een rapport en dan krijgen ze straf. Want dat is gewoon niet acceptabel gedrag. Dus grensoverschrijdend gedrag. Nee, dat zie ik zelden. Flink op gehandhaafd ook. Ja, absoluut. Wat zijn de meest voorkomende klachten die je behandelt? Nou, we hebben best wel jongens die geregeld bij ons komen. Die.Voor hun detentie dan ineens toch onveilig seks hebben gehad en dan bang zijn voor een SOA. Dus SOA-testen worden best geregeld uitgevoerd, stressklachten. Je kunt je voorstellen als je binnen zit en ik had de laatste eentje die zijn vrouw stond op klappen, zwanger op klappen. Ja, dan kom je ineens binnen te zitten. Je kan niet bij de bevalling zijn, dat weet je al. Of een zieke moeder. Dus ze komen bij ons ook echt wel eens uithuilen. Ja, en voor de rest echt alles wat daartussen zit.Ik kan oprecht niet benoemen dat er één klacht meer voorkomt een voetsgrimotje of zo. Dat zien we ook wel geregeld. Maar ik kan niet zeggen van het is of dit of dit. Het is zo uiteenlopend. Ja, dat is echt zo. Ja, dat is superleuk. We hebben ook een vraag van een vrouwelijke luisteraar. Ik weet zeker dat zij het ervaring spreekt, want er zit nog een toon in. Hebben ze daar ook last van mannengriep? Oh, hou op. Ja, breek me de bek niet op over de mannengriep? Ja, het is echt, ik wil naar de medische dienst, want ik heb een loopneus.En ik moet fiksen strepsels en voelt het niet lekker. In het griepseizoen hebben wij op een gegeven moment een paar jaar geleden besloten. Dan hangen we ook gewoon een brief op alle afdelingen. Het is griepseizoen. Heb je last van dit en dit. Dit. Vreed paracetamol. Nee, geen paracetamol. Want je moet lekker die koorts werk laten doen. Maar veel water drinken, in bed gaan liggen en over een paar dagen is het over. Kan je rust pakken. Ja, op een gegeven moment werd het gewoon te gek. We zagen alleen maar mensen met loopneuzen en.En hoestklachten. Ja, maar als een man zich ziek voelt, Carlijn, dan voelen hij echt heel erg ziek. Ja, ik weet dat. Dan gaat het niet goed. Geloof mij, ik weet dat. Kan het ook zo zijn dat, want ik kan me best voorstellen dat als je misschien wat ruzie hebt met anderen gedetineerd of je voelt je niet veilig of weet ik, dat het ook even een rustmoment kan zijn. Even veilig bij de verpleegkundigen. Heb je wel eens het idee van oké, ze zoeken ons een beetje op. Ook om even gewoon een normaal praatje te maken. Heel even een stapje uit van de afdeling af te zijn. Of dat soort dingen? Ja, ik heb pas geleden had ik ook een jonge knul.Die had allerlei businessplan liggen om een eigen zaakje te gaan beginnen. Maar die was op de verkeerde plek met de verkeerde mensen op de verkeerde tijd is toen opgepakt, moesten een aantal maanden zitten en die vond totaal geen aansluiting bij de jongens op de afdeling. Wat ik net al zei. Met een beetje pech kom je in de populatie. Het allemaal stoele jongens, allemaal van die haantjes. Hij had daar niks mee, konde niks mee, kon geen aansluiting vinden bij die jongens. En toen moest hij een keer bij mij zijn voor iets en toen vertelde hij dat. Nou, dan nodig ik die jongen één keer in de twee weken als ik tijd heb, even uit, ik kan niet even ventileren.Kan hij even zijn verhaal kwijt. En toen hij met ontslag ging, kwam hij speciaal nog even langs om te bedanken. Dat dat hem echt er doorheen had geholpen. Ja, dat vind ik dan toch. Dat geeft ook voldoening. En dat is niet per se medisch of verpleegkundig, maar toch prettig dat je iemand hebt kunnen helpen op die manier. Ja, psychologische zorg is ook een soort medische zorg. Absoluut. Want zijn er ook psychologen bijvoorbeeld? Jazeker. Maar we hebben drie psychologen bij ons in de skilopen en daar worden ook echt behandelingen gedaan. Dus je kunt je voorstellen dat er ook echt wel mensen rondlopen die een behandeling nodig hebben. Ja, en dat kan van alles zijn, maar ook traumabehandeling. Jongens hebben best wel soms heftige dingen meegemaakt.En het doel is natuurlijk om ze beter naar buiten te laten gaan dan dat ze naar binnen gingen. Daar draagt dat natuurlijk aan bij. Zijn er ook artsen in de PI? Dat verschilt een beetje per inrichting hoe lang er een arts is per dag of hoeveel dagen is. Bij ons is er elke dag een arts en dan een halve dag. Wat ook fijn is, want wij mogen en kunnen gewoon niet alles zelf beslissen. Dus dan verwijzen we door naar de huisarts. En het is fijn. Op een gegeven moment heb je een vast team met huisartsen. En dan is het ook makkelijk schakelen. Dan zit ik met iemand in een spreekuur waarvan ik denk. Oeh, die uitslag op dat been, dat ziet er echt nasty uit. En dan zeg ik, joh.Kom eens even meekijken. Dat is heel fijn samenwerken op die manier. Want jullie verstrekken zelf geen medicatie, toch? Klopt dat? Nee, in principe niet. Kijk, heeft iemand zo'n bang van de kiespijn en gaat hij morgen naar de tandarts. Ja, dan krijgt hij wel briefem van mij. Bijvoorbeeld dat soort dingen. En een zalfje of een kremmetje. Maar ja wij hebben als verpleegkundige niet de bevoegdheid om medicatie voor te schrijven. Nee, precies. Kom je wel eens lastige dilemma's tegen in je werk? Bijvoorbeeld als het gaat over waar ligt de grens van je arts patiënt geheim. Of hoe werk je samen met verschillende disciplines binnen het team? Nou, kijk, je heb beroepsgeheim.Wij hebben daar niet zozeer last van, maar anderen hebben daar last van. Dus het is soms best lastig om te proberen om aan een andere discipline iets uit te leggen. Dan bestempelen ze iemand als een zijkert of weet ik wat. En ik weet meer. Maar ik kan daar niks over zeggen. Dus dat is best wel lastig, ook aan de afdeling bijvoorbeeld van ja, weet je, ik snap waarom je dat denkt. Maar vertrouw er maar op dat wij informatie hebben waardoor we er anders over denken. Ja, dat kan best wel lastig zijn. Maar dan moet je bijna een soort van gaan verkopen waarom je bepaalde beslissingen hebt. Ja, dat klopt.En ja, ook in die zin met de politie is het wel, dat is wel heel fijn samenwerken. Want de VAR komt hier, Forensisch Arts Rotterdam Rijnmond. En daar hebben we ook korte lijntjes mee. Dus als mensen hier op politiebureau al gezien zijn door de VAR, dan nemen wij contact met ze op en dan krijgen we die informatie kunnen we vertellen over kunnen zij ons vertellen van nou, heeft hij in die medicatie gekregen van ons of methadon of dat soort dingen? Ja. Wij hebben hier natuurlijk ook een arrestantencomplex, hier echt boven ons hoofd. Hoe kijk jij aan tegen de politie? En dan met name als het gaat om mensen die aangehouden zijn. Wat is jouw mening of visie daarop?Ja, oh, dat is een leuke vraag. Nou, ik vind het sowieso leuk om hier een keer te zijn nu ik woon al ongeveer 42 jaar in Rotterdam en ik ben hier nu nog nooit geweest. Wij werken best wel nauw samen en mensen die bij jullie vandaan komen, komen over het algemeen. Ze komen van het politiebureau, dan worden ze bij ons gebracht, komen ze binnen bij het BAD, de binnenkomstafdeling delinquenten afkorting, hoewel ze dan de medewerkers daar ook badmeesters noemen.En dan worden ze daar ingeschreven en 9 van de 10 keer gaan ze linare recta naar ons. Dus eigenlijk koud vanuit het politiebureau komen ze bij ons. En toch is het een soort vaag iets. Het is moeilijk te pijlen wat er dan gebeurt. Het is wel prettig wat ik dan merk, soms moeten wij zelf ook even naar een arrestecomplex. Als er iets onduidelijk is, dan bellen we even naar het arrestantcomplex om te vragen van: joh, wat is daar nou gebeurd? En die samenwerking, dat gaat eigenlijk altijd soepel. Welk arrestecomplex altijd relaxed en vriendelijk? Word je geholpen enEn ik denk ook dat als je het hebt over het profiel als mens, dat is heel veel overeenkomsten. Aan de ene kant moet je bepaalde mate van een beetje dienstverlenend zijn. Maar aan de andere kant je ook zeker niet uit het veld laten slaan. Je moet om kunnen gaan met spannende, heftige situaties. Er zitten heel veel, denk ik, gelijkenis. Ja, dat denk ik ook. En wat denk ik ook een hele grote overeenkomst, is een stukje culturele sensitiviteit. We zijn allebei voor zover ik dat kan zien, hebben we Nederlandse roots. Maar toch werken we in een wereld waar je natuurlijk ontzettend veel culturele diversiteit hebt. Absoluut. Is dat in jouw werk soms een uitdaging? Moet je daar bewust van zijn? Ja, het is meer.Bepaalde, wat bijvoorbeeld, ik zie het vaak bij bijvoorbeeld Marokkaanse jongens. Dan zit je met ze te praten en dan stel je ze een vraag waarop het antwoord dan nee is. En dan doen ze dat geluidje maken. In het begin dacht ik echt, wat doet hij nou? Vind je mijn vraag irritant of zo, weet je wel. Maar dat is gewoon hun manier van nee zeggen. Dat zijn die verschilletjes. En wij zitten natuurlijk wel met een taalding. Dat was in detenticentrum nog veel erger. Maar er komen natuurlijk mensen binnen die geen Nederlands en geen Engels spreken. En dan spreek ik een heel klein beetje Frans en een heel klein beetje Duits. Oh, dat is een liedje, geloof ik. MaarVerder kom ik niet. Dus gelukkig hebben we dan een tolketelefoon. Dus dan kun je met de tolkentelefoon. Toen kom je toch aan heel wend. Ja, precies. En kom je er dan ook wel eens, loop je er dan wel eens tegen aan dat mensen eigenlijk dingen niet willen vertellen? Waarvan je denk: ja, als je nou even eerlijk bent, dan kan ik je beter helpen. Ja, absoluut. Ja, zeker. En dat is vaak ook wel claimen ze bepaalde medicatie, bijvoorbeeld te gebruiken. En dan zeg ik, nou, oké, hoe kom je eraan? Ja, van de huisarts, wie is je huisarts dan, weet ik niet. Ja, want ik haalde het bij de apotheek. Wie is je apotheek? Ja, weet ik niet.En denk je, je weet het wel, je krijgt helemaal niet van de huisart, je kocht het op straat. Dus dat is dan en dan. Maar goed, en bepaalde informatie willen ze niet delen omdat ze dat eng vinden of zich te verschamen. Dat kan natuurlijk ook als jij noem maar wat, genitale rat hebt. Ja, kan best lastig zijn als je daar voorbij een vrouw komt en daarover moet vertellen. Wat zijn voor jou de moeilijkste momenten in het werk? Nou, wat ik tot de dag van vandaag nog steeds wel eens lastig vind, is dat er soms ook best goede acteurs tussen zitten, die best een gedegen verhaal hebben. En dat ik dan heel moeilijk het moeilijk vind om in te schatten.Ben jij mij nou aan het bedonderen of spreek je nou de waarheid? Dat is ja, en dat is natuurlijk, dat is in jouw werk niet anders. Of voor een rechter, of wie dan ook. Dus dat is. En dat, maar dat is in mijn beroep ook. En dat vind ik nog steeds wel eens. Ja, dat ik dan echt twijfel van goh. Of dat ik bijvoorbeeld iemand bestempel van. Hij geeft er een draai aan, maar dat klopt niet, dit verhaal. En dat vervolgens bijvoorbeeld de huisarts hem spreekt. En die zegt dan van.Ja, ik heb hem gesproken, maar wel wat zielig. En dat ik dan denk: wacht even, zit ik er nou zo naast? En kun je wat vertellen over waarin ze je dan zouden bedonderen? Gaat het dan om het verstrekken van medicatie? Voornamelijk. Of iets voor elkaar krijgen dat ze zeggen van nou, ik heb daar en daar last van, dus ik moet dit en in dat. Ik kan niet werken. Ze komen natuurlijk ook bij ons voor arbeidsbeperkingen. Dat moet de huisarts dan beslissen. Maar wat ik net ook zei, dat komt eerst bij ons en dan gaan wij beoordelen: oké, dit gaat om een arbeidsbeperking. Dit gaat naar de huisarts. Ja, ik kan niet werken, want ik heb dit en dit en dat.Oké, nou bewijs het maar dan of zo. Ja, dat is lastig. Dat is echt lastig. Dus je moet echt wel mensenkennis hebben ook. Ja, en dat komt met de jaren hoor. Ik bedoel, dat had ik twaalf jaar geleden ook niet op die manier. Dus dat komt echt wel met de jaren. Alleen moet je er wel voor waken dat je niet te achterdochtig wordt en iedereen als leugenaar bestempelt? Dat is natuurlijk lang niet altijd zo. Het dossier. Kan jij ons eens meenemen in een zaak of een incident die wat indruk op jou heeft gemaakt? Het was een paar jaar geleden met kerst. Dat was de dag van kerstavond.Toen was er een nieuwe inkomst vanuit het politiebureau. Die meneer die was denk ik begin 50 of zo. En een heel zware alcoholist. En ondanks had hij al een aantal dagen op politiebureau gezeten. Dus die eerste roes was er af, maar dan kunnen er daarna ook nog allerlei dingen ontstaan. Denk aan een korsa koff of werk dat soort syndromen, dat ze eigenlijk gewoon een soort van de wereld zijn door langdurig alcoholmisbruik. En die man werd binnengebracht en dat was op vrijdagmid en ik weet niet meer precies, het was natuurlijk kerstavond.En uiteindelijk omdat hij zo in de waar was hebben, die man op de OBS moeten zetten, op de isoleercel moeten zetten voor zijn eigen veiligheid. Dat doe ik natuurlijk niet alleen. Dat gaat in samenspraak met een huisarts en een afdelingshoofd en de directie beslist daar uiteindelijk over. Maar die man was verder wel gewoon heel vriendelijk, bijna een soort kinderlijk vriendelijk. Dus ik ben daarbij gebleven bij die plaatsing. Dan krijgt hij zo'n scheurhemd aan. Dat is zo'n soort lange jurk, die niet kapot gescheurd kan worden. En toen zat hij daar op zijn matrasje, soort zo kindelijk om zich heen te kijken.Ik vond het gewoon zielig. Het was zo zielig. En dan zit ik s'avonds met kerstavond wel op de bank. Zat ik even aan die man te denken. Ja, het is kerstavond zit die man daar. En dus met de kerst ook. Want ja, wie gaat hem daar uithalen? Dat moet toch een arts of een psycholoog zijn. Dus voor zijn eigen veiligheid heeft hij dus met kerst daar gezeten. Tuurlijk bieden ze hem overdag wel wat aan. Dus laten ze hem wel even recreëren op de afdeling of iets dergelijks. Maar dat vond ik wel. Ja, dat vond ik indrukwekkend. Ik denk, ja, die man zal er uiteindelijk ook niet voor gekozen hebben om hier te zitten. Zo op die manier. En het was echt een klein vergrijp waarvoor die.Binnen was gebracht. Ja, dat voel ik echt zielig. Dat was schrijnend. Schrijnend, ja, dat is misschien een beter woord. Hoe ga je daar dan vervolgens mee om? Want het kan zich opstapelen en aan je gaan knagen, dat soort dingen. Ja, dat moet je niet doen. Ja, hoe ga je daarmee om? Met je collega's toch over praten. Thuis kan je natuurlijk vrij weinig vertellen. Want je zit sowieso met een medisch beroepschuim. Maar het feit dat dat binnen justitie gebeurt, doet we nog een schepje bovenop. En met je collega's erover praten, ik heb ook jaren, daarvoor nog wel eens een keer was ook met een OBS-plaatsing ook een schrijn het geval.En dat maakte ook zo'n indruk op me dat ik terugkwam op kantoor en dat gewoon de tranen in mijn ogen sprongen. Ja, dan heb je collega's waar je op terug kan vallen. Dat is weer dat team wat zo belangrijk is. Ja, dan snap je ook wel erg wat meer. Ja, die snappen mij en die snappen waarom dat zo'n indruk maakt. Ik denk dat het tijd wordt om eens een kijkje te gaan nemen op jouw werk. Ja, leuk. Dat gaan we doen. Ik ben heel benieuwd. In het veld. We zijn in PI Beschie. Dat klopt, hè? Ja, klopt. Wat gaan we hier doen? Wat wil je hier allemaal laten zien? We staan hier echt in een super mooie gang, eigenlijk. Ja, de circulatiegang, zoals dat heet. En ja hierboven zijn de afdelingen.Dit is één kant van het pand. En aan de andere kant hebben we nog zo'n gang. En daar zitten ook weer twee afdelingen boven. En waar wij nu staan in deze gang, is dit ook waar gedetineerden zich ook verplaatsen en bewegen? Eerst de keuken en arbeidszalen zijn hier beneden en al het verkeer, vandaar noemen ze de circulatiegang. Die gaat helemaal rond. En dan kunnen ze via deze gang overal naartoe. Aan de wandel. Kunnen ze hier ook hardlopen of is dat niet een sportenruimte tegen? Je mag niet rennen in de PI, dat is altijd de regel. Alleen als het een spoedgeval is. Ja, precies. Kunnen ze hier dan ook gewoon hangen, zeg maar? Of is dit echt alleen de gang om. Het is echt om een doorgang voor de circulatie. En waar gaan we nu naartoe?Ik wil jullie even de isoleercellen laten zien, als dat kan. En misschien even een shotje op de afdeling. Kijken of daar. Gaan we even kijken hoe het daaruit ziet. Ja, super. Kom jij ook altijd binnen aan deze kant van het gebouw? Ja, we hebben allemaal een eigen sleutelbos en een eigen pieper. En die pieper dien je ten alle tijde bij je te dragen. Want er kan opkement alarm zijn en dan moet je wel weten waar het alarm is. Niet dat ik erop hoef te lopen, maar als het algemeen alarm is, dan mag je niet door het pand bewegen. Dus dan moet je wel weten hoe of wat. Ja, precies kijk.Ik hoor een vogel. Ja, dit is de extra zorgvoorziening. Dus hier hebben ze psychisch wat kwetsbaardere mensen. En die hebben ook vogeltjes die ze dan kunnen verzorgen en dat soort dingen. Kom jij dan ook als jij aan het werk bent, eigenlijk overal in de PI? Ja, ik moet eerlijk zeggen, aan deze kant wel iets minder, omdat dit niet mijn afdelingen zijn. Ik doe de gevangeniskant. Dus de A-afdeling is voor mij. En als mijn collega van de B, dat is ook gevangenis, er niet is, dan neem ik die waar. En de C en de D neem ik over het algemeen niet zo vaak waar. Nee, precies. Nou, dit is een leefafdeling. En is het nu.Volle bakdruk of zijn er staat er heel veel leeg? Nee, het is volle bak. Het is eigenlijk, we hebben nu sinds kort ook dubbelcellen. Dus ze zitten ook zelfs met z'n tweeën opeens cel. Dus het is echt wel ja volle bak. En ze kunnen dan aan deze kant ook koken. Als we hun boodschapjes hebben ontvangen, dan kunnen ze hier eten koken. En ook voor zichzelf? Of is dat altijd een beetje een groepsdynamisch ding? Nou, de een kookt voor zichzelf en de andere, ze hebben van die groepjes waar ze dan mee koken. Dus dan kookt de ene dag die en de andere dag die. Zo doen ze dat een beetje. En ik zie een tafelvoetbal en een televisie. Ze hebben ook gewoon contact met de normale.Films, series, televisie. Ja, ze hebben gewoon lineaire tv op hun cel. En kunnen ze gewoon kijken wat er op tv is. Het gebouw is een soort acht eigenlijk. En dan heb je dus twee binnenplaatsen. Dit is de sportplaats. En de andere binnenplaats is de luchtplaats. Dus als er sport gegeven wordt, dan is het hier. Dan wordt het hier gesport. Ja, eigenlijk altijd voetbal. Dat is weer clandizier voor ons, hè? Allemaal die enkels en die knieën en precies, allemaal blessures. Allemaal sportblessures, voetbal. Wordt ook gefitness? Ja, er is ook een fitnessruimte. En dat wordt dan begeleid door ILO'ers, instructeur lichamelijke opvoeding. En die geven de jongens sport.Ja, dus dit zijn ook twee luchtkooien. Dus de mensen die op de OBS zitten, kunnen dan hier individueel frisse neus halen. Hier beneden heb je de B-afdeling, de B1, 2 en 3. De B1 is ingericht voor dat noemen ze de zelfredzaamheid afdeling. Dus dat zijn mensen die hebben net iets meer interne vrijheden. Hebben vaak ook de meest gewilde baantjes. Reiniger van het pand, afdelingsreiniger, dat soort dingen. Of in de keuken het eten distribueren. Bijvoorbeeld die bakken die dan vandaag geleverd zijn van de winkel.En dat zijn eigenlijk de mannen die zich gewoon voorbeelden gedragen. En dan kan je dat dus verdienen om op deze ring te komen en hier een soort extra vrijheden te verdienen. En dan hebben we nog een metaalbewerking. Daar wordt alles met metaal gedaan. Dus er worden poedercooterij, er worden metaal, dingen van metaal worden daar gemaakt. Dus dan kunnen we even naartoe lopen. Ja, gaan we even kijken. Hier wordt heel veel gemaakt van metaal. Ja, onderdelen van vrachtwagens, lampenkappen, hier hangen ze. En als je hier dan aan het werk bent, krijg je dan ook betaald? Het is een klein bedrag, ik weet niet precies wat het bedrag is.Maar ze krijgen voor elke uur wat ze werken, krijgen ze betaald. Hier kunnen ze ook diploma's halen. Dus als je naar buiten gaat en je wil bijvoorbeeld verder als lasser, dan kun je dus als lasser hier je lasdiploma halen. En metaalbewerking poedekoterij, lopen we nu naartoe. Dus ja, zo ongeveer alles wat je gespoten wil hebben, dat gaat hier de poedercoterij in, in de kleur die ze willen. Dan wordt het poeder erop gespoten. En dan zou ik even. Dan gaat het inderdaad hier aan deze carousel. En dan gaat het daar de oven in. Twee keer. En dan.En als iemand hier zijn vingers brandt, dan komt hij bij jou. Dan komt hij bij mij. Ja, precies. Dit is de medische dienst. Dit is waar wij onze mensen ontvangen, psychologen zitten ook hier. Ik zal het even laten zien. Ja, dit is dus een spreekkamer. Met name de huisarts zit hier een dag deel per dag. Ja, hier doen wij onze onderzoeken, behandelingen. Jouw domein. Hier zit ik het grootste deel van de dag eigenlijk. En hoe gaat dat dan in zijn werk? Want iemand die heeft bepaalde klachten. Er wordt besloten van nou je moet inderdaad even bij de verpleegkundige langs. Ja, vult een briefje in. Wordt die dan door iemand hierheen gebracht en ook weer opgehaald? Of hoe gaat het? Nee, meestal niet.Er zit hier een gangmacht zoals wij dat noemen. Dat is een complexbeveiliger die hier de boel in de gaten houdt. En die controleert ook alle verkeer. Dus als ik iemand wil spreken, geef ik een briefje aan hem of haar om die persoon op te roepen. En dan regelt die persoon dat die persoon hier komt en dan weet je ook precies wie er is. En soms heb je wel eens van, oh, die heb ik al opgeroepen, want die moet voor de case manager komen. Dat soort dingen. Nou ja, dan hebben we hier nog een ruimte die wordt ook door de fysio gebruikt. Je kunt je voorstellen dat ook de mensen die hier zitten wel eens last hebben van hun nek of schouder of blessures hebben of operatie hebben gehad. Dus wij doen hier ook spreekeur, bloedprikken doen we hier.En de visio komt hier. Eigenlijk alles wat er in het in de in de willen zeggen, burgermaatschappij. In de samenleving gebeurt. Eigenlijk is het een soort mini-samenleving. Ja, dat klopt. En dit is een mini huisartsenpraktijkje. Heb jij dan, dat is meteen natuurlijk een gevoelige vraag, maar heb je dan het gevoel dat jij voor jouw werk voldoende middelen krijgt vanuit je werkgever om je werk goed te doen? Ja, ik denk het wel. En er is altijd wel ruimte voor gesprek, ook. Want het blijft maatwerk. Je kan wel bedenken, we leggen alles vast in protocollen, maar zo werkt het niet als het op medische dingen aankomt en op mensen. Dat gaat gewoon niet.Dus natuurlijk hebben we voor bepaalde ziektebeelden of wat dan ook, hebben we bepaalde protocollen. En dat doen we wel, dat doen we niet. Maar over het algemeen kijk je altijd wel samen de huisarts. En als het nodig is met hogerop van joh, wat kunnen we hiermee? Ja, precies. Bepaalde casussen. Zo, nou, dat zit het erop. Roep je dan ook al dat freedom als je weer hebt? Dat voel ik wel. En zo weer lekker even de frisse lucht. Ja, en dan zo over dat water uitkijken. En dan is het toch altijd een soort wel lekker dat je weer buiten staat.Heel bijzonder om eens in jouw wereld te kijken. En wij hadden het net buiten de camera's om nog even over iets wat eigenlijk ook wel heel erg belangrijk is. Namelijk, wat heb je nou eigenlijk nodig aan opleidingen om jouw werk te doen? Ja, je moet minimaal verpleegkundigen zijn. Dat mag hbo of mbo zijn. En het idee is dat je als je in dienst bent, dan krijg je vanuit justitie de opleiding of de specialisatie eigenlijk tot justitieel verpleegkundige aangeboden. Ik weet dat er op het moment wat wijzigingen zijn in die opleiding. Maar in principe is het zo dat je een jaar lang twee keer in de week of één keer in de twee weken naar school gaat. En dan leer je over verslavingszorg, infectieziekten, psychopatologie, toegeleiding naar de huisarts.Dat soort zaken. Dus dingen die hier wat meer voorkomen. Interessante wereld. Heftige wereld ook wel. Ik heb wel echt het gevoel, jij bent er natuurlijk aan, maar je stapt wel echt de gevangenis in en daar ben je zelf dan ook echt. Misschien hartstikke logisch ook. Maar je wordt er ook een soort van onderdeel van. Ja, nou ja, maar dat is. En dat heb ik als ik op jouw plek rondloop, maar dat is wel wat het is. Gaan wij weer terug naar de studio. Wij gaan terug. Ja, dankjewel. En dat brengt ons alweer aan het einde van deze voor mij super vette podcast. Want ik vond het heel leuk om jouw wereld te duiken. Ja, je hebt een bijzondere job.Supercool. Ja, zeker wel. Ik stel de gast, en dat ben jij in dit geval altijd nog even in de gelegenheid of om een slotwoord met ons te delen. Een soort afsluiter. Heb je nog iets voor ons? Ja, nou ja, ik vind het ook wel belangrijk om dit te vertellen, mijn verhaal te vertellen. Ook waar we het eerder over hadden, dat er best wel oordeel is van de buitenwereld van ja, die gasten hangt ze aan de hoogstboom dat. Maar ze zijn al gestraft. Dus wie ben ik om daar nog een keer een straf overheen te gooien? Dus ik vind het ook belangrijk om te laten zien: het is echt niet PI de Efteling. Het wordt echt wel serieus gehandhaafd.En daarnaast er zit meer achter werken bij DI. Zo simpel is het ook. Het is echt wel een hele mooie omgeving om te werken. En ja, we zoeken ook nog heel veel mensen. Ik voelde hem wel aan. Je voelde hem aankomen. Ja, we zoeken echt nog heel veel mensen buiten dat we PUW'ers, complex beveiligers, ook verpleegkundigen. Dus ja, voor de luisteraars en kijkers die het interessant vinden, wat ik vertel, kijk vooral even op werken bij DI.nl.En mocht je dan toch niks vinden, kijk dan op de. Ja, die zag ik ook aankomen. Ja, precies, ja. Nou ja, ik denk inderdaad, in het profiel zitten heel veel overeenkomen.Super mooie job. En bedankt dat jij hier was om jouw verhaal met ons te delen. Ja, nou jij dankjewel. En jij bedankt voor het kijken of luisteren naar deze aflevering van Boeiend. Normaal gesproken verschijnt deze podcast één keer in de twee weken op YouTube of in je favoriete podcast app. Maar in verband met de zomer gaan we er een tijdje tussenuit. We hebben nog wel een hele mooie special gemaakt over een moorzaak. En die verschijnt ergens in de zomer, ook op dit kanaal. En daarna gaan we natuurlijk weer verder met reguliere afleveringen van Boeiend. Mocht je nou in de tussentijd een suggestie hebben voor een onderwerp, stuur mij dan vooral even een DM op Instagram. Daarna zie ik jou na de zomer heel graag terug in de volgende afleveringen van de politiepodcast Boeiend. Als je weet dat je het kan, dan moet je ook voor gaan.Echt een duidelijke norm richting de samenleving. Wij horen achter onze politiemensen te staan."
