name,category,model,cpu_max,cpu_avg,gpu_max,gpu_avg,mem_max,mem_avg,rtfx,transcript
bewegingsapparaat.mp3,Dokter Patient,Cohere Labs Transcribe,30.8,25.343137254901976,100,29.147058823529413,4882.3125,4808.077205882353,24.012364314189988,"Goedemiddag, komt u verder. Ik heb voor u de uitslag van het röntgenonderzoek. Zoals vorige keer besproken was er een sterk vermoeden op een breuk, een ingezakte wervel. Hoe gaat het nu met uw rug? Dankzij de pijnstilling is het wel te doen. De röntgenfoto laat zien dat u inderdaad een ingezakte wervel heeft. Verder is het een stabiele breuk waarvoor een operatie niet nodig is. Gelukkig. Het minder goede nieuws is wel dat de breuk veroorzaakt is door osteoperose. Dit houdt in dat de dichtheid van uw botten minder wordt. Weet u wat ik daarmee bedoel? Ehm, betekent dit dan dat ik veel vaker botbreuken zal oplopen? Het is vervelend voor u om te horen. Helaas kan dat wel voorkomen. Maar kan ik dan helemaal niet meer gaan wandelen? Want zo is het natuurlijk de vorige keer gebeurd. Het is juist goed om te blijven bewegen. Hierdoor bouwen de botten meer kracht op. Maar ik ben dan bang dat ik ga vallen, waardoor ik weer iets kan breken. Ik kan me heel goed voorstellen dat u hier bang voor bent. Maar er zijn wel manieren om dit te voorkomen. Deze kunnen we later wel bespreken. Oké. U lijkt nog niet echt gerustgesteld. Ja, het voelt gewoon alsof men lichamen in de steek laat. Het is natuurlijk ook vervelend om dit te horen, maar we kunnen de maatregelen bespreken die de kansopbreuken zo klein mogelijk maken. Goed? Tja, ik weet niet of ik daar het nut zo van inzie. En waarom niet? Ja, dan moet ik zeker oefeningen gaan doen of zo. Ik kan me voorstellen dat het wat weerstand oproept. Maar de maatregelen kunnen het risico wel degelijk verlagen. Vindt u het goed als we rustig het een en ander doornemen? En dan kunnen we daarna kijken wat voor u goed voelt. Oké. Oké, fijn. We kunnen u allereerst aanraden vitamine D-supplementen en calcium-tabletten te nemen, beide stoffen bouwen de botten opnieuw op. Of in plaats van calciumtabletten kunt u minimaal vier zuivelconsumpties nemen op een dag. Wat denkt u? Ik eet best veel yoghurt en drink eigenlijk ook altijd wel twee glazen melk. Oké, nou dan kunnen we die calciumtabletten al achterwege laten. U zou dan baat hebben bij de vitamine D-supplementen. Verder is het juist goed om te blijven bewegen en actief te blijven. Wat zou u kunnen doen qua beweging? Het gaat gelukkig wel redelijk om elke dag even te blijven wandelen. Blijf dat vooral doen, zo blijven de botten gewend aan de belasting. U rookt niet, maar drinkt u wel regelmatig alcohol? Nee, alleen in het weekend. Goed, met uw bloeddrukverlager vormt dat in principe verder geen risico. Verder raad ik u aan fysiotherapie aan te leren en een goede balans en evenwicht te behouden, zodat u minder kans heeft om te vallen. Wat denkt u daarvan? Ja, dat wil ik wel proberen. Wat denkt u van deze adviezen? Het valt me eigenlijk wel mee. Ik had het erger verwacht, om eerlijk te zijn. Gelukkig maar. Dus kort samengevat: u kunt vanaf nu starten met vitamine D-supplementen en er vooral voor blijven zorgen dat u genoeg calcium binnenkrijgt. Verder is blijven bewegen belangrijk en maakt u een afspraak met de fysiotherapeut. En qua rugpijn kunt u doorgaan met de pijnstilling zoals we die de vorige keer hebben besproken. Is het zo duidelijk of heeft u nog vragen? Nee, het is wel duidelijk zo en ik ben er ook wel content mee. Zullen we dan over een week of drie een nieuwe afspraak inplannen? Dan kunnen we bespreken hoe het gaat. Dat zou ik fijn vinden. Bedankt voor het prettige gesprek, dokter."
ademhaling.mp3,Dokter Patient,Cohere Labs Transcribe,26.8,25.314634146341454,100,27.048780487804876,4874.3125,4801.288109756098,27.53852269666833,"Ik denk dat ik inmiddels voldoende informatie heb over uw klachten. Dan zou ik nu nog even naar uw longen willen luisteren. Dat is prima hoor. Oké, u kunt zich achter het gordijn omkleden en de kleding daar aan een haakje hangen. U hoeft alleen uw bovenlichaam te ontkleden. Oké, dus de broek mag ik aanhouden? Klopt, die mag u aanhouden. Muizik U mag plaatsnemen op de onderzoeksbank met uw benen naar deze kant. Ik ga nu even luisteren naar de longen en ik zal op verschillende plekken gaan luisteren. De stethoscoop kan wat koud aanvoelen. Ik zal het even op uw hand laten voelen. Gaat dat zo? Ja hoor, het valt me mee. Fijn. U mag de armen gekruist op uw borst leggen. Zou u eens diep kunnen zuchten met mond open? Het mag u een aantal keer herhalen in een rustig tempo, terwijl ik naar de longen blijf luisteren. Prima, ik heb het goed kunnen horen, dank u wel. Mag ik me dan nu weer aankleden, dokter? Ja, natuurlijk. U kunt zich weer aankleden achter het gordijn. Doe maar rustig aan hoor, dan bespreken we dadelijk wat ik heb gehoord."
diabetes.mp3,Dokter Patient,Cohere Labs Transcribe,37.5,25.52823529411765,100,32.023529411764706,4884.3125,4833.488970588235,21.959071368706113,"Goedemiddag, meneer Visser. Goedemiddag. Vertel, waarvoor bent u vandaag gekomen? Nou, ik ben al een tijdje erg moe. Ik heb nergens zin in. Totaal vutloos. Echt heel vervelend. Ja, dat kan ik me voorstellen. Moe en vutloos, zei u. Wat verstaat u hieronder? Ja, ik heb gewoon overdag geen energie om iets te doen. Wat vervelend. En hoe lang heeft u daar al last van? Ja, al een weekje of zes. Zes weken dus. En wat maakt het dat u nu toch na zes weken komt? Ja. Ja, ik maak me zorgen. Ik vind het nu echt te lang duren. Ik wil graag weten wat de oorzaak is. Dat kan ik me voorstellen. Dus als ik het goed begrijp, wilt u vooral weten wat de oorzaak van uw klachten is. Hoe slaapt u? Heel goed, ja. S'nachts ben ik wel een paar keer wakker om eruit te plassen. Maar daarna slaap ik vrijwel direct weer in. Hoe vaak is het een paar keer? Ik denk gemiddeld wel vier keer per nacht. En hoe was het hiervoor qua plassen in de nacht? Oh, dat was minder. En ervaart u dan ook pijn bij het plassen? Nee, dat niet. Drinkt u veel voordat u gaat slapen? Ja, ik drink de hele dag veel. Ik heb vreselijk veel dorst de hele dag. Maar s'avonds probeer ik een beetje minder te drinken zodat ik niet zo vaak naar het toilet hoef. Tijdelijk. Als ik het goed begrijp, heeft u dus sinds ongeveer zes weken veel last van vermoeidheidsklachten. Heeft u veel dorst en moet u vaak plassen, vooral s'nachts. Heeft u verder nog andere klachten? Nee, eigenlijk niet. Alhoewel, ik heb ook een paar wondjes op mijn rug die maar niet willen overgaan. Daar zal ik ook even naar kijken. Ik wil je ook nog wat algemene vragen stellen. Ja, prima. Hoeveel weegt u? Zo'n dikke 100 kilo, schat ik. Ik weet het niet precies. Dan gaan we u straks even wegen. Hoe is uw eetpatroon? Ik eet het liefst aardappelen met een lekker stukje vlees. Maar mijn vrouw maakt ook wel eens pakjes. Spaghetti en op vrijdag eten we altijd friet. Eet u verder ook nog fruit en groente? Nou, daar hou ik niet zo erg van. En snoept u ook, zoete of hartige tussendoortjes? Ach, een koekje bij de koffie en bij de thee. En s'avonds wat chips bij het biertje, maar meer niet hoor. En hoeveel drinkt u gemiddeld? Eigenlijk altijd maar een paar biertjes. Verder geen wijn of sterke drank. Een paar biertjes, zegt u? Hoeveel beertjes per dag ongeveer? Drie of vier, denk ik zo. En rookt u? Ja, een pakje per dag ongeveer. En beweegt u ook dagelijks? Dat probeer ik wel, af en toe een blokje om, maar veel meer is het echt niet. Oké, en komt er diabetes voor in uw familie? Diabetes, oh, suikerziekte. Nee, niet dat ik weet. Maar hoezo? Denkt u dat ik suikerziekte heb? Ik sluit het niet uit, maar we hebben daar een aantal onderzoeken voor nodig. Vindt u het goed als ik u eerst lichamelijk ga onderzoeken? Natuurlijk, geen probleem. U kunt alvast op de onderzoekstafel gaan liggen. Zou u ervoor kunnen zorgen dat dit gehele bovenlichaam ontbloot is? Dan kunnen we deze goed onderzoeken. Ja, dat is prima."
hartziekten.mp3,Dokter Patient,Cohere Labs Transcribe,30.8,25.540449438202245,97,30.876404494382022,4878.3125,4846.357443820225,25.54196413856351,"Goedemiddag, wat heeft u hier gebracht vandaag? Ik heb de laatste tijd wat last van mijn hart. Uw hart, en wat bedoelt u daarmee? Nou, ik merk dat ik steeds vaker hartklopingen heb. Oké, en hoe lang heeft u daar al last van? Ik denk een paar weken, maar sommige dagen heb ik er ook helemaal geen last van. Dus eigenlijk heeft u bijna iedere dag er last van en wat voelt u dan precies? Ja. Mijn hart klopt dus sneller, en ik voel het echt in mijn borstkast kloppen. Oké, dat is vast een onprettig gevoel. U zegt dat u het al een paar weken heeft. Daarvoor had u het niet. Wat maakt nou dat u vandaag bent gekomen? Ja, het is gewoon een heel naar gevoel. En ik denk dat ik een hartaanval krijg of zo. Dus ik wil het een en ander laten checken. Ja, dat begrijp ik helemaal. En op zo'n moment van de aanval, wat doet u dan? Ja, niks speciaals eigenlijk. Voelt u verder nog andere dingen op die momenten? In de borstkast of in de rest van je lichaam? Nee, dat niet. Ik denk eigenlijk alleen in de borstkast en niets anders dan dit hoor. En merk je bijvoorbeeld dat het hart ook van tempo wisselt, soms sneller en soms langzamer? O ja, dat heb ik wel enkele keren gemerkt, maar dat was niet zo heel erg hoor. Oké. Heeft u verder ook geen klachten van misselijkheid, benauwdheid of zweeten? Nee, dat eigenlijk niet. Alhoewel, ik merk dat ik door de hartkloppingen ook wel een snellere ademhaling krijg. Oké, en heeft u daarbij ook een gevoel van kortademigheid? Nee, dat niet. Oké, dus als ik het goed begrijp, heeft u sinds enkele weken last van hartkloppingen, maar verder niet veel bijkomende klachten? Ja, dat klopt inderdaad. Dat valt wel mee, het is wat drukker. Maar ik ga binnenkort op vakantie. Nou, dat is een fijn vooruitzicht. En heeft u zelf al iets aan de klachten gedaan? Ik probeer gewoon even rustig te doen, dan zakken de klachten vaak wel. Lukt dat wel goed om even rustig aan te doen? En wat doet u dan? Nou, ik maak me soms wel druk en dan houden de klachten wat langer aan. En waarover maakt u zich dan druk? Ja, dokter, ik heb in mijn omgeving toch wel mensen gehoord die dezelfde klachten hadden als ik. en dan ineens onderuit gingen of waarmee dan ineens mee slechter ging. Maar dat wil ik natuurlijk niet. Nee, dat is natuurlijk heel begrijpelijk. U hoeft zich daar geen zorgen over te maken. Dit soort hartkloppingen zijn heel veel voorkomend en zijn vaak echt. Maar ik zal voor de zekerheid zo natuurlijk ook even naar uw hart luisteren. Dat vind ik wel fijn om te horen. Het onderzoeken van het hart vind ik ook wel fijn eigenlijk. Ik krijg de indruk dat nog niet al uw zorgen zijn weggenomen. Kan dat kloppen? Ja, dat klopt misschien wel, dokter, want ik maak me vooral ook zorgen om mijn reis. Uw reis? Wat voor reis gaat u maken? Ik ga bij mijn dochter op bezoek in Australië. Maar daar moet ik ook veel rijden. En ik ben bang dat ik met deze klachten niet veilig achter het stuur kan zitten en kan deelnemen aan het verkeer. Ja, ik kan me dat goed voorstellen. Maar ik kan u hierin wel geruststellen. Zeker als we dadelijk bij het luisteren naar het hart niets geks horen. Deze klachten zullen uw rijvaardigheid niet beïnvloeden. Naar mijn mening kunt u dus gewoon veilig op reis om uw dochter te bezoeken. Dat is goed om te horen, dokter, dank u wel. Ik zal eerst even naar uw hart luisteren en dan kunnen we de andere dingen ook makkelijk uitsluiten."
oncologie.mp3,Dokter Patient,Cohere Labs Transcribe,27.9,25.341975308641977,100,32.91358024691358,4876.3125,4826.781635802469,26.76332241178361,"Fijn dat u vandaag bent gekomen voor het bespreken van de uitslag van de onderzoeken. Zoals u weet, hebben we afgelopen donderdag het aanvullende onderzoek gedaan. En nu heb ik de uitslag. Ja, goeiemiddag dokter. Ik ben wel een beetje bang voor de uitslag. Dat kan ik me goed voorstellen. Ik heb helaas geen goed nieuws voor u. Ik moet u mededelen dat u kanker heeft in de dikke darm. Er is een tumor gezien op de scopie. Wat denkt en voelt u nu? Er gaat wel veel in mij om op dit moment. Ik was er al een beetje op voorbereid, maar ik merk dat het toch wel erg confronterend is wat u mij vertelt. Het is ook heel heftig nieuws om te horen. Betekent dat nou dat ik doodga, dokter? Bent u daar bang voor? Ja, eigenlijk wel. Ik begrijp dat u zich hierover zorgen maakt, maar er zijn nog genoeg behandelopties die in dit stadium van de ziekte toegepast kunnen worden. Ja, ik weet even niet zo goed hoe ik hierop moet reageren. Ik vind het wel heel beangstigend allemaal. Hoe gaat het nu verder? Kan ik nog blijven werken? Moet ik het nou aan iedereen vertellen? En hoe ga ik het thuis aan mijn paard en mijn kinderen vertellen? Ik begrijp dat dit veel vragen bij u oproept op dit moment. Heeft u iemand in uw naaste omgeving die u kan steunen? Jazeker, mijn partner. Dat is goed om te horen. Uiteraard hoeft u dit niet alleen te doen. We zullen vanuit hier u en uw familie zoveel mogelijk begeleiden. Dat is wel fijn om te horen. U vraagt zich af hoe u dit aan de familie moet zeggen. Wilt u hier hulp bij? Nee, ik denk dat dat wel zal lukken. Goed om te horen. Wilt u nu al de verschillende behandelopties horen of wilt u dat liever op een later moment bespreken? Ja, graag. Ik weet alleen niet zeker of ik alles nu kan onthouden. Ik kan u de informatie ook op papier meegeven. En de volgende keer herhalen we alles gewoon nogmaals en kunt u uw verdere vragen stellen. Bedankt, dokter, dat zou ik heel fijn vinden. Een operatie is sowieso nodig. Hierbij wordt een deel van de dikke darm weggehaald en de rest wordt weer aan elkaar gemaakt. Soms is het tijdelijk nodig een stoma te gebruiken. Wat vindt u ervan? Ja, het klinkt wel begrijpelijk. Na de operatie moeten we het hebben over chemotherapie. Met de combinatie van een operatie en chemotherapie heeft u in dit stadium 90% kans om de kanker volledig uit uw lichaam te krijgen. Oké, dus ik krijg een operatie en u raadt chemotherapie aan. Dat klopt inderdaad. Wat vindt u ervan? Ja, het is duidelijk en tja, het zal wel moeten, hè? Wilt u een folder met de informatie? Ja, heel graag. Dan zal ik u een folder meegeven met informatie over de behandeling van darmkanker. Kan ik u verder nog ergens mee helpen? Nou, ik ben al heel erg blij met deze informatie, dus dank u wel daarvoor. Fijn om te horen. Als u vragen heeft, kunt u deze opschrijven. Bij de volgende afspraak kunnen we alles nog eens rustig doorlopen. Het zou goed zijn als u dan iemand mee zou nemen. Ja, dat is zeker goed. Ik neem mijn partner mee. Ja, goed zo. Veel sterkte de komende week en we houden contact."
abdomen.mp3,Dokter Patient,Cohere Labs Transcribe,35.0,25.546478873239437,100,35.929577464788736,4882.3125,4813.213908450704,29.747708260253212,"Goedemiddag, neemt u plaats. Dan zullen we de uitslag van het onderzoek gaan bespreken. Goedemiddag, dokter, ik ben erg benieuwd. Ja, zoals u weet hebben we net een echo gemaakt. En we konden daarop duidelijk zien dat u een blindedarmontsteking heeft. En dit veroorzaakt ook de buikpijn die u heeft. Oh, dat klinkt niet goed. Wat houdt dat precies in? Ja, er is een ontsteking van een aanhangsel van de blindedarm, de appendix. Hoe het ontstaat is niet helemaal duidelijk, maar het ontstaat vaak plotseling. Oké, ik snap wel wat u bedoelt, denk ik. U klinkt nog niet overtuigd. Maakt u zich zorgen? Wel een beetje om eerlijk te zijn: is het wel goed te genezen? Ja, het is eigenlijk zonder ernstige complicaties goed op te lossen. Maar we moeten het wel gaan behandelen. Oké, dat stelt me gelukkig gerust. Wat kan er dan gedaan aan worden? Nou, eigenlijk zijn er twee opties. Optie 1 is een operatie waarbij het ontstoken deel verwijderd wordt. Dit is de optie waar het meest voor gekozen wordt. De andere optie is behandelen met antibiotica. Die worden dan direct via een infuus in de aders toegediend. En we kunnen samen kijken wat voor u de beste optie is. Dat lijkt me wel fijn, ja. Ja, na de operatie kan de ontsteking nooit terugkomen omdat het ontstoken deel in zijn geheel verwijderd wordt. Het terugkomen van de ontsteking noemen we ook al een recidief. En de kans op een recidief na behandeling met antibiotica ligt tussen de 20 en 30 procent in de twee jaar na de behandeling. Maar zitten er niet ook nadelen aan een operatie? Ja, een operatie kan gepaard gaan met complicaties, ook al zijn deze veelal klein. De operatie wordt onder narkose gedaan met een kijkoperatie. Oké, maar is het dan niet zo dat de darm misschien minder goed functioneert omdat je het weghaalt? Nee, gelukkig niet. Dit stukje van de darm heeft geen functie, dus het weghalen heeft verder geen nadelen. Ik ben ook nog wel benieuwd naar wat details over de behandeling met antibiotica. Ja, voor de behandeling met antibiotica moet u een paar dagen opgenomen worden om de antibiotica toe te dienen. De opname duurt korter dan de keuze als je kiest voor een operatie. Na een behandeling met antibiotica herstelt u wel sneller dan na de operatie. Maar een onderliggende oorzaak van de ontsteking kan niet achterhaald worden. Bij een operatie kan dat wel. Wat kunnen die oorzaken dan zijn? Nou ja, de meest ernstige oorzaak is een vorm van kanker. Die komt niet vaak voor, maar bij 1 tot 2 procent van de mensen. Hmm. Ja, dat is niet veel, maar het lijkt me geen fijn idee om met die onzekerheid te leven. Ja, dat is begrijpelijk dat u dat zegt. Was het verder betreft de behandelopties wel duidelijk wat de voor- en nadelen zijn of heeft u nog vragen? Nee, dat is eigenlijk al duidelijk. Heeft u op dit moment een voorkeur voor een van beide behandelingen? Ja, voor een operatie. Ondanks dat het herstel misschien langer duurt. Ik vind het wel fijn om zeker te weten dat het niet terugkomt. of misschien wel veroorzaakt wordt door een vorm van kanker. Vindt u dat een logische keuze? Ja, hoor. Ik zou de meeste mensen een operatie adviseren. Oké. Kan ik even mijn partner op de hoogte stellen voor we verder gaan? Hij maakt zich namelijk nog wel wat zorgen. Ja, natuurlijk mag dat. En dan bespreken we zo verder de vervolgstappen."
auto-immuunziekten.mp3,Dokter Patient,Cohere Labs Transcribe,30.0,25.48942307692308,100,33.58653846153846,4890.3125,4854.5625,25.915789962857684,"We hebben het zojuist gehad over uw klachten. U gaf aan sinds een langere periode klachten te hebben van buikpijn en diarree en u bent flink wat kilo's afgevallen. Ook voelt u zich vermoeid en futloos, waardoor u overdag weinig energie heeft en u maakt zich daar zorgen over. Klopt dat? Ja, dat klopt inderdaad. Dan zou ik u nu graag wat specifiekere vragen willen stellen over de klachten. Prima: Zou u kunnen omschrijven waar u de buikpijn voelt? Vooral wat lager in de buik, het is echt een krampende pijn. En is er iets wat u kunt doen om die pijn te verzachten? Het liefst houd ik me rustig. Maar ik moet dan vaak naar het toilet. Op de wc heb ik dan nog wel veel buikpijn, maar naderhand is de buikpijn vaak iets gezakt. Dus nadat u naar het toilet bent geweest, is de pijn minder. En is de pijn verder de hele dag door aanwezig? Nee, dat niet. Het gaat vaak een beetje op en af. Ik merk dat het een paar uur na het eten vaak het pijnlijkst is, hoewel ik er s'nachts ook wel veel last van heb. Ik moet dan ook een aantal keer naar de wc. En dan na de toiletgang is het weer minder? Ietsjes. Slaapt u verder wel goed? Redelijk. Behalve dat ik er dus wel vaak uit moet, s'nachts. Het inslapen duurt dan soms ook wel weer even. Ja, dat snap ik. U zei dat u diarree heeft. En kunt u aangeven of de ontlasting altijd zo dun is? Eigenlijk wel. Soms is het wat harder, maar meestal is het gewoon heel dun tot zelfs waterdun. En hoe vaak gaat u gemiddeld per dag naar het toilet voor de ontlasting? Ik denk gemiddeld wel een keer of vijf à zes de afgelopen periode. Dat is inderdaad wel veel. Weet u misschien of er ook bloed of slijm bij de ontlasting zit? Nee, dat gelukkig niet. En heeft u verder nog last van oprispingen of zuurbranden? Ik heb dat altijd wel een beetje gehad, maar dat is niet veel erger geworden in de afgelopen periode. En voelde u zich dan ook wel eens misselijk, of moet u misschien overgeven? Nee, dat gelukkig niet. Dat is fijn om te horen. En hebt u nog wel een normale eetlust? Nou, ik heb niet vaak zin om te eten, moet ik zeggen. Dus toch wel een afgenomen eetlust, als u het zo zegt? Ja, dat wel. En hoe is uw eetpatroon? Zou u voor mij eens kunnen omschrijven wat u op een dag zo al eet? Ik probeer wel genoeg groente en fruit te eten. Daarnaast eet ik elke dag een stukje vlees of vis. Soms snoep ik wat tussendoor, maar meestal houd ik wel een beetje rekening met wat ik eet. Oké, ik denk dat ik zo wel een goed beeld heb. Bent u. Toevallig recentelijk ook nog in het buitenland geweest voordat de klachten begonnen? Ik ben wel op vakantie geweest naar de camping op Frankrijk, maar verder niet. Duidelijk. Heeft u ooit korts ervaren bij de klachten? Dat weet ik eigenlijk niet zo goed. Ik heb soms wel heel koud en dan weer warm, maar dat is niet altijd zo. Oké, we kunnen zo meteen ook de temperatuur wel meten. Zou u kunnen aangeven of u medicijnen of pijnstellers gebruikt? Medicijnen niet, maar ik neem wel af en toe een pijnsteller. Soms helpt dat iets tegen de buikpijn. En heeft u verder nog aandoeningen in de voorgeschiedenis? Nee, eigenlijk niet. Heeft u misschien toevallig in de familie ooit gehoord dat iemand dit soort klachten heeft? Volgens mij had mijn tante hier ook wel eens last van. Ik zou het eens kunnen navragen. En weet u misschien of er verder erfelijke ziektes in de familie zitten? Hmm, ik weet dat mijn oma een vorm van reuma had, maar ze is al een tijdje terug overleden. Verder denk ik het eigenlijk niet. Oké, als u het goed vindt, wil ik u graag lichamelijk onderzoeken. Is dat goed voor u? Natuurlijk. Zou u dan voor mij de buik willen ontbloten? Dat kunt u daar achter het gordijn doen. En uw bh mag u aanhouden. Oké, dat is goed."
neurologie.mp3,Dokter Patient,Cohere Labs Transcribe,38.1,25.475257731958763,88,34.22680412371134,4876.3125,4845.590850515464,28.582216117178326,"Goedemorgen, wat kan ik voor u betekenen vandaag? Ik heb last van heel ernstige hoofdpijn. Heel ernstig? Wat is ernstig? Ik heb gewoon hele hevige hoofdpijnsaanvallen. Hoe lang heeft u hier al last van? Ik denk al enkele maanden, maar de laatste weken wel steeds vaker. Dat is al best wel lang. Wat maakt dat u vandaag naar mij bent gekomen? Ik ben er klaar mee, ik wil er nu van af, want het heeft echt invloed op mijn dagelijkse leven. Hoe bedoelt u? Dat begrijp ik. Heeft u al iets geprobeerd om de pijn te verlichten? Ik lig dan het liefst gewoon op mijn kamer in het donker. Maar soms word ik ook echt misselijk als ik moet opstaan. Heeft u zelf een idee waar het vandaan kan komen? Ik ben eigenlijk wel bang dat het iets ernstigs is. Waar denkt u dan aan? Iemand in de familie is na dezelfde klachten gestorven aan een hersentumor. Ik ben er eigenlijk wel bang voor dat ik dat ook heb. Ik kan me voorstellen dat u zich dan zorgen maakt. Wie was dat in de familie? Dat was een neef van mijn moeder. Dus als ik het goed begrijp, is dat ook de reden dat je vandaag bent gekomen? Ja, eigenlijk wel. En natuurlijk ook iets tegen de pijn. Als ik kijk naar de hoofdpijn, waar in het hoofd voelt u de hoofdpijn? Meestal een beetje voor in het hoofd, meer aan de linkerzijde. En hoe zou je de soortpijn omschrijven? Het is vooral een bonzende pijn. En hoe lang is de pijnaanval dan meestal? Soms is het na één dag al minder, maar het kan soms ook drie dagen duren. Wat doe je dan als je zo'n aanval hebt? Ik ga dan in bed liggen, meestal de deuren en de gordijnen dicht. Begrijp ik goed dat je ook last hebt van licht en geluid overgevoeligheid? Ja, inderdaad. Heeft u verder nog bijkomende klachten? Ja, soms ben ik misselijk. En als u misselijk bent, moet u dan soms ook braken? Heel soms, maar gelukkig niet zo vaak. Heeft u tijdens de aanvallen ook last van slechter zicht? Tijdens de aanvallen merk ik wel dat ik het soms niet goed kan zien, maar ik wil het liefst ook mijn ogen dicht houden vanwege het felle licht. Gebruikt u verder medicatie? Soms een pijnstiller voor de hoofdpijn. En helpt dat tegen de pijn? Ja, meestal wel. Dus nog even kort om samen te vatten: het is dus een bonzende hoofdpijn die in aanvallen komt, vrij ernstig van karakter, vooral aan een zijde van het hoofd. Soms bent u ook misselijk met braken en meestal helpt rustig aandoen in een donkere kamer en soms een pijnstiller. U bent ook best bang dat het iets ernstigs is en wil graag iets tegen de pijn. Heeft u zo nog aanvullingen? Uw hoofdpijn doet me sterk denken aan migraine. Bent u bekend met deze term? Ik heb er wel eens van gehoord. Maar u denkt dus niet aan een tumor? Nee, eigenlijk niet. Het komt bijna precies overeen met het schoolvoorbeeld van migraine. Oh, ik wist niet dat die pijn zo hevig kon zijn. Dat kan helaas wel heel verhinderend zijn. De aanvallen zullen helaas blijven terugkomen. Maar er zijn wel wat dingen die je kunt doen om de hoofdpijn te verzachten. Op het moment dat de pijn opkomt, is het aan te raden rust te nemen. De pijn kan versterkt worden door stress, onrust en weinig slaap. Dit zijn dus elementen waar je op kan letten om de hoofdpijn te verminderen. Ervaart u veel stress? Soms wel, dokter. Maar het wordt wel rustiger binnenkort. We krijgen een extra collega. Dat is fijn om te horen. Hopelijk neemt de stress dan ook af. Verder kunt u zodra de pijn opkomt beginnen met 2-paracetamol. U kunt dit dan consequent de dag door op maximaal vier momenten nemen. totdat u merkt dat de pijn minder wordt. Een paracetamol, gaat dat wel helpen tegen deze heftige pijn? Een paracetamol is een medicijn dat verder niet heel schadelijk is. maar het kan wel heel effectief zijn, zeker als het zo op vaste tijdstippen wordt genomen. Mocht het niet helpen, kunnen we altijd overgaan naar een andere pijnstiller. Vindt u dat een goed idee? Dat klinkt wel redelijk. Ik ga het in ieder geval eens proberen. Zullen we dan afspreken dat we over ongeveer vier weken een nieuwe consult plannen. en kijken hoe het gaat? Mocht het dan niet voldoende helpen, kunnen we dan overgaan op een andere behandeling. Dat is goed, bedankt dokter. Heeft u verder nog vragen? Nee, het is wel duidelijk zo. Dan zie ik u graag over vier weken."
misbruik.mp3,Psychologische gespreksvoering,Cohere Labs Transcribe,37.5,25.41807909604521,100,40.46892655367232,4886.3125,4855.3972457627115,33.574190571165616,"Nou, goedemiddag Sarah. Mijn naam is Stella. En ik heb je even apart genomen omdat ik bij binnenkomst zag dat je behoorlijk overstuur was. Ik stel voor om even gewoon een kwartiertje samen te gaan praten. Gewoon even kijken wat er aan de hand is. Dat jij even je verhaal kan doen en dat we samen kunnen kijken wat we eventueel voor jou kunnen betekenen hier. Vind je dat een goed plan? Ja. Oké, allereerst, waarom ben je gekomen vandaag? Omdat ik niet naar huis kwam. Je kwam niet naar huis. En waarom kan je niet naar huis? Ja, ik durf gewoon niet meer naar huis te gaan, eigenlijk. Daarom ben ik ook weggegaan. Oké, dat is nog niet aan. Ja. Dus je bent weggegaan van huis omdat je niet meer naar huis durft. Daar komt het op neer. En waarom durf je niet meer naar huis? En waar vind je het wel? Dat vind ik wel een beetje moeilijk om over te praten. Dat vind ik moeilijk om over te praten. Kan je eerst iets vertellen over je thuissituatie dan? Ja, mijn ouders zijn twee jaar geleden gescheiden. En daar zie ik mijn vader eigenlijk niet zoveel meer. En mijn moeder heeft nu een nieuwe vriend, maar ik ga het eigenlijk helemaal niet meer vinden. Ik dacht een beetje een vies mannetje. Oké. Je ouders zijn gescheiden twee jaar geleden. Ja. En hoe is de scheiding gegaan? Ja, best wel rot eigenlijk, want daardoor zie ik mijn vader eigenlijk helemaal niet meer. Maar één keer in de twee weken, in het weekend en hij heeft helemaal geen tijd voor mij als ik er dan ben. Dat is ook leuk. Ja. Wat voor gevoel werkt dat bij je op dan? Dat je je vader je zo weinig ziet? Ja, een beetje verwaarloosd of zo, dat hij geen zin heeft om me dan te zien. Ja. Dus bij je vader voel je je een beetje verwaarloosd en bij je moeder wil je eigenlijk niet meer zijn? Nee. En is dat omdat je moeder er is? Nee, door die vriend. Ja, en mijn moeder gaat helemaal met hem mee, en dan schrijft hij er helemaal naar mij. Ja. Alles wat hij zegt is waarheid of zo. Ja, ik snap dat dat erg vervelend is, inderdaad. Maar hoe lang zijn je moeder en haar vriend nu samen? Ik weet niet, half jaar toch zo pas. En jij hebt een beetje het gevoel dat hij eigenlijk alles al bepaalt in huis. Ja, dat zij gaat gewoon een beetje met haar mee. Oké. Ja. En, nou, je zegt dat je vindt het een beetje een vies mannetje. Kan je daar een voorbeeld van geven? Ja, ik heb gewoon het idee dat hij weet dat ik daar ben zitten. Kijken en dan als ik uitga of zo, zegt hij: Oh, hij ziet er echt sexy uit. En dat was gewoon echt heel vervelend. Dus ik kan eigenlijk wel zeggen dat je hem erg ongepast vindt. Ja. Ja, en ook als ik langsloop of zo gaat hij net even zijn hand op mijn schouder leggen, of net op mijn heup of zo. Dan moet ik gemakkelijk blijven. Ja. Maar is dat vandaag ook gebeurd? Ja, en ik had, nou niet per se vandaag, maar ik had tegen mijn moeder gezegd. En toen zei ze dat ik me gewoon niet zo aan moest stellen en dat ik gewoon allemaal moest doen. Oké. Ja. Dus je weet eigenlijk niet zo goed wat je nu moet? Nee, een beetje ja. Ik ga daar echt niet meer naar terug als zij me niet geloven of zo. En dat hij dan dat gewoon kan doen, terwijl mijn moeder gewoon zegt dat ik het zit te verzinnen of zo. Ja. En heb je er al met iemand anders over gepraat? Nee, ik vind hem best wel. Moeilijk over te praten. Straks vindt iemand anders ook dat ik het verzekerd moet. Het is een lastig onderwerp, inderdaad. Ja, daar heb je helemaal gelijk in. Nou ja, dan moet ik zeggen dat ik erg blij ben dat je naar ons toe bent gekomen. En, ehm. Om het even voor mezelf op een rijtje te krijgen. Je ouders zijn gescheiden. Je vader zie je vrij weinig. En je vader heb je eigenlijk het gevoel dat hij geen omkijk naar je heeft. Je moeder heeft sinds een half jaar een nieuw vriend. En die vriend is nogal ongepast. Ja. Tegenover jou. Daar heb je je moeder mee geconfronteerd. Ja. Oké. En ik kan je voorbeelden noemen van. Ja, je hebt al gezegd dat hij dan. dat hij. dat hij zegt dat je. dat je sexy bent of. Naar sexy uitziet. Dat zeg ik toch niet? Nee, ja. Ja, dat is een lastig onderwerp. Ik moet zeggen dat ik zelf ook even moet nadenken over hoe we hier verder heen moeten. Wat ik in ieder geval uit jouw verhaal begrijp, is dat je je gewoon niet veilig voelt thuis. Daar komt het uiteindelijk op neer. Om het even concreet te maken voor mezelf. Heb je zelf een idee wat er aan gedaan kan worden? Ja, hij moet gewoon weg en eigenlijk. Want anders kan ik niet naar huis. Oké. Hij moet weg, gewoon. Ja, het moet gewoon opgelost worden. Ik wil gewoon thuis kunnen zijn. Maar het kan niet dat hij er is. Ja. En dat accepteert. Heb je dat ook met je moeder besproken? Nee, nog niet. Want ze gelooft hem meteen al niet. Dus dan heeft het niet echt zin om dat te zeggen. Ja. Maar hoe ben je tegen je moeder daarover begonnen? Ja, ik als we naartoe gaan. Ik zeg ja, mama moet je eens horen. Die vriend van jou. Dat kan gewoon echt niet hoor wat hij doet. Dat hij zegt dat ik sexy ben en dat hoort hij niet echt me te zeggen. Ik zie dat je tussendoor een beetje begint te grinniken op een of andere manier. Ja, een beetje van het zenuwen, denk ik. Ja. Gewoon een beetje, ja. Ongemakkelijke situatie. Ja. Oké, dus maar even, we zijn hier natuurlijk om jou, want ik merkte sowieso in het begin al dat je je een beetje ongemakkelijk voelde en niet helemaal uit jezelf dingen durfde te vertellen. Heb je wel het gevoel dat je hier een beetje veilig bent? Ja, dat vind ik toch fijn dat ik hier ook al terugkom. En nou ja, ik wil graag met jou gaan kijken naar een oplossing voor dit probleem, in ieder geval. Jij zegt zelf: Ik wil dat hij weggaat. Nou, denk ik, als ik even zo bij jezelf denk, dat is een beetje een. Een lastige oplossing. Zijn er andere dingen waarvan je zegt dat zou ik willen proberen? Ik zou er wel gewoon een keer goed met mijn moeder over willen praten. zonder dat ze meteen gaat roepen dat het niet waar is en dat ik me aanstel of zo. Dat ze gewoon even naar luistert. Ja, oké. Dus met je moeder praten, maar zou je dat willen doen thuis? Of zeg je: doe maar een andere situatie? Nou, dan liever niet thuis, maar gewoon ergens over Godus te kunnen praten. Dat hij er ook niet ineens binnen kan lopen of zo. En zou je daar iemand bij willen hebben? Ja, dat is wel fijn. En ik kan me voorstellen. Dat ik erbij ben. Dus dat we met je moeder een afspraak maken en dat we met z'n allen even gaan zitten. Want je bent hier natuurlijk niet voor niks gekomen. Dat is één ding dat we vast kunnen stellen. Dan lijkt het me verstandig als we dat doen. Als jij je daar veilig bij voelt als ik erbij ben. Tenzij je zelf zegt, nou. Nee, ik denk dat ik dat wel. Wat wil je tijdens het gesprek van Naihan? Misschien gewoon een beetje mij de kans geven om uit te laten praten. Niet dat moeder het tegenwoordig niet gaat. Dat je verwacht van mij, je wil dat ik erbij ben om een beetje de orde eigenlijk te houden. En jou de kans te geven dat je je ding kan zeggen en dat je moeder je niet onderbrengt. Ja. Oké. Nou, ik vind het fijn dat je zelf ook bedacht hebt: van dit wil ik. En daar kunnen wij je hartstikke goed bij helpen. En daar zal ik je ook zeker bij helpen. Als jij zometeen het nummer van je moeder even achterlaat bij mij, dan ga ik haar een belletje geven. En dan ga ik even uitleggen wat wij net besproken hebben, namelijk. Gezondheid. Namelijk dat je je niet veilig voelt thuis door het feit dat je vader of je vader zie je eigenlijk niet en dat je moeder de nieuwe vriend gewoon. Naar jouw gevoel gewoon geen normale dingen doet bij jou. Zoals dat hoort, als vriend van je moeder en niet als vriend van jou. Dan zal ik je moeder daar even een belletje over geven. Ik zal nog niet te veel daarvan zeggen. Ik zal aangeven dat je hier behoorlijk over stuur bent gekomen en dat ik graag een mogelijkheid wil om met haar te praten en met jou. En dan stel ik voor dat ik met je moeder een afspraak maak en met jou, dat we je volgende week rond dezelfde tijd nog een keertje afspreken. En dan bespreken we alles nog een keertje met je moeder. Ja, is goed. Ja? Kan je daar aan vinden? Dat is heel leuk. Mooi zo. Dan zie ik je volgende week. Oké, dankjewel. Alsjeblieft."
vrijheden.mp3,Psychologische gespreksvoering,Cohere Labs Transcribe,30.0,25.462937062937083,100,40.13986013986014,4882.3125,4839.249562937063,37.77704843019342,"Eh, ja. Goedemiddag Lisa. Hoi, ik ben Lisa. Ik ben de verpleegzinnige vandaag. En ik heb gehoord dat jij een gesprek hebt aangevraagd omtrent je vrijheden. Nou, laten we het daar eventjes over hebben samen. Laten we het lekker kort en bondig houden zodat we hier niet te lang mee bezig moeten zijn. We komen er wel uit hoe lang we daarmee bezig willen zijn. Doe je en dan kunnen we het ook lekker geklopt houden. Ja, dat is goed. Ja. Laat ik beginnen met vragen waarom jij dit gesprek hebt aangevraagd. Ja, ik wil het graag over mijn vrijheden hebben. Want die zijn ingetrokken vorige week. En nu moet ik telkens met iemand van de begeleiding boodschappen doen. En dat komt heel vaak niet uit. Dus ja, ik zou graag weer mijn vrijheden weer terug willen. En waarom zijn jouw vrijheden ingetrokken toen de tijd? Ja. Ik had mezelf gesneden. En waar heb je dat toen gedaan? Was daar een aanleiding voor? Ehm. Herbelevingen, ik. een stemmetje zei dat ik dat moest doen. In welk stemmetje? Een stemmetje waar ik altijd last van heb als ik. te weinig heb geslapen. En. is die dan eens een tijd weg geweest? Dat je daarom je vrijheden weer terug had gekregen? Ja, het ging een tijdje weer goed. Ja, vorige week werd het weer slechter en ben ik me meer gaan snijden. Toen heeft de behandelaar mijn vrijheden weer ingetrokken. En wat is er gebeurd tussen dat het wel goed ging en dat het opeens weer minder goed ging? Is er een omslag geweest? Is er iets in je persoonlijke leven gebeurd? Ben je misschien middelen alcohol gaan drinken, gaan gebruiken? Nee. Heb je slecht contact met een van onze medebewoners? Nee, dat gaat eigenlijk allemaal wel goed. Nee, daar hoeft niet aan. Je kan niet bedenken wat er aanleiding is geweest voor een omslag? Nee. Ik slaap wel wat slechter en dan heb ik meer last van herbelevingen. Herbelevingen waarvan? Ja, daar heb ik het liever niet heel erg over, maar meer. Ja, wat er vroeger is gebeurd. na de herbelevingen. Ja, dus wat er in je verleden, in je jeugd is gebeurd eigenlijk. Ja. Oké, daar wil ik het liever niet over hebben. Nee. Helemaal niet. Heb je daar met andere mensen wel over? Ja, met een psycholoog hebben we daar al over. Mijn zin is er. Daar heb ik het wel over. Als je het met de psycholoog erover hebt, dan kan je daar niet. Zij begrijpt me in ieder geval wel. We proberen er samen wel uit te komen. Oké. Wat je zegt is dat je heel erg graag boodschappen gaat doen. Alleen? Ja. En meer naar buiten. En ik wil eigenlijk aan jullie vragen hoe ik dat weer een beetje kan doen. Ja. Als we niet weten wat er precies gebeurt in jouw hoofd, dan vinden we het moeilijk om jou zomaar naar buiten te laten gaan. Dus ik denk dat we pas jou weer echt vrij kunnen laten als we er weer vertrouwen dat er niks misgaat. En als je het er niet over wil hebben, dan begrijp ik dat heel goed. Dan zou je het misschien toch wel weer echt goed met je psycholoog moeten gaan bespreken. En zouden wij samen met de psycholoog misschien kunnen gaan bedenken wanneer je weer klaar bent om zelf naar buiten te gaan? Want, ben je bereid om daar aan te gaan werken? Ja, ja. Maar wat het is, ik snijd bijvoorbeeld niet. Als ik buiten ben, doe ik het altijd om mijn kamer. Dus ik snap niet zo goed waarom ik dan niet boodschappen mag doen. Er is altijd een risico als je, suicidaal bent, dat het op een gegeven moment op een andere manier gaat gebeuren. En dat is wat wij willen voorkomen. Want je verdreven op je kamer. Waarom alleen op je kamer? Ja, dat is het meest veilige plekje voor mij hier. Is het omdat niemand het ziet? Of is het omdat je het eigenlijk niet wil doen? Nee. Nee, het komt gewoon helemaal op en ik doe dat. Dan moet ik dat doen. Dan is de drang zo groot. Of meestal probeer ik het ook wel tegen te houden. Maar de drang wordt zo groot dat ik het toch moet gaan doen. Ja. Maar ja, de drang kan ook een keertje buiten komen en dan kan het ook buiten gebeuren. Ja, en dan ga ik eigenlijk altijd nog langer bijna. Ja. Zoals ik het goed begrijp, is dat je denkt dat je gewoon zelfstandig naar buiten kan. Ja. Dat het gewoon lukt. Alleen voor ons mag het nog niet. Wat denk je zelf hoe je die vrijheden terug kunt krijgen? Hoe heb je dat voorheen gedaan? Ja, door te laten zien dat ik mezelf niet sneed, dan kreeg ik het wel weer terug. Hoe lang sneed je dan niet? Ja, dat verschilde wel eens. De behandelaar zijn niet echt de regels voor. Ja, en als ik eigenlijk liet zien dat het goed ging met me, maar dat hoefde nog niet te betekenen dat het goed ging met me. En dan kreeg ik ze wel terug. Maar ik vind het moeilijk om daar afspraken over te maken. Over het snijden, omdat dat zo in mij opkomt. En ik zou wel graag gewoon alleen even boodschappen willen doen. En ik denk dat we. Dat we wel misschien wat kleine afspraakjes kunnen maken om het op te bouwen. Ik snap ook wel dat jullie misschien wat meer vertrouwen in mij moeten krijgen. Ja. Vind je het goed dat ik het ook met de psycholoog bespreek? Vind je dat absoluut niet? Want dan heb ik niet van iemand die weet wat er precies aan de hand is. Ik geloof je het daar niet met mij over te hebben. Misschien vertelt hij mij niet alles, maar in ieder geval weet ik een beetje de achtergrond. Ja, dat vind ik wel goed. Dan kan ik met hem gaan kijken hoe we dit verder gaan aanpakken. Ik bedoel, het liefst vind ik bij jou natuurlijk ook zelfstandig naar buiten gaan. Dus dat ik eerst met hem ga praten. Hij kent je ook wat beter. Plan kunnen opbouwen om jouw er zelfstandig naar buiten te laten gaan. Maar dat we dat gewoon langzaam opbouwen. Met kleine stapjes. Dat je eerst eventjes een mondje gaat lopen om het gebouw heen. Vervolgens. Dan maak ik er twee en vervolgens, uiteindelijk, hopelijk weer dat je eigen boodschapjes kan doen. Dus is het een idee dat ik volgende week met jou weer op terugkom, dat ik deze week eventjes de psycholoog spreek? Ja. Of vind je dat te lang duren? Ik kan het ook nog proberen. Ik zou het wel fijner vinden als het eerder kon. Oké. Met ook nieuwe shampoo en zo. Oké, na het weekend kom ik bij jou erop terug, want jullie is hier niet. Dan spreek ik maandag met hem en dan maandagavond, maandagmiddag, maandagavond, kom ik naar je toe. Dan ben ik in de studio. Ja, oké. Dan heb ik de psycholoog gesproken en dan kunnen we even kijken hoe we het gaan aanpakken. En dan bespreken we het verder. Is dat goed? Ja, dat is goed. Oké, dan laten we het voor nu hierbij. Fijn weekend. Dankjewel. Zie ik je op maanden. Oké. Fijne dag."
angststoornis.mp3,Psychologische gespreksvoering,Cohere Labs Transcribe,39.0,25.506896551724136,100,41.0,4886.3125,4830.760775862069,31.777289158020363,"Goed dat je er bent. Kom binnen. Dank je wel. Martine, hoe was het voor jou om hulp te zoeken? Eigenlijk was het hulp zoeken voor mij niet zo'n probleem. Maar de juiste hulp vinden, dat was echt mijn probleem. Ja. En waar liep je tegenaan? Ja, ik liep tegenaan dat ik bij heel veel therapeuten ben geweest, mindfulness van alles geprobeerd. Maar eigenlijk werd het niet beter, en ging ik steeds meer achteruit en ging steeds meer dingen vermijden. En uiteindelijk durfde ik bijna niets meer. Toen kwam jij uiteindelijk bij ons bij een intensieve behandeling, een driedaagse dagbehandeling. Hoe was dat voor jou? Heel spannend, vooral in het begin. Want ik had nog nooit in een groep therapie gehad. Dus dat vond ik heel spannend. Maar dat beviel eigenlijk heel erg goed. En het einde vond ik juist spannend, omdat ik dan dacht: oh, nou moet ik het alleen doen. En dat je vangnet eigenlijk een beetje wegvalt. Zo voelde dat een beetje. Maar dat is allemaal goed gekomen. En tijdens die behandeling, wat vond jij toen het meest spannende stukje? Of wat vond je het meest spannende moment of het moeilijkste moment? Nou, de exposure sessies, individueel en met groep, vond ik. Heel spannend. Je zoekt dan echt je angst en je paniek op. Maar daarin word je heel goed begeleid dat je. Je wordt heel goed begeleid om met die angst om te gaan. En daardoor merk je eigenlijk: oh, ik kan dit gewoon aan. Ik kan dit gewoon. Ja. Wat voor soort dingen heb jij dan bijvoorbeeld gedaan? De lift. Ja. Ja, de lift was voor mij echt een ding. Ja. Dat vond ik verschrikkelijk. De eerste dag dat ik hier was, zei ik: kan ik niet met de trap naar boven? Nee, we gaan de lift in. Ja. Met het openbaar vervoer zijn we geweest. Ja. Ik heb zoveel dingen gedaan die ik normaal gesproken niet durfde. Medicijnen slikken. Dat klinkt raar. Paracetamol slikken. Ja, dus dat was heel spannend. En wat heeft jou nou het meest geholpen tijdens die behandeling? Toch wel ook die exposure, maar eigenlijk alle therapieën wel. Je krijgt van andere therapieën heel goed inzicht waar mijn valkuilen liggen en hoe ik in elkaar zat. Waarvan ik eigenlijk dacht: dat heeft niets met mijn angstdoornis te maken, maar dat heeft het dus duidelijk wel. Dus dat heeft me heel geholpen om inzicht te krijgen. Ja. Waar moet ik aan werken? Ja. En hoe gaat het nu met je? Het gaat heel goed met mij. Er blijven altijd uitdagingen, maar die ga ik gewoon aan. Mijn leven is nu gewoon weer leuk. En ik heb mijn vrijheid weer terug. Ik doe leuke dingen. Ik onderneem van alles. Ik stap in liften. Dus het gaat eigenlijk heel erg goed met me nu. Ja, wat fijn. Ja, zeker. Super."
intake-bedrijf.mp3,Psychologische gespreksvoering,Cohere Labs Transcribe,36.6,25.474615384615387,100,38.49230769230769,4892.3125,4838.9586538461535,27.376630697160568,"Frank, fijn dat je bent gekomen. Ben je wel eens eerder bij een psycholoog geweest? Nee, dit is de eerste keer. Oké. Nou, dan is het misschien goed als ik even iets vertel over de manier waarop ik graag werk. Ik wil dit eerste gesprek graag gebruiken voor kennismaking. En kijken met welke vragen je rondloopt en wat er daarbij voor jou meespeelt. Dan kunnen we eventueel daarna vervolgens gesprekken inplannen. waarin we wat beter en dieper in kunnen gaan op de belangrijke aspecten. En ook misschien concreet kunnen kijken naar wat we kunnen doen om je verder te helpen. Hoe lijkt je dat? Ja, dat is goed. Als je nog vragen hebt, dan kun je die nu geruststellen? Nee. Oké, zullen we dan maar gewoon beginnen? Dat is goed. Oké, kun je me vertellen wat je hier heeft gebracht? Nou, ik ben hier eigenlijk op aanraden van een vriend van mij. Daar heb ik eens mee gesproken. En die zei tegen me, zoals je nu hetzelfde kringetje ronddraait, dat kan gewoon niet meer. En hij vond dat ik maar eens moest gaan praten. Een kringetje ronddraait? Nou, ik loop al een tijdje met het idee rond om een eigen bedrijf te beginnen. In automatisering. Ik doe automatiseringsprojecten. Ja, en dan ga je wel eens denken hoe je dat wilt. En toen. Nou, ik heb nu ook best een leuke baan. Maar op een gegeven moment ga je wel denken: ik moet maar eens wat anders. Dus je hebt het wel een beetje gezien in je huidige baan? Ja. Ja, dan ga je op zoek naar nieuwe uitdagingen. En een eigen bedrijf leek me eigenlijk een hartstikke goed idee. Dus dan. Toen heb ik er met mijn vriendinnen over gesproken, en met mijn ouders en met vrienden. En eigenlijk. Was iedereen ontzettend enthousiast? Dus je kreeg veel steun uit je omgeving? Ja, en dan zet je een volgende stap. Dan ga je naar de Kamer van Koophandel. En daar heb ik een starterspakket aangevraagd. Een cursus gevolgd, een compleet ondernemingsplank geschreven en met banken gepraat. Dus de plannen zijn eigenlijk best al ver gevorderd. Ja, ik ben zo al een tijdje bezig. Een jaar of wat bezig met het opzetten van een eigen bedrijf. Misschien nog wel iets langer. En sinds een paar maanden zijn er wat dingen veranderd. En daardoor vraag ik me nu af of die dingen, die plannen die ik had, nog wel kunnen of niet. Je zegt dingen veranderen? Nou, sinds een maand of wat is bekend dat mijn vriendin zwanger is. En dan verandert er wel veel, ja. Daar schrok je van, die verandering? Nou, ja. Daar schrokken we allebei nogal van. Daar hadden we niet op gerekend. En dan veranderde er gewoon heel erg veel. Jullie hadden het allebei niet verwacht. Kun je daar iets meer over vertellen? Hoe ging dat? Tja, Carolien had keurig de pil geslikt. Had hem niet vergeten of te laat ingenomen of zo. En toen werd ze niet ongesteld. Dus toen hebben we een zwangerschapstest gedaan. En toen zaten we naar de uitslag van die test te kijken. Je kon eigenlijk je ogen niet geloven. Nee, dat was te gek voor woorden. Oké. Om even kort samen te vatten. Je hebt eigenlijk hele serieuze plannen om een eigen bedrijf te beginnen. Daar kreeg je veel steun uit je omgeving. En daar was je ook echt al een eind mee. En nu is je vriendin plotseling zwanger. En nu komt het even op losse schroeven te staan. Klopt dat? Ja. Misschien is het goed om nog even terug te pakken over je plannen voor een eigen bedrijf. Om daar iets dieper op in te gaan. Je zei net dat je ouders er enthousiast over waren. En je vriendin ook. Ja, mijn ouders hebben een eigen bedrijf. Mijn vader geeft autorijles en heeft zelf een hele rijschool opgezet. Dus ik ben als het ware groot geworden met dat idee van een eigen bedrijf. Dus toen ik bij mijn vader met dat idee aankwam, had hij zoiets van: ja, natuurlijk, dat is een hartstikke goed idee. En je vriendin? Ja, die was eigenlijk ook heel enthousiast. Ze werkt fulltime. Ze is unit-hoofd van een verpleegafdeling. En zij vindt een goede baan en een uitdaging ook heel belangrijk. Dus toen ik bij haar met die plannen aankwam, had zij zoiets van: ja, dat is echt iets voor jou. Dus vanuit je omgeving kreeg je steun voor die plannen. Je gaf net aan dat de zwangerschap was onverwacht. Dat was echt een verrassing. Kun je me vertellen wat dat verder teweeg heeft gebracht? Nou ja. Het was voor Carolien ook wel even schrikken. Ja, als ik dat dan zo mag zeggen, komt die zwangerschap ook niet echt goed uit. En dan nu met die plannen, is het eerst wel even schrikken. Oké, even schrikken. Maar hoe is dat nu? Nou ja, het zet de dingen wel een beetje op zijn kop. En Carolien, die is nu langzamerhand wel zover dat ze net ziet zitten. Die heeft zoiets van: dan gaan we allebei vier dagen werken. en dan vangen we het samen wel op. Oké, dus Carolien, die ziet het nu wel zitten. Ja. En heeft ook al wat concrete ideeën over hoe jullie het zouden kunnen aanpakken. Ja, die begint er onderhand wel warm voor te draaien. En jij? Nou ja, kijk, het feit dat die zwangerschap er is. dat eigen bedrijf kan ik nu wel vergeten. Ik moet nu helemaal opnieuw beginnen. Dat klinkt een beetje bitter, zoals je dat nu zegt. Ja. En ik hoor je ook zeggen. ja, als het kind komt, dan kan eigen zaken gewoon niet doorgaan.nee, ik vind dat als je iets doet. dan moet je het wel goed doen. en anders niet.dat doe ik binnen mijn werk nu ook. En een eigen zaak moet je helemaal zelf doen. En een kind moet je juist goed doen. Nou, dat botst. Ja, dat kan voor jou niet samengaan. Een eigen zaak en een kindje. Nee, dan raffel je het af. En dat kan met een eigen zaak niet. En met een kind al helemaal niet. Je voelt je verantwoordelijk. Ja, een kind is niet iets wat je ernaast neemt. Nou, je zegt van dan moet ik helemaal opnieuw beginnen. Wat bedoel je dan? Ja, wat bedoel ik eigenlijk? Dat weet ik eigenlijk niet. Die baan die ik nu heb. Daar heb ik in zekere zin al afscheid van genomen. Dus daar blijven, dat heeft geen zin meer. En een nieuwe baan, dan werk ik weer onder een baas. En dat wil ik juist niet meer. Ik wil eigen baas zijn, eigen bedrijf beginnen. En iets van de grond af aan opbouwen. Iets waar je trots op kunt zijn? Ja, precies. Oké, om het even op een rijtje te zetten. Je wilde een eigen bedrijf starten. Kreeg daarbij ook veel steun van onder andere je ouders en ook van Carolien. Sinds de zwangerschap een feit is, loop je eigenlijk rond met het idee dat het eigenlijk niet meer kan. Want je zegt een kindje en een eigen bedrijf, dat kan niet samen. Want dan heb je het gevoel dat je een van de twee niet goed zou doen. En dat zou je heel erg vinden. Dat betekent dus eigenlijk dat je het eigen bedrijf niet door kunt zetten. En dat is voor jou heel onbevredigend. Want je had echt behoefte aan een nieuwe uitdaging, aan die voldoening. Klopt dat? Klopt dat? Ik zit te denken. Heb je het onlangs nog met Carolien over die plannen gehad? Je zei van nou, ze was eerst heel enthousiast ook. Hoe is dat nu? Ja, ze steunt me nog wel steeds. Maar ze is steeds meer bezig met dat kind. Oké, je zegt ze steunt me nog steeds. Hoe bijvoorbeeld? Nou, zij vindt dat idee van een eigen bedrijf nog steeds een heel goed idee. Ze verklaart me niet voor gek of zo. Dat noem ik wel steun. Oké, maar de manier waarop je het zegt, dan heb ik het gevoel dat je het er misschien niet echt onlangs meer over gehad hebt. Klopt dat? Nee, de laatste tijd niet meer zo. Hoe komt dat, denk je? Nou, dat heeft niet zoveel zin meer. We hebben er heel veel over gesproken. En zij is heel erg met die zwangerschap bezig. Ja. We hadden gewoon heel erg zin in dat bedrijf samen. En we zijn er heel lang mee bezig geweest. En ik had het gevoel dat we. Dat we er echt aan toe waren. Samen, Carolien ook. En dat vind ik eigenlijk nog steeds, dat wij dat bedrijf moeten. Nou, dat maakt het nu erg lastig. Misschien is het goed om even in te gaan op de gevoelens die deze situatie eigenlijk teweeg hebben gebracht. Kun je me vertellen hoe je je nu voelt nu je in deze situatie zit? Ja, ik vind het gewoon erg vervelend. Het hele idee dat dat bedrijf niet door zou kunnen gaan. En ik begrijp ook niet waarom zij niet zo enthousiast meer is. Want ik vind wel, als je zoiets doet, dan moet je het samen doen en anders niet. En ik had het gevoel dat dat zo was, maar. Maar blijkbaar niet. Je voelt je in de kou staan? Ja, ik heb nu het gevoel dat ik alles alleen moet doen. Als het al zou kunnen, zo'n eigen bedrijf. En dat had ik niet verwacht. Je bent teleurgesteld? Ja. Ik vind als je iets doet, dan moet je het gewoon goed doen. En anders niet. En ja, het eigen bedrijf, dat kan ik nu wel vergeten. Ben je ook boos op Carolien? Dat zij doet er echt makkelijk over. En jij wil eigenlijk nog wel heel graag door. Ja, natuurlijk ben ik boos. Ze zet me voor het blok. Hoe bedoel je? Nou. Toen we het net wisten, toen heb ik het over een abortus gehad. En helemaal niet zo van dat ze het weg moest laten halen. Maar toen werd zij ontzettend kwaad. En ze maakte me uit voor idioot en egoïst. En het was helemaal niet zo dat ik die abortus gewild had. Carolien en ik hebben het wel eens over kinderen gehad. Ik hou gewoon heel veel van haar. Alleen. We wonen net samen. En we hebben plannen om een eigen huis te gaan kopen en dan. Ja, we hadden wel allebei het gevoel dat het een stukje compleet zou zijn. als we daar ook een kleintje bij zouden hebben. Alleen niet nu. En door hoe zij nu reageert, heb ik het gevoel dat ik daar geen inspraak in heb. Je voelt je machteloos. Ja, en daar baal ik van. Ik denk dat dat ook het kringetje is waar we het aan het begin over hadden. Je wil een eigen zaak. Daar was je ook al ver mee. Ook samen met Carolien. Je kreeg steun van je omgeving. Dat was erg prettig. Nou, nu is Carolien plotseling zwanger. en is er voor jou geen ruimte meer voor die eigen zaak. En dat maakt je. Ja, teleurgesteld en boos, ook op Carolien. En tegelijkertijd hou je ook heel veel van haar en hebben jullie echt plannen om samen een toekomst op te bouwen. Waardoor jij het gevoel hebt dat je geen kant op kan en dat je klem zit. Hoe zie ik dat goed? Hoe zie je dat zelf? Ja, ik heb nu gewoon niet het gevoel dat. Ik weet nu gewoon niet hoe dat nu verder moet. Enig idee hoe je uit het kringetje zou kunnen komen? Heb je daar zelf ideeën over? Nou, nee. Ik had gehoopt dat jij misschien wat ideeën aan de hand zou kunnen doen. Oké, nou je vraagt nu eigenlijk aan mij een pasklare oplossing. Ik denk dat dat goed is dat ik daar iets over zeg. Ik kan geen. pasklare oplossingen of suggesties aanbieden, omdat ik Ik weet niet wat voor jou en Carolien het beste of het belangrijkste is. Wat ik wel kan doen, is met jou kijken naar dingen die me opvallen in het gesprek. Een aantal punten. En dat we het daar ook over hebben. En kijken of daar misschien iets in zit waarmee je verder kunt komen. Ja, wat vind je daarvan? Ja, dat klinkt goed. Oké. Gezien de tijd lijkt het me goed als we gaan afronden. Ik heb net al even kort samengevat. Een aantal dingen die me zijn opgevallen is dat je heel stellig zegt: van ja, een eigen zaak en een baby, een kind, dat gaat niet samen. Voor de volgende keer zou ik graag willen dat je nadenkt. Of er eventueel een manier is waarop een kind en een eigen zaak. toch gecombineerd zouden kunnen worden. Misschien dat daar iets in zit waar we mee verder kunnen komen. Is dat goed? Ja. En verder. Nou ja, we hebben het ook even gehad over Carolien. En dat je de laatste tijd het niet meer zo gehad hebt over die eigen zaak. Misschien kun je eens nadenken over. wat je zou willen zeggen tegen Carolien. in zo'n gesprek. En hoe je ook denkt dat zij daarop zou reageren. Ja? Ja, dat is goed. Oké, nou, het doel van ons eerste gesprek was eigenlijk om kennis te maken en wat zicht te krijgen op wat er speelt. In hoeverre denk je dat dat is gelukt? Dat weet ik niet. Ik heb wel het idee dat het goed is geweest om erover te praten en hier te komen. En er niet zelf mee aan te zitten modderen. En er is inderdaad nog geen pasklare oplossing boven komen drijven. Maar misschien is dat ook al te veel gevraagd voor nu. Dat denk ik ook. Het lijkt me goed om voor volgende week misschien een afspraak in te plannen. En dat we er dan een uur voor uittrekken. Zou een donderdag bijvoorbeeld om vier uur goed zijn? Ja. Oké."
baan.mp3,Psychologische gespreksvoering,Cohere Labs Transcribe,37.5,25.409090909090914,100,42.02797202797203,4892.3125,4852.039772727273,27.855496648266826,"Hallo, welkom. Goedemiddag. Goedemiddag. Je bent vandaag gekomen omdat je mogelijk moet kiezen tussen twee banen. Je hebt in ieder geval een nieuwe baan aangeboden gekregen. Ja, klopt. En wat zijn je twee banen precies? Nou goed, ik werk nu bij het distributiecentrum van de Albert Heijn. Die bevindt zich op het Industrieterrein in Zwolle. En ik heb een baan aangeboden gekregen als luchtverkeersleider op Schiphol in Amsterdam. Aangeboden gekregen omdat ik contacten heb op Schiphol. Ik heb daar al eerder een keer gewerkt, maar dan een andere tak. En nou goed, via-via heb ik contact gehouden en toen is me dit. Nou ja, eigenlijk boven gekomen. Nou, super tof. Kijk, het gesprek van vandaag gaat ongeveer 10 à 15 minuten duren. Het doel van het gesprek is niet best dat je een keuze moet gaan maken of zo in je baan, want dat zou je uiteindelijk toch wel zelf moeten doen. Het zal vooral zijn dat je iets meer voor jezelf een idee krijgt wat voor jou belangrijk is. en dan daarvan een keuze kunt gaan maken, mogelijk. Oké. Dat weet ik ook. Dat kan aan het einde van het gesprek zijn. als je nog iets graag wil bespreken, is dat natuurlijk aangegeven dat we nog een paar minuten hebben. Ja, fijn. Sowieso de eerste vraag vandaag. Hoe sta je vandaag erin? Op je schaal van 0 tot 10? Geluk je ongeveer bent vandaag? Ben je heel gelukkig of heel ongelukkig? Ja, eigenlijk een vierde denk ik. Ik heb net een drukke werkweek gehad in Zwolle bij de Albertijn. En daar is het eigenlijk best wel stressvol. Nu, vanwege corona, staat er natuurlijk heel veel druk op het distributiecentrum. Maar ik heb af van de week niet zo'n leuk gesprek gehad met een van mijn collega's. Dus ja, ik heb een drukke werkweek gehad die niet zo leuk is geëindigd. En daar ben ik eigenlijk. Voel ik niet echt lekker over in mijn hum. Ja, oké. Kun je uitleggen hoe je dit bent voelde? Dat heb ik natuurlijk net gedaan. Als je nu een keuze moet maken op je gevoel, wat zou je dan doen? Voor welke baan zou je dan gaan en waarom zou je dan die keuze maken? Nou, daar zit ik dus heel erg mee en dat vind ik best wel moeilijk. Want het liefst. Ik ben een type die het fijn vindt om verder te kijken dan waar ze nu zit. Ik vind het leuk om nieuwe uitdagingen op te zoeken, et cetera. Maar daartegenover ben ik ook best wel een beetje onzeker. Dus ik zit bijvoorbeeld nu gewoon goed, waarom zou ik dat. Voor mijn gevoel, mijn eigen ruiten ingooien. Dat is dus een beetje waar ik tussen schommel. Maar goed, dat ik net zo'n drukke werkweek heb gehad, en geen leuke gesprekken heb gehad, en op zoiets heb gehad daar. Dan is eigenlijk de keuze voor mij wel vrij duidelijk om voor die andere baan te kiezen. Maar goed, dat is zoveel meer verantwoordelijkheden, zo'n grotere uitdaging, dan ga ik daar dus ook weer hoofd twijfelen. Dat heeft dus ook te maken met mijn vier. Het zit daar gewoon. Je zit gewoon heel erg mee in een dilemma bij jezelf. Ja. Oké, dat is wel duidelijk. Heb je voor jezelf een lijstje gemaakt, toevallig, met de voor- en tegens of zo, wat dan wel mee zou kunnen werken? Nee, ik krijg het wel vaak als tip. Ik heb ook al met mijn thuisgevond erover gepraat, maar ik vind het altijd een beetje lastig. Ik doe dat vaak in mijn hoofd. Wat resulteert dat ik dus helemaal vol in mijn hoofd zit en dat het. Dat hou ik echt niet echt overzichtelijk. Dus nee, op papier heb ik eigenlijk nog niks gezet. Als je zo ze nu zou kunnen benoemen, wat zou je dan het belangrijkst vinden aan je werk? Nu bij de Albertijn of in het algemeen? In het algemeen. Vroeger heb je beschikbare bijbaantjes gehad. Wat vond je vroeger het leukste bijbaantje en zou je het kunnen uitleggen waarom je dat dan het leukste bijbaantje vond? Ik denk dat mijn leukste bijbaantje degene was tijdens mijn studie, Mission Plus. Dat was namelijk een bedrijf dat heel erg in de krachten van de mens geloofde, zeg maar. Als in van als je ergens voor wil gaan, want als je iets leuk vindt, dan wil je er ook voor gaan. Dus wij geloven jou, zeg maar. Dus dan geef je die kans. En dat vond ik eigenlijk het leukste. Dus ik vind het leukste om mezelf te kunnen bewijzen ergens, want daar haal ik mijn eigen energie en motivatie vandaan. Altimater een beetje te willen presteren. En dat is dus eigenlijk ook waar ik wel op zoek naar ben. Maar wanneer een uitdaging dus te groot wordt, dat ik me misplaatst. Alsof ik wel eens heb gehad, dat ik toen toch iets te veel hooi in mijn vork nam, krijg je dat toch ook wel snel in je privé-situatie te voelen, eigenlijk, te verduren. Ja, dus je wil graag heel veel presteren, maar je wil uiteindelijk ook niet over je max heen gaan en daar wel goed controle in kunnen houden voor jezelf. Juist, ja. Nou, tof. En hoe zit het nu dan bij je huidige baan? Heb je het gevoel dat dat allemaal kan? Nou, nee, eigenlijk niet echt, want het is daar goed georganiseerd nu en alles loopt, maar het is best wel een beetje ouderwets geworden. En ze werken dan niet echt met de nieuwe systemen die nu bijvoorbeeld bedacht zijn. Wat bedoel je ouderwets qua hiërarchie? Ook, ja, ze hebben best wel veel. Ja, inderdaad, gewoon echt een piramide qua hiërarchie. Maar ook best wel verouderde systemen al. Er is al genoeg nieuw ontwikkeld in de logistieke wereld. maar daar maken ze nog geen gebruik van. Terwijl ik denk: als je dat wel gebruikt, dan kun je het veel sneller en veel beter. Maar mijn mening wordt daarin in die zin niet echt gehoord. Dus ze blijven een beetje achter of zo. En dan kan ik mezelf ook niet meer verder ontwikkelen. dan kan ik mezelf niet meer bewijzen. Want ik word niet serieus genomen in die zin. Ja, vind ik vervelend? Ja, eigenlijk wel. Dan denk ik ook een beetje van: als jullie het niet belangrijk vinden, dan vind ik het ook niet belangrijk. En dat is niet hoe ik wil zijn. Nee, oké, dat is wel duidelijk. Dus je weet van jezelf eigenlijk wel wat je graag zou willen. Ja. Maar je weet niet zo goed of je dat daadwerkelijk gaat krijgen bij een ander bedrijf. Is het vooral de zekerheid die je op dit moment nog hebt binnen je eigen bedrijf, wat je niet zomaar wil weggooien? Een beetje van beide. Ik weet natuurlijk nu dat ik hier eigenlijk in principe goed zit. En als ik naar een ander bedrijf ga waarvan de uitdaging veel te groot is, of dat er toch te veel op een pad komt, dan kan ik me daar niet gelukkig voelen. Nog ongelukkiger dan ik me misschien op dit moment nog ga voelen daar waar ik nu zit. Maar goed, dat is juist ook hetgene wat ik vervelend vind, wat er dus nu om die reden staat tussen Albert Heijn ook stil. Ja. Wat is de reden dat je überhaupt aan het werk bent? Is daar een speciale reden voor dat je werkt? Ik vind het fijn om bezig te zijn, om me kennen en kunnen ergens te laten zien. Ik vind het ook fijn om van toevoeging te zijn. Geaccepteerd worden binnen een bepaald iets en ook het werkelijk leuk idee hebben dat je nuttig bent in de maatschappij. Daarnaast is geld natuurlijk ook belangrijk, maar ja. Ja, snap ik. Oké. Maar dat is ook wel een deel voor het geld. Hoe ver de extrinsieke motivatie zit daar dan bij, denk je? Dus dat je van buitenaf middelen krijgt, toegrijpen, hoopt maar in dat geld. Hoe ver vind je dat belangrijk? Of vind je het belangrijk dat je het daadwerkelijk leuk hebt op je werk? Of is het echt het loon wat je dan vaak. Nee, intrinsieke motivatie vind ik echt veel belangrijker. Want als het qua loon lager zit of hoger zit, ja, dat. Dat is natuurlijk lekker, maar daar haalde ik mijn energie niet uit. Ja, dus dat zit verder geen keuze in voor jezelf? Nee. Zijn er bepaalde dingen die je moet ondernemen om daadwerkelijk aan de slag te kunnen bij Schiphol? Ik woon nu natuurlijk in Hardenberg. En Schiphol is in Amsterdam. En er staat elke dag ontzettend veel file, en de treinen zitten bomvol. Dus eigenlijk is de enige manier wanneer ik daar met gemak wil werken, is dat ik daar ook daadwerkelijk ga wonen. Op Schiphol verdien ik wel meer. Er zit wel een verschil in. Maar goed, ik ga dan natuurlijk naar Amsterdam toe. Dus daar is dan de huizenprijs. En het leven is daar een stuk duurder. Dus in die zin ga ik eigenlijk hetzelfde stapje omhoog. Ja, oké. En in hoeverre vind je dat lastig om mogelijk een leven hier achter te laten en daar een nieuw leven op te moeten starten? Nou ja, dat vind ik dus ook best wel ingewikkeld. Want ik weet dat ik hier nu gelukkig ben en ik moet daar totaal nieuwe mensen gaan leren kennen. Een hele andere omgeving, met andere dynamiek tussen mensen en andere. Er zijn allemaal andere types daar, althans, dat denk ik. Heb je dat eerder moeten doen? Een nieuw leven ergens onderopbouwen, toevallig? Nou ja, toen ik op kamers ging. Maar goed, ook ga je dus een studie beginnen, dus dan kom je automatisch in een hele grote groep met mensen die daar allemaal nieuw zijn. Dat is dan toch anders dan wanneer jij voor het gevoel als laatste ergens bij een bedrijf binnenkomt, of ergens in een straat binnenkomt met allemaal mensen die je niet kent, terwijl zij er al 30 jaar zitten bij spreken. Ja, dat is op zich wel logisch. Als je zelf van school hoort praten, heb je dan enig idee of je al een voorkeur hebt voor een bedrijf? Moet je daar echt nog wel over nadenken? Nee, als ik het uitspreek en als ik er ook over nadenk, dan overheerst toch wel de gedachte om naar Amsterdam te gaan. Ik heb altijd een engeltje en een duigeltje op mijn schouder zitten en die schreeuwen allebei tegelijk in mijn oor. Dus wanneer ik dan blij ben met het idee over dat ik, in ieder geval wanneer ik dan enigszins de keuze heb gemaakt om dan toch naar omstand te willen gaan, dan schreeuwt die duivel altijd in mijn oor met: Nee, dat moet je niet doen, want je bent niet goed genoeg ervoor. Ja, dus vooral de prestatiedruk is ook datgene wat je misschien tegenhoudt, omdat je daar meer verantwoordelijkheid zou krijgen. Juist. Dat is op zich wel lastig voor jezelf. Ja. En die prestatiedruk, is dat nu hetgene wat je bij de Albert Heijnam niet hebt voor je gevoel? Dus dat je daar aan de top van je kunnen zit, of heb je daar juist het idee van: Ik kan nog wel meer als ik de kans er maar voor krijg? Een beetje van beide. Ja, een beetje van beide. Want ik kan daar veel meer en ik kan mezelf veel meer laten zien. Maar zij houden mij tegen. Zij staan er niet voor open. Ze willen me niet. Die kansen bieden, dus dan zit ik nu aan de top van mijn kunnen. Namens hen, zeg maar. Maar als zij wel openstaan voor nieuwe ideeën, dan kan ik daar ook mee aan de slag. Maar goed, ik werk daar nu inmiddels al tien jaar en ik heb er al vijf jaar over gespart met mensen en die ideeën ingebracht en daar wordt gewoon al vijf jaar niks mee gedaan. Op een gegeven moment dacht ik bij mezelf: Nou ja, joh. In hoeverre ben je er zelf al tegen aangelopen dat er dingen gebeuren die voor jezelf misschien boven je pet gaan en denk ik. Ik kan op dit moment even niet aan. Hoe ga je daarmee om, normaal gesproken? En heb je dat binnen een bedrijf wel zou kunnen? Binnen Schiphol? Nou ja, ik denk ook binnen Schiphol, daar werken natuurlijk zo ontzettend veel mensen aan. Met allemaal verschillende disciplines. Staan, denk ik, veel meer mensen open voor nieuwe ideeën, andere gedachten, andere structuren en zo. Dus ik denk dat ik daar wel mee aan de slag kan. Andere vraag wat ik heb vergeten? Ja, bij mij valt ook niet twee vragen tegelijk te stellen. Nee, of jij denkt dat mensen in Schiphol jou kunnen opvangen en hoe zullen ze daarmee omgaan op het moment dat jij wel iets te veel gooipje voor neemt? Nou ja, daar is natuurlijk wel de werktrekking erg hoog. Ik ben vast niet de enige die op Schiphol wil werken. En daar is de prestatietruk misschien nog een stuk hoger. Dus, ik denk in die zin dat ik daar wel moet presteren, en misschien mezelf ook een keertje op een tweede plek moet zetten - om mijn werk op de eerste plek te zetten - om mezelf in ieder geval te bewijzen. Ja, en hoe sta je daarin dan? Vind je dat lastig, vind je dat moeilijk? Nee, ik vind het eigenlijk best wel leuk als ik maar weet dat er een bepaalde. dat het een keertje ook voorbij is of zo. Of dat ik voor mijn gevoel dat wel een keertje kan inhalen. Niet dat ik altijd achter de feiten aanloop. Oké, en zijn er dingen waarmee je al gespannen hebt toevallig met je bedrijf Schuppel? Of je daar al over gehad hebt? Ja, ik ben al een keer op een kennismakingsgesprek geweest. En ik denk dat het wel pittig wordt en ook wel aanpoten wordt, maar wel op een leuke manier. Dat het wel iets is waar ik ook voor zou willen gaan. Maar goed, dat ik daardoor wel het eerste jaar dat ik er ben wel iets harder moet werken dan de mensen om me heen. Ja, en zou je zo'n investering willen en kunnen maken? Ja, maar dan is het daarentegen wel lastig om dan ook nog in een nieuwe omgeving te zitten met alle mensen die je niet kent. Want dan is je werk-privébalans daarmee ineens heel anders. Dus daar moet ik voor mezelf dan een goede structuur gaan aanbrengen in mijn agenda. Denk ik, om daar ook ruimte te maken voor mijn privétijd. Dus eigenlijk is het voor jezelf discipline of niet? Ik denk het wel, eigenlijk. Heb je voor jezelf een beetje duidelijk gekregen wat voor jou de belangen zijn en wat jij belangrijk vindt binnen een baan? Nu tijdens het gesprek? Ja, denk ik wel. Wat zou dat zijn voor jezelf? Nou ja, dat ik gehoord word en dat ik in ieder geval mezelf kan laten zien tijdens mijn werk. Als ik het zo een beetje mag samenvatten aan het einde, dan merk ik vooral dat je het belangrijk vindt om verder te kunnen voor jezelf, voor je eigen ontwikkeling. Dat je niet wil worden tegengehouden in bepaalde ideeën en gedachten die je hebt. Dat er in ieder geval naar geluisterd wordt. En of er werkelijk keuze wordt gemaakt, dat is dan weer aan het bedrijf zelf natuurlijk. Maar dat je het ook wel spannend vindt om ergens weer wat nieuws in te stappen. Maar dat het uiteindelijk veel voor kan gaan zorgen dat je uiteindelijk gelukkiger wordt en dat je daarvoor wel flink moet investeren. Als ik zou denken, zou dat de overweging moeten zijn voor jezelf die je moet maken. Goed bij jezelf blijven en nadenken wat jij zelf zou willen. En zorgen dat je in ieder geval bij jezelf blijft en daar een keuze van gaat maken. Oké. Dat zijn mijn tips en ik ben heel benieuwd wat je daarin gaat kiezen. Je begon net het gesprek met of ik al zo'n lijstje heb gemaakt op papier. Denk je dat dat nog iets is om nog eens te kunnen doen? Dat zou altijd kunnen werken voor jezelf. Maar zoals ik jou nu al praat, zijn vooral de gevoelens die je zelf hebt het belangrijkste. Dus of we daadwerkelijk de feiten die je in zo'n lijstje gaat zetten daar tegenover zetten, of dat heel relevant is, dat weet ik niet. Dat denk je vooral voor jezelf. Als je zoiets zou doen, moet je niet gaan nadenken of de feiten direct een voor of tegen zijn. Maar meer het gevoel wat jij bij dat feit hebt om daar de waarde aan te geven. Want voor de een kan een loodsvorm voor 1000 euro heel veel toegevoegde waarde hebben. En voor jou is blijkbaar het heel veel toegevoegde waarde om. Jezelf te kunnen uiten en jouw ideeën door te kunnen laten stromen. Dus als je zoiets doet, ga er niet een voor tegen een tegen afstrepen, maar geef er werkelijk waarde aan je voor of tegen die jij hebt neergezet. Oké. Ja? Ja. Bedankt voor vandaag en tot de volgende keer. Ik zie het factuur wel voorbij komen. Vond ik helemaal goed."
antidepressiva.mp3,Psychologische gespreksvoering,Cohere Labs Transcribe,31.7,25.52732558139537,100,43.51162790697674,4882.3125,4839.079941860465,37.25109443014021,"Hey Loen. Hey Kim. Ik wil even iets met je bespreken. Want ik denk ergens al een tijdje over na. En ik weet niet zo heel goed wat ik moet doen. Oké. Nou ja, tuurlijk kan je dat met me bespreken. Ehm. Je klinkt wel serieus. Wat is er aan de hand? Nou, het gaat over mijn antidepressiva. Want eigenlijk wil ik ermee gaan stoppen. Oké. Nou ja, je overdondert me wel een beetje ermee. Ehm. Ja, je antidepressiva, ik weet dat je dat wel heel lang slikt. Hoe komt het dat je ineens wil stoppen? Ja, ik slik zo bijna drie jaar. En toen ik ze begon te nemen, was ik echt in een hele depressieve periode in mijn leven. En alles voelde zwaar en hopeloos. Ik had gewoon echt het gevoel dat ik niet verder kon. De pillen hebben me toen wel echt doorheen geholpen, maar. Ik weet nu niet. Ik voel me anders. Oké, ja, ik snap dat je daar wel over na hebt gedacht. Kan je mij wel vertellen wat je bedoelt met anders? Ik voel me gewoon niet meer echt zoals ik me toen voelde. Toen ik ze begon te nemen. Het is moeilijk om uit te leggen, maar het is alsof ik afgevlakt ben. Begrijp me niet verkeerd. Ik ben niet meer zo somber als toen, maar het is ook niet. Alsof ik echt blij of enthousiast kan voelen over dingen. Alles is gewoon neutraal en dat kan best wel frustrerend zijn soms. Het voelt alsof ik een deel van mezelf kan kopen. Ja, dat klinkt best wel moeilijk long. Maar denk je niet dat het soms juist goed is om stabiel te zijn? Want ja, die neutraliteit misschien helpt hij je ook wel weer om niet weer in zo'n zware depressie te komen? Dat dacht ik eerst ook, maar naarmate de tijd verscheidt, begin ik me af te vragen of ik niet gewoon gewend ben geraakt aan het gevoel van stabiel zijn. Zonder echt te ervaren wat ik wil ervaren, het voelt een beetje alsof ik niet meer volledig mezelf ben. Weet je, ik kan me de laatste tijd, de laatste keer dat ik echt oprecht gelukkig was, gewoon niet meer herinneren. En daar maak ik me een beetje zorgen om. Ja, Loen, dat klinkt inderdaad best wel moeilijk. Heb je dit ook al met je arts besproken? Want het lijkt me niet echt iets wat je zomaar. Zelf even kan of zou moeten beslissen. Ja, ik heb voor binnenkort een afspraak staan. Maar tegelijkertijd wil ik wel met iemand praten die me beter kent, zoals jij. Die begrijpt wat ik doormaken. Mijn dokter ziet me echt maar een paar keer in het jaar en hij ziet het alleen maar medisch. Maar jij ziet me ook wel. Ja, dat klopt wel. Ja, en ik zie ook wel hoe je ermee bezig bent, hoe je een beetje worstelt ermee. Maar ja, ik heb ook wel gezien van hoever je gekomen bent. Ja, dat is echt al een paar jaar geleden. Ja, maar ik kan het me nog heel goed herinneren. Want het was best wel moeilijk om je zo te zien dat je zoveel pijn had. Het idee dat je daar misschien wel weer naar terug zou kunnen vallen. Ja, in zo'n depressie. Ja, als ik daarover nadenk, vind ik dat toch wel heel erg moeilijk. Ja, dat begrijp ik ook. En ik wil echt niet terug naar dat gevoel. Maar ik vraag me af: als ik niet eens meer echt kan voelen, wat voor leven is dat dan? Wat is het verschil tussen pijn voelen en helemaal niets voelen? Ik wil het risico nemen om weer te voelen, zelfs als dat betekent dat ik ook verdriet kan voelen. Jeetje. Ja, nogmaals, het klinkt gewoon best wel heftig. Ja. Zeg je nou dat je het gevoel hebt dat je denkt dat je bepaalde emoties niet kan voelen? Ja, precies dat eigenlijk. Ik zie mensen om me heen genieten van de kleine dingen. Zelfs hun verdriet lijkt echt. En ik voel me gewoon afgeplakt. Ik weet dat dat een deel is van hoe de medicijnen werken, maar soms heb ik het gevoel dat ze me meer wegnemen dan dat ze me helpen. Hallo, en het klinkt alsof je worstelt met de vraag: of het mogelijk is om jezelf terug te vinden en dan zonder de medicijnen? Maar heb je wel een beetje nagedacht wat er kan gebeuren als je wel stopt? Want ja, het is niet zomaar iets. Ja, je. Er kunnen veel dingen bij komen, zoals ontwenningsverschijnselen. Ja, en dan is er ook het risico dat je je toch wel slechter kan gaan voelen. Ja, ik heb wel gelezen over de ontwenningsverschijnselen. En daar ben ik ook best wel bang voor eigenlijk. Ik wil niet van de een op de andere dag gelijk stoppen. Maar er is ook een deel van mij dat zegt dat ik op een gegeven moment moet leren om zonder de medicijnen te kunnen leven. Gewoon het leven zelf aangaan zonder dat chemische vangnet. Anders, hoe weet ik dan ooit wie ik echt ben? Ja, zoals je het nu zegt, ik begrijp wel wat je bedoelt. Ja, volgens mij wil je gewoon weten wie je zelf bent, wie je eigen ik is. Zonder al die medicijnen in je lichaam. Maar ja, dan blijft het toch de vraag: is dat nu wel het juiste moment om dat uit te zoeken? Kijk, je bent net met een opleiding gestart, en ja, je hebt een nieuwe relatie net. Ja, er zijn wel heel veel dingen die heel veel aandacht van je vragen. Ja. Ik weet niet of er ooit echt een goed moment is. Want er zullen altijd dingen zijn die druk op je uitoefenen, toch? Misschien moet ik gewoon de sprong wagen. En kijk hoe het gaat. Ik kan altijd weer beginnen als het echt niet lukt. Ja, maar soms. Ja, dat is ook wel. Nee, laat ik het anders zeggen. Zo eenvoudig is dat niet. Ja, ik antidepressiva, die hebben toch wel de tijd nodig om weer volledig te werken. Als je gestopt bent en weer opnieuw wil gaan beginnen. Ja, het is niet echt zoals een paracetamol die meteen werkt. Ja, het kan echt wel weken gaan duren voordat je weer effect. Als je weer start met de antidepressiva. Ja, en in die tijd kan je je toch echt wel heel erg kwetsbaar voelen. Ja, nogmaals, dat wil ik je niet. Zie je meemaken. Ja, dat is wel waar. En dat is ook precies waarom ik me zo vastgelopen voel. Want aan de ene kant wil ik stoppen om te zien of ik zonder kan. Maar aan de andere kant ben ik bang voor wat er gaat gebeuren als het niet lukt. Het voelt een beetje alsof ik een soort vastzit in een gevangenis. Hoe langer ik wacht, hoe meer ik me afvraag of ik ooit zonder zal kunnen. Ja, ik begrijp je zorg ook wel. Ja, dat is één ding wat zeker is. Maar ja, misschien moet je niet zo denken in termen als. Ja, voor altijd. Weet je, dat is echt niet zo. Denk ik. Weet je, wat als je nou gewoon denkt aan wat het beste voor jou is nu, op dit moment. Weet je, ja, ik weet hoe sterk je bent en wat je allemaal hebt doorstaan. Dus ja, misschien is het nu inderdaad wel tijd om even stil te staan bij jezelf. En ja, inderdaad ook te overleggen met je arts. Wat nu het beste is. Je staat er echt niet alleen voor. Bedankt, Kim. Dat helpt me al. Ik voel me zo in twee strijd soms. En ik weet dat jij het beste met me voor hebt. Misschien moet ik inderdaad niet zo ver vooruit denken en gewoon stap voor stap kijken wat er nodig is. Ja, dat is zeker zo. Weet je, wat je ook besluit, Luna, ik sta wel achter je. Ja, dat betekent, kijk, als je wilt stoppen, prima, dan gaan we dat samen doen. We komen er echt wat doorheen. En ja, ga je door? Is dat ook goed? Ik vind gewoon het belangrijkste is: ja, weet je. Ik wil dat jij je goed voelt. Dat is het belangrijkste. Ik vind het wel pijn om te horen. Ik denk dat ik deze week eerst met de dokter ga praten. En een plan ga maken. Want ik wil niet overhaast een beslissing nemen. Misschien kunnen we eerst de dosis langzaam afbouwen. En kijken hoe dat verder gaat. Ja, nou ja. Weet je, dat klinkt gewoon als een goed idee. Ja, doe het wel vooral op jouw tempo. Niet overhaast. En we gaan het samen doen. En ja, ik vind het fijn dat je hulp vraagt, en dat is altijd oké. Daar sta ik altijd open voor. Dat weet ik. Dank je wel dat je me begrijpt. Ja, Loen, ik doe mijn best daarin. Om je te begrijpen. Met alles. En dat zal ik blijven doen. Dank je wel voor je tijd. En dat je zo open voor het naam was. Geen probleem. Oké, dank je wel."
studie.mp3,Psychologische gespreksvoering,Cohere Labs Transcribe,34.1,25.510526315789487,100,45.142857142857146,4886.3125,4845.9064849624065,35.74989347275498,"Häfting Nijkstra. Rob bij hem. Ga zitten, Rob. Dankjewel. Hoe gaat het? Ja, gaat wel goed. Mooi. Ik ben Martine Häfting Nijkstra. Ik ben assessor op de Hogeschool Leiden. Ik heb begrepen dat jij wat vragen hebt met betrekking tot je studiekeuze. Ja. En daarom ben je vandaag hier. Vandaag wil ik er eigenlijk het doel van het gesprek zijn om wat meer informatie te verzamelen over wat er precies bij jou speelt en hoe ik jou verder kan helpen. Wat de gewenste stappen zijn om je verder te helpen bij je studiekeuze. Wat wij hier bespreken is vertrouwen, dat blijft tussen ons. Mocht het nodig zijn om gegevens te delen, dan zal ik dat eerst met jou bespreken. Dit gesprek duurt ongeveer een uur. We hebben er ongeveer een uur de tijd voor, ik hou de tijd in de gaten. Mogelijk maak ik wat aantekeningen voor mezelf, maar die zijn ook gewoon alleen voor mijn eigen gebruik. Vandaag zal ik je wat vragen over de opleiding, hoe dat gaat, eventuele activiteiten die je naast de opleiding hebt, zoals werk of hobby, sport. Je thuis situatie. Dus dat komt allemaal aan bod vandaag. En dan aan het eind zal ik kijken wat. Wat dit gesprek heeft opgeleverd en wat ik voor je verder kan doen. Oké. Is dat duidelijk voor jou? Jawel. Maar ik had ook begrepen dat er iets met testen zou zijn. Oké, ja. Nou, het zou kunnen dat we inderdaad nodig zijn om testen af te nemen, maar dat hangt eigenlijk helemaal af van dit gesprek. Wat eruit naar voren komt, wat eigenlijk precies jouw vraag is. En mogelijk volgen er dan testen, dat zal ik dan aan het einde van het gesprek laten weten. Maar het kan ook zijn dat ik je beter kan doorverwijzen. Misschien naar iemand anders, of dat we tijdens het gesprek al tot een bepaalde duidelijkheid kunnen komen, en dan is dat misschien helemaal niet nodig. Dus vandaag gaan we niet testen, maar dat zou een eventuele vervolgstap zijn. Oké, prima. Goed, dan gaan we beginnen. Kun je iets vertellen over de opleiding, hoe het gaat? Ja, het gaat op zich wel goed. Ik haal mijn vakken wel, maar meestal met een zesje. Het houdt niet heel erg over, maar ik haal ze wel. Oké, dus je zegt dat het gaat wel, maar ik haal voldoende, maar het zijn niet hele ruime voldoende. Hoe komt dat? Ik merk toch dat het moeite kost om heel erg gericht met die studie bezig te zijn, om te leren, om die boeken te pakken. Dan besteed je gewoon minder aandacht aan zo'n tentamen en dan hou je lagere cijfers. Dus ik merk dat ik het wel kan, maar ik kan me er zelfs niet helemaal toe zetten. Je kan er niet zo goed toe zetten om echt te gaan leren. Nee. En heb je een idee waar dat mee te maken heeft? Hoe dat komt dat je het moeilijk vindt om jezelf daarvoor te motiveren? Nou, het lastige is, ik dacht altijd van toegepaste psychologie: oké, daarmee kan ik dan mensen helpen. Alleen merk ik dat dat er niet zo heel erg in zit. We moeten een voorlichting maken. Ik snap ook wel dat dat er ook wel bij hoort. Maar ik zou liever mensen echt gewoon willen helpen. Ik denk dat dat ook een beetje bezorgd is dat ik het. Dat ik het niet altijd even leuk vind. Ja, dus als ik het goed begrijp, dan voldoet de studie niet helemaal aan de verwachtingen die je vooraf van de studie had. Nee, dat klopt. Ik vind het wel leuk, want ik vind het allemaal heel interessant, alle onderwerpen. Ja. Maar met die projecten, dan heb ik zoiets, ja. Daar doe ik het niet voor, om het zo maar te zeggen. Ja, oké. En wat mis je waar je eigenlijk wel van tevoren verwacht had tegen te komen? Of waar ben je naar op zoek? Dat je echt mensen kunt helpen. Zoals dit: dat je in gesprek gaat met iemand om te kijken: wat is nou het probleem? Waar kan ik nou mee helpen? Dat vind ik het leukste om te doen. Vrienden van mij zeggen dat ook altijd. Ik denk dat het zo goed kan. Die komen altijd naar me toe. Maar dat zit er nu nog niet zoveel in. Nee, dus je zou eigenlijk liever met mensen één op één in gesprek gaan en kijken hoe je mensen zou kunnen helpen. Ja. Heb je dit ook besproken met je SLV-docent? Ja, daar heb ik het wel over gehad. Die zegt dat dat nog wel. In andere stukken van de studie dat het aan bod komt. Maar ik merk dat ik er nu zo tegenaan loop dat ik daar nu niks van merk. En hoe lang ben je nu precies bezig met de opleiding? Ik zit nu bijna in het derde blok. In het derde, ja, ja. Dus ruim een half jaar? Ja, ruim een half jaar. Goed. Wat is zelf jouw idee over wat je twijfelt? Wat zijn je gedachten op dit moment over je studie en hoe je daarmee verder wil? Of ik dit wel moet doen, of dat er niet iets anders is wat dan beter past bij wat ik wil. Want ik zeg altijd: dat niveau kan ik wel aan, maar. Ik moet er toch ook wel voor willen inzetten. En ik merk dat dat daarin schort. En misschien dat daar dan. Opleidingen beter bij passen. Maar misschien is dit ook juist wel de beste. Dat vind ik heel lastig. Ik doe dus zonder om dit weg te gooien als dit misschien toch wel goed zou zijn. Ja, dus je wou eigenlijk nog eens even goed kijken of er een andere opleiding is die beter bij je past. Ja. Waarin je dit element. Of dat dit het is. Goed, dat is me duidelijk. Oké. Dan gaan we verder. Dan wil ik je nog iets vragen over wat je eigenlijk je activiteiten naast. We zijn aan het eind gekomen van dit gesprek. Ik heb genoeg informatie verzameld. Oorspronkelijk is je vraag geweest: past deze studie goed bij mij? Je mist de individuele contacten bij de opleiding, individuele gesprekken. Mensen echt concreet kunnen helpen. Dus je wil weten: is er misschien een opleiding die beter bij me past? Dat is eigenlijk jouw vraag. Klopt dat? Of een opleiding die beter bij me past, of deze opleiding. Of dat deze opleiding toch de beste keuze is geweest. Of dat er misschien een opleiding is die nog beter past bij jouw interesses. Precies. Goed, nou ik ga mijn gegevens verwerken en dan ga ik kijken welke testen ik het beste bij jou af kan nemen om een antwoord te krijgen op deze vraag. Is er een studie die. Misschien beter bij mijn interesses past. Ik ga je daarvoor apart nog een uitnodiging sturen. Oké. En dan kan je de testen maken. Op basis daarvan maak ik dan een rapport ervan, een verslag met een advies richting jou. En daarvoor zal ik je dan nog een keertje uitnodigen om dat rapport te laten zien en om je een advies te geven. Oké. En die afspraak die komt dan nog? Ja, eerst gaan we een afspraak voor de testafname en daarna maken we nog een afspraak om de uitslagen te bespreken. Oké. Is het duidelijk? Ja, prima. Wat de volgstappen zijn? Jazeker. Oké, goed. Dan ontvang je van ons een uitnodiging. Dank je wel. Dank voor dit gesprek. Graag gedaan. Bedankt."
GGZ-exposure-therapie.mp3,interviews,Cohere Labs Transcribe,35.9,25.453065134099564,100,41.480842911877396,4990.3125,4845.3316570881225,29.5992713166135,"In deze aflevering heb ik Maika te gast. En zij is psycholoog. En ze gaat ons alles vertellen over wat een psycholoog voor jou kan betekenen. Als je last hebt van hyperventilatie, paniekklachten. Andere stressgerelateerde klachten. Dus welkom, Maika. Kan je je even kort voorstellen? Ja, dankjewel, Nicole. Goedemiddag. Goedemiddag, luisteraars ook. Mijn naam is Maika Groon. Ik ben 38 jaar. En ik ben oprichtster van Vrij Zijn met Eet. Ik begeleid vrouwen met een eetstoornis. En ik heb hiervoor heel lang gewerkt. Als psycholoog, nu ja, 16 jaar gewerkt. Als psycholoog en onder andere ook bij angststoornissen, waaronder dus ook paniek aanvallen, paniekstoornissen, zeg maar voorkwam. Ja, dus dat is even kort over mij. Ja, ik dan. Fijn dat je tijd vrij kan maken om ons te gaan vertellen wat een psycholoog voor jou zou kunnen doen als luisteraar. Want vaak, als je naar een huisarts gaat met deze klachten, met ik heb last van paniekavallen, angstoornissen of vage onverklaarbare klachten zoals hyperventilatie, dan krijg je vaak een doorverwijzing naar een psycholoog. En wat ik heel graag van jou wil weten is: wat gebeurt er nou eigenlijk? Je krijgt zo'n verwijzing en dan bel je op om een afspraak te maken. En hoe gaat dat hele proces dan eigenlijk in zijn gang? Ja, nou allereerst zal je waarschijnlijk met de secretariaat aan het woord lichten. Overigens aan of we het hebben over een GGZ-instelling of een vrijgestelde psycholoog. Dat kan natuurlijk ook nog altijd. Daar kan je ook nog met een verwijsbrief naartoe. Maar als het een GGZ-instelling betreft, dan zal je in eerste instantie met secretariaat een afspraak in kunnen plannen. En vervolgens wordt er dus een intake ingepland, een intakegesprek. Waarin, nou ja, eigenlijk zo volledig mogelijk een beeld van jou wordt verkregen. Dus. Hoe ziet dan jouw paniekaanvallen eruit? Hoe vaak komt het voor? Frequentie? Is dat altijd al zo geweest of is dat pas geleden gestart? Zijn er andere problemen, bijvoorbeeld alcoholproblematiek? Dat is een contra-indicatie, noemen we dat. Dus dat betekent dat er eerst aan de alcoholproblematiek gewerkt moet worden voordat we aan de paniekstoornis eventueel kunnen werken. En zo wordt er dus eigenlijk een volledig beeld verkregen van de persoon. Om te weten, van ja, wat gaan we nou precies doen? En is dat nu ook het moment om de behandeling in te zetten voor een paniekstoornis? Ja, dus eerst gaan jullie eigenlijk dan kijken van hé, maar waar komt het een beetje globaal vandaan? Oftewel, wat heb je andere klachten? Bijvoorbeeld ook, misschien zit er een depressie bij of zit er een trauma achter. Dus wordt eigenlijk even breder gekeken. Misschien zijn er natuurlijk ook veel mensen met PTSS of autisme. En dan wordt er eigenlijk gekeken van hé, maar wie is deze. Persoon, eigenlijk, en dan wordt er dus pas een traject in gang gezet. Dus dat wordt dan een beetje op de persoon afgesteld, denk ik. Ja, zeker. Een niet meer klare oplossing. Nee, dat klopt inderdaad. Er wordt per persoon gekeken en ook welke problematiek staat op de voorgrond. Dus als inderdaad andere problematiek op de voorgrond staat, dan dient dat eerst behandeld te worden. Bijvoorbeeld, trauma is een goed voorbeeld wat je net noemt. Als dat echt meer op de voorgrond staat, dan moet dat eerst behandeld worden. Voordat dus dan bijvoorbeeld de paniekstoornis behandeld zou kunnen worden. Dus daar wordt eigenlijk een overwogen keuze in gemaakt. Ja, maar ik kan me ook voorstellen dat als jij dan een afspraak maakt, dat je zelf helemaal niet zo duidelijk hebt waar het dan vandaan komt. En dat in één gesprek. Zal dat dan ook niet altijd helemaal duidelijk zijn, toch? Ja, wat er op dit moment is aan klachten is meestal wel duidelijk. Daar kan de psycholoog ook vragen met: dat zijn bijna een soort van ja-nee-vragen. Van is er sprake van dit? Heb je nog andere klachten? Of loop je hier nog tegenaan? Nou, dat is op zich kan je dat of bevestigen of ontkrachten. Dus dat is op zich wel helder. Waar het precies vandaan komt, is inderdaad niet altijd helemaal helder. Wat bijvoorbeeld uit onderzoek blijkt, is dat vaak de enige samenhang is bijvoorbeeld met verlating of verlies in de jeugd. Daar komt vaak paniekstoornis, dat heeft daar vaak wel koppeling mee, of dat zien we dan vaak. En met agoraphobie, dus dat betekent het niet naar buiten durven gaan. of voor bepaalde plekken, dus ook voor mij, als dat er ook een combinatie bij is. Straatvrees bedoel je dan ook, hè, bijvoorbeeld? Precies, ja, de straatvrees. Zien we dat dat vaak dan bijvoorbeeld weer juist gerelateerd is aan problemen met zelfstandig gaan wonen. Dus rond de 20, 30 jaar zo'n beetje ontstaat vaak ook. Maar het is ook soms niet helemaal helder te krijgen waar het precies vandaan komt. En op zich is dat voor behandeling ook niet. Niet zozeer relevant. Dus daar gaan we eigenlijk niet heel erg naar gaven of wat dan ook. We gaan echt meer in het praktische aan de slag daarmee. Ja, maar dat is wel belangrijk, want ik kan me voorstellen dat er ook mensen zijn die denken: Nou, ik heb helemaal geen zin om over mijn jeugd te praten, of ik had best een prima jeugd, dus het is helemaal niet relevant, of ik heb geen zin om ouders de schuld te geven, die hoor ik ook nog wel eens. Dus dat is echt niet altijd het geval dat daarin gegraven wordt. Nee, tenminste bij ons was dat dan met name gewoon heel licht vragen: zijn er nog bijzonderheden in de jeugd? Zijn er nog dingen wat we moeten weten? Want kijk, zouden er nou hele ernstige trauma's zijn in de jeugd, dan is het natuurlijk wel belangrijk om te weten, want dan moet daar misschien op. Aangegrepen worden in plaats van de paniekstoornis mee te starten, bijvoorbeeld. Maar, nou ja, anders is dat inderdaad, ja. Vooral wordt er gevraagd naar bijzonderheden en wordt er vooral eigenlijk daarmee dus afgewogen van is de paniekstoornisbehandeling dus nu ook het beste om nu in te zetten. Ook om eerlijk te zijn, want stel dat er een hele heftige trauma is geweest in de jeugd, dan kunnen we misschien wel werken op die paniekstoornis. Maar als we verwachten dat we het trauma behandelen dat dan de paniekstoornis vanzelf overgaat, dan heeft het misschien niet zoveel nut om dus aan die paniekstoornis te werken. Tenminste, dan verwachten we dus dat er meer effect zal zijn door aan het trauma te werken. Maar er kan nog altijd overwogen worden van, nou weet je, dan gaan we toch al met de paniekstoornis aan de slag. Als je niet met het trauma aan de slag wil gaan, gaan we kijken. Maar we zijn wel eerlijk, we gaan kijken hoe ver we daarmee gaan komen. Dus dat gaat wel in overleg, natuurlijk. Ja, zeker. Er wordt niks geforceerd. Sowieso is het geen verplichte behandeling of wat dan ook. Dus het is allemaal vrijblijvend. En de cliënt is daar zelf ook bij. Dus die mag zelf inderdaad ook aangeven: van nou, dit is precies wat ik zoek. Of dit is totaal niet waar ik naar op zoek ben. Nee, ja. Logisch natuurlijk, want het gaat natuurlijk om jouw herstel. Het is natuurlijk ook belangrijk dat je daar iets over te zeggen hebt, natuurlijk. Ja, precies. En zoals moet je natuurlijk ook wel het advies aannemen van degene die daarvoor. Geleerd heeft, die er natuurlijk in gespecialiseerd is. Ja, zeker. Ja, en tegelijkertijd weten we ook niet alles. Dus soms. Denken we dat het dan beter is om aan de trauma te werken? Maar uiteindelijk is het een veel zo groot bij de cliënt en de motivatie dat het dan wel lukt om aan de paniekstoornis te werken. Gewoon met het paniekstoornisprotocol. En soms zie je dat dat dan weer juist maar voor korte termijn heeft gewerkt. Dus dan zie je dan toch een cliënt weer terugkomen, dat hij na een aantal jaren dan weer zegt: Nou, het is toch weer terug, het was toch onvoldoende. En dan toch alsnog wel de traumabehandeling doen, of wat dan ook. Ik benoemde nu het paniekstoornisprotocol. Want stel, we gaan er gewoon vanuit dat jij hebt. We hebben het natuurlijk over paniekstoornis, maar daar valt hyperventilatie natuurlijk ook onder, hebben jullie als psycholoog. Is het waar dat we het zo noemen nu? Nou, het is mooi dat je dat zo noemt, want we maken echt wel onderscheid tussen paniekaanval en paniekstoornis. Paniekaanval is echt die kortademigheid, het gevoel hebben te stikken, transpireren, duizelig, beven, trillen op je benen, misselijk. Nou, al die symptomen hoort bij paniekaanval. Maar een paniekaanval, ongeveer bij 23% van de bevolking komt wel eens een paniekaanval voor. Dus een paniekaanval op zichzelf is eigenlijk niet zozeer het probleem. Het probleem zit meestal in dat de persoon bang wordt, heel erg. Overmatig bezorgd wordt dat het weer eens voorkomt, die paniekaanval. En dat wordt een paniekstoornis. Want dan wordt het hele leven, zeg maar, hoe zeg je dat? Opgebouwd rondom het vermijden van dat het nog eens gebeurt. Met behoorlijke angsten enzovoorts. Dus daar maken we wel een verschil in tussen hebben we het over een paniekaanval. en hebben we het over een paniekstoornis. Ja, en dus vooral de angst voor de angst. Daar komt dan bijvoorbeeld die straatvrees bij. of het vermijden van de supermarkt. of dat je niet meer een verjaardag durft. Of auto rijden is natuurlijk ook zoiets wat heel veel voorkomt. Precies, dus vermijding komt daar inderdaad heel erg bij voor, ook veiligheidsgedrag. Dus alleen maar nog met je partner durven gaan, bijvoorbeeld. Of dat soort dingen. Dus of altijd. toch een medicatie nemen van tevoren. om wat rustiger te zijn. Of dat soort dingen. Dat bevestigt ook weer van. Het is inderdaad een angst. Het is tenminste, het is inderdaad een angstige situatie. Ik kan het alleen maar aan. als ik met mijn partner daar ben. Dus dat zijn dingen die uiteindelijk dan ook in de behandeling. doorbroken moeten worden. Om te zien van. hé, maar die paniekaanval komt niet altijd voor. Het is inderdaad angst voor de angst. Daar dus weer in te geraken. Vaak is dat een soort van controleverlies geweest wanneer dat is gebeurd of wat dan ook, en is vooral grote angst dat dat weer eens voorkomt. En dan hebben we de intake gehad, en dan wordt er dus eigenlijk een plan opgesteld. En wat voor therapie is dan eigenlijk de meeste gangbare? Wat voor behandelingen krijg je dan? Ja, dat is best een hele reeks eigenlijk. Allereerst wordt altijd gestart met het registreren. Dus we gaan even bijhouden hoe verloopt dat nou precies, zo'n paniekaanval? Wat gaat er aan vooraf? Is dat in bepaalde situaties? Is dat altijd op een bepaald tijdstip? Of kunnen we daar iets in terugvinden in het registreren? En vervolgens wordt gestart met interoceptieve exposure. Heet dat. En dat betekent dat je dus gaat nabootsen van een paniekaanval. En daar hebben we dan bijvoorbeeld meerdere oefeningen voor. Dus dat gaat dan bijvoorbeeld over 30 seconden je hoofd tussen je benen zetten en dan weer heel snel omhoog komen. Of zoveel keer draaien op een stoel. Of heel hard rennen op de plek. Dus al die sensaties die wel eens voorkomen bij een paniekaanval, ga je nabootsen. Om dus te kijken: hé, kan een cliënt daar dus inderdaad van leren van dit betekent niet dat ik. Of dit betekent niet dat ik gek word. of, nou ja, noem maar op wat voor ernstige iets er aan gekoppeld is, vaak dus eigenlijk. Van dat dat iets ernstigs betekent. Dus daar wordt dus aan gewerkt. Tenminste, daarmee geoefend dus in eerste instantie. om te leren dat die lichaamssignalen op zichzelf niet zozeer gevaarlijk zijn. Dus daar eigenlijk een soort van gewenning al aan te krijgen. Als je dan heel angstig is. Wordt dat dan altijd gedaan? Of kan je dan ook zeggen: van nou, dit slaan we nu even over, want het zit zo hoog in de angst dat hij dit echt niet wil? Ja, en dan angstig is voor deze bijvoorbeeld een hart dat sneller klopt. Of het warm krijgen. Of het trillen op de benen. Dat bedoel je dus dan angstig? Ja, inderdaad. Als je dit al hoort, je denkt van. Nou, ik ga niet naar een psycholoog. Want dan moet ik dat gevoel opwekken. Dat er veel spanning al zit. Dat je denkt, daar begin ik niet aan. Ja, snap ik. Wat eigenlijk dan gebeurt, is we gaan het niet vermijden. Want juist die vermijding zorgt ervoor dat je juist bevestigt van. Dat betekent dat ik doodga. Dus eigenlijk, als we meegaan in die vermijding, bevestigt die vermijding eigenlijk jouw. Nou ja, gedachten, jouw gedachten daarover. Dus het doorbreken gaat echt met het doen. Maar we kunnen zeker kijken of we het dus misschien wat korter kunnen maken. Dus dan hebben we het niet over 30 seconden, hoofd tussen de benen bijvoorbeeld. maar dan doe je het maar twee seconden, zeg maar wat. Dan begin je gewoon heel licht. En op die manier dat heel langzaam dan verhogen. Dus dat is dan wel een mogelijkheid. En altijd kan er ook gestart worden met, nou ja, wat dan wel gedurfd wordt. En dan kunnen we dan kijken later naar hetgene wat echt wel spannend is. Overigens, is wel datgene wat dus juist spannend is. Belangrijk om dan wel te gaan herhalen. Het is niet van het één keer, dus twee seconden, je hoofd tussen je benen te hebben gedaan en dan, die sensatie van bijvoorbeeld misselijk in het hoofd. En doordat dus vervolgens nooit meer te doen in je leven, dat je dus gaat leren van er gebeurt inderdaad helemaal niks als ik een beetje misselijk voel in mijn hoofd. En we kijken dan ook heel erg van tevoren van wat verwacht je dat er gaat gebeuren. Ga je flauw vallen, wat dan ook? Oké, hoe ziet dat er precies uit? Want dan hebben we niet alleen over een gevoel van flauw vallen. Want ja, misselijk voel in het hoofd kan heel erg verward worden. Van ja, dit is ook wel een gevoel van flauw vallen bijvoorbeeld. Nee, wat is flauw vallen precies? Nou, op de grond liggen eigenlijk. Dus echt gevallen zijn. Dan pas kunnen we zeggen, nu ben je echt flauw gevallen. En dan gaan we dus continu naar zo'n oefening kijken: is er gebeurd waar je nou eigenlijk voor vreest? Nou, wat eigenlijk nooit gebeurt. Vooral flauwvallen gebeurt pas wanneer jouw bloeddruk verlaagt, juist en niet verhoogt. Dus eigenlijk gebeurt nooit wat gevreesd wordt. Dus daarmee kan je eigenlijk de verwachtingen teniet doen. Dus door zo vaak geoefend te hebben, merken van ja, eigenlijk gebeurt het niet. Waardoor dus ook in jouw hoofd hersteld wordt die verwachting die jij hebt opgeslagen. En daarmee dus uiteindelijk ook dat kan gaan doorbreken. Overigens is dan ook de volgende stap, dus het gaan doen. Dus door middel van gedragsexperimenten of exposure in vivo, dus het ook. In de realiteit. Dus nu hebben we het over oefeningen, die dus zorgen dat je die symptomen oproept. Maar uiteindelijk ga je dus ook in het werkelijke leven oefenen. Dus bijvoorbeeld, als je bang bent dat het in de tram gebeurt: dat je dan misselijk wordt en dat je dan flauw valt, en een paniekaanval krijgt, of wat dan ook. Dan gaan we dus oefenen met ook in de tram stappen en kijken of dat dan weer gebeurt. En of je dan ook werkelijk inderdaad de paniekaanval hebt gekregen. Maar dat gaat geleidelijk aan natuurlijk. Het is niet bij de eerste behandeling meteen dat jullie op. In die tram of in die drukke supermarkt of in een auto op de snelweg zetten. Dat gaat natuurlijk heel geleidelijk, stapje voor stapje. En het gaat er dan echt om dat je vertrouwen leert krijgen weer in je lichaam. Dat er niks gebeurt, dat er echt niet iets heel ernstigs is. Waardoor je dan stapje voor stapje dat vertrouwen krijgt. En het dus ook dan steeds die exposure-therapie wat verder gaat uitbreiden. Ja, zeker. En dat is inderdaad ook het gevoel, moet dan ook langzaam meegaan. Het gevoel is altijd wel lastig, want soms weet je het met je hoofd. Ja, ik weet dat het inderdaad niet echt gaat gebeuren. Maar het duurt altijd wat langer voor dat gevoel ook meegaat. Het is helaas altijd het geval dat je hoofd sneller gaat dan je gevoel. Dus de angst. Kan nog steeds wel opkomen, ondanks dat je met je hoofd weet van ja, maar dit kan eigenlijk niet meer. En daarvan geldt dat echt het doen, het blijven oefenen. Dus het is niet door thuis achter de geranium te gaan zitten dat het dan opgelost wordt. Maar het is echt door het gaan doen dat je dus gaat merken van inderdaad, er gebeurt helemaal niks. En dan gaat jouw gevoel dus dat ook mee. Dus die angst gaat daardoor dus ook verminderd worden. Je zou het eigenlijk ook een beetje kunnen vergelijken met een kind dat valt van een fiets. En na het vallen van de fiets gaat hij nooit meer op een fiets zitten. Nou, zijn angst voor een fiets wordt dan enorm groot. Het laatste wat hij opgeslagen heeft is die val voor die fiets. En die verwacht alleen maar als ik weer op mijn fiets ga zitten, dan val ik weer. Maar terwijl als je hem dan direct na zo'n val weer op de fiets zet en de dag erna weer op mijn fiets, dan wordt het een van de vele herinneringen. En het is één keertje gebeurd, maar het is ook vele keren niet gebeurd. En daardoor krijgt het kind wel vertrouwen, zeg maar. Van ja, meestal gebeurt het niet. En zo werkt dat dus met angst. Ja, want soms is er maar één keer iets gebeurd en dan slaat dat heel erg vast in ons systeem. Terwijl het al honderden keren dat het wel goed is gegaan. En toch blijf je dan angstig voor die ene situatie. Het is dus heel bijzonder hoe dat werkt eigenlijk in ons systeem. Daar gaan we het niet over hebben, want dat is. We moeten er nog twee uur te kletsen. We gaan nu even over de praktische kant hebben. En dan heb je dus over exposure therapie. Zijn er ook nog andere? Krijg je dan nog meer oefeningen en dingen om te doen? Zei je het dagboek bijhouden? Tenminste, ik noem het altijd een dagboek bijhouden: dat je opschrijft van wanneer treedt het op en dat je gaat kijken of je patronen kunt herkennen. Ja, dus het registreren van je paniekaanvallen, daar start je eigenlijk mee. Dus dat is aan het begin, daar meer inzicht in krijgen. En verder is dan ook nog wel het stuk. Dus wat meer cognitief uitdagen. Dus echt meer kijken: van nou, wat voor gedachten heb je daar nou bij? Helpt het je om zo te denken? Klopt het ook, deze gedachten? En dat ga je dan vervolgens in het doen, dus inderdaad. Dus, dit is vanuit de CGT, de cognitieve gedragstherapie, hoe deze dus aangepakt wordt. Ja, nou, ik vind zelf cognitief wel het best wel een lastig woord. Dus, ik kan me voorstellen dat jullie hier denken: Nou, wat betekent dat nou eigenlijk? Wat betekent dat nou in gewoon jippie-Janneke taal? Ja, ja, ja, ja. Nou, het is cognitief gedragstherapie. Dus, dat zijn ook echt wel twee verschillende woorden. En cognitief betekent dus inderdaad in het hoofd. Wat speelt zich in gedachten af? En dat dus aanpakken. En het gedrag is dus ook echt in het doen. ... En juist die combinatie van die twee, dus zowel de gedachten uitdagen als het ook echt in het doen gaan veranderen, blijkt dus super effectief te zijn. Dus de cognitieve gedachtstherapie zijn vaak dus ook de therapie, de meest effectieve therapieën voor de meeste stoornissen. Ja, dus het is echt niet zo, want vaak vroeger vooral dachten we, je gaat naar een psycholoog en dan moet je alleen maar praten over wat je dwars zit en wat er allemaal speelt. Maar eigenlijk noem je het eigenlijk een hele actieve therapie. Elementenveug bezig. Er zal natuurlijk ook veel gepraat worden. Ja, het ligt er wel aan wat voor psycholoog je hebt, want je hebt diverse therapeuten. Dus de psycholoog die werkt volgens. De cognitieve gedragstherapie, CGT. Die werkt dus inderdaad op die manier. Maar je hebt bijvoorbeeld ook therapeuten die meer op de psychotherapie zitten, bijvoorbeeld. En die zullen dan wat meer op het praten zitten. En het graven naar het verleden en dat soort dingen. Dus het ligt echt wel aan wat voor therapeut je hebt en wat voor therapie dat is. Maar de cognitieve gedragstherapie staat echt voor inderdaad zowel uitdagen van de gedachten. Hoe denk je erover en helpt dat je? Nou, vaak dus niet. En dus hoe kan je anders leren denken? En kloppen je gedachten überhaupt wel? En het ook gedragsmatig, anders gaan handelen. En hoe. Dus misschien is er helemaal geen antwoord op. Maar hoe lang doet dan gemiddeld zo'n behandeld traject? Nou, vaak staat daar zo'n beetje elf sessies voor, volgens het protocol. De GGZ houdt zich daar ook vaak wel echt wel aan. Dus die hebben ook wel een soort van maximum aantal sessies wat ze kunnen besteden. Dus dat is een beetje wel de leidraad. En is dat dan gemiddeld meestal één keer per week? Of is dat om de week? Of ga je juist vaker, ga je bijvoorbeeld twee keer in de week? Of is dat echt afhankelijk van de persoon? Ja. Dat zal meestal één keer per week zijn. Dat kan misschien per instelling nog wel verschillen, maar meestal zal het één keer per week zijn. En je zei ook, dan gaan we bijvoorbeeld naar de tram. Want als dat jouw situatie is waar je die heel erg spannend vindt. Ik kan me ook voorstellen, wat ik al zei, supermarkt, autorij. Maar ga jij dan echt als psycholoog? Gaat de psycholoog dan echt met je mee in die situatie? Dat kan zeker. Dus er zijn psychologen die dat doen. Dat is niet allemaal. Maar er zijn psychologen die dat doen. Dus die met jou meegaan. En dat is overigens dan wel voor het begin. Dus bijvoorbeeld, het kan ook zijn als je angst hebt voor lift. In de lift dat zoiets gebeurt. En er is een lift, dus ook in het gebouw waar de psycholoog zit. Nou, dan waarschijnlijk gaat die psycholoog jou dan voorstellen: van joh, we zullen het ook even gaan oefenen. En ik ben bij, ik ga je hierbij begeleiden. En dan eerst, in eerste instantie zal dat dan met de psycholoog zijn, maar uiteindelijk. Zoals met de, ik durf alleen maar met mijn partner. Het moet niet alleen maar zijn dat je dan alleen maar durft met de psycholoog. Het moet uiteindelijk ook dat je straks zelfstandig op eigen benen kan staan. En dat ook durft zonder de psycholoog. Dus het is als een opstapje, als het ware, om dat te leren. Het kan overigens ook zijn, sommige psychologen werken daar dus ook mee. Dat ze dan via beeldbellen bijvoorbeeld aanwezig zijn. Dan bel je ze even in op het moment dat je normaal bijvoorbeeld een sessie hebt. Jij bent dan op dat moment bij de metro. En je gaat daar dan je oefening doen terwijl de psycholoog erbij is. Metro is overigens wel een lastige, want vaak heb je daar niet goed verbinding. Dus dan verloopt het gesprek niet helemaal vloeiend. Maar noem maar op. Dus waar je dan ook maar bent, dat je dan met de psycholoog kan oefenen. Dat die even bij je is op dat moment. En via oortjes kan vertellen, je er een beetje doorheen kan begeleiden. Dus die kan je er echt een beetje doorheen praten. En zeggen: Hé, let even hierop. Dan zie je dat er niks markeert of dat er niks gebeurt met je. Of ook zeggen: Oh, wat goed dat je dit doet. Zeker, om te bekrusten, inderdaad. En is er dan nog iets wat belangrijk is om te weten hierover? Wat ik misschien nu nog niet gevraagd heb, dat ik zeg: Oeh, maar dat is wel iets wat ik nog even kwijt wil. Het is vooral dus inderdaad, ik denk dat we het belangrijkste hebben besproken. Dus echt de angst voor de angst. Dat is echt vooral wat een paniekstoornis is. Want nogmaals, paniekaanvallen komt dus bij 23% van de bevolking voor. Dus vrij normaal is dat eigenlijk wel. Alleen andere mensen die merken misschien dat er iets gebeurt. maar die hechten er niet zoveel waarde of niet zoveel angst. Het wordt niet zo'n angstcomponent als het ware. Dus het wordt vooral belangrijk om dat als wat meer normaal te bekijken. En dus echt inderdaad door het doen, dus het vermijden, is ook echt een voeding voor angst. Een voorbeeld kan ik ook geven voor degene die angstig is voor spinnen, bijvoorbeeld. Als die telkens de kamer uitrennt zodra hij een spin ziet, die bevestigt ook ontzettend dat die spin een ontzettende monster is. Terwijl het moment dat hij beslist: oké, ik ga niet de kamer uitrennen, ik blijf gewoon zitten in de kamer, bijvoorbeeld. En dan merkt hij: die spin die beweegt helemaal niet. Er gebeurt eigenlijk helemaal niks engs. Eigenlijk is het misschien wel zelfs op een gegeven moment een beetje saai. Want ja, die spin die weegt maar niet en jij zit er maar naar te staren. Ja. Dus dan ga je dus beseffen door het doen van er zit geen werkelijke angst. Het is allemaal in mijn hoofd, maar in werkelijkheid is dat niet zo angstig. Dus dat is vooral ook een belangrijke om. Want vaak weten we het verstandelijk best dat die spin je niet opeet. Dat als er wat is, dat je best die supermarkt uit kan rennen. Dus er zit best wel veel. Je weet het vaak wel. Dan zit daar dat stemmetje in je hoofd. Die zegt: Ja, maar wat als. En wat het heel erg opblaast. En in dat geval, als je dat dus herkent van jezelf: dat je dingen bent gaan vermijden. Dat je dingen niet meer durft. Of dat je het wel doet, maar met heel veel spanning in je lichaam. Dan is het natuurlijk gewoon echt heel goed om toch eens een dolverwijzing te halen voor een psycholoog. Ja, zeker. Die kan je er echt heel goed doorheen begeleiden. Dus dat maakt het een stuk makkelijker dan dat je het alleen gaat doen. Nou, bedankt. Ik denk dat het heel duidelijk is voor iedereen wat een psycholoog kan, vooral met cognitieve gedragstherapie, nou betekenen. Vooral als je last hebt van hyperventilatie, maar ook van paniekstoornissen. Ja, is er nog iets wat je toe wil voegen? Of is het voor mij hebben we alles wel echt besproken? Ja, in de notendop hebben we inderdaad wel besproken hoe dat een beetje gaat binnen de cognitieve gedragstherapie, de behandeling. Ja, mooi. Nou, dan wil ik je heel erg bedanken. Voor je tijd en je moeite en vooral het delen van deze uitleg. Maika, kun je volgen onder de naam? Dat gaat ze zelf allemaal even opnoemen. Vrij zijn met eten. Dus dat is inderdaad rondom de begeleiding die ik bied voor vrouwen met een eetstoornis. En je kunt mij momenteel op Facebook en op Instagram vinden. Op Vrij zijn met eten. De link zal nog toegevoegd worden onder de podcast. Ja, zeker. Dus als je hier vragen over hebt, dan mogen ze zeker natuurlijk ook contact met jou opnemen. Zeker weten. Mooi. Nou, heel erg bedankt voor je tijd. En jij bedankt als luisteraar om weer te luisteren naar ons."
interview-113.mp3,interviews,Cohere Labs Transcribe,34.1,25.44391891891893,100,46.1554054054054,4890.3125,4855.758445945946,34.815829678722295,"Ik zit nu bij 113 met Maaike tegenover mij. Maaike is psycholoog bij 113. En jullie houden zich bezig met de hulpvragen die binnenkomen. Ja, dat klopt. Hoe komen de banners of de mensen met jullie in contact? Nou, via ons telefoonnummer, dat is 0900-0113. Die vinden ze soms op de website, dus ook voor de hand liggend www.113.nl. Of soms hebben ze ons voorbij horen komen op de radio via een commercial. En dan hebben ze ons nummer gehoord of de website gehoord. En zo kunnen ze ons vinden. En kunnen ze alleen bellen? Nee, ze kunnen ook chatten. Ook via de website. Er staat dan ergens bovenin: Wil je nu hulp? Met een bolletje met chatten. Dan kan je daar klikken en dan kom je meteen in een chatroom. En op dat moment is er iemand die dan meet je. Ja, dat is het idee. Dan zijn er vrijwilligers beschikbaar die dan de chats aannemen en ook de telefoontjes. Komen er veel hulpvragen binnen? Ja, er komen best wel wat mensen binnen. Op sommige momenten van de dag is het drukker dan op andere momenten van de dag. Dan hebben we het bijvoorbeeld vooral voor 's avonds en 's nachts. Overdag is het soms wat rustiger, maar soms kan het overdag ook heel druk zijn. Maar we hebben in ieder geval op elk dagdeel wel ongeveer 7 of 8 mensen die echt in de lijnen zitten. En zo druk is het dus wel bij ons. En zijn het lange gesprekken? De chatgesprekken duren ongeveer een uur, dat is het streven, maar het kan ook korter. Het hangt er een beetje vanaf wat de vraag is. De telefoontjes, een half uur, maar ook dat kan korter. Stel dat iemand nu in nood verkeert of zichzelf al iets heeft aangedaan, is het zaak om het kort te houden zodat iemand een en twee kan bellen. Ja. Kun je iets vertellen met wat voor vragen mensen komen? Dat kan. Dat is echt heel erg uiteenlopend. Dat varieert van meisjes die het slachtoffer zijn geworden van sexting en zich ontzettend schamen omdat die foto de hele school rond is gegaan, tot. Oudere mensen die ongelooflijk eenzaam zijn, tot mensen die opgenomen moeten worden of in een opname zitten, of mensen die in een instelling zitten en die. Kan je in een droomer opgenomen worden? Ja, kan. Of die wordt aangeraden om opgenomen te worden omdat het echt niet goed gaat. En die daarvan van ellende niet meer weten wat ze moeten doen en daardoor suicidale gedachten hebben. Dus het is echt. Alle leeftijden en alle soorten problemen komen bij ons voorbij. Ja. Ja, dat lijkt me aangrijpend. En krijgen jullie ook cultuur-specifieke vragen? Wat ik daarover kan zeggen, wat ik zelf daarin meemaak, is eerder dat je merkt dat in sommige culturen er anders wordt omgegaan met bijvoorbeeld praten over emoties. Dat daar een beetje een taboe op ligt, dat mensen dat moeilijk vinden. En dat je daarom ook moeilijk kan praten over je zelfmoordgedachten, als jongere bijvoorbeeld met je ouders. Of als het in bepaalde culturen niet oké is om homoseksueel te zijn. Dat je daar niet over kan praten en dat je daar zo door in de knoop zit met jezelf, dat je suicidaal wordt en dat je daar dus ook weer niet over kan praten. En wat voor adviezen geven jullie aan mensen? Bijvoorbeeld, je noemde net van een meisje die op school dan met... Een seksschandaal te maken krijgt. Die van alles kan gebeuren. Wat vinden jullie de betekenis voor zo iemand? Ja, het hangt er sowieso een beetje van af hoe oud zo iemand ook is. Dus als het gaat om iemand die minderjarig is, dan proberen wij zo snel mogelijk ervoor te zorgen dat iemand er een volwassene bij betrekt. Dat kan een ouder zijn, maar dat kan ook een docent zijn, of een mentor, of een lievelings-tante. Maar ze zijn een beetje vertrouwd. Precies, want als je het hebt over die meisjes die het slachtoffer zijn van seks, die zijn vaak wat jonger. En dan proberen we zo snel mogelijk daar iemand anders bij te betrekken. Want wij kunnen het hebben over die zelfmoordgedachten. Want we zitten natuurlijk op een afstand, want we zien die mensen niet. Dus we proberen altijd wel zo snel mogelijk aan te sturen op nog wat meer hulp van buitenaf. Maar die moeten ze ook zelf benaderen? Ja, nou ja, als het om een minderjarig is, probeer je er een volwassene bij te betrekken die dichtbij staat, zodat die samen met dat meisje in dit geval dan. Maar dan hebben jullie contact met de volwassenen? Nee, wij hebben daar geen contact mee. Dat probeer je gewoon door die persoon zelf te benaderen. Ja, dat is de bedoeling. Het is belangrijk dat mensen dat zelf doen. En dat is ook omdat wij garanderen anonimiteit en vertrouwelijkheid. Dus wij weten niet wie jij bent en wij gaan dat niet. Ons bemoeien met mensen om die mensen heen. En dat zorgt er juist voor dat mensen ook naar ons toe durven te komen met die problemen. Omdat het zo anoniem blijft. En zijn er bepaalde leefgebieden die eruit schieten waar men het meest kwetsbaar is? Situaties waarin mensen verkeren, bedoel je dan? Ik denk dat het belangrijkste is toch wel eenzaamheid. Dus als iemand heel erg alleen is en zich niet verbonden voelt met anderen, dan zijn mensen heel erg kwetsbaar. En zijn dat meer oudere mensen? Want net noemde je dat van. Dat kunnen ouderen zijn, maar dat kunnen ook jongeren zijn. Gepest worden of die weinig vrienden hebben, bijvoorbeeld. Iedereen kan natuurlijk eenzaam zijn. En zijn het ook dan per se seizoen nog? Bijvoorbeeld met eenzaamheidsproblemen. Nu gaan we naar de winter toe. Donkere maanden, veel mensen die toch vaker thuisblijven. Is het in die periode meer, de eenzaamheid? Ja, daar durf ik niet zo heel veel over te zeggen. Eigenlijk, je zou verwachten rond periodes zoals kerstmis bijvoorbeeld, dat het dan ongelooflijk druk is. Maar daar kan je niet zoveel over zeggen. Dat is. Het blijft het hele jaar een beetje hetzelfde. Als in de winter. Oké, gek genoeg. Je zou denken: het wordt donker, het regent, het weer is somber. Misschien is dat dan. Dat maakt mensen ook somber. Precies. In de lijnen zie je daar niet zo heel veel verschil in. Dus niet zij zonder gebonden of zo. En hoe kunnen jullie hun ondersteunen, mensen die met hulp vragen komen? Nou, in eerste instantie heb je dus de crisislijnen, waar mensen in eerste instantie naartoe bellen of waar ze met een vrijwilliger kunnen chatten. Die gesprekken heb je, maar die gesprekken zijn in principe eenmalig. Mocht iemand dan daarna nog meer hulp nodig hebben, dan kan iemand zich aanmelden voor therapie, ook via onze website. En dan kom je met een van de psychologen in contact. Maar dan ook online? Ook online, ja, via de chat, via de telefoon of via de mail. Dan mag iemand zelf kiezen wat die persoon zelf het fijnst vindt. En dan heb je maximaal acht gesprekken met een vaste psycholoog. Waarin je dus ook wat meer tijd hebt om uit te zoeken wat er nou precies aan de hand is. En hoe je kan leren omgaan met je zelfmoordgedachten en alles wat eronder zit. Lukt het in die acht sessies die jullie hebben met de mensen. om iemand weer op een andere gedachte te brengen? Ja, soms wel. Soms heb je er maar vijf nodig. Soms is het zo dat je acht sessies doet. en dat je denkt: Nou, het lijkt me verstandig als je ook nog eventjes naar de huisarts gaat. en je aanmeldt bij een therapeut. zodat je wat face-to-face contact hebt. Maar dat verschilt heel erg. Ja, oké. Wat zou jij zeggen tegen degenen die het moeilijk hebben, maar niet durven te bellen of contact op te nemen met eenurik.nl? Ja, als je het zo moeilijk hebt dat je echt toch aan zelfmoord denkt, zou ik je toch willen vertellen. Ik weet dat het heel erg moeilijk is, maar wij zijn er bij 1, 2, 3. Wij weten dat praten over zelfmoord helpt. En je bent anoniem, het is een veilige omgeving, dus we treden niet naar buiten met wat jij vertelt aan ons. Dus ik zou toch zeggen: neem de stap, want je hoeft het niet alleen te doen. Dankjewel, Maaike. Graag gedaan. Nou, kijkers, jullie hebben gehoord. Wat je vraag ook is, er is altijd wel iemand die hier staat om een antwoord op te geven. Dus zit je met iets, kun je altijd contact opnemen met 113.nl."
kpni-arts.mp3,interviews,Cohere Labs Transcribe,37.5,25.48391304347833,100,44.50869565217391,4890.3125,4842.129891304347,31.91381218645739,"Jij bent KPI-therapeut. Laten we daar eens even beginnen. KPI, waar staat het voor en wat doet een therapeut? Klinische psychoneuro-immunologie. Klinische psychoneuro-immunologie. We zeggen ook wel eens voor de grap direct. Klinische, psychoneuro, socio, endocrino, neuro's. En alle disciplines die je kunt bedenken worden bij elkaar gehaald. Dus het is ook evolutie, geneeskunde. Het gaat over de sociale context waarin mensen leven. Eigenlijk is het. Een beetje parallel aan de functional medicine uit de Engelse-Amerikaanse literatuur. Dat we de mens veel meer als een functionele eenheid moeten zien. En ook functionerend in een groter geheel. En dat al de dingen die daarin gebeuren. op een gegeven moment bepalen of we gezond blijven, CQ-ziek worden. En het lichaam is steeds bezig om te reageren op alle uitdagingen die er op ons afkomen. Dat kan het nieuws zijn, psycho-emotionele factoren. je relatie, je sociale situatie. Pas net een stukje te lezen over de risicofactoren. om ziek te worden als je meer of minder verdient, bijvoorbeeld. Los van leefstijl, het is eruit gefilterd, maar als je wat meer verdient, heb je onmiddellijk een verhoogde kans om langer te leven. Dit zijn overigens getallen uit Amerika. Aan te duiden, we halen we proberen alle factoren die een rol spelen bij ons bij het functioneren van de mens bij elkaar te zoeken of te rapen en van daaruit na te denken over hoe functioneert de mens en wat gaat er mis als we ziek worden. Dus dan, want je zei ook, en en de ecologie is we hebben het over hormonen, emoties, relatie sociale relaties, het hele psychosociale functioneren, hoe hormonen en hersenen daarop reageren, maar ook hoe daar ook alle invloeden kunnen zijn van voeding en beweging. En hoe dat uiteindelijk leidt tot een bepaalde manier van functioneren van het immuunsysteem. In principe om ons te beschermen, maar als we te lang bescherming nodig hebben, we worden daar weer ziek van. Dus als we te lang moeten zoeken naar een balans, dan kost dat te veel energie. En dan moeten we gaan schuiven met die energie. En dan kan het wel eens zijn dat het immuunsysteem langer meer energie nodig heeft, waardoor onze hersenen wat minder krijgen. En dan worden we moe. Om maar simpel te zeggen. Zijn dat ook een beetje. Want ik heb natuurlijk één grote vraag. Maar ik vind het ook wel leuk om even in te zoomen op dat stukje praktijk. Als je dat hoort, denk ik, oh, dat doen toch. Dat moeten alle huisartsen toch ook weten. Maar is het. Hoe ver staat dat daarvan af van wat in de reguliere gezondheidszorg bijvoorbeeld gebeurt? Gelukkig zijn er steeds meer artsen die ook in deze discipline werken. Ik geef ook les op verschillende opleidingen en daar zien we steeds meer artsenspecialisten binnenkomen: apothekers, psychologen. Dus ook vanuit de reguliere wereld is er heel veel interesse in deze manier van denken. Het grote probleem is denk ik dat er twee praktische dingen zijn: de huisarts in een huisartsenpraktijk heeft 10 minuten tijd. En ik ben de eerste keer anderhalf uur met iemand aan het praten. En daarna. Dan kun je misschien zien of iemand een keelontsteking heeft die antibiotica nodig heeft, of een keelontsteking die. Vanzelf overgaat of het een virus is, dat soort dingen. En de huisarts is dan veel meer een filter geworden van dingen door laten gaan naar een ziekenhuis. of het gaat vanzelf over of met een pilletje. Maar echt de onderliggende oorzaken van problemen boven water halen, dat is heel lastig in die setting. En het tweede probleem is, denk ik, een wetenschappelijk probleem. dat we er steeds meer achter komen dat mensen vooral chronische klachten krijgen. omdat er misschien wel tien dingen tegelijkertijd mislopen. En we zijn heel erg gewend om in de wetenschap. Een op een te denken. Dus je hebt een longontsteking. Nou, heel interessant, want op een gegeven moment kwamen we erachter dat de longontsteking kwam door een bacterie. Prima, dat is mooie wetenschap. Want dan konden we later ook middelen ontwikkelen om die bacteriën dood te maken. En daarmee hebben we de longontsteking opgelost. Mooi. Maar deze manier van denken wordt bijvoorbeeld ook gebruikt als we kijken naar Alzheimer. Dat is toevallig een project waar ik nu mee bezig ben. Om te kijken wat we preventief kunnen doen bij Alzheimer. En dan zie je dat er misschien wel 40 dingen mis kunnen gaan. Die allemaal in een bepaalde verhouding tot elkaar kunnen leiden tot Alzheimer. Maar dan wil je dat gaan onderzoeken. Misschien het geven van vitamines. In ieder geval voeding aanpassen. Meer gaan bewegen. Zorgen dat de stress opgelost wordt. Misschien gifstoffen. De darm is heel belangrijk bij alle hersenproblemen. Dat gaan we allemaal tegelijkertijd doen. En dan is er nu in Amerika een kliniek waar mensen zo behandeld worden. En daar gaat het heel goed mee met die mensen. Dus die relatief scoren die heel goed. Alleen elke onderzoeker zegt: Ja, maar u doet tien dingen. Ik weet niet wat er gewerkt heeft. En dat is een manier van denken die nog heel erg in die wetenschap zit. Waar we even doorheen moeten. Want we moeten op een andere manier naar het effect van behandelingen kijken. Ja, misschien gooi alles er maar op wat je hebt. Waarom niet? Ja, precies. En we zijn natuurlijk gewend om allemaal losse puzzelstukjes te onderzoeken. Ja. Terwijl er misschien wel 30 puzzelstukjes zijn, die samen het totale plaatje maken. Nou, dan ben ik absoluut op de goede plek. Dat wist ik stiekem al wel. Ik vraag me namelijk af, niet of er een verband is, want dat snap ik ook wel. Maar of jij mij dat kan verhelderen in het beeld waarin stress, maar ook trauma, depressie, verslaving en ADHD aan elkaar gelinkt zijn. Is groot. Ja, dat besef ik. Ik heb je even. Maar misschien dat ze dat een klein beetje kunnen ontrafelen, want dat is een bepaald patroon. Dat zijn volgens mij ook symptoomen. In de symptoomhoek, een beeld wat, denk ik, vaak. Er zit wat overlap in, waar je wel niet af. Alle ADHD-patiënten zijn hetzelfde, dus maar goed, nee, maar waarom bij beeld zo van zo? Volgens mij is het bij depressie zeker. Ja, ik, ja, ik wat we begrijpen is dat als je stres is op zich, en wat je die vraag is eigenlijk: van wat is de invloed van stress en trauma ook? Als je kijkt naar dat systeem, want ik heb goed, ik maak de podcast natuurlijk met name voor mezelf, maar ook voor mensen die het was, er zijn zoveel van dit soort gelijke patronen. Ja, ik weet dat ik een stressgevoelig systeem heb. Ik weet dat als ik niet goed op mijn voeding let, heb ik er ook last van mentaal. Dus het is een soort van samenkroes. Het is niet dat ik, oh, het label ADHD. Verslaving hebben het eigenlijk nog niet eens bijgezegd, maar sla je hoort zeker. Voeligheid en impulsiviteit is dat dat beeld. Het is niet oh, ik ben verslaafd of ik ben super gestresst of ik heb een burn-out, maar dat zit wel. Het zijn een beetje de rest van die symptomen wat zo samen clustert. En ik denk dat dat in een soort van stressgevoelig systeem zit. Om misschien getriggerd is door trauma of door, door en ook misschien wel trauma in het immuunsysteem. Daar was ik gewoon na een beetje aan het zoeken. Van goh ben ik op de juiste dingen aan het kijken of zie ik misschien wel iets over het hoofd wat hier nog. Misschien zou bij moeten. Want je moet je eerst realiseren wat stress is. Ja. En In de volksmond wordt stress altijd als iets negatiefs gezien. Maar stress is in principe een van onze belangrijkste overlevingsmechanismen. Het is te koud. Je lichaamstemperatuur zou te veel dalen. Daar word je van bewust. Dat is een stressor. Je wordt je bewust en je gaat het trui aantrekken. Dat is een normale reactie op prikkels van buitenaf, op stressoren. Het kan ook prikkels van binnenuit zijn. Je energie is op. Je moet gaan eten. Dus dat is ook een vorm van stress. Maar dat zijn allemaal de normale stressoren. Zelfs als er een man met een geweer binnenkomt. Mogen we handelen, of je duikt onder de tafel, of je moet in beweging komen om een probleem op te lossen? Dus elk probleem, wat ons uit ons evenwicht zou kunnen brengen. Vraagt om een reactie, en dat is het spel tussen stressoren, het probleem, en de stressreactie van ons lichaam. Dus de stressrespons die het moet oplossen. Een soort call to action: van hallo, er moet iets gebeuren. Ja, precies. En dan zijn we constant op een onbewust niveau, op orgaaniveau en op celniveau mee bezig. Dat drinkt niet door, dus dat is eigenlijk niet wat we dan met stress bedoelen. Maar op het moment dat je je daarvan bewust wordt, dan wordt het een stressmoment en dat vraagt op een oplossing. Nou, prima. Niks mis mee. Kunnen er een aantal dingen gebeuren? Het eerste wat we zien in onze moderne wereld is dat stressoren niet meer. De ladingen hebben die ze vroeger gehad. Kou, honger, acuut gevaar. De stressoren zijn allemaal dingen die langzaam in ons achterhoofd blijven hangen. Pas het boekje van Rutger Bregman. Dat moet ik nog lezen, maar ik heb het besteld. Dat het water komt. Ik kan me voorstellen dat sommige mensen die net in Amsterdam een hele hoop geld hebben besteden aan een nieuw huis. dat die daar enigszins gestrest van raken. Maar je kunt het niet oplossen. Het blijft in je achterhoofd zitten. Blijf malen. Tegenwoordig zijn er stressoren, psycho-emotionele stressoren, die te lang aan blijven houden en die ons te lang in een stressstand kunnen houden. En dat snapt het lichaam niet goed. Af en toe acute stress aan en uit, prima. Maar chronische stress gaat het probleem worden. En dus ook stress, hoor ik je zeggen, die we misschien niet zelf op kunnen lossen, waardoor het maar blijft hangen. Dat is natuurlijk het grote probleem. Als ik geen geld meer heb en ik moet schulden betalen, dan kan ik mijn huis verkopen. Dat is een oplossing. En dan ga ik kleiner wonen en dan is het opgelost. Maar sommige dingen kun je echt niet oplossen. Dus dat maakt dat we in onze moderne wereld andere stressoren hebben, die ook op een wat andere manier in ons lichaam werken, maar ons wel altijd alert houden. Dus er is constant wel een bepaalde mate van spanning. Soms voel je dat ook in je buik. Dat onrustgevoel, anxiety. Dat soort mechanismes. Een beetje angstig zijn. Dus dat is. De moderne wereld. Een ander interessant punt is dat we juist die klassieke stressoren. waar we eigenlijk heel goed mee kunnen reageren. vluchten-vechtreactie, het is niet leuk, maar we kunnen het wel goed. Als het koud is, kunnen we thermoreguleren. We gaan trillen, we gaan de schildklier harder laten werken. je gaat bewegen eventueel, of eten, dat zijn allemaal manieren om weer warm te worden. Hebben we het nog wel eens echt koud? Dus we hebben alle vervelende stressoren uit onze geschiedenis een beetje weggegeven. We leven in een comfort zone. Dus we gebruiken ook ons stress systeem nooit meer op de klassieke manier. En dat lijkt. In ieder geval bij een aantal mensen te leiden tot ook een steeds minder goed reageren op al die psycho-emotionele stress. We kunnen het niet meer aanlaten. Als je het systeem een beetje mee onderuit of zwakker maakt of zo, of een gevoelig maakt. Ja, wat we zien als je naar onderzoeken kijkt, is dat af en toe een keer gezonde stress het stresssysteem aanzet, maar daarna ook helemaal uit. Terwijl die chronische aanhoudende stress ons stresssysteem constant een beetje aanlaat. Dus dat is een factor die speelt. En wat we dan vervolgens zien, is dat als je een beetje de pech hebt. Dat je vroeger in je leven veel stress hebt. of misschien wel stress overneemt van vorige generaties. of van je moeder tijdens de tijd dat je in de baarmoeder zit. of vlak na de geboorte. dat jouw stresssysteem eigenlijk gaat anticiperen. op het gegeven dat je vroeger in je leven veel stress hebt meegemaakt. Nou, als je dat heel simpel vertaalt. dan betekent dat veel stress vroeg in het leven. oh, ik zal straks wel zelfstandig in een gevaarlijke wereld moeten overleven. En wat gebeurt er dan met je stressgevoeligheid? Die wordt sterker. Dus je gaat sterker reageren op al die psycho-emotionele ruis die er nu in onze omgeving zit. Dat maakt dat je sneller in die stressstand schiet. Dus dat is wat we dan early life stress noemen. Dat kan ook echt een traumatische ervaring zijn vroeger uit je leven. Want hoe. Sorry, ik onderbreek je die early life stress. Dat klinkt heel flauw misschien. Maar hoe hevig moet of kan die zijn. voordat daar echt iets structureel. ook op later liefde, dat je daar dan last van gaat krijgen? Er is een vragenlijst ontwikkeld. Een gevalideerde lijst. Die kun je invullen als per persoon. Of als ik dat met mijn klant doe. Een optelsom van een aantal stressoren die de kans duidelijk vergroot dat je een gevoelig stressysteem hebt. En dat is niet een subjectieve perceptie, maar echt dingen die je zou kunnen. Het zijn natuurlijk objectieve gebeurtenissen. Waarbij natuurlijk hoe je dat subjectief ervaart, wel een rol speelt. Dus verhuizen is een stresssoor. Niet zo'n hele grote. Geslagen worden als kind, of misbruikt of verwaarloosd, dat zijn grotere stresssooren. Gepest worden, dat zijn dingen die als het allemaal zo voor je 12e, 15e gebeurt, een spoor kunnen achterlaten. Dan heb ik stressbingo, denk ik. Ja, dan heb je pech. Nou ja, niet helemaal bingo. En uiteraard kunnen nog het latere leven echte, hele grote emotionele stresssooren. Traumatische ervaringen kunnen ook dat stresssysteem blijvend veranderen, waardoor je steeds gevoeliger wordt voor stressoren. Ja, helder. En in de poging om steeds maar weer dat evenwicht te zoeken, omdat ze die stress uit te zetten, verliezen we heel veel energie. Je probeert eigenlijk steeds weer tot rust te komen, maar dat lukt niet. En dat maakt dat je in een soort energiebalans zit, waarbij de batterij eigenlijk steeds een neiging heeft om leeg te lopen. En er niet meer genoeg tijd is om die aan te vullen, om die weer op te laden. Is het zo dat dat stresssysteem, als dat dan sneller of langer en vaker aangaat, dat dat een soort van. ergens dat je daar energie weglekt, dat die batterij waar je het over had, dat dat eigenlijk continu, dat je eigenlijk nooit helemaal, omdat je nooit helemaal tot rust komt, dat je ook niet optimaal opgeladen bent. En hoe uitzicht dat in relatie tot die Dingen zoals depressie of spastic stikke darmen, niet eens genoemd. Ja, bijvoorbeeld. De darm reageert heel sterk op stress. Als je iets spannends mee gaat maken, een examen doen. Siri wil zich ook mee vermoeien. Die luistert mee, die wordt constant afgeluisterd. Die buik speelt een hele belangrijke rol bij stress. En ook bij langdurige stress verandert ook de darmflora. om eigenlijk energie te leveren om die stress vol te houden. Want dat is ook steeds de uitdaging in een systeem wat steeds in die stressstand staat, moet er energie zijn. Wat je sowieso ziet, is dat er energieverschuiving is. Dus energie gaat naar het stresssysteem en niet naar andere systemen. Dat kan je al moe maken. Wat zijn dan andere systemen? Bijvoorbeeld je spieren, je hersenen, je immuunsysteem. Dat zijn allemaal dingen die wat verwaarloosd kunnen worden. Maar herstel van weefsel. Wanneer herstel je van inspanning? Als je nog in de stressstand staat of als je ontspannen bent. Ja, rust, ja. Dus je gewrichten, je pezen, moeten herstellen in rust. Belangrijk slaap. Dus daar speelt slaap een hele belangrijke rol in. Omdat je groeihormoon maakt en melatonine speelt er ook een rol. Maar ook gewoon gedurende de dag moet je rustmomenten hebben. Wanneer verteer je eten goed? Ja. Als je aan het rennen bent voor een leeuw, of dat je gewoon rustig, veilig in je omgeving zit en je hebt even de rust om te eten, dan haal je ook voldoende energie uit je voedsel. En heb je een slechte spijsvertering, heeft dat meteen weer invloed op hoe je darm functioneert. Want je krijgt onverteerd voedsel in je darm, en dat gaat rotten en gisten. Dus dan zie je dat al die dingen in elkaar grijpen. En in de stressstand is adrenaline eigenlijk het overheersende hormoon, als je het even simpel zegt. Cortisol probeert dat ook steeds weer te compenseren of daar een bijdrage te leveren aan de stressreactie. Maar adrenaline is de meest zichtbare ding. Dat zet je hartslag in een wat hogere stand. Dus je gaat meer energie veranderen. En in je spieren, je hartslag, je gaat meer zuurstof transporteren, je bloeddruk gaat omhoog. Maar als dat te lang duurt, krijg je er natuurlijk allemaal klachten van. Je spierspanning gaat omhoog. Als je een vlucht of seks. Als je dat zo doet, denk ik al. Precies, hè. En daar kun je gewoon echt spanningshalve pijn van krijgen. Ja. Als fysiotherapeut werkte, heb ik denk ik. een kwart van de patiënten. die had spanningshalve pijn. Dus daar gingen we je nek lekker masseren. En dan ging het weer een beetje beter als het goed was. Ja, ja. Dus die stress. proberen we ze uit te zetten. En dat kost ook energie. En daar gaat bijvoorbeeld serotonine een belangrijke rol spelen. Serotonine is. Een stofje wat mee kan helpen om de stress wat te reguleren. Als je dus veel stress hebt, maak je je serotonine op richting het reguleren van de stress en kan het op termijn leiden tot depressie. Het is heel ingewikkeld, want dat werkt bij iedereen weer een beetje anders. Er zijn veel variaties in. Maar dat is een mechanisme, bijvoorbeeld. En ik zei depressie, maar als ik het even helemaal op mezelf betrek, want ik kan natuurlijk alleen maar even spreken nu vanuit mijn casus, is dat ze dystemie. Dus niet zozeer een klinische depressie, maar eigenlijk een algehele verlaagde stemming. En als ik dat verhaal hoor, denk ik. Klinkt heel logisch dan, of zo eigenlijk. Maar als er veel gevaar is, en je hebt weinig energie, is dan niet ook. Een depressieve stand, een beetje een bescherming. Je even terugtrekt. Van ik moet even weer tijd hebben om te herstellen. Maar als je niet kunt herstellen, omdat er steeds weer nieuwe stressoren bijkomen of ze worden niet opgelost. Dan is dat dus op een gegeven moment jouw staat van reactie op de situatie. Ja, ja, ja. En dan de link met bijvoorbeeld ADHD, want dat lijkt een beetje een soort van vreemde eend in de mix dan, als het gaat over energie, maar toch zit die daar wel in volgens mij. Een afwijking in de hersenen, waar gewoon de bedrading waarschijnlijk wat minder goed is en de delen minder goed met elkaar communiceren. Maar je hebt ook mensen die hooggevoelig zijn. Ik denk dat dat een andere categorie kan zijn. Dat Er zit alles overlap in, dat maakt het ingewikkeld. Maar wat je natuurlijk ziet als je in de stressmodus staat. dat er in ieder geval registratie is van er is gevaar, er is iets aan de hand. Wat moet er dan gebeuren met je zintuigen? Ja, die staan op scherp. Dus je ziet alles, je hoort alles. Dus je hoort ergens voorbij lopen en meteen is je aandacht daar naartoe. Is weg van het gesprek wat we voeren als je in die stand staat. Dus het gevoelig worden voor prikkels. heeft ook zeker met stress te maken. Maar dat is logisch. Je weet, de Beekse Bergen zijn hier vlakbij. Ik heb opnieuw gehoord dat Raleigh ontsnapt is. En dat hij richting Tilburg is gegaan. En als ik dan hier naar de supermarkt loop. Zou het slim zijn om iets alertder te zijn? Die kans is natuurlijk relatief klein. Maar als voorbeeld: als je weet dat er gevaar is, dan hoor je alles beter. Dan zie je alles sneller. Zelfs heb je het idee dat er iemand achter je staat steeds. Ik weet niet of je dat gevoel kent. Dat je denkt: wat is er achter me aan de hand? Zo'n hoge gevoeligheid kun je op een gegeven moment krijgen, door chronische stress. En misschien ga je ook wel reageren op geuren, dat je de geur van iemand tegenover je oppikt. en dan het gevoel krijgt: wat is er met die persoon aan de hand? Is die misschien angstig? Is die depressief? Oh wow. Dus mensen kunnen heel veel sferen oppikken. En dat zou. Theoretisch zal het met geuren te maken kunnen hebben, want onze neus wordt ook veel gevoeliger bij stress. En wat is dan, want daar had ik eigenlijk nooit zo over nagedacht: het verschil of de relatie tussen dan echte klassieke ADHD, de bedrading in je hoofd, want daar herkende ik mezelf ook heel niet in. Ik heb ooit wel die diagnose gehad, dacht ik ja, als ik dertig, denk ik, zal eens een keer naar een psycholoog gaan, eens even vragen, die hebben we kijken, maar dat en dat hooggevoeligheid. Misschien was dat ook nog niet helemaal duidelijk tien jaar geleden. toen ze dat bij mij vaststelden. Wat is het grote onderscheid tussen die twee in symptomen te zien? Is dat te herkennen vanuit de buitenkant? Ik denk dat je dat kunt herkennen aan de testen die je kunt doen. en misschien ook aan de manier waarop je reageert op de medicatie. Ik denk overigens dat alle tweede groepen wel goed kunnen reageren op de medicatie. omdat die vaak een bepaalde energieverandering in die hersenen teweeg brengen. waardoor je je meer kunt focussen. Dat er meer energie naar die prefrontale cortex vooral gaat. Waardoor je de impulsen uit gaat zetten. Je stelde een vraag. Ik zei je durfde beantwoorden. Want ik weet niet of ik dan dingen door elkaar ga halen. En voor de mensen die dan met dat soort klachten zitten, die raken dan. Ja, nee, dat moeten we absoluut niet willen. Daar was ik niet in bedoeling. Even een zijsvoer, ja. Want ik herken wel wat zij dat. Het impulsieve en het gevoelige. En zo kan ik hem ook wel aan verslaving linken. Want dat is ook een manier eigenlijk om te dealen met zo'n systeem. Want. ADHD, of in ieder geval de ADHD-medicatie, maar heel kort gehad. De Lemax, maar toen had ik al veel te veel gefeest. En toen had ik heel veel vervelende associaties met het gevoel wat het opriep. Dus ik heb dat ook helemaal nooit gedaan. Zijn daar nog verbanden te zien of patronen in te herkennen? Dat dat soort mensen ook eerder last hebben van een verslaving, bijvoorbeeld? Ik heb net al serotonine genoemd als belangrijke neurotransmitter. Ook dopamine speelt een grote rol, die vooral ook uitgeput kan raken door langdurige stress. En dopamine geeft je een beetje een fijn gevoel. Zo van, oh, ik heb goed gewerkt, ik heb een fijn gesprek gehad. En dat geeft je een soort beloningsgevoel. Dat was goed. Als dat een beetje gaat ontbreken, dan kun je dat gaan compenseren met verslaving. De meeste verslavingen doen iets met het dopamine systeem. En dan pak je. Je glaasje wijn, s'avonds, en denk je, oeh, lekker. Of je pakt je sigaretje. Of je werk. Of je werk. Je kunt heel veel verslaving hebben. Ja, dat is helemaal niet substantie te zijn. Je kunt ook aan gokken verslaafd raken. Boek lezen. Bijvoorbeeld, ja. Of een beetje neurotisch verzamelen van papier om je heen. Dat is. Maar dat. Ik denk dat dat veel verslaving te maken kan hebben met het offline kunnen gaan. Heel veel mensen die in die stressstand blijven, die blijven ontslaafd. Die telefoon is ook een beetje aan mee. Dat is ook vervelend. Dat je altijd maar eigenlijk bereikbaar moet zijn en moet reageren. En zo kom je nooit even tot echte ruststand. Maar dat dan drugs. Verslaving daarbij kunnen helpen, en dat is natuurlijk bij het glaasje alcohol, doet het heel duidelijk. Ja, even offline gaan. Ja, uit ervaring, doen dat is precies wat drugs voor mij hebben gedaan. Dus, even het naming-eigenlijk gevoel, hoe gek het ook klinkt. Want ik lang, lang kleden hoor, in best een periode cocaïne gebruikt, en dat is met name echt iets om op stap te gaan. En sociaal, ik was het liefst alleen thuis. Weet je wel, ik zat lekker atypisch. En dan de rest van de week was het gewoon een beetje. Je bent wat afgestompt. En dat was eigenlijk best wel prettig. Terugkijkend, toen had ik natuurlijk totaal niet door wat er gebeurde. Nu wel. Dan is natuurlijk de grote vraag: oké, hoe breng je zo'n stressgevoelig systeem. en ik kan natuurlijk naar mijn trauma kijken en daar psychoanalyse zijn, natuurlijk heel veel. of via voeding. Wat is een beetje een richtlijn om aan te houden? of is dat echt heel individueel verschillend welke ingang het beste is? Ja, dus dat is natuurlijk een vraag: even herhaal van. wat kun je eigenlijk doen bij mensen die in die stressstrand staan. er last van krijgen? Ja, die zo'n stressgevoelig systeem hebben dat ze er last van hebben. Ja. Heel algemeen kun je zeggen dat, als er meer gevaarssignalen zijn. En dat er veiligheidssignalen zijn dat het systeem onder druk staat. En dat is heel algemeen. Dus alles wat voor jou als gevaar wordt ervaren, zet je in de alertheidsstand. Maar omgekeerd, als jij met je familie of met vrienden ergens bent, dan kan je je ook heel veilig voelen. En dan zie je zo vaak dat die stress uitgaat. Dus het is veiligheid, rust ten opzichte van gevaar. Je kunt op een gegeven moment aan de ene kant zeggen: Ik ga de gevaarsignalen weghalen, of aan de andere kant: Ik ga rustsignalen inbouwen. En dan is het lastig, want de mensen met dit soort klachten hebben vaak langer. Dus dat systeem staat al lang in die stressstand. Dus er is al. Helemaal vast in de zin. Precies. Dus wat je dan ziet is dat de input. En je kunt dat denk ik best te zien als de hypothalamus. Waar al die informatie binnenkomt. Dat wordt in sommige artikelen ook interessant gezien als een soort. De governor of health. Dus een soort van directeur. in jouw hoofd. die het beleid bepaalt. Alle informatie komt binnen. Gevaar signalen. Veiligheidssignalen. En al die informatie samen moet leiden tot een beleid, een overlevingsstrategie. Ik zie niet iemand zitten met zo'n memo. Ook precies, hè. Ook precies, hè. En die. Dus zolang de gevaarssignalen overheersen, blijf je in die stand staan. Dus je kunt aan de gevaarssignalen werken. Soms is uitleggen hoe dingen werken al een begin van rust. Vertellen dat het logisch is dat als je wat dingen mee hebt gemaakt vroeger in je leven, dat je er later last van hebt. Dan gaat de lading soms weg. Soms was reframingen, dat je het op een andere manier in jouw eigen hoofd. in jouw eigen verhaal inbrengt, de gebeurtenis. Dus je kunt sommige dingen als. Kon ze dat als negatief blijven zien, maar misschien hebben ze je ook wel gevormd. En misschien ben jij wel. De vrouw geworden die je nu bent. Dankzij de ervaringen. En kan het ook positief zijn. Zo zijn er allerlei manieren om daarmee om te gaan. Heel mooi dat je dat als eerste zegt. Want dat is eigenlijk iets wat gewoon instabiel meteen kan. met gewoon pure denkkracht. Dus uitleggen. Een beetje NLP-achtige technieken kun je daarbij gebruiken. Reframing is dan een term die daarvoor gebruikt wordt. En aan de andere kant kun je veiligheid bieden. Soms raken mensen in een sociaal isolement. Als je alleen bent, is elk gevaar ook iets wat jij zelf alleen moet oplossen. Dus alleen zijn verhoogt de stressstand. Eenzaamheid is een van de meest ziekmakende factoren in onze moderne wereld en dat wordt steeds erger. Oké, wel tegenstrijdig inderdaad, want dat systeem wil zich terugtrekken. Want dat herken ik ook heel erg, nu nog steeds, maar ik vind het ook wel fijn nu. Maar tegelijkertijd heb je dan ook eenzaamheid wat potentieel op de doel ligt. Dus de goede balans daar vinden is een belangrijke. Dus je moet niet het gevoel hebben dat je er alleen voor staat, want wij zijn als menselijke soort een beetje zwak, we zijn kwetsbaar. Dus we hebben de groep nodig om. Om te overleven. Omdat we dat goed konden, die sociale vaardigheden konden ontwikkelen. hebben we ons waarschijnlijk ook ontwikkeld zoals we nu functioneren. We zijn sociale wezens, we zijn groepswezens. Uiteraard kan dat soms te veel energie vragen. Dus dan heb je een tijdelijke terugtrekreflex. Maar dan zie je vaak dat dat niet de oplossing is. Maar ergens bij horen, bij een club. Het kan een vriendenclub zijn, het kan ook de tennisclub zijn, whatever. Het gevoel hebben dat je er niet alleen voor staat. is een veiligheidssignaal. Maar ook mensen laten voelen. Dat zijn vooral de therapieën die ook met het lijf wat doen. Dus haptonomie. Massage, soms acupunctuur, whatever. Wat is haptonomie eigenlijk? Ik hoor het leren voelen van waar de spanning in je lichaam zit. Heel veel stress vertaalt zich naar lichamelijke spanning. Ja. En deze spanning houdt de stress ook weer aan de gang. Ja, want dit geeft ook een signaal: Oh, er is iets aan de hand. Want je zit zo. Dus je hartslag. Van stress krijg je een hoge hartslag, maar van een hoge hartslag krijg je een stressprikkel. En wat we zien is dat meestal praten over een trauma. maar een klein deel van het probleem oplost. Het hangt er vanaf hoe je met iemand praat. Maar bijvoorbeeld leren ervaren dat het lijf ook. Tot rust kan komen, is ook een manier om het systeem langzaamaan in een blijvende ruststand te krijgen. Dus de grote trauma-onderzoekers op dit moment. Ik weet niet of mensen dat kennen, maar de nervus vagus. En die heeft dan verschillende takken. En een van die takken registreert veiligheid. En die registreert ook ontspanning in je lijf. De nervus vagus is dat die helemaal van boven. Die komt vanuit je achterhoofd. Komt die naar buiten? Nee, die gaat naar de spijsvertering toe. Dus vooral ademhaling en spijsvertering zijn de belangrijkste functies. Maar dat is ook het systeem wat aangaat als we tot rust komen. En door dat te ervaren en dus in de ruststand te komen, zie je dat langzaamaan het systeem zegt: oké, maar. Het kan veilig zijn, dus ik hoef niet altijd aan. Als je dat maar op een manier kunt trainen en vaak toe kunt passen, dan ontstaat er een nieuwe balans. Maar het lastige is dat dat wel wat tijd nodig heeft. Dus wat mindfulness bijvoorbeeld kan doen, allerlei yoga, meditatievormen. Je hebt neurofeedback en ook hartslagfeedback en hartmat. Waarbij hartfrequentie wordt geregistreerd en dat kun je gewoon op je iPhone of op je computer terugzien. En met dat systeem kun je dan trainen en langzaam leren om in een ontspannendere toestand te komen. En dat ook te voelen hoe dat. Voelt en dat dan ook vaak op te zoeken. Ja, interessant. Ik moet ook meteen aan Jan Bommeray denken. Ik weet niet of dat in naam jouw wat zegt. Een velverflow geschreven. Oké, ja. En die gaf ook. Ik heb ook een workshop gevolgd, gewoon niet over de nervus vagenschatten loslaten. En hij is nu een boek aan het schrijven over trauma. Dus dat zit volgens mij ook heel erg in deze. Super interessant, heel actueel, nodig, fijn. Ja, precies. Ja, ja, ja. Die nervus vagens, kan je daar misschien op. Want dat is misschien wel een interessant knooppunt dan daar. Wat is dat precies? Het is een van de hersenzenuwen. Ja. En die nervus vagens wordt. Gezien als de rustkant van het autonome zenuwstelsel. Een autonome zenuwstelsel is een ding wat helemaal voor zichzelf werkt, dus dat werkt zelfstandig. Dat is mijn ademhaling. Hartslag, dat soort dingen. En. Dan heb je de adrenaline kant en de bijnieren stresskant, die reageren op gevaar. En die nervus vagus gaat aan als het gevaar weg is. En dan ga je je spijsvertering op gang gaan. Je gaat rustiger en dieper ademhalen. Dus eigenlijk in de yin-yang van de stressreactie is dit de yin. En de adrenaline is de yang-kant: tot rust komen. En omdat de meeste stress in onze westerse wereld vooral gedachten zijn: wat er morgen allemaal niet fout gaat. Niet wat nu aan de hand is, maar wat er morgen kan gebeuren. Er zijn meditatie technieken waarbij je je gedachten uitzet en je ademhaling reguleert. Dat zijn technieken waarmee je de nervus vagus aangaat. En dan kom je in een ontspannen stand. Gaat je hartslag naar beneden. Je bloed gaat naar beneden. Je immuunsysteem mag weer aan het werk. Dus al die dingen gaan beter functioneren. En die hardnet. Ik heb toevallig in zo'n workshop bij Jan Bommeree dat geoefend. En ook liet die enige iemand voor de groep dat dan doen met inderdaad dat metertje. Je denkt: ja, wat is dat nou? Maar dan zie je dat is van heel erg staccato. Want het was een uitslag, een grafiekje. Die je. Ik weet niet wat het dan precies is. Wat is er dan meten? Maar toen gingen we die meditatie doen. En dan zag je dat dat in plaats van een heel. Nou. Chaotisch streepje werd het een heel mooi finish. Mooie sinus van. Wat de Nervus varus ook doet, is hartslag remmen. Dus er is een rem op de hartslag. En als je ontspannen bent en je ademt rustig, dan gaat de hartslag met de inademing omhoog en met de uitademing naar beneden. Maar naar beneden doet hij alleen maar als een nerfsvagens actief is. Anders blijft hij wat hoger, dus dan zakt hij niet goed weg. Dat kun je vrij makkelijk meten met een sensor op je oren of op je vinger. Het wordt even omgerekend in een algoritme en dan krijg je daar een kleur of een beeld. Voor kinderen kun je ballonnetjes laten vliegen. Dus als je ontspannen bent, zie je alle ballonnetjes omhoog gaan. Echt, dat klopt. En ik wil de kindervarianten. Ja, daar zit een standaard hopper als je hem aanschaft. Dus wat hij eigenlijk doet, dat apparaatje registreren of die hartslag mooi meegaat met je ademhaling. En als dat zo is, dan ben je coherent. En als dat niet zo is, dan betekent dat dat je nog misschien wel rustig ligt te ademen. Maar ondertussen ligt te bedenken wat je morgen allemaal moet gaan doen. En als je dat gaat doen, leuk om ermee te experimenteren. Dan merk je van, ook zelf, als ik dat zelf doe, dat zo gauw mijn gedachten weggaan. Schiet hij weer in het blauw of in het rood. En dan moet ik weer even terug naar gedachten uit. En dan komt hij weer terug. Ja, ja, ja. Dus dat is een feedback systeem. Ja, dan kan je zelf ermee conditioneren. Ja, en wat ook een beetje controleert of je ook echt in een ontspannen stand komt. Want. Soms komen mensen zeggen ja, ik kan heel goed ontspannen hoor. En ik mediteer elke dag een uur, maar ik zit elke dag een uur aan het pieken eigenlijk. Dat zou kunnen, ja. Ja, bij wijze van spreken. Oh, dan ga ik eens even. Nu ik dit zo hoor, denk ik, oh, genoeg motivatie om het weer even op te zoeken en misschien wel toe te gaan passen. En die ervaring van rust en dat rustvoelen in je lijf, dat is weer een begin van herstellen van een nieuwe balans. Ja. Ja. Hoe. Want ja, ik kom een beetje uit de voedingshoek, de vitaliteitshoek. En dan wordt heel erg, oh, eet maar gewoon gezond en op een miracleuze wijze. Ja. Word je helemaal weer topfit. Ja. Zijn daar nog specifieke dingen over te zeggen? Over de relatie met voeding, en stress, en je muursysteem? Die, ja, het is wel niet de afgelopen. Paden, de aftreden paden nog een keer opnieuw bewandelen, maar misschien zijn daar wat nieuwe inzichten of wat speerpunten die relevant zijn. Eén ding wat interessant is, is dat na verloop van tijd, als je dus langere tijd onder stress staat, dat ook de hersenen anders gaan functioneren. En dat je ook echt anatomische veranderingen ziet in de hersenen. En van de belangrijke gebieden is de prefrontale cortex, waarmee we complexe dingen doen en die ook onze impulsen remt. Dus als je Ja, weet je dat... Angst ergens van hebt, dan kan je met die prefrontale cortex dat nog een beetje remmen. en ervoor zo ja, dat valt al mee, weet je. Dus dat dempt een beetje die emoties. En dan heb je de amygdala, de amandelkern, waar woede, angst, agressie zit. negativiteit, negatief op jezelf gerichte emoties zitten daar heel sterk. En je hebt de hippocampus, waar je geheugen zit. Dat zijn drie gebieden die last hebben van stress. De prefrontale cortex verliest verbindingen met andere delen van de hersenen. Dus we kunnen minder goed. Complexe dingen doen. Als je echt een burn-out hebt gehad, dan. Je weet nog wel hoe die computer werkt, maar eigenlijk. het vertalen naar een handeling wordt dan heel moeilijk. En. Dus die functie verdwijnt wat. Amygdala gaat overheersen. Dus je krijgt een steeds korter lontje. En alles wat er gezegd wordt, ga je op jezelf betrekken. Want er is gevaar, dus ik moet mezelf beschermen. En heel vervelend: de hippocampus haalt het geheugen een beetje onderuit. En de hippocampus produceert ook nog stofjes. Een beetje op falium lijkende stofjes. Die de stress ook helpen uitzetten. Dus je komt in een stand te staan. Waarbij de rem op emotie weg is. De emotie wordt steeds sterker. Mijn geheugen wordt steeds slechter. Ik kan ook steeds minder goed functioneren. En de hippocampus met zijn valium kan hem niet meer helpen om tot rust te komen. Dat noem je een soort wind-up-reactie. Daaruit komen is lastig. Wat we nou bijvoorbeeld zien met voeding is dat. de hersenen hebben energie nodig. En om dingen te veranderen. om weer nieuwe verbindingen te maken. kost ook heel veel energie. Dus we moeten ervoor zorgen dat er veel energie naar die hersenen gaat. En nou is de paradox. dat koolhydraten en suikers. kort een klein beetje energie aan die hersenen geven. waardoor we ons wel goed voelen. maar op lange termijn eigenlijk. de energiebalans in die hersenen verstoren. En ook elke keer als we eten. Kost dat energie aan de hersenen. Dus als we iets, sommige mensen merken dat ook, na het eten word je moe. Dan is er energie in je spijsvertering nodig, gaat ten koste van de hersenen. Dus wat zien we nu met herstel van hersenen na stress, maar ook na trauma? Of misschien ook zelfs wel bij mijn neurodegeneratieve ziektebeelden: dat veel koolhydraten eten, veel suikers eten stoort. Dat vaak eten stoort. En dat dus misschien het regime wat nu populair is, dat intermittent fasting, voor dit soort dingen heel goed kan werken. En dat zie je wel echt dat het heel veel energie kan opleveren. En dan is er meer energie beschikbaar voor de hersenen. Die hersenen worden ook eigenlijk een beetje getriggerd om weer energie. Op de eisen, als er echt te weinig energie is, worden die hersenen gewoon even gestrest. Maar dat is een gezonde stress en daardoor gaan ze meer energie vragen. Net als die koude douche, even. En dan zie je dat die energiebalans weer kan herstellen. En die hersenen weer kunnen veranderen. En dan komt het geheugen gewoon weer terug. Die hippocampus kan ook weer groeien. Niet alle delen van de hersenen kunnen makkelijk groeien. Maar deze delen prima. Ook maar opladen. Ik ben nu 40, niet later. Maar ook zeg maar in deze fase. Heel veel vrouwen in de overgang. die verliezen een groot deel van die hippocampus. Dat is gewoon hormonaal. Maar dat herstelt zich weer. Niet altijd 100%. Maar ook daarin zien we, als je dan maar gaat vasten, als je af en toe een keer glucosestress voor die hersenen genereren, omdat er te weinig energie is, dat dan die systemen weer veel beter gaan functioneren en dan komt het weer terug. Maar er moet wel een noodzaak voor zijn. Die hersenen moeten wel het gevoel hebben: ja, ik moet weer veranderen omdat er een noodzaak voor is. En om fit te worden, hersenen fit maken, hersenen weer herstellen, kost energie. Waarom zou je dat doen als het niet nodig is? Dus je moet een soort van druk op dat systeem leggen: van oké, er is nu honger, ik moet in beweging komen, ik moet helder worden, ik moet de juiste beslissing nemen. En dan zie je dat de hongerstress eigenlijk leidt tot een reparatieprogramma in de hersenen. Waardoor oude cellen verdwijnen, er weer nieuwe stamcellen uit gaan groeien, er weer nieuwe verbindingen gemaakt worden. En als je dat doet combineren met bewegen, nuchter bewegen, is die prikkel nog veel sterker. En dat is iets wat op dit moment heel veel onderzocht wordt. En waar hele goede resultaten gezien worden. Ja, ook als ik gewoon meer een beetje puur filosofisch nadenk. Gewoon wij, mens hier nu. Je moest ook eerst in beweging komen voordat je je eten kon maken. En waarschijnlijk at je pas ergens op het eind van de dag. Als alles gedaan was. iedereen weer terug op het kamp. En dan had je je grote maaltijd. En dan was je ook veilig. Want dan was iedereen terug bij het kampvuur. Dus het voelt voor mij heel logisch nu. om gewoon pas later op de dag te eten. En pas echt s'avonds mijn grote maaltijd. Te doen helemaal tegengesteld, dan weet je ooit. Schreeuwt ook drie keer per dag. Een Frans zwaar is niet te zwaar en zes keer per dag. Weet je dat? Dezelfde, dus en daar zitten de gedachten achter. Was wel logisch om. Met de kennis die we toen hadden, ja, maar ik denk toch dat het een beetje anders ligt en dat dat het helemaal niet zo erg is om af en toe een keer hongerstress te hebben, ja, en niet de hele tijd. Je moet niet te weinig eten over bepaalde perioden, maar je moet misschien feesten en vasten afwisselen. In het weekend, gewoon lekker biertje drinken en een keer pizza eten en door de week weer een paar keer vasten. Hoe lang voor een dat vasten is dat het meest standaard stuk en je ontbijt overslaan is heel gemakkelijk. Soms zegt ze wat langer, waar ik nog niet helemaal. Wat ook wel meer mensen over gesproken is, het verschil tussen mannen en vrouwen. Dat vond ik toen in de literatuur ook heel weinig over terug. Mogen vrouwen ook gewoon. En kunnen die ook langer vasten, of is ons systeem daar toch misschien wat minder goed voor? Of misschien is dat wel gewoon details die er eigenlijk helemaal niet. Nou, een beetje. Weet je, heel veel vrouwen gaan vast om af te vallen. En dat werkt bij vrouwen veel minder snel. Dus die frustratie komt dan van: Weet je, ik ben al maandlang, twee keer in de week eet ik maar één keer op een dag. En ik ben nog maar een paar ons afgevallen. Nou, dat heeft te maken met hormonen en balans tussen spieren. Dus als je. Ga je weer stress toevoegen aan dat systeem. Dus dat dat je doel is. Maar als je kijkt naar fit worden. En die hersenen beter laten functioneren. Dus dat de mist uit je hoofd gaat. Dat gaat bij vrouwen ook goed. Dus daar zie je niet zo'n groot verschil in. En de vraag is hoe lang je dan moet vasten. Er zijn verschillende regimes. En afhankelijk van wat je doel is, zul je soms wat langer moeten vasten. En soms is 16 uur ook prima. Voor insulinegevoeligheid lijkt 16 uur prima te zijn. Dus om wat diabetes te voorkomen of misschien zelfs te behandelen. Maar om echt in de autofagie-stand te komen, ik weet niet of je die term hier iets zegt, is misschien 24 uur toch beter. En dan moet je toch echt even wat honger hebben. Een autofagie is het zelfregulerend systeem aanzetten, toch? Dus de cel die zichzelf gaat opzetten. Opruimen. Dat is autofagie, toch? Dus op een gegeven moment dat wat versleten onderdelen van een cel of cellen die niet meer goed functioneren, vervangen worden, waardoor er ruimte komt voor nieuwe cellen. Ja, maar die worden getriggerd door het hebben van honger. En dan gaan ze opruimen en vernieuwen. Precies, dus honger, de hongerprikkel. En omgekeerd, als er voldoende energie is, dan wordt dat geblokkeerd. Dus insuline als hormoon blokkeert autofagie, en mTOR, een ander stofje, wat ook aangaat als je gaat eten, dat remt die autofagie. Dus je moet een afwisseling hebben tussen honger en lekker eten. Honger, lekker eten. Ja, ook een vraag die ik nog wel eens kreeg. Er komen bij ons in de training ook vaak mensen die stress of beurdaad hebben gehad. En ze weten dat ik heel veel antique heb getraind en er personal trainer mee geweest. Zo van ja. Moet ik nou sporten of niet? Want sporten is toch ook stress. Net als vasten is ook stress. Maar ik wil juist mijn systeem tot rust brengen. Maar gaan die twee dan wel. Is het relevant dat iemand zich daar zorgen over maakt? Ik heb dat zelf ook. Oké, ik heb een druk. Misschien moet ik niet nog meer druk toe gaan voegen nu door een zware training te doen. Ik denk dat wat ik in het begin al even aangaf is dat er. Stressoren zijn die in de basis normaal zijn, en die ons in staat stellen om stress te beleven, maar daarna ook helemaal uit te gaan. Dat is iets wat bij stress belangrijk lijkt te zijn, maar ook bij het immuunsysteem. Dat het immuunsysteem moet aan en weer uit. Het stresssysteem moet aan en weer uit. En we kunnen prima omgaan met losse stressoren, die maar op één systeem iets van ons vragen. Dus er komt een leeuw binnen en ik moet vluchten en vechten. Dat is gewoon één geïntegreerd systeem. Dat zit gewoon vanuit de evolutie ingebakken in hoe we dat moeten oplossen. En als je dat goed doet, heb je mazzel. Dan ben je op tijd weg. Een andere keer heeft die leeuw een keer geluk. Weet je. Dat is het. Het leven. Weet je. Zoals het in de natuur zich afspeelt: kou, honger. Zuurstoftekort door inspanning, dorst, hitte. Allemaal natuurlijke stressoren waar we ook een programma voor hebben. Voor honger heb ik een programma. Ik kan namelijk zelf suiker maken. Want ik heb een lever en die maakt suiker. Dat is onze suikerfabriek. Dus honger is helemaal geen probleem als het eventjes zich afspeelt. Lichamelijke inspanning, eventjes heel moe worden, ook zuurstoftekort krijgen, is een hele goede stressor. En daarna ben je eventjes weer uit. En dan bouw je weer opnieuw op. Dus ik denk dat bewegen, mits je dat niet te dwangmatig doet en te hard traint en je niet al heel erg uitgeput bent, eigenlijk heel goed is. Ja. Als je heel uitgeput bent, moet je training op gaan bouwen. En daar is een apart regime voor. Maar dat is. Gaal om iemand zoals een. Het zal voor een standaard persoon niet zo'n issue zijn. Ja. Het ligt niet uitgeteld. En wat natuurlijk wel slecht is, en dat is een beetje een risico, weet je, loopt als je druk hebt, is dat je de hele week niks doet. En ik heb in de straten een paar fanatieke mountainbikers. Dus ik heb ook een mountainbike gekocht. Als ik dan maar één keer in de week met die lui meega en dan fiets ik 100 kilometer, dat is slecht. Oké, want dat is dan. Te groot. Te veel. Dat is gewoon een belasting voor het hart. Terwijl dan doe ik weer zes dagen niks. Dus je moet eigenlijk regelmatig in beweging zijn. Regelmatig inspanning leveren. En een paar keer echt moe worden. Dat zou de ideale bewegingsregime zijn. Is er nog iets bekend over, zeg maar, kan dat al in 20 minuten? Of is het gewoon, als je jezelf afmatsen, waarschijnlijk ben je dan wel 20 minuten bezig. Het is maar helemaal wat voor trainingsdoel je hebt. Dus spieropbouw kan heel kort. En ook zelfs conditie kan op zich kort. Maar als je autofagie wil. Ja, autofagie en dat systeem gewoon zoveel mogelijk. Dan wil je dat. Dus ik eet nooit als ik ga fietsen. En dan ben ik anderhalf, twee uur, dat vind ik wel genoeg. Dus dan. En hoef ik niet te eten. Heb ik wel altijd ergens een moment waarop ik denk: van nou, er zit pap in mijn benen. Maar daar kom je vrij snel doorheen. Ja. En daarvan hoop ik, dat is mijn doel dan, om de insulinelaag te houden tijdens het fietsen. Omdat ik niet gegeten heb. En die autofagie wat extra te stimuleren. Maar dus, het houdt ook een beetje van je doel af. Van hoe je die beweging indeelt. Oh, interessant. Hoe vaak vast jij bijvoorbeeld. Of hoe vaak zou je zo'n 24 uur vast kunnen of mogen doen? Twee keer in de week is onderzocht. Echt? En dat lijkt goed te gaan. Als ik lesgeef, dan vaste ik in principe. Dus dan. En dat is, ik geloof dat ik 90 lesdagen heb dit jaar. Dus in ieder geval 90 dagen. En verder ontbijt ik bijna nooit meer. Dus ik eet meestal om één of twee uur voor het eerst. Ja, ik heb eigenlijk een beetje hetzelfde patroon. Alleen dat structureel 24 uur vast is iets wat ik al heel lang wel me van bewust ben. Maar nog niet echt daadwerkelijk heb geïmplementeerd in mijn gewoonten. Maar ik hoor dat dat misschien toch eigenlijk best wel te experimenteren is. Als je zo lelijk bent. Als je zo lelijk bent. Vandaag, het is nu lunchtijd zo'n beetje. Je zou toch kunnen bedenken, ik ga gewoon door tot vanavond en ik eet pas om zes uur of om vijf uur. Het is op zich niet zo ingewikkeld. Nee, precies. Je moet dat misschien ook niet groter maken dan dat het is. Er zit soms ook een soort barrière in, ook een beetje een emotionele barrière. Van honger is vervelend. En is natuurlijk ook op zich iets wat we vanuit onze evolutie misschien hebben geleerd. om als er voedsel is, dan maar te eten. Want de vraag is maar of er de komende week nog eten is. Dus we lijken een soort instinct te hebben. als er eten is, krijgen we honger. Vooral als je eigenlijk die veiligheid nooit hebt. dan is onbewust ook alweer een systeem van. oh nou ja, doe maar nu, want het is er nu. Ja, en voeding doet nog wat andere dingen op je emotie. Op emotioneel vlak, ook al met de neurotransmitters. Dus serotonine wordt wat hoger. Zeker als je wat koolhydraten eet. Dus het geeft even een prettig gevoel. Dat kan ook een onderdeel zijn van het lastig vinden om het eten los te laten op een dag. En ik hoorde al zeggen: suikers, koolhydraten. Ehm. Van geraffineerde koolhydraten, moet je eigenlijk zeggen. Ja. En is het dan zo, want ik vind dat feesten vasten, dat concept ook waar. Dus dat ook de yin en yang natuurlijk in. Zijn er op dagen dat je niet aan het feesten bent? Want is het meer dat je meer richt op vetten en eiwitten dan? Of heb je dan niet een richtlijn die je dan wil volgen? Ik probeer het een beetje op het gevoel te doen. En. Ik probeer wel redelijk in mijn eiwitvoorziening te zitten. Ik denk wel dat dat belangrijk is. En dat we uit planten eiwitten halen is wel een probleem. Omdat we dan heel gauw, heel hoog in de koolhydraten uitkomen. Dus dat is wel een lastige. Dus ik probeer veel vis te eten, kip. We eten ook gewoon rundvlees en varkensvlees. Ik ben niet meer zo streng als een aantal jaren geleden. Echt in het paleo. We hebben een tijd met een master ooit onderzoek gedaan naar het paleo die eet. En ik denk dat daar wat flexibel mee omgaan. In ieder geval makkelijker is. Dat is voor mij altijd maar weer nadenken over wat ik moet eten. Dan eet ik liever een keer een dag niet. En dan geef ik mezelf iets meer vrijheid om dan. Alsof ze een keertje mee kunnen gaan in de flow, ja. Ik denk dat wij het, twee, drie keer echt paleo max en verder houden we wat rekening mee. Ja, ik had laatst zitten googlen hoe het Slavische dieet was. Een epigenetica is ook weer interessant. Denk, goh, wij zijn natuurlijk in op een bepaalde leefomstandigheden. Heb ik is dit systeem ontwikkeld, dat is ook aan mij overgedragen. Wat aten die eigenlijk? En als je het dan leest, denk ik, ja, ik zou me daar kip lekker bij voelen. Dus hebben we het over wilde champignons en ja. Stews, stoofpotten en vlees. Eigenlijk alles wat je makkelijk kon maken, verzamelen. Een beetje knollen, maar ook meer paddenstoelen en noten en dat soort dingen. En af en toe vlees. Dacht ik, brood en soep. Dan denk ik, ja, eigenlijk denk ik, nou, dan zou ik. Helemaal geen moeite. Dat voelt heel. Ja. En een paar doden eet, dacht ik. Maar als je gaat kijken naar de mensheid in de wereld, dan zien we dat we ons op heel veel verschillende plekken hebben kunnen vestigen. Dat we hebben kunnen overleven op eilanden waarbij daar alleen maar kokosnoten groeien. Dat Eskimo's die eten alleen maar vet van zeehonden en wat gedroogd vlees in de winter. Dat we daar allemaal kunnen overleven. Maar als je zou weten dat je echt een lineage hebt, dat je een Eskimo-afstammeling bent. Dan heb ik waarschijnlijk wel het idee dat ik, epigenetica, mijn systeem wel blij zal zijn van een bepaalde samenstelling van mijn voeding. Dus dat zou kunnen, dat is interessant om dat uit te zoeken. Wat we in ieder geval wel zien is dat groepen zoals Eskimo's, maar ook de Pima-Indianen in Mexico, die relatief kort in die moderne samenleving terecht zijn gekomen, veel meer last hebben van het Westerse dieet dan wij. De Aboriginals is ook een hele andere. Dus als de omslag te snel gaat, dan kost dat meer moeite. Fascinerend. En wat ik steeds meer denk is dat niet. Dus die voedingen, dus het wordt. Wordt wel heel erg ingewikkeld gemaakt op heel veel manieren. Iedereen, heel veel stromingen. Iedereen heeft er zijn eigen ideeën over. Maar dat, dat, natuurlijk, wat je eet, uiteraard een rol speelt, maar niet. Het weglaten van potentieel slechte dingen is het belangrijkste, maar het binnenkrijgen van voldoende voedingsstoffen en vitamines, zonder dat je dat nou echt hoeft te overdrijven. En dat nu, als je kijkt naar het hele verhaal over dat vaste, dat misschien het altijd maar beschikbaar zijn van voedsel en altijd maar kunnen eten, leidt tot een heel hoge eetfrequentie, en dat dat misschien veel slechter is dan wat we eten. Dat er in ieder geval ook een hele belangrijke factor daarin zit. Paleo, die eten ik tot mijn 45 zo heb ik ook gewoon geleefd. Met tien kilo zwaardig als nu, weet je je ging gewoon mee met wat er speelde. Toen ben ik die PNI-studie gaan doen en toen kwam ineens paleo-diet om de hoek. Hartstikke interessant, heeft nog vijf jaar geduurd voor dat zelf een keer ging doen. Toen voel ik me wel goed, dus ik word afgevallen, maar uiteindelijk na drie maanden hield je dat toch niet helemaal goed vol. Dus dat kwam er, kwam er ook sociaal, waar was het wat ingewikkelder. Maar nu ik sinds twee jaar dat ik dat intermittent fasting. Onder de knie heb ik, en dat ik het vertrouwen heb dat ik gewoon een dag kan blijven functioneren als ik niet eet, gaat het eigenlijk een stuk beter. Dan ben ik veel stabieler en. Ook op een paar vage klachten, die gefricht klachten. Ik ben 60, dus je begint op een gegeven moment een beetje wat gefricht klachten te krijgen en zo. En dat trok allemaal vrij snel weg. Dus dat is goed onder controle. Weet je dan specifiek nog bijvoorbeeld genoeg visolie of vetten? Ja, als ik een richtkast en dat soort dingen hoor. Als ik geen vis eet, dan pak ik wel wat krillolie of wat visolie en wat magnesium af en toe. Je voelt die dingen gewoon aan met het leven vertraan. Je voelt die dingen gewoon aan. Ja, heel veel mensen denken niet. Maar ik bedenk soms van, nou, ik heb op twee dagen geen vis gegeten. Een paar pilletjes visolie of wat levertraan. Of vitamine D in de winter. Vitamine K pak ik wel wat. Ik hoorde laatst een heel interessant interview over het carnivore diet. Met een man die via zijn dochter de auto-immuunziekte. En uiteindelijk uitgekomen met: ik kan alleen nog maar vlees eten. Hele interessante discussies ook daar rondom. Heb jij daar een mening over? Ja, nou. Mening vast wel, maar. Ja, zo. Wat we zien is dat heel veel planten. Ons wat kunnen storen. De peulvruchten, de granen, maar ook alle zoogdierenproducten kunnen dat doen. Dus daar zit een beetje een ingewikkelde grens van. Maar Het kan best zijn dat er meer mensen zijn die last hebben van allerlei plantenstoffen. Lactines, saponines. Die trekken ons immuunsysteem. Zeker bij auto-immuunziekten kan dat heel interessant zijn. En ik heb ook wel een paar klanten hier gehad. Die zijn overgestapt op zo'n 100% dierlijke voeding. En dat gaat hartstikke goed. Darmen. Sommigen met darmklachten die als ze alleen maar vlees eten, nergens last van hebben. Die planten geven onmiddellijk reacties. Maar de vraag is: zijn dat nu uitzonderingen? Of zijn dat mensen die om wat voor redenen ook. Een verstoring in hun spijsverteringssysteem hebben, en zo uit balans zijn dat ze echt nog maar op te heftig reageren op die planten. Wat gebeurt er op lange termijn, natuurlijk, als je alleen maar vlees eet en helemaal geen vezels eet? Dat is wel een beetje tricky voor onze darmen. Dus daar. Dus wat ik bij een van die mensen doe, van die zeggen van: oké, die plantenlectines die storen bij jou. Dus als je gauw niet iets van spinazie gaat eten of whatever, heb ik meteen last. Maar vezels die al wat voorverteerd zijn, dus inuline en fos, dat zijn de prebiotica's, die ga ik wel aan die mensen geven. Want om die darm wat op gang te houden. Eigenlijk, als ik het denk, we weten er nog niet genoeg van om te zien wat er op lange termijn moet. Hetzelfde probleem met vegetariërs zijn. Wat doet dat op termijn? Heel veel mensen voelen zich, als ze daarmee beginnen, ook wel lekker. Er verandert wat in je systeem. En misschien ga je wat anders ontgiften. Of krijg je op een andere manier energie. Maar na vier jaar. Als je te weinig eiwitten eet. Wat doet dat met de voorraad van eiwitten? En op een gegeven moment zie je dat als je dat dan niet heel goed manage, dat vegetarisch eten. Zeker veganistisch eten. Dat kan storen. Wat ga je dan eten? Heel veel soja. Dat is niet voor iedereen even goed te verteren. En dat ruimt de schildklier. Er zitten gewoon wat storende stoffen in. Heel benieuwd hoe dat zich gaat uiten straks. In de gezondheidszorg, omdat nu vegan is natuurlijk super groot en hip en belangrijk en duurzaamheid. Ja, en dat zijn ook vraagstukken die belangrijk zijn. Maar ja, ik zie in de praktijk nog wel eens van die meiden van een jaar of 25 binnenkomen. die zijn dan op hun zeventiende om emotionele redenen gestopt met het eten van vlees. Allemaal prima, maar die leven dan op boterhammen met pindakaas en een hagenslag. Want dat is dan een beetje, hè, die zijn niet in staat om dan heel goed hun dieet aan te passen. En dan krijg je heel snel problemen. Ja. En wat het op lange termijn doet. Ik denk dat er mensen zullen zijn die het prima doen op een vegetarisch dieet. Maar of dat nou echt bij ons hoort, dat denk ik niet. Als we naar onze spijsvertering kijken, naar onze bouw kijken. Het is zo'n fascinerende puzzel dit, zo'n web. Maar ik denk dat het niet zo heel erg ingewikkeld is om voldoende voeding voor mensen te maken. Er zijn een paar insectenboeren die zeggen: wij kunnen zoveel eiwit produceren dat het eigenlijk helemaal geen probleem meer is. Ik hoorde het verhaal van iemand die slakken teler. Slakken zitten gewoon 90% eiwit. Telen, we moeten gewoon veel meer slakken gaan eten. Oh, die had ik nog niet. Maar dat past in mijn rijtje met paddenstoelen en noten, slakken en insecten. Als je het een beetje lekker klaar maakt, is het prima te eten. Ja, leuk. Is er een thema nu waarvan je denkt dat we echt meer mensen gaan bekijken of onderzoeken of zich mee bezighouden? Wat voor mij nu het belangrijkste thema is, waar ik steeds tegenaan loop, is het gegeven dat chronische ziektebeelden door verschillende factoren beïnvloed worden. Te halen. En er zijn twee mooie voorbeelden van. Een van mevrouw Terry Walsh, een Amerikaanse neuroloog. Kreeg zelf MS, is alles gaan uitzoeken wat er te vinden was, en heeft een heel systeem. Eerst voor haarzelf bedacht. Dat werkte voor haar. Ze heeft nu een kliniek waar ze mensen behandelt. En die doet gewoon alles wat voor jou nodig is. Dus we kijken naar wat. Jij komt met een klacht binnen. Dan gaan we kijken: heb je last van stress? Oké, moeten we behandelen. Heb je voldoende vitamine B12? Zo niet, moeten we behandelen. Doet je daarom het goed? Nee, moeten we het behandelen. En als je dan al die zwakke plekken behandelt. dan zie je op een gegeven moment dat er een moment komt. En dan ben je eigenlijk van je probleem af. Ja. Met. Als je muziek er soms nog met triggers. die moet je dan blijvend weghalen. Maar dat is. als je daar een beetje. daar rekening mee blijft houden. dan. Zie je dat je dus ook door dat soort ziektebeelden heen kunt komen, waarvan we eigenlijk allemaal denken, in de reguliere wereld in ieder geval, dat is niet te behandelen? Voor Alzheimer precies hetzelfde. Als je een Alzheimerwetenschapper die al 30 jaar zoekt naar een medicijn, die zegt eigenlijk: we vinden het niet, omdat we Alzheimer. wat we nu zien dat Alzheimer een probleem is van misschien wel 40 dingen die bij elkaar komen. Hij vergelijkt dat zelf met een dak met 36 lekkages. En als je dan twee dakpannen rechtlegt. Blijft er nog steeds een hoop water binnenkomen? Dus je moet zoveel mogelijk dingen repareren. En ook in zijn kliniek, gepubliceerd in de Journal of Alzheimer. Dus echt wel gecontroleerd zijn beweringen. Dat hij zegt: Oké, we kunnen mensen met beginnende Alzheimer ook zelfs nog weer op de rails krijgen, op de rit krijgen. Het grote probleem is dat we dus moeten accepteren dat we meerdere dingen gaan doen. En dat de wetenschap daar eigenlijk steeds met de hakken in het zand gaat. Maar dat kunnen we niet. Die willen een effectmeting zien. Die willen we één op één. En deze meneer, dat is meneer Bredesen, heeft een boek geschreven over Alzheimer. Die wil eigenlijk dat onderzoek gaan doen. Die wil zijn methode vergelijken met medicijnen, met niks doen. Maar hij komt nergens doorheen, omdat we. Eigenlijk in de wetenschap steeds tegen dat één op één op één systeem zitten. Je kunt maar één ding tegelijkertijd checken. Dat lijkt me zo frustrerend voor een analyticus zoals jij, die de wetenschap omarmt. Ze van ja, maar jongens. Ik ben helemaal wetenschapper. Ik vind wetenschap prima. Maar in die zin moet je natuurlijk ook bedenken dat als een bepaalde methode van onderzoek niet meer werkt, omdat het probleem er anders uitziet, dat we dat moeten gaan veranderen. En daar zit een soort weerstand op, waarvan ik hoop dat die verdwijnt. Als we dat nog kunnen veranderen in de geneeskunde, dan kunnen we weer een hele grote stap maken. Er zijn wel heel erg mooie stappen gemaakt. Immuuntherapie bij kanker. Er zijn heel veel dingen die heel interessant zijn. Maar juist bij dit soort ziektebeelden, waar het ook heel moeizaam gaat, de vooruitgang. is dit wel een interessante ontwikkeling. Denk je dat zoiets ook voor dat soort aanpak. voor bijvoorbeeld de depressie. of de echte mentale gezondheidshoek daar. Ja, ook daar moet je zoeken. Doe maar een pilletje. Daar moet je ook zoeken naar. De oorzaak zoeken. de zwakke plekken in het systeem opsporen. en die allemaal repareren. Ja. Fascinerend, dit. Ik zit naar de tijd te kijken. Ik heb nog een keer. Kijk jij maar. Oh, nou ik. Om twee uur komt de volgende klant. Dus als je mag. Ik ben een ontzettende. Dan gaan we het even op een iets andere boek gooien. Ik ben ontzettend boeken nerd. Dus voor mij is het echt geweldig waar we nu zitten. Want dit is jouw behandelkamer. Ja. Hoeveel boeken staan hier? Weet je dat? Ik weet het op dit moment niet. Nee. Ik heb ooit een keer geteld dat er 5000 waren. Binnen staat ook nog een voorraad. Wauw. En ik ben er nu doorheen aan het lopen, dus het is ook een beetje rommelig. Zo eens in de vijf, zes jaar moet ik het een beetje opruimen. Dus dan gaat alles weer een keertje verschuiven van planken, en dan gaat er weer wat weg. En dan. Dus dan kan ik het een beetje ordenen. Dus daar ben ik nu wel mee bezig. Maar tijdens de kerstvakantie. Ik keek in schiep. Dus ik loop. Zo'n kerstvakantie onder de dingen. Dat ben je eigenlijk gewoon de architectuur in je hoofd. Ook daarmee. Ja. Opnieuw aan het functioneren. Ja, ik snap hem. Het is natuurlijk. Een deel is. Zoals sommige mensen. Sigarebandjes verzamelen. Vind ik. Boek verzamelen leuk. Dus ik. En het is natuurlijk. Je leest niet alles van voor naar achter. In het lesgeven is het fijn dat je verhalen hebt. Ik geloof wel in. En dat ontbreekt misschien ook al een beetje in de geneeskunde: dat het niet een mooi verhaal is wat we over onszelf vertellen, maar dat het allemaal van die fragmenten zijn. En dat dat het goed is, vanuit heel veel invalshoeken, maakt dat je er misschien wat makkelijker een verhaal van kunt maken. Het leuke is als ik hier zo rondkijk, want ik heb dezelfde wel een overlap in interesse, maar omdat jouw veld zo breed is en het gaat over neurologie en filosofie, maar ik zie ook, of ik zie Ross Brand dan heel toevallig staan. Het is zo rijk, het geeft zo'n rijk gevoel. Dus ik weet de Japanse woord even niet meer. Woord voor het fenomeen dat mensen meer boeken kopen dan dat ze kunnen lezen. Dat is een ding. En dat schijnt ook positieve health effects te hebben. Ja, ja, ja, jij zit hier in je eigen boekshop. Boeken die binnenkomen, ik lees het eerste hoofdstuk, inleiding, eerste hoofdstuk. En dan beslis ik of ik een boek uit ga lezen. Of dat ik denk van nou, ik weet ongeveer waar het over gaat. Dus meestal staat er bij de inleiding in. In hoofdstuk 2 gaan we dat vertellen, in hoofdstuk 3. Dus dat heb ik dan, hoop ik, een beetje in mijn systeem zitten. Dat als ik weer een bepaalde input nodig heb, dat boek moet ik dan een keertje lezen. Dat is een beetje je eigen Rolodex-proces. Ja, ja, ja. Ja, en En wat natuurlijk ook heel fijn is, want ik weet dat je voor het wel eens wetenschappelijke artikelen leest. Ja, ik ben wetenschapper geweest, maar niet die kant op gegaan. Dat is natuurlijk leuk, maar meestal krijg je dan, als je een slimme wetenschapper bent, die met een project bezig bent, dan probeer je project op te verdelen in zoveel mogelijk wetenschappelijke artikelen. Dan kun je de meeste impact hebben. Maar dat betekent dat je dus steeds, zelfs niet het hele puzzelstukje aan het lezen bent, maar dat je steeds stukjes van het puzzelstuk voorgeschoteld krijgt. Dus je krijgt heel fragmentaire informatie. Er komt alweer eens een review-artikel. Maar het is ook heel interessant om de wetenschapper. Zijn verhaal te laten vertellen. Dus wat ik heel interessante boeken vind, is een boek van een neuroloog. die dan schrijft over hoe ooit ontdekt is dat. allerlei neurologische problemen ontstaan zijn. door het immuunsysteem. dat het neuro-inflammatie is. en hoe dan die geschiedenis van die kennis zich ontwikkeld heeft. En dan heb je eigenlijk veel meer informatie. in ieder geval verhalend. dan dat ik uit al die artikelen moet halen. Dat kost zoveel tijd. Ja, past ook wel bij hoe wij natuurlijk als mens. informatie tot ons hebben genomen. Dat is verhalend. Ja. Staat er dan nog eentje tussen. waarvan je denkt. dat is zo'n standaard fijn boek om mensen aan te raden. die. Een beetje de thema's die we vandaag aan hebben geraakt. Bijvoorbeeld Sapolski, een van de bekende stresswetenschappers. Het boek heet, ik zal hem even behave. The Biology of Humans at Our Best and Worst. Sapolsky. Ik zal dus even een foto maken. Nee, dat is ook nog een mooi boek van. Zal ik nooit eens een keer gewoon een dun hoekje zijn? Nee, nee. Een heel dun hoekje. Nee, nee, nee. Maar ik heb er nu ook een in mijn tassen. Dat is ook zo'n ontzettende pil. Why zebras don't get ulcers. The acclaimed guide to stress, stress-related disease and coping. Oh, tof. Ik ben nu Gabo Mathe. Scattered Minds. Staat nu op mijn stapeltje. Term. Kabo Mathe is zo'n verslavingsonderzoeker, maar ook heel erg op het trauma- en stresssysteem. Het boek heet Scattered Minds. Dat is volgens mij de. Ik moet het dus nog. richting die overprikkeldheid en overhooggevoeligheid en ADHD-symptomen. Dat is interessant. Ik heb hem niet opschrijven zelf. Oh ja. Nee, nee, nee. Dan ga ik hem voor je bestellen. Want dat probeer ik bijna altijd in de podcast te doen. als ik ergens ben geweest. Ik vind het boek ook ontzettend een boekfin. Dan krijg je die van mij als ik er. Dank je wel. Gaan we zo meteen mee afsluiten. Ik heb nog één ander boek. Dat ik een belangrijk boek vind. Het is niet zo heel makkelijk te lezen. Systems View All. We moeten in systemen denken. En we moeten ook in onze. Je zegt dat bij de microfoon blijven zitten. In onze ecologische vraagstukken moeten we ook veel meer in systemen denken. Wat Fritjof Capra doet, is een natuurkundige. Quantumfysica heeft zich daarmee bezig gehouden. Die zegt: We leven in een systeem. En als we iets doen, moeten we altijd kijken naar wat dat doet op alle aspecten van het systeem. Ja. En. Nooit een vacuüm. En dat doet hij als het gaat over gezondheid. Over de vraag wat leven is. En hoe kan leven op zo'n planeet zich hier blijven ontwikkelen zonder dat de boel kapot gaat. Dus hij had de ecologie erbij. Hij had wetgeving erbij. Dus echt een systeemdenker. Het is niet het makkelijkste boek. Maar het is wel heel erg boeiend om daar af en toe uit te lezen. Het voelt ook echt als een schoolboek. Of nu is het een studieboek. Het is echt een studieboek. Ik heb het één keer gewoon oppervlakkig gelezen. En nu ben ik gewoon een aantal. Onderdelen ervan nog wat aan te tonen. Het ziet er natuurlijk uit als wetenschappelijk artikel aan de binnenkant. Het is redelijk wetenschappelijk-filosofisch opgebouwd. Van deze drie moet ik zo meteen even een foto'tje maken. Dat vind ik. Nou, ik weer input. Ja. Sapolsky, als je het fijn vindt om video's te kijken. Heel veel van zijn lessen, dus van zijn colleges, die staan op YouTube. Geweldig. En dus de hele serie van lesen waar hij eigenlijk het beheef op heeft gebaseerd, kun je zo kijken. 28 keer een uur. Ik ga het even opzoeken. Ik zal zorgen dat dat ook in de omschrijving erbij komt te staan. Hij is leuk om naar te luisteren. Hij praat in nog wel volzinnen. Maar hij heeft wel een aparte manier van kijken en van benaderen. Dat is fijn. Als je iemand zijn stem erbij hoort. En als hij dan vervolgens zijn boek leest. dan hoor ik het altijd een beetje zo in de intonatie en in het accent van de schrijver. Dat is leuk. Hij is ook primatoloog. en neurowetenschapper. Dus ik heb heel veel onderzoek gedaan naar Bavianen. En over het gedrag van Bavianen. en hiërarchie en testosteron. Al dat soort dingen. Erg. Erg leuk, ja. Leuk. Hé, waar zitten nu vast mensen te luisteren? Oh, nou, dat is echt waanzinnig interessant. Ehm. Voor wat voor vraagstukken kunnen mensen weer uit terecht? En voor wat voor vraagstukken? Of waar kan je mensen naartoe verwijzen die zich mogelijk aangesproken voelen? De meeste mensen die bij mij in de praktijk hier komen, zijn mensen met klachten die ze zelf niet begrijpen. Waarvan de huisarts ook niet begrijpt waar ze vandaan komen. Of bijvoorbeeld MS, dat soort type klachten waarvan mensen vragen: kan ik nog meer doen dan alleen maar medicijnen slikken? Of kan ik misschien zonder medicijnen ook dingen oplossen? Dus de wat complexere medische klachten, dat is. Wat in de praktijk veel komt. Er komen wel mensen van vroeger die zeggen: van natuurlijk, als ik op een tourist werkte, heb je mij mijn elleboog geprikt en nu heb ik een andere kant pijn. Kun je dat toch even met acupunctuur oplossen? Dat is natuurlijk prima, maar. De sterke kant van de psychoneuroimmunologie is juist om met mensen samen te gaan nadenken over wat gaat er mis, waar gaat het mis en hoe kunnen we weer dat systeem in een stand krijgen waardoor je gezond blijft. Want dat is eigenlijk wat het lichaam wil. Maar nog één keer het grapje: wat jullie denken dat het is, het is niet KPI, maar toen we begonnen, zei je eigenlijk: is het klinische neuroimmunoloog. Jij had een heel rijtje, wil je nog een keertje maken? Het klinische neuro-socio-endocrinoog. Immunologie en zo kunnen er nog een paar tussenplakken. Jij hebt elk feestje, nou, ik ben een visitekaartje wat je uit kunt klappen. Is ook heel net, dus maar psychoneuro-immunologie is een wetenschapsgebied dat al in de jaren tachtig ontwikkeld is en daar zijn ook gewoon binnen de psychologie faculteit of medische faculteit. Ik heb ook nog gekeken om te gaan studeren als verdiepende master naar de psychologische. Ik heb een psychologie studeerd, een wetenschappelijke master gedaan. En toen ik met vitaliteit bezig was, een beetje mijn ingang geweest naar persoonlijke ontwikkeling toe. Oh, dat is lichaam, dat is maar één stuk. Waarschijnlijk jij ook? Oh, het is maar één stuk. Het is groter. Ja. Er is wel naar gekeken. En wie weet ooit of niet. Maar de klinische psychoneuroimmunologie, dat is eigenlijk de vertaling van al die kennis naar de praktijk. En dat is door twee Nederlanders gestart: Leopruimboom en Bram van Dam. Bram is ondertussen overleden. Maar dat is helemaal uitgebouwd tot een hele grote opleiding: de post-HBO voor artsen, therapeuten, fysiotherapeuten zitten er veel, osteopathen zitten er veel, psychologen zitten er veel. Die eigenlijk geïntegreerde kennis willen hebben. En daar kun je dus in Nederland en in België een opleiding in volgen. Als je een basiskennis hebt, dan kun je daar naartoe. Ja, fascinerend. Mooi. Dank je wel voor je tijd. Graag gedaan voor je gigantische bak aan kennis."
ouderen-zorg.mp3,interviews,Cohere Labs Transcribe,36.6,25.444588045234177,100,45.78513731825525,4894.3125,4855.003937802908,32.47562081993523,"Welkom Shirin bij de podcast van Netzorg. Leuk dat je er bent. Dat ten eerste. Kan je uitleggen wat jij doet in de ouderenzorg en hoe je destijds bent begonnen? Ja, gewoon even een kort voorstel rond je eigenlijk. Ja, nou, mijn naam is Shirin, ik ben 31 jaar en ik werk al 13 jaar in de ouderenzorg. Toentertijd begonnen als receptioniste, als voedingsmedewerker en ook in de keuken. Ik was toen best wel jong. Ik was uit mijn hoofd 17 dat ik daar kwam te werken, want ik heb mijn middelbare schooldiploma niet gehaald. En ik merkte al heel ga aan mezelf dat ik de ouderenzorg heel erg leuk vond. En toen ben ik opleidingen gaan doen. Dat ik op de middelbare school zat, deed ik zorg en welzijn. En dan moet je natuurlijk stages gaan lopen. En ik vond bijvoorbeeld met kinderenwerk ook heel erg leuk. Maar toen heb ik stage gelopen in de ouderenzorg. Voor een soort snuffelstage voor twee weken. En toen merkte ik heel erg aan mezelf dat ik het heel erg interessant vond. En gewoon leuk om met mensen te mogen werken. Zeker op die leeftijd. Want ze hebben vaak een heel mooi verhaal met zich mee. En. Nou, toen was ik inderdaad 17, dat ik al kwam te werken in de ouderenzorg. Alleen vond ik het heel spannend, en er werd al heel snel gezegd: van ja. Maar ga je nou echt willen wassen? Want dat is dan waar het werk uit bestaat, volgens heel veel mensen. Dus dat hebben we toen de tijd wel heel erg tegengehouden, eigenlijk. Tot ik inderdaad een jaar of twintig was en dat ik toen eigenlijk wel gewoon de stap heb gemaakt. Dat ik dacht, ik wil gewoon wel echt meer kunnen betekenen voor deze doelgroep. Ja, begrijpelijk. Want zeg maar, toen jij zo jong in de oudere zorg begon. Voel je dat de begeleiding toen destijds goed was? Of viel dat wel echt vies tegen? Nee, dat viel toen de tijd wel een beetje tegen, inderdaad. Want ik wist dat er bij mij veel meer in mijn mars zat. En zo iedereen om me heen eigenlijk die dat wel inzag. Alleen het werd best wel tegengehouden, omdat het heel erg werd gezegd: van ja, maar je gaat billen wassen. Het werd daar zo erg de focus op gelegd. En het is zoveel meer dan dat. Tuurlijk, het hoort erbij, absoluut. Maar het is zoveel meer dan dat. Dus ik ben wel blij dat ik uiteindelijk gewoon mijn eigen plan heb getrokken. En dat ik stapsgewijs hogerop ben gekomen. Stel, ben je nu werkende als IG'er en EVV'er? En wat houdt er dan precies in? De functie verzorgende IG bestaat voor individuele gezondheidszorg. Dat houdt in dat je de cliënt. Benaderd naar zijn of haar wensen en behoeften. Dat je diegene dan echt als een individu ziet. Verzorgende IG houdt in dat je verplicht-rechtelijke handelingen mag uitvoeren, dat je daarvoor bevoegd en bekwaam bent. Ook medische handelingen. Persoonlijke verzorging, ADL zoals wij dat noemen. Dat betekent algemene dagelijkse levensverrichtingen. Dus dat houdt in van het wassen en aankleden tot iemand douchen en alles wat er tussenin valt. Ik mag medicijnen uitzetten en ook uiteraard toedienen aan de bewoners. Wij zeggen graag bewoners. Je signaleert en observeert ook je bewoner. En bij bijzonderheden rapporteer je dat in het dossier. Elke bewoner heeft een eigen dossier met een eigen plan, met doelen daarin. En wat het verschil dan is met EVVer, wat ik dan ook ben, is, dat betekent eerst de verzorgende verantwoordelijke. Dat ik verantwoordelijk ben voor een x-aantal bewoners. en daarvan dan ook de dossiers bijhou. En dat ik het aanspreekpunt ben voor de bewoner, maar ook voor de familie. En daarnaast. ik zorg ervoor dat de plannen ook in orde blijven. Dat ik daarvoor ook gesprekken inplen. zorgleefplangesprekken, zoals dat heet. Voorafgaand heb je dan vaak een MDO, een multidisciplinair overleg. En daar betrek je dan ook de arts bij, SOG-specialist, ouderengeneeskunde. Maar ook bijvoorbeeld een fysiotherapeut, een ergotherapeut, een logopedist. Die hebben we ook allemaal rondlopen bij mij in het huis, die daarvoor kan benaderen. En dan zorg ik er ook voor dat als er bijzonderheden zijn, dat het wordt vernoemd in het zorgplan. Ja, want ik hoorde jou net over dat jij ook zelf de dossiers bijhoudt. En ik hoorde jou net ook praten over doelen. Bedenk jij ook de doelen voor de cliënten? Dus wat ze willen bereiken en waar ze aan moeten werken en wat voor doelen zijn dat dan? Onze organisatie is er zo op ingericht: je hebt de vier levensdomijnen. Eentje daarvan is bijvoorbeeld woon- en leefomstandigheden, ook participatie. Ik kan wel een voorbeeld geven. Stel iemand die komt binnen met een CVA, of in de volksgezondheid. Volgens woorden broerten. Kan het een doel zijn dat iemand weer 10 meter wil lopen met rollator? Stel, iemand kan helemaal niet meer lopen of moeilijk lopen. Nou, dan heb je natuurlijk gelukkig je erg hoge visio die daarin meekijkt. Maar dan is bijvoorbeeld een doel dat iemand 10 meter kan lopen met een rollator. Ja, dat zijn wel mooie dingen. Ja. En zeg maar, in wat voor omstandigheden zijn dat dan? Want ik denk, ik neem aan als iemand niet meer kan lopen, dat het in een instelling is of in een organisatie is. Maar doe je ook buiten de organisatie dingen, bijvoorbeeld in huis? Ja. Wat is eigenlijk jouw werkomgeving? Mijn werkomgeving is een woon-zorgcentrum, verpleeghuis, verzorghuis. En onze bewoners die wonen ook echt bij ons en krijgen ook 24 uur per dag zorg. En als jij bijvoorbeeld die cliënt hebt die dan, bijvoorbeeld, wat je aangaf, niet meer kan lopen en hij kan wel in één keer door goed doorzettingsvermogen wel weer 10 meter lopen, wat voor voldoening haal jij dan zeg maar uit? Ja, trots wel. Ja, wordt het maakt dat je echt trots? Ja, zeker. Zeker. De bewoners die wij binnenkrijgen, die komen niet voor niks bij ons binnen. En soms komen ze uit hele schrijnende situaties. Vaak vanuit thuis, ook wel vanuit de revalidatie dat ze doorstromen naar ons. Ehm. Je ziet iemand helemaal opbloeien. Je ziet dat het goed doet voor diegenen. Dat ze onder de mensen zijn. En dat ze maakjes kunnen vinden op de afdeling. Zowel met personeel, maar ook met medebewoners. En ik heb wel vaak al heel veel gevallen gezien. Of gevallen, dat klinkt zo negatief. Ik heb al heel vaak gezien dat iemand dan binnenkomt. en gewoon met de maanden heel erg opbloeit. en inderdaad weer hele stukken kan lopen. Of stel iemand die is binnengekomen met ondervoeding. Dat iemand gewoon bij ons flink aan het eten is en goed aan het aankomen is. in overleg met diëtisten natuurlijk. Dat is mooi. Want je zegt, ze zoeken onderling ook wel contact met elkaar, dus de cliënten. Dus je ziet ook wel dat er echt banden worden gelegd tussen de cliënten zelf en andere cliënten. Is dat belangrijk in de organisatie zelf, dat dat veel gebeurt? Zeg maar dat er echt ook samenhang is? Zeker, zeker. Iedereen is natuurlijk wel een individu. En we proberen wel de bewoner daarin vrij te laten, wat diegene zelf wil. Maar als je inderdaad inziet, of het is ook benoemd bij het eerste gesprek of tussendoor. dat iemand behoefte hebt aan een praatje, of spelletjes te doen. of contacten te leggen met medewoners. dan willen wij daar wel in sturen, inderdaad. En ook kijken van, nou, waar willen we dan diegene in de huiskamer neerzetten? Dat ze aanspraak hebben. We hebben ook heel veel activiteiten bij mij in huis. Dus dat is ook wel heel erg fijn. Dat ze dan ook contacten kunnen leggen met andere etages in het huis. Wat voor activiteiten moet ik dan aan denken? Oeh, heel erg verschillend. We hebben wekelijks een wandelgroep waarvoor je kan opgeven. Maar we hebben ook een soort van mini-concertjes, als het ware. Dat er inderdaad artiesten komen optreden. Nou ja, gewoon een gezellige activiteit om denk ik samen ook contact te leggen, gok ik of niet? Want zodra er zo'n activiteit is, zijn dan sommige activiteiten. Zodra er zo'n activiteit is, bijvoorbeeld wandelen. Zijn die activiteiten dan ook echt gericht om met bijvoorbeeld een cliënt goed in gesprek te gaan? Ja, niet per se. Ook natuurlijk gewoon beweging en lekker buiten zijn. Ja. Maar je kan ook gelukkig zeer zeker mee in de rolstoel. Maar je gaat natuurlijk wel een leuk praatje maken. Ja, zeker. Want dan zal je ook wel vast wel mee hebben gemaakt dat cliënten heftige verhalen vertellen aan jou. Hoe kijk jij daar tegenaan en hoe neem je dat mee in je werk? Als een bewoner aan mij een persoonlijk verhaal vertelt, bied ik altijd een luisterend oor. Ik oordeel niets en ik hoop altijd dat ik de zekerheid geef aan een bewoner dat het veilig is bij mij. Dat ze het delen. En dat vind ik ook wat mooier van mijn werk. Kan dat soms zwaar zijn, denk je? De werkdruk die opstaat, omdat het best een heftig beroep is. Je niet mee naar huis gaat nemen, zeg maar? Of heb je dat niet ervaren? Ja, nee, jawel, zeker. We zijn natuurlijk allemaal mensen. Je kan het wel eens meenemen naar huis, zeker. Ja, absoluut. Maar ik probeer wel altijd voor mezelf, zodra ik dan de deur uitstap, dat ik denk: oké, de werkdag is voorbij. Probeer het af te sluiten, inderdaad. Ik heb gelukkig een heel fijn team waarin ik werk. Je kan het ook onderling bespreken. Stel, het is echt heel erg heftig. Wordt dat ook genoeg gedaan? Zeggen we onderling nog gepraat nadat het bijvoorbeeld een heftige casus is geweest? Of wordt dat goed besproken? Ja, zeker. We weten elkaar altijd wel goed te vinden daarin. En elk gevoel mag er dan ook wel zijn, zeg maar. Wat kan je ons meenemen in zeg maar... Hoe jouw typische werkdag er een beetje uitziet. De zorg is natuurlijk altijd anders. Werkdag is nooit hetzelfde. Maar kan je ons ongeveer een beetje omschrijven. hoe een typische werkdag voor jou eruit ziet? Ja, zeker. Ja, geen enkele werkdag is inderdaad hetzelfde. Ik draai voornamelijk avonddiensten. Dan begin ik om kwart voor drie in de middag. En dan begin ik vaak gewoon met een kopje koffie. Achter de computer. En dan ga ik me inlezen in de dossiers, de rapportages. En dan ga ik me inlezen in de dossiers, de rapportages. Ik zet natuurlijk mijn werktelefoon aan. dat ik de belletjes in de gaten kan houden. die binnen kunnen komen. Dan hebben we de mondelingenoverdracht met de dagdienst. En zodra ze vertrokken zijn, doe ik mijn ronde. Soms moet je bewoners uit bed halen of heb je een toiletronde. Dan tegen vijf uur ondernemen begin je met medicijnen uitzetten. En die deel je dan ook gelijk uit op dat moment. Dan gaan de bewoners eten en wij helpen dan ook de voedingsassistent met het uitdelen van het eten. Dan hebben wij pauze van de zorg. En dan heb je de eerste ronde, zoals wij dat altijd zeggen: Met bewoners naar bed helpen en begeleiden. Op mijn etage heb je best wel een hele complexe zorgsituatie, met heel veel bewoners die wij het liefst met z'n tweeën helpen. Want dat is voor ons wel zo prettig, maar ook voor de bewoner. om daar met z'n tweeën aan het bed te staan. Dus dan maken we ook een verdeling. wie de tweetjes doet, zoals wij dat zeggen. en wie dan de lopertjes doet om het. Zo noemen wij dat. En ik denk dat heel veel mensen dat ook wel herkennen hoe ik het nu benoem. Dan heb je de eerste ronde. Je evalueert tussendoor. Nou, hoe gaan we? Gaan we goed? Zijn er bijzonderheden? Dan hebben we koffiepauze. En na de koffiepauze heb je dan de laatste ronde. Dan ga ik vaak ook weer medicijnen delen om een uurtje of negen. Gaan mijn collega's dan de zorg in? En soms andersom. En soms ga ik de zorg in en doe ik mijn collega de medicijnen. En dan uiteindelijk rapporteer je al je bevindingen in het dossier en sluit je alles af. En laat je alles niks achter? Ja, en dit klinkt wel als gewoon een beroep die nog wel. Te doen is en dat jij niet veel stress ervaart, zoals je nu vertelt. Zijn er factoren waardoor dit voor jou echt een stressvolle baan is? Ja, zeker, het personeeltekort en dat is natuurlijk landelijk. Hebben niet alleen wij als organisatie mee te maken en dat is lastig, want mijn afdeling is officieel een somatische afdeling, zoals dat heet. Het houdt in dat bewoners zouden komen te wonen met lichamelijke aandoeningen, maar inmiddels is dat een mengelmoesje met vaak toch wel PG-psychogeriatrie. Dementie. Elke afdeling in de oudere zorg is erop ingericht dat je een x aantal medewerkers nodig hebt voor de zorgzwaarte die op dat moment is op de afdeling. Roosters zijn soms heel lastig rond te boksen. En wat het dan inderdaad niet makkelijker maakt, is dat mijn afdeling inderdaad wel heel complex is momenteel. Dat je niet met vast personeel werkt, dus wel vaak ijzendkrachten of zzp-ers. En zeg maar, als jij zegt je werkt met uitzendkrachten en zzp-ers, merk je dan ook dat die zzp-ers die dan in een instelling komen. Minder goed zijn opgeleid en minder goed in een functie passen dan iemand die daar bijvoorbeeld wel is opgeleid. Je dienst is bij zo'n organisatie, nee, dat niet want in principe heeft elke 6-HP-er dezelfde opleiding genoten, mits je bijvoorbeeld helpende bent, of verpleegkundige, is natuurlijk een stapje hoger, maar je merkt wel dat je het liefst iemand wil hebben die bekend is op de afdeling, dus ook bekend is met de bewoners, dat je ook echt goed op de zorgvraag kan inspelen. Mijn verantwoordelijkheidsgevoel is best wel hoog tegenover de bewoners, dus ik probeer vaak alle ballen hoog te houden, uiteraard wel te delegeren, maar Soms moet je loslaten en dat is moeilijk, inderdaad. Want dan hoop je, maar gewoon, inderdaad dat alle zorg goed verloopt. Ondanks dat je bijvoorbeeld een loopproete meegeeft of het een en ander vertelt over de bewoner. Eigenschappen die je eigenlijk moet hebben om echt wel jouw beroep goed uit te voeren: empathisch vermogen, inlevingsvermogen ook, een zorghart en dat je ook echt zorg draagt voor je bewoner. Je moet goed met mensen kunnen werken, uiteraard, goed samen kunnen werken, maar ik denk toch wel, vind ik, meest empathisch. Ja, hoe ga je om met zeg maar situaties of agressief gedrag van een cliënt? Rustig te blijven en professioneel te handelen vaak komt. Aggressiviteit voort uit onbegrepen gedrag. Stel, iemand is demuterend, maar ook vaak uit frustratie vanuit die bewoner. Ik probeer het niet te bagatelliseren. Ik probeer een luisterend oor te bieden. Uiteraard wel mijn grenzen aan te geven. Mijn organisatie geeft ook training hiervoor, weerbaarheidstraining. En je hebt ook e-learnings die je hiervoor kan volgen. Om het wel meer onder de aandacht te brengen. En wij werken ook met MIG-meldingen: melding incident-client. Die melding maak je online in het dossier van de bewoner wanneer het te ver gaat. Mocht een melding vaak voorkomen, dan gaat de leidinggever hiermee aan de slag of de verpleegkundige of allebei. Waar dan het euvel precies ligt en wat we hiermee kunnen. Maar het voornaamste is uiteindelijk toch wel gewoon rustig blijven en professioneel. Ja. Gebeurt het veel dat er agressie op de werkvloer voorkomt? En gebeurt het dan op wekelijke basis, maandelijke basis? Waar moeten we een beetje aan denken? Ja, in mijn organisatie, waar ik werk, gelukkig niet heel vaak. Het is wel voorgekomen. Ik heb zelf ook wel wat in het verleden meegemaakt. Maar in een voorbeeld doen we? Ja, praat ik wel over een aantal jaar geleden dat er een bewoner bij ons kwam te overlijden. En familie was het niet eens met mijn handelen. Terwijl ik het wel in overleg had gedaan met familie in eerste instantie. En uiteraard met de arts. Arts is altijd leidend. Ik doe nooit zomaar iets zonder dat een arts daar. Zich overheen heeft gebogen. En achteraf was familie dus niet blij hiermee. En dat is toen wel een beetje uit de hand gelopen. En dat ik ook wel flink ben uitgescholden op dat moment. Ja. Dat is wel heftig, ja. Maar je hebt heel erg te maken, natuurlijk, ook met de familie, wat je aangeeft. Zeker, ja. Hoe ga je daarmee om, zeg maar? Want ja, soms heb jij misschien het beste vorm met een cliënt. En denkt de familie dan dus over zoals je al aangeeft? Ja, ik probeer altijd de situatie te begrijpen waar iemand vandaan komt. Ik kan het me ook voorstellen dat het lastig is als je moeder of vader, je oom, je tante, noem het. bij ons komt te wonen en dat je samen moet werken. Ik probeer altijd een luisterend oor te bieden. Horen wat de wensen zijn, maar ook wel wat haalbaar is. En het gesprek aangaan, want je wil het samen doen. Ja, dat zijn natuurlijk hele heftige situaties waar je in belandt. Toen jij begon met je zorgopleiding, had jij verwacht dat dit ook bij de zorg komt kijken, of was je er totaal niet van bewust? Ik ben toen de tijd begonnen met mijn helpende opleiding in de thuiszorg. En daar heb ik gelukkig geen agressieve cliënten gehad. Dat kwam inderdaad pas een beetje dat ik intramuraal ging werken, dus echt in een verzorgingstehuis. Je hoort het wel, want er wordt echt wel over gesproken. Maar ik had het zelf nog nooit meegemaakt. En tot je het zelf niet hebt meegemaakt, dan. Is het ook wel een beetje een grijs gebied, maar ik merk wel dat er steeds meer aandacht voor is. Stel, iemand luistert dit en denkt: Ah, dat vind ik toch beroep. Wat de route gaan volgen om IV-er te gaan worden, hoe kan de hoe kunnen ze die route gaan volgen en daar kan je al dingen over uitleggen? Je kan de route belopen die ik heb gedaan toen de tijd was, natuurlijk. 17 dat ik kwam te werken in ouderenzorg, maar kan gemiddelbare school diploma. Ik had eerst mijn niveau 1 afgerond, en dat is gewoon zorg en welzijn. Tegenwoordig geeft dat zorgassistent toen vervolgens niveau 2, dat is dan de helpende. En heb je ook de helpende plus. Dat houdt in dat je medicijnen mag verstrekken, Bexter medicatie. Is dan al voorverpakt vanuit de apotheek. Dan heb je inderdaad de verzorgende opleiding. Dat is dan niveau 3. Wat ik dan inderdaad heb gedaan. En ik heb er gewoon stapsgewijs omhoog gewerkt. Ik neem aan dat er genoeg hele grote organisaties zijn die vaak wel heel veel reclame maken. En het zorgpersoneel, ja, die heeft al een tekort. En ik merk wel dat organisaties toegankelijker zijn en ook kijken naar de persoon zelf dan naar het papiertje die ze wellicht niet hebben. Trek gewoon de stoute schoen aan en loop een tehuis binnen, stuur een mailtje, vind een telefoonnummer. Deels door het grote personeelstekort dat ze gewoon wankracht tekortkomen, waardoor ze ook wellicht. Binnen de hoogopgeleide mensen ook aannemen? Ja, maar ook de vergrijzing. Die is natuurlijk enorm in Nederland. En ik merk bijvoorbeeld wel heel erg in mijn organisatie dat. Een zorgassistent of een voedingsmedewerker zich aan het opwerken is tot helpende of verzorgende en soms zelfverpleegkundige. Ja, wat zou je zeggen tegen mensen die twijfelen om in de zorg te gaan werken? Ja, kom een dagje meelopen. Ja, de ouderenzorg is echt heel erg leuk. Er is enorm voldoend werk om te doen. Trek gewoon een stoute schoenen aan en. Ja, ga naar de eerste, beste grote organisatie die je in de buurt hebt. Kom vooral een dagje meekijken. Want dan zie je, denk ik, echt wel het beste wat ons werk inhoudt. En wat je zo ook doet op een dag. Wat je kan betekenen voor een bewoner. Ja, en gewoon doen. Wat kunnen organisaties. Volgend jaar beter doen om nieuwe mensen aan te trekken. Hoe kunnen organisaties zichzelf nog aantrekkelijker maken om nieuw personeel of studenten te werven? Ik merk dat mijn organisatie tegenwoordig op social media toch wel zit. Dat je ze voorbij ziet komen op Instagram. Met ook echt wel een hele leuke quote die ze dan gebruiken om echt jongeren aan te trekken. Zo ook op Facebook natuurlijk. En dat doen ze goed, want ik denk dat de jongere inderdaad, laten we zeggen 16, totaal geen weet heeft. En ik wil natuurlijk niet iedereen over één kam scheren. Wat de zorg nou precies inhoudt. En dan in mijn geval oudere zorg. Dus ik denk dat het op die manier wel aantrekkelijk wordt gemaakt: hé, kom werken bij ons. Om even terug te komen naar het stukje social media, waar je net over vertelde. Wat voor content plaatste jouw organisatie dan om wel te zijn en waar moeten we dan aan denken? Stories. Tenminste, als je dan stories aanklikte, dan heb je natuurlijk reclame tussendoor, dan zag ik mijn organisatie voorbij komen. Ook in je feed. Als je aan het scrollen bent, heb je natuurlijk ook reclame, dan zag ik ze ook voorbij komen. Hoe belangrijk denk jij dat bijvoorbeeld een foto ten opzichte van een video is voor jouw organisatie? Ik denk dat een video wel iets meer kan laten zien wat het inhoudt. Ja, een foto's, stuk maar een foto. Ja. Stel je een kort filmpje van misschien 10 tot 15 seconden. Denk ik wel dat je iemand wat sneller over de streep kan halen. Waar loop jij in de praktijk het meeste tegenaan als het gaat om goede zorgleven? Ja, het meeste aanlopen om eerst dan de positieve kant te bekijken. Ken je bewoner. Leer je bewoner ook echt kennen. Dus praat met de bewoner. Leer de familie kennen. Spit de dossier door. Ehm... Doe je dat niet, of heb je inderdaad minder kennis, of nou, nee, niet minder kennis, maar ben je inderdaad te 6SP'er bijvoorbeeld, ja, dan kan je er wel tegen aan lopen dat je minder goede zorg kan bieden. Ja, lastig. Ja, en dat is een probleem wat niet op te lossen is, maar gewoon het personeel tekort toch. Ja, maar dat kan je niet veranderen. Nee. Ja, want jij denkt, zeg maar, als het personeelstekort opgelost zou zijn, dat jouw werkdruk ook een stuk minder hoog is. Dat denk ik wel, inderdaad. Ja, ja. Kijk, een organisatie is erop ingericht dat je een x aantal verzorgenden rondlopen op de afdeling op een dagdienst, een x aantal helpenden of assistenten, zorgassistenten. Dus je kan wel zeggen: van ga je opleiden, ga je opleiden. Maar helpen hebben we ook net zo hard nodig als een verzorgende. En een zorganstent hebben we ook net zo hard nodig als een verzorgende. Wat doen organisaties volgens jou te weinig om medewerkers goed te ondersteunen? Op zich doet mijn organisatie dat eigenlijk al best wel goed. Maar wat het lastig kan maken, is toch het uursalaris, als ik al eerlijk ben. Op zich kan ik dat hier ook wel eerlijk bekennen: is dat ik natuurlijk aanvondienst draai, dus dan verdien je ook meer. Maar dan krijg je. Je ORT, onregelmatigheidstoeslag. Doe je dat niet, dan krijg je gewoon je standaarduurloon. Wanneer werkt dat iemand op het punt staat om af te haken? En wat speelt er dan meestal? Ik denk dat dat komt omdat de zorg gewoon een zwaar beroep is. Zowel lichamelijk als geestelijk. Ik denk dat je dan op dat moment misschien toch te weinig kan verdienen voor hetgeen wat je wel niet doet. Werk in de zorg is best pittig. Zowel lichamelijk maar ook mentaal. En voor hetgeen wat wij doen. Want we zijn, wat dat betreft, wel echt een mannetje van alles. Je bent niet alleen zorgverlener, maar je bent soms ook gewoon politieagent, en je bent psycholoog, en je bent voedingsmedewerker, en je bent. Van alles en nog wat tegelijkertijd, inderdaad, in je functie. Is ook wat je werk heel erg mooi maakt en ook boeiend, maar ik kan heel goed begrijpen dat het dan. Te zwaar valt voor hoeveel je dan verdient op dat moment. Wat vind jij dat een organisatie dan op zo'n moment kan doen? De organisatie, niet zoveel, maar meer vanuit de overheid, inderdaad. Er komen bijvoorbeeld wel weer langsvolgingen aan en ze proberen het ook echt wel goed recht te trekken. Maar als je het mij vraagt, vind ik het nog steeds wel dat het onderbetaald, inderdaad. En hoe mooi ik mijn werk ook vind, en ik zal nooit de zorg uitstappen. Maar voor hetgeen wat je wel niet doet, verdien je eigenlijk wel te weinig. Ja. Hoe vind jij dat de capaciteit van personeel op jouw werk beter of slimmer geregeld kan worden? Onze afdeling en zo elke afdeling is ingericht op de zorgswaarde van alle bewoners. En daar wordt dan een potje van gemaakt en dan gaan ze kijken hoe je ingezet kan worden. Dus dan gaan ze ook kijken naar de niveaus die ze nodig hebben. Ik ben wel van mening dat je meer gediplomeerd personeel mag hebben rondlopen. En met gediplomeerd bedoel ik echt verzorgen of hoger. Want doe je dat niet, dan kan je ook niet de zorg en kwaliteit bieden die je wel graag zou willen bieden. En ik weet dat mijn organisatie echt wel haar best daarvoor doet, maar het is niet altijd haalbaar. En dan praat ik bijvoorbeeld ook over werken met onbekende uitzendkrachten of CZP'ers. Ja, en die mogen dan wel soms gediplomeerd zijn, maar dan nog ben jij wel de enige bekende die dan alle touwtjes in handen heeft. Waar gaat volgend jaar nog veel tijd verloren in de dagelijkse zorg? Ik denk dan toch wel de administratie. Om een voorbeeld te geven, is: Ik werk achter op een dag en ik ben natuurlijk EVV-er. Dus dat houdt in dat ik mijn mail moet bijhouden, kijken of inderdaad familie mij benaderd heeft. Ik moet dan ook de zorgplannen daarop aanpassen als het nodig is. Ik wil de arts spreken. Dat is allemaal werk wat ik moet verrichten in mijn acht-uursdienst. Begrijpelijk. Wat dan mijn collega met wie ik dan die naast bestaat, op dat moment, die bijvoorbeeld geen evenveer is, die moet dan bijvoorbeeld weer een stapje harder lopen in de zorg op dat moment. Ja, dus hoe het efficiënter zou kunnen, durf ik niet helemaal dan te zeggen. Maar ik merk wel dat administratie wel een groot aspect daarin is. Want je geeft aan, je werkt veel met collega's. Wat maakt voor jou een fijn team om in te werken, zeg maar? Humor. Humor, ja, zeker. De hele dag lachen te vloeren. Ja, continu. Ja. Ik vind humor wel echt heel erg belangrijk. Onderling vertrouwen, dat je naar elkaar toe durft te komen. Dat je open bent en eerlijk bent met elkaar. Ja, en durf ook te zeggen waar je tegen aanloopt. Maar ook bijvoorbeeld inderdaad hele heftige casussen die je dan mee kan maken. En zeker wanneer je inderdaad toch wel wat jongeren hebt. die nog niet de ervaring hebben, bijvoorbeeld. Dat je daar wel voor open staat om dat bespreekbaar te maken. Hoe wordt er volgens jou een leiding gegeven in de zorg, in de oudere zorg? In mijn organisatie goed. Wij hebben een teambegeleider en een teamleider. Die weet ik uiteraard wel te vinden wanneer het nodig is. Maar we zijn ook echt wel een heel erg zelfsturend team. En dat vind ik zelf persoonlijk wel fijn. Dat ik inderdaad daarin wel word vrijgelaten. En dat er voor mijn gevoel niet op mijn vingers wordt gekeken. En dat ik ook echt wel het idee heb dat ik. Serieus wordt genomen in mijn handelen en hoe bekwaam ik ben en hoe professioneel ik ben. Ja. Want hoe zorg je ervoor dat je jezelf blijft in de zorg? Ook al heb je met zulke heftige casussen te maken. Hoe ik mezelf blijf. Ja. Ik denk dat dat misschien ook wel komt met de jaren. Want met de jaren ben ik natuurlijk ook wel gewoon meegegroeid. Ik durf wel het gesprek aan te gaan met mijn collega's, maar ook met de bewoners. Ik doe me niet anders voor op mijn werk dan hoe ik privé ben. En dat is ook gewoon meer omdat je dan. Het beste zorg kan leveren. Maar als ik inderdaad mezelf ga wegcijferen in bijvoorbeeld een heftige casus, of ik zie dat iets beter kan dan Dan laat ik wel van me horen, ja. Wat zie je bij andere organisaties die het wel goed doen met personeel. als het gaat om behoud van personeel en de mensen die blijven? Ja, vind ik een lastige. want ik werk al 7,5 jaar voor dezelfde organisatie. Dus ik weet ook niet zo heel goed hoe andere organisaties dat precies doen. Ik heb wel vriendinnen die inderdaad werken voor andere organisaties. Maar ik merk wel dat hun ook een beetje tegen hetzelfde aanlopen. En dan ga je toch weer terug naar het landelijke probleem, denk ik. Wat zou er volgend jaar dan. Beter geregeld moeten worden om mensen duurzaam inzetbaar te maken. Ja, toch het vaste personeel aantrekken, inderdaad. Dus niet je ZCP'ers en je uitzendkrachten. Ik bedoel, fijn dat ze er zijn, maar inderdaad, ze zijn duur. En ik denk dat je op daar manier efficiënter kan maken dat je ook meer poppetjes op de werkvloer kan zetten. met de juiste diploma's. Ja. En op het gebied van de trainingen, waar denk jij dat nog veel winst te behalen valt? Ik denk dat er landelijk wel meer training gegeven kan en mag worden, inderdaad. Je hebt natuurlijk je e-learnings, maar dat is online. Ik denk dat daar wel verbetering in zit om je scholing inderdaad up-to-date te houden. Jij vindt een training-krijgen visie. Fijner dan een training online krijg je. En waarom zit dat voor jou, zeg maar, dat grote verschil dan? Als ik een e-learning maak, merk ik aan mezelf dat ik wel snel afgeleid raak. Sommige zijn interessant en ook echt wel leerzaam. Maar als je het fysiek meemaakt, of dat je fysiek aanwezig bent en het is ook nog eens een interactieve training, dan heb je mij helemaal. Want dan vind ik het ook interessant en dan doe je het samen met degene die naast je staan op dat moment. Ja. Hoe belangrijk is ruimte voor ontwikkeling en autonomie voor jou? Belangrijk. Ik moet elke drie tot vijf jaar mijn handelingen, verleden technische handelingen, opnieuw laten aftoetsen. Mag ik ook uiteraard zelf aangeven als ik merk dat ik niet meer bevoegd of me bekwaam voel? En autonomie, ja, ik merk dat mijn werkgever dat op zich al doet. Bijvoorbeeld als je kinderen hebt, dat je later mag beginnen om je kinderen naar school te brengen. Of dat je kortere diensten mag werken, om welke reden dan ook. Dat doet mijn werkgever wel al gelukkig. Ja, om inderdaad samen tot een goed rooster te komen. Wat wordt er volgens jou onderschat in de zorgactiviteit puur naar instroom en behoud? Ik merk bij mijn werkgever dat er al meer wordt gemoderniseerd. Om een heel goed voorbeeld te geven. Wij hebben passieve teilliften, zoals dat heet, zodat wij bewoners passief uit bed kunnen halen. Dat houdt in dat de zorgvrager geen loonfunctie meer heeft. En wij hebben sinds kort plafondliften. Dus dat zit dan vastgemaakt aan het plafond. En dat is ideaal. Want je hoeft niet meer de gang op te rennen om je passieve teillift te vinden. Hij werkt hartstikke licht. Dus dat is ook fijn voor je rug. En ik denk dat daar andere organisaties. En nogmaals, ik werk niet bij andere organisaties. Maar dat ze daar misschien wel nog wat in kunnen leren. Om inderdaad dat behoud te hebben. Om ons werk makkelijker te maken. En efficiënter. En ook ergonomischer, uiteraard. En wat mijn organisatie ook heel goed doet. Is uitjes organiseren. Net zoals aankomende week hebben we een kroeggetocht door Haarlem heen voor het personeel. Ja, hoe leuk is dat? Gezellig met je collega's. Ja, precies. En je leert elkaar kennen dan buiten werk om. En je bouwt een band. Ja, dat doet mijn werkgever wel echt enorm goed. Waar ben jij het meest trots op als je kijkt binnen je werk? Het meest trots, ja. Het kan echt voor alles zijn, tot een cliëntenmoment tot aan. Ja, ik heb dan wel een heel mooi voorbeeld van gisteren, daar is mijn avonddienst. Dat een bewoner van oor tot oor geglunderd, omdat hij mij ziet binnenkomen. En dat hij blij is dat ik dan de avonddienst heb. En dat hij dan ook vraagt aan mij: ben jij degene die mij naar bed komt helpen? En wat ben ik blij dat je er bent. En het is iets heel kleins, maar dat maakt mij wel enorm trots dat ik het verschil kan maken voor een bewoner. Wat hoop je dat anderen ervaren door jouw werk? Dat ik wel heel erg betrokken ben. En dat ik de bewoner ook echt zie voor wie hij of zij is. Het is gewoon een persoon met vaak een grote levensachtergrond. Dat je verder kijkt naar dan alleen de aandoening die degene heeft. En dat je daardoor het verschil kan maken. Ja, mooi gezegd. Er zijn waarschijnlijk andere zorgorganisaties die het luisteren. Wat zou je ze willen meegeven? Om het behoud van bekwaam personeel? Luisteren naar je personeel. Ja, luisteren waar de behoeftes liggen. En natuurlijk, wel binnen alle beperkingen, uiteraard. Op die manier behoud je toch wel je goede personeel, denk ik. En wat hoop je dat de kijkers, zeg maar, die nu luisteren, mee kunnen nemen uit jouw verhaal? Ik hoop dat ik duidelijk heb kunnen vertellen wat de ouderenzorg inhoudt. Wat een werkdag is voor mij, hoe dat eruit ziet. Ik hoop dat ik mensen hetzelfde gevoel geef als wat ik heb. Dat je heel veel voldoening kan halen uit je werk, en dat elke dag anders is. Maar je biedt hartstikke mooi werk en je kan echt een verschil maken voor de bewoner. Dank je wel, Sherine, voor het delen van jouw verhaal. En voor je openheid en het eerlijk vertellen van jouw verhaal in de zorg. Ik wil je hierbij bedanken. Dankjewel voor het luisteren naar deze podcast. Tot de volgende aflevering. Tot de volgende."
verzorgings-staat.mp3,interviews,Cohere Labs Transcribe,38.1,25.423902439024367,100,38.57560975609756,5318.3125,4893.497865853658,33.2774188829934,"De verhoging van de AOW-leeftijd is onder druk van politiek protest en vakbonden van de baan. Maar het kabinet heeft de ruim 6 miljard aan bezuinigingen op onze sociale zekerheid nog niet opgegeven. We hebben het over de WW en de arbeidsongeschiktheidsverzekering via. Onacceptabel, zeggen vakbonden. En dus zal de polder weer om de tafel moeten. En de vraag is dan: wat voor een samenleving willen we nou? Wetende dat Nederland is gebouwd op een sterke verzorgingstaat. En wie betaalt uiteindelijk de prijs? Vijf kopstukken in BNR's Big Five van de verzorging staat onder druk. En vandaag is dat niemand minder dan Koen van Oostrom, sinds 1 mei de nieuwe voorzitter van de werkgeversvereniging VNO NCW. Van harte welkom. Goedemorgen. En heel leuk dat je weer terug bent bij de Big Five. Het is een paar jaar geleden dat ik hier was bij jou. Ja, zeker. En dat ging toen over de self-made men en women. Want je bent iemand die zelf-made is. Eigenlijk weinig welvarend opgegroeid. En uiteindelijk ben je helemaal binnen als vastgoedman en projectontwikkelaar. En daar hebben we toen uitgebreid over gesproken. Is nog terug te luisteren. Ik heb het ook even teruggeluisterd. Was echt hartstikke leuk. Mooi. We gaan het nu over hele andere zaken hebben natuurlijk. Ook leuk. Ja, overigens ben je ook nog invloedrijk VVD-er, maar nu snurkend lid. He? Ja, dat werkt niet. Mijn achterban, er zitten duizenden bedrijven. en die hebben hele verschillende politieke kleuren. En dus laat ik de kleur van de VVD even liggen. Want daar sta ik nu niet voor. Ik sta nu voor de bedrijven in Nederland. Ja. Maar is dat moeilijk? Want het lijkt me heel moeilijk om een beetje snurkend te zijn. Nee hoor, dat vind ik niet. En ik vind het eigenlijk ook heel erg leuk om nu de andere partijen beter te leren kennen. En ik heb wel een periode gehad dat ik daar een beetje soms naar keek en dacht: Goh, wat gebeurt daar nou allemaal in die partijen? Maar als je dan beter kennis maakt, zelfs met mensen als Jesse Klaver en CDA D66, dan krijg je toch ook iets meer gevoel bij hun standpunten en hun achterban en hun gedachten. Dus dat is eigenlijk hartstikke leuk. Ja, leuk om daar meer over te horen. Ook over bijvoorbeeld Hans Spekman, die we ook later deze week. Te gast hebben, overigens. En we gaan natuurlijk over die verzorgingsstraat praten die onder druk staat. Maar eerst toch even. Het laatste nieuws waar de Telegraaf gisteren over heeft bericht. En dat is dat alle supermarkten. het lidmaatschap van VNO-NCW hebben opgezegd. Klopt het? Klopt het? Ja, dat klopt. Dat is vorig jaar gebeurd. Zoals je weet is VNO een enorme vereniging. Er zitten duizenden en duizenden leden. En er komen elk jaar heel veel leden bij. En er gaan helaas ook elk jaar wel weer een paar leden af. Dat had in dit geval te maken met een nieuw contributiestelsel. Nou, dat zijn dingen die gebeuren. En we zijn met z'n in gesprek. Het is een beetje van voor mijn tijd. Maar. Je wist dit al bij de overdracht. Door bij de overdracht wist ik dit. En toen. Ik ben met mij aan het werk gegaan en ik heb toevallig vorige week ook met vertegenwoordigers van de supermarkten gesproken. Eigenlijk een heel positief gesprek. En wat ik ontzettend leuk vind: dat zijn natuurlijk kruideniers en enorme ondernemers. En die vechten om elke euro en dat gebeurt ook. En het is te vroeg om te zeggen of er beweging in zit. Maar ik vind in ieder geval prettig dat de relatie goed is. En we gaan eens kijken of we een oplossing kunnen bedenken. En je zegt, we hebben heel veel leden. Maar dit is toch echt een hele grote groep. Als je als lobbyorganisatie. Dit deel kwijtraakt, dan ben je echt wel kleiner in omvang. Dan is dat aan de ene kant waar. Aan de andere kant zien we een enorme toestroom van technologiebedrijven binnen ons huis. En daar is ook heel veel dynamiek. Daar werken ook heel erg veel mensen. Dus per saldo is het niet zo dat het een ramp is. Het is in het verleden overigens vaak gebeurd dat supermarkten wel of niet lid waren bij ons. Dus het is ook niet zo dat het nou de pijler is waar Veenel op draagt. Maar wat ik wel wil zeggen is dat volgens mij is het zo ontzettend belangrijk in deze periode dat er een beetje eenheid is: eenheid aan de werkgeverskant en elke eenheid aan de vakbondenkant. We hebben gezien dat. Dat daar in het verleden gedoe was. Als er rust is in de polder, is het makkelijker om met elkaar te praten. En daarom had ik het liever niet gehad. Want je hebt liever dat dit ook even onder de radar blijft. Of we zijn nog met elkaar in gesprek. Nou, dat is niet het geval. Maar dat neemt niet weg dat van mijn kant de houding 100% positief is. Om te kijken of we toch met elkaar in gesprek kunnen blijven. En hopelijk bedenken ze zich, komen ze terug aan boord. En dan zijn wij als VNO nog vollediger. We hebben al bijna het hele Nederlands bedrijfsleven achter ons. Maar daar hebben we deze. Maar je wil ze gewoon bijhouden. Dat kan niet anders. Dit is zo groot in zo'n lobbyorganisatie. Want ik snap dat er ook technologiebedrijven bij komen. Maar je wilt ze gewoon erbij houden. Dat is niet goed voor de beeldvorming. Ik denk dat hoe vollediger wij zijn namens het Nederlandse bedrijfsleven, hoe beter het is. Het was ook niet onze keuze om ze eruit te zetten. Ze zijn er zelf uitgegaan. En ik denk dat het in ieder geval niet verstandig is om het via de media te spelen. Ik denk dat het goed is om het gewoon in kern te spelen. Maar misschien zat het zo hoog dat ze dachten: nu moeten we dit wel doen, want ze luisteren niet. Ja, blijkbaar is dat dan vorig jaar gebeurd. En ik was toen nog niet de voorzitter. Dus ik weet niet precies wat de dynamiek was. En of er sprake was van teleurstelling of zelfs boosheid op dat moment. Dat weet ik niet. Wat ik wel weet is dat er nu eigenlijk best wel productieve gesprekken met elkaar voeren. En ja, je hebt wellicht gehoord dat een van de zaken die ook in dat Telegraaf-artikel werd genoemd. ging over het wettelijk minimumloon. En daar hebben de supermarkten ook echt wel wat om de oren gekregen. Dat minimumloon, per 1 juli wordt dat 14,99 euro, 15 euro afgerond. Dat was 10 euro. Dus dat is 50% omhoog gegaan. Nou ja, als je dan een winkelier bent. dan heb ik er wel begrip voor dat je zegt: hé. Dan voelden we ons niet goed vertegenwoordigd. En beste VNO, heb je wel goed voor ons gezorgd? Ik snap. Die vraag. Wij doen alles op alles om te proberen om dat ook in de gesprekken in de polder, om daar wat mee te gaan doen. En dan heb ik ze het liefst aan boord, want dat praat makkelijker. Ja, dus dat is het punt waar je misschien toch wat kan doen voor ze. Dat zou zomaar een van de dingen kunnen zijn. Alleen de polder is ingewikkeld, want er spelen heel veel belangen. Ik moet net zeggen, dit punt is moeilijk terug te draaien, lijkt me. Terug te draaien. Ik heb gezien dat vrijdag Hans Spekman hier op bezoek is. Misschien kan dat jouw eerste vraag aan hem zijn. Meneer Spekman, kan het minimumloon niet meer? Nee, je moet wel nog gasten over hem gaan. Merk ik. Ja, nou, ik heb een goede band met hem. En jij zei net, ik ben een self-made ondernemer. En dat klopt ook. En hij is dat in zekere zin ook self-made. Hij had ook geen makkelijke jeugd en hij heeft er heel veel uitgehaald. Ik heb dat gedaan met het bouwen van heel veel gebouwen. En ik heb daar een vermogen mee kunnen opbouwen. En hij heeft dat heel anders ingezet. Hij heeft een heel leuk verhaal. Je wordt een kroeg begonnen. En nou ja, ik zou dan denken: oh, een kroeg en dan een tweede kroeg en dan een netwerk van kroegen. En bij hem was het zo dat hij gezegd heeft: Ik heb daar een social business van gemaakt. Dus de opbrengsten daarvan gingen terug naar allerlei goede doelen. En dat typeert de ondernemer Hans Bekman. En ik ben de ondernemer Koen van Oosterom die andere keuzes heeft gemaakt. En die zijn niet goed of fout. Die zijn gewoon anders. En ik vind het wel heel erg leuk dat er nou eigenlijk twee ondernemers in de polder zitten. Ja, ontzettend leuk. En hij zat dus niet naar je te kijken. Want ik weet dat je een hekel hebt aan dat woord vastgoedmiljonair. Dat ben je. Heb je het toch gezegd? Heb ik het toch gezegd? Ja, dat is echt gemeen. Maar zo zat hij dus niet naar je te kijken. Nou, ik denk dat hij ook wel. Dat ik met belangstelling kijk van wie zit daar nou. Dit is duidelijk geen bestuurder aan de kant van VNO, dit is een ondernemer. Maar wat voor type ondernemer? En ik denk dat. Ja, er altijd wel een beetje dan een vraag is. Is het een ondernemer die alleen maar bezig is met een groot mogelijk vermogen. of is het iemand die maatschappelijk betrokken is? Ik denk, nou, ik wil geen jury over mezelf zijn. maar ik heb altijd geprobeerd. ook met de duurzaamheidszaken die ik gedaan heb. waar wij ook een aantal jaar geleden over hebben gesproken. Ja, zeker. Om juist ook een brede ondernemer te zijn. die onderdeel is van de oplossing. niet van het probleem. Maar ja, je vertelde toen dat je echt een switch hebt gemaakt. Dus dat je eerst wel was voor winnen, winnen, winnen. en zoveel mogelijk omzetten. en uiteindelijk toch ook. Hebt geleerd dat je er anders naar moet kijken. Het leuke als ondernemer. Is als je succesvol bent dat je in een soort nieuwe wereld terechtkomt. Bij mij was dat dat ik mensen leren kennen. Zoals Peter Bakker, Fijke Siebensma, Paul Polmen. Die op dat moment het Nederlandse bedrijfsleven leidden. En dat niet deden alleen maar met de agenda shareholder value. Maar ook met de agenda hoe kunnen we zorgen dat we een land sterker maken. Dat we sociale cohesie hebben. En dat we grote maatschappelijke problemen oplossen. En dat is altijd onderdeel geweest. Sorry, dan moet ik goed zeggen. Nadat ik hen heb leren kennen, is dat onderdeel geworden van mijn portefeuille. En daarvoor was dat minder zo. Ja. Ik vind dat ook niet per se slecht. Ik kan me voorstellen dat een startende ondernemer. Even een fase heeft dat hij eendimensionaal is. Hij moet namelijk een product bedenken. wat beter is dan de producten om hem heen. En op het moment dat je daar een stap verder in bent. dan heb je iets meer ruimte om ook na te denken over hoe kan ik daar dan ook een positieve impact mee maken. En is dat misschien ook de reden dat je deze baan. als voorman van Veno NCW juist zo mooi vindt? Omdat je dus daarmee ook meer kan creëren voor Nederland? Ja, in die zin is het een beetje een bekroning. op dat werk wat ik heb gedaan. En ik was een beetje op zoek ook naar zoiets. Het was eigenlijk aan het zoeken in Europa, omdat in het geweld. In de wereld. Hebben we vandaag weer het nieuws in het Midden-Oosten gezien? Wat er speelt in China, in Rusland, maar zelfs ook bij onze partner Amerika. Die waren toch een andere koers dan een aantal jaar geleden. Moet Europa sterk worden? En ik dacht wat leuk om daar een rol in te spelen. Nou, toen kwam VNO langs. En toen dacht ik, ja, maar dan wordt het ook wel heel concreet. En dat is ook heel mooi om in Nederland veel sterker te maken. Het bedrijfsleven veel sterker te maken. En vanuit die kracht dan hele goede dingen te doen. En toen dat langskwam, dacht ik, ja, dit is toch ook de mooie waar te zijn. En hoe bevalt het? Ik vind het waanzinnig leuk. Ik vind het waanzinnig interessant. En als ik heel eerlijk ben, Diana, wij kennen elkaar al een tijdje. Het is soms ook best wel pittig. Want ineens ben ik de spreekbuis van al die duizenden bedrijven. als het gaat over sociale zekerheid. Nou, als het gaat over economische groei. Ik hoop dat we het daar nog over gaan hebben. Ja, dat weet ik heel veel. Want ik heb altijd met de CEO's gewerkt. Ik weet hoe moeilijk het is om een bouwvergunning te krijgen. Hoe de rechterlijke macht werkt in Nederland. Maar in sociale zekerheid is dat relatief nieuw. Ik moet eerlijk bekennen, in mijn bedrijf liet ik het ook wel eens over naar HR-afdelen. En vond ik het gewoon heel irritant dat we. Loondoorbetaling bij ziekte hadden. Dat je twee jaar verantwoordelijk bent als ondernemer voor iemand die ziek wordt. Maar nu zit ik er middenin. Nu ben ik er verantwoordelijk voor. En dat betekent dat ik sommige nachten doorbreng met het lezen van CER-rapporten. en probeer te begrijpen wat de Stichting van de Arbeid precies doet. Je kan je niet echt makkelijk inwerken, toch? Want je bent meteen Katshuis. De hele shebang is op je afgekomen. Het is misschien een beetje naïef, maar ik had de hoop om tot de zomer. gewoon te luisteren, vragen te stellen. en dan, laten we zeggen, na de zomer echt vliegend uit de startblokken te komen. Zo werkt het niet. Het is vanaf dag één, ja, krijg je toch vragen op je af. De media speelt daar ook een rol bij. Die hebben vrij kritische vragen. Als je iets zegt, kan het nieuws zijn. Dus je moet op je woorden letten. Heel erg leuk. Nou, volgens mij gaat het hier redelijk makkelijk af. Heb je Hans de Boer nog vaak in gedachten? Ja. Hij is een van jouw voorgangers natuurlijk bij Veno en ZW. En je kende hem ook goed. Ik ken hem goed. Hij was misschien ook al een klein beetje een mentor voor me in dat maatschappelijke. Hij heeft een tijd bij een vastgoedbedrijf gewerkt, waar wij ook mee samenwerkten. Dus daar uit die periode kende ik hem. En hij kon nog wel eens een kop koffie drinken. En dan had hij altijd heerlijke, heldere, uitgesproken meningen. En dat is soms ook gewoon hartstikke goed in de polder dat mensen dingen scherp zetten. En dat deed hij als geen ander. De Big Five. Diana Matroos. Mijn gast vandaag is Com van Oostrum. Hij is de voorzitter van VNO NZW. En we gaan het natuurlijk hebben over de verzorgingstaat onder druk. En in relatie daartoe ook de sociale zekerheid. Want dat is enorm actueel. Eerst even de vraag: wat heb jij überhaupt met de verzorgingstaat? Wat natuurlijk drie pijlers heeft: de sociale zekerheid, gezondheidszorg, onderwijs. Dat soort zaken. Nou, ik vind dat wij in Nederland oprecht het konden. Allermooiste land in de hele wereld zijn. Ik vind dat dit zo'n bijzonder land is. Waar het zo. Waanzinnig goed gaat met heel veel zaken. En daar is die sociale zekerheid, is daar gewoon een van de pijlers die daaronder staat. En voor de goede orde, ondernemerschap is ook een pijler. En daar maak ik me op dit moment echt zorgen over. Maar die pijler sociale zekerheid, die pijler, het fatsoen wat wij hebben in Nederland. Dat als je om allerlei redenen uitvalt, en dat kan definitief zijn, en dat kan tijdelijk zijn, dat er dan een systeem is wat probeert om je te begeleiden. om je weer op je voeten te zetten en weer zo mogelijk ook weer aan het werk te krijgen. Dat vind ik briljant dat we dat hebben. De vraag is wel een beetje of het systeem wat we vandaag hebben, met bijna een miljoen mensen in de via. Of dat nou het systeem is wat we nog steeds ons kunnen veroorloven. En of dat dat systeem is waar ik net van droomde, dat dat onderdeel is van dat hele mooie Nederland. Daar ben ik ook wel een beetje kritisch over. Ja, toch, als het gaat over een aantal punten van de sociale zekerheid. hebben jullie natuurlijk met de AOW-leeftijd verhogen. Zijn jullie echt achter de bonden gaan staan? Ja, nou, ik weet niet of het achter de bonden is. We staan vooral achter onszelf. Maar Veno heeft zijn handtekening gezet onder een groot akkoord. Die ging over de verhoging van die pensioenleeftijd. Dat heeft mijn voorgangster Ingrid Thijssen gedaan. Daar sta ik 100% achter. En ik vind ook dat als je zo'n lange termijnafspraak maakt. Waarbij het voor een aantal partijen ook echt wel pijn heeft gedaan. Het was voor de bonden ook niet makkelijk om dat te slikken destijds. Ja, dan vind ik ook dat je dan ook een zekere loyaliteit aan zo'n transactie moet doen. Nou, een beetje als ondernemer is ook gewoon afspraak is afspraak. Dat is gewoon een helder beginsel in Nederland. En dat vind ik ook eigenlijk in dit geval dat. Weet je, is het dan nooit bespreekbaar? Natuurlijk, als de wereld helemaal zou veranderen, dan komt op een keer alles ter bespreking. Misschien een alternatief, fiscalisering vandaan. Ja, de verwachtingen die we destijds hadden. toen we deze deal gedaan hebben, zijn ongeveer uitgekomen. Dus de leeftijdsgroei is iets minder geworden dan we hadden gedacht. Er is COVID doorheen gegaan, et cetera. En dan vind ik dat niet het onderwerp waar we nou over moeten praten. Dus daarvan heb je ook gezegd: het moet gewoon in de vriezer of zoiets. Daar wil je het niet over hebben. Nou, intussen zit dat ook van tafel. En dan kun je natuurlijk gelijk alle alternatieven daarvan op tafel leggen. Dus die fiscalisering, et cetera. En ik hoop eigenlijk dat dat niet nodig is. Ik zie dat er twee andere dingen spelen die veel belangrijker zijn. Onze economische groei is veel te laag. Als wij 2% economische groei hebben, hoeven we deze discussie over die paal miljard niet te hebben. Want dan gaat die economie gewoon met vele miljarden per jaar omhoog. En het tweede ding is dat er een aantal echte problemen in onze sociale zekerheid zitten. Bijvoorbeeld de instromende via is veel te hoog. Als we Nederland gewoon vergelijken met België, Frankrijk, Duitsland. Het is ruim 800.000 of zo. Het is ruim 800.000, maar er zitten er ook nog 200.000 mensen in het tweede ziektejaar. in de regeling daarvoor, wat door de ondernemers wordt betaald. Die komen er dus aan. Dus die instroom blijft fors. Daarmee lijkt het erop dat we gaan groeien naar een miljoen mensen in de via. Dat is veel meer dan de landen om ons heen. En daar moeten we eens goed naar kijken. Snappen we voldoende waar dat door komt? Want je ziet ook dat er heel veel jongeren daarbij vertegenwoordigd zijn. Psychische klachten, dat daar echt ook een enorme stijging in zit. Dan hebben we met elkaar ook iets te doen. Misschien ook werkgevers. Want waarom zijn al die mensen zo. Ongelukkig als het om de psyche gaat, ja, ik vind dat precies de vraag die wij ons moeten stellen. En ik heb nog niet alle antwoorden. Wij werken keihard op dit moment binnen VNO, maar ik weet ook dat binnen de ser sociale zaken als ministerie is hiermee bezig. Kim Pütter zou ook later deze week te gast kunnen zijn. Ook een formidabele denker die heel goed en heel scherp kan formuleren waar dan echt het probleem zit. Maar jij noemde bijvoorbeeld de jonge mensen. Het is natuurlijk doodzonde dat iemand die 30 is en dat die in een burn-out terechtkomt en dat het niet lukt om die dan naar ander werk te begeleiden. Het kan zijn dat er sprake is van toch ook een beetje een arbeidsconflict of te veel druk. Misschien in de samenhang tussen privéleven en het werkende leven, dat daar dingen misgaan. Maar dat mensen dan in een situatie komen dat de kans bestaat dat ze nooit meer gaan werken, dat vind ik verschrikkelijk. Dat vind ik voor die mensen verschrikkelijk. Maar het bedrijfsleven heeft ook heel hard deze mensen nodig, omdat er nog steeds een tekort is aan arbeidskrachten. Jazeker. Als we het voor elkaar krijgen dat deze groep, en niet allemaal, want er zitten mensen bij die andere dingen hebben waardoor ze echt niet meer inzetbaar zijn. Maar andere mensen zijn wel inzetbaar en die moeten benaderd worden. Maar is het dan een goede weg om te zeggen wat het kabinet wil om daar dan 20% van af te halen? Ja. Wat ik heb geleerd in mijn zes weken dat ik al voorzitter ben, is het nog kort. Maar wat ik in die zes weken heb geleerd is dat op het moment dat je het woord bezuiniging hanteert. dan gaan overal de loopgraven dicht. en dan gaan mensen met hakken in het zand. en dan stopt een beetje de discussie. en dan verhardt de discussie. Snap je daarin ook de bonden? Want die zijn natuurlijk wel heel blij met dat cadeau van die AOW-leeftijd. maar zeggen toch. ja, nee, we gaan toch weer staken. want dit moet ook van tafel. De WW ook. Nou, over dat staken wil ik het zo nog even hebben. Want, wat mij betreft, was dat niet nodig geweest. Maar wat ik. Ik wil geen uitspraken doen over. Ja, wat de bonden dan denken. Dat is misschien een vraag van vrijdag. Nee, niet wat zij denken, maar dat je denkt. Nou ja, ik begrijp het wel. Ik had het liever. Ik had het toch liever het gesprek wat meer open gehouden. Nogmaals, ik denk dat die stakingen niet nodig waren geweest. Waar het echt over gaat. En waar ik denk dat ook Hans Spekman een partner gaat worden. Een miljoen mensen in de WIA is niet goed. Niet, laten we zeggen, voor zijn achterban. Voor de werkenden in Nederland. Niet voor de bedrijven en helemaal niet voor de overheid, die daar helemaal geen geld voor heeft. Dan moeten we met elkaar kijken: wat is nou de reden? Precies de vraag die jij stelde: waarom gaan er zoveel mensen. Die via in. Wat is daar nou aan de hand? Is dat COVID geweest? Maar waarom zijn de getallen dan zoveel groter dan in andere landen waar ook COVID was? Heeft dat te maken met. zijn veel vrouwen die net bevallen zijn. die in een burn-out terechtkomen? Wat is daar dan de problematiek? En kunnen werkgevers daar ook beter handelen? Ik neem de verantwoordelijkheid op mij. om echt aan die werkgeverskant te kijken. doen wij nu voldoende aan preventie? Hebben we goede regelingen? Wat is daar de discussie die wij aan kunnen? En het is helemaal niet zo. Dat wij alleen maar zeggen het probleem ligt bij het UWV. Ik denk overigens wel dat we goed naar de rol van het UWV moeten kijken. Er zijn te weinig keuringsartsen. Ja, want daardoor gaan mensen weer langer moeten wachten uiteindelijk op de verjaardag. Ja, in dat proces gaan dingen niet zo efficiënt als ze zouden moeten. Nou, ik wil ook met Hans Bekman praten over wat hij nou kan doen vanuit zijn kant. Om met mensen in contact te treden en te horen wat zijn nou echt de problemen daar. Nou, en dan moeten we kijken met het bedrijfsleven. En het bedrijfsleven wil dit ook, want die willen die mensen heel graag weer terug hebben. Die willen die mensen graag aan het werk hebben. Wat kunnen we nou doen om de mensen weer aan het werk te halen? Ja, maar dit is wel echt lange termijn visie. Daarmee heb je het nu niet opgelost. En het kabinet zit met een probleem. Vanwege de defensieuitgaven. En allerlei dingen die we rond stikstof. Wat ook belangrijk is voor werkgevers natuurlijk. En voor het bedrijfsleven waar jij voor staat. Er moet nu bezuinigd worden. Ja, dat is een feit. Maar het is wel zo dat dat minder snel gaat dan sommige mensen denken. Als je naar de tabel kijkt die bij het regerrecord zat. Dan zie je in die tabel dat heel veel van de bezuinigingen pas in latere jaren echt impact hebben. Concreet voorbeeld: ik heb geprobeerd namens de werkgevers te zeggen. laat die AOW nou even met rust. Die AOW ging pas ook over heel veel jaren echt impact hebben op de begroting van de overheid. Als we in de tussentijd die economische groei. Kunnen zetten en we kunnen zorgen dat we weer naar twee procent economische groei gaan. En ik ben een beetje ondeugend, heel ambitieus. Ik denk zelfs dat we naar drie procent economische groei zouden kunnen. Dat voor elkaar krijgen, dan hebben we die verhoging van de AOW heel leefd uit helemaal niet meer nodig. Dus je zegt bezuinigingen, dat is nu het verkeerde woord. Maar sluit je bezuinigingen uit? Want daar sta ik helemaal niets uit. En ik vind ook dat. Ja, dat je realistisch moet zijn. Maar ik hoop in ieder geval dat we. Fundamentele veranderingen. In de sociale zekerheid voor elkaar kunnen krijgen. Veel meer mensen aan het werk kunnen helpen. En als we dat kunnen doen, dan hebben we misschien. Daar ben ik open in, Diana. Misschien is er dan op korte termijn. Inderdaad nog wel een vraagstuk over de financiën. Maar die discussie. Wordt heel veel makkelijker. Als we weten dat er op termijn. Veel minder mensen in de WIA zitten. En ook in andere regelingen. De economische groei is hoger. Want dan heb je misschien voor 2028 of 2029, dan nog eens een jaar waar er dan bijvoorbeeld een miljard tekort komt. Ik noem maar even een willekeurig getal. En dan zal toch even het gesprek met Elko Heijnen moeten plaatsvinden. En ik begrijp heel goed hoe hij in de wedstrijd zit. Ik had ook bij mij in mijn bedrijf altijd een hele strenge CFO. En die zorgde er echt voor dat de discipline ook gewaarborgd bleef. En die rol heb je in een kabinet keihard nodig, want anders gaat het echt alle kanten op. Maar dan hebben we een discussie over een veel kleinere omvang. Dan hoe die nu wordt geprecederd. En dan ga je eigenlijk ook een oproep doen, ook jullie gezamenlijk, om te kijken of hij daar een opening kan bieden. Nou, misschien dat er dan ook wel allerlei creatieve oplossingen zijn. We hebben net gezien dat er geld gevonden is door Stuart Schurz, maar door dingen uit de toekomst naar voren te halen. Op het moment dat ik kan bewijzen dat die economische groei omhoog gaat, want dat moet natuurlijk ook niet een soort droom zijn, dat moet dan ook echt wel verankerd zijn. Maar als we die verankering kunnen bewijzen. Ja, wellicht zijn er dan ook mogelijkheden. Maar ik ga niet op de stoel van de minister van Financiën zitten. Die is buitengewoon intelligent. Ze weet heel goed hoe het spel werkt. Maar je zegt gewoon: er moet rust komen in de polder. En daarom is dit zo belangrijk. Dat is ook zo belangrijk. En ja, dan weet je wat ik ook vind: dat is dat als er dan toch nog een bezuiniging over zou blijven. Nogmaals, ik denk dat dat veel en veel kleiner zou kunnen worden. Dan is het ook een beetje aan het kabinet. Want er komen er allerlei woorden rond: van vennootschapsbelasting tot allerlei andere termen. Ook het ideetje van Spekman: winstbelasting omhoog. Dat soort dingen. Maar dan zou ik ook zeggen: Nou, dan is het ook even als er dan toch nog ergens een gaatje zit. Het gat is dan vele malen kleiner. Als er dan nog iets over is, dan zou ik zeggen: Nou, dan is het kabinet aan zet. En dan wordt het politiek. En ik vind dat de polder niet op de rol van de politiek moet overnemen. om dat in te vullen."
hulpverleners.mp3,interviews,Cohere Labs Transcribe,36.6,25.464960629921276,100,46.10236220472441,4892.3125,4843.202263779527,36.52255300210416,"MENAL, zou je iets verder willen introduceren? Ja, mijn naam is MENAL Amat. Ik werk als onderzoeker aan de Vrije Universiteit Amsterdam. Ik heb zelf een achtergrond in culturele antropologie. En in de afgelopen jaren heb ik dus een promotieonderzoek gedaan aan de Universiteit voor Humanistiek. Dankjewel. En kun je iets vertellen over de focus van het onderzoek en de noodzaak hiervan? Ja, in de afgelopen jaren, zoals ik al zei, heb ik onderzocht hoe mantelzorgers met een migratieachtergrond de zorg ervaren voor een familielid met dementie. Ik heb daarbij met name gekeken naar hoe de zorg gedeeld wordt binnen families en hoe de zorg gedeeld wordt tussen families en formele zorg. Daar was nog niet zoveel over bekend. Want mantelzorgers met een migratieachtergrond worden heel weinig en te weinig meegenomen in dit soort onderzoek. En ja, de vergrijzing en toenemende diversiteit in westerse samenlevingen maakten de urgentie van dit onderzoek dus groot. Ik heb daarom een kwalitatief onderzoek uitgevoerd, vooral onder mantelzorgers en voor een kleiner deel onder zorg- en hulpverleners. En wat was er al wel bekend over zorg bij mensen met een migratieachtergrond en wat voegt jouw onderzoek daaraan toe? Wat al wel bekend was uit voorgaande onderzoeken is dat mantelzorgers met een migratieachtergrond minder gebruik maken van formele zorg. Dat kan te maken hebben met taalbarrières, discriminatie. of bijvoorbeeld een gebrek aan kennis over dementie. In die voorgaande onderzoeken suggereren dan ook dat deze mantelzorgers vaak intensievere zorg geven. en daardoor vaker overbelast zijn. Maar waar nog niet zoveel onderzoek naar gedaan was, is. Hoe mantelzorgers met een migratieachtergrond het delen van de zorg ervaren, en hoe die ervaringen gevormd worden door hun sociale omgeving. En door hun contacten met formele zorg. En zoals Sawitri en Evelien in de video al vertelden, is het geven van zorg een complexe ervaring, vaak een emotionele en morele ervaring, die beïnvloed wordt door verschillende factoren. En binnen dit onderzoek heb ik dus geprobeerd om daar inzicht in te geven. Ja, en in je onderzoek ga je dus ook in op die emotionele ervaring van het geven van zorg. Wat zegt je onderzoek over het ervaren gevoelswereld? van deze mantelzorgers. De bevindingen laten zien dat het geven van zorg gedaan wordt vanuit twee sociale opvattingen. of morele kaders kun je zeggen. Die stellen dat je voor een oude familielid hoort te zorgen. Het ene morele kader stelt dat je zorg geeft aan een oude familielid. uit liefde voor je ouders bijvoorbeeld. Omdat ze bijvoorbeeld ook voor jou hebben gezorgd als kind. Verantwoordelijkheidsgevoel. Dus ook als je geen fijne relatie hebt gehad met je ouders, deze opvattingen of morele kaders zijn al aanwezig in een samenleving. Maar vaak geeft slechts één vrouw in een gezin of in een familie je gehoor aan. Dat is vaak een dochter of een schoondochter. En met die morele kaders in gedachten neemt zij dus de meeste of alle zorg op zich. En doordat ze aan die morele kaders kan voldoen, geeft dat een gevoel van trots en kracht ook. Dat ze de zorg kan geven, en dat zorgt er ook voor dat ze de zorg kan blijven geven. Dus, het gehoor kunnen geven aan het morele kader van liefde voor je ouders en het morele kader van verantwoordelijkheidsgevoel geeft dus een gevoel van trots en kracht. En wat betekent dit voor het delen van de zorg? Het betekent dat met die morele kaders in gedachten de mantelzorgerol langzaamaan een belangrijk deel van de identiteit van de mantelzorger wordt. Dat is zeker het geval wanneer de zorg niet gedeeld wordt binnen de familie. En om daarmee om te gaan, dus met een gebrek aan dat de zorg niet gedeeld wordt in de familie. Wordt de mantelzorgerol afgezet tegen familieleden die geen zorg geven? Een mantelzorger kan dan denken: van ja, ik ben in ieder geval wel een betere dochter of een betere gelovige. Dan familieleden die geen zorg geven. En dat is eigenlijk een manier van omgaan met gevoelens van overbelasting. maar vooral ook met gevoelens van teleurstelling in familieleden die geen zorg geven. Het onderzoek laat daarmee dus ook zien dat het geven van zorg een hele emotionele en morele ervaring is. En om de ervaringen en behoeften van mantelzorgers te begrijpen. heb je ook gebruik gemaakt van intersectionaliteit. Wat zijn hierbij de belangrijkste bevindingen? Wat vooral naar voren komt, is dat iemands migratiegeschiedenis, dus hoe iemand gemigreerd is. En de sociale klasse waarin iemand is opgegroeid is van groot invloed op het verkrijgen van vaardigheden die van belang zijn bij het organiseren en het delen van de zorg. Maar wat dit in de praktijk betekent verschilt per mantelzorger. Omdat andere sociale factoren of andere aspecten van iemands identiteit en iemands levensgeschiedenis ook beïnvloeden hoe de zorg ervaren wordt, hoe de zorg gedeeld wordt. Denk bijvoorbeeld aan iemands positie in de familie. Of er een sociaal netwerk is of niet. En bijvoorbeeld wat voor rol religie speelt in iemands leven. Dus je zegt dus eigenlijk dat iedere mantelzorger andere levenservaringen heeft. en daardoor dus ook andere behoeftes heeft bij het delen van zorg. Klopt dat? Ja, dat klopt. Het onderzoek laat daarmee dus ook zien dat we ons niet moeten blind staren op de cultuur en etniciteit van mantelzorgers. Maar in plaats daarvan iedere mantelzorger te zien als een uniek individu. die verschillende ervaringen heeft, en waarvan de achtergrond eigenlijk heel complex is. En die beïnvloeden de manier waarop. Ja, waarom? Iemand ervaart de zorg en de behoeften die iemand nodig heeft. Dus het is heel belangrijk om te kijken naar de persoon die tegen je over zit als professional. In plaats van labels te plakken op mantelzorgers door ze te zien als onderdeel van een culturele groep. Ja, en je hebt ook met zorg- en hulpverleners gesproken. Wat kwam hieruit naar voren? Wat vooral naar voren kwam is dat zorg- en hulpverleners in het contact met mantelzorgers en families. Het is vooral belangrijk dat er een gevoel van nabijheid is. Want dat is nodig om de zorg te kunnen delen. Is het heel belangrijk dat er ook een gevoel van begrip en vertrouwen is tussen mantelzorger en professional? Maar bij mantelzorgers met een migratieachtergrond, in hun contacten daarmee, wordt dit gevoel van nabijheid vaak verhinderd. Ook mantelzorgers ervaren vaak een gevoel van afstand, waardoor nabijheid en vertrouwen eigenlijk niet mogelijk zijn. En dat leidt er dus vaak toe dat professionals deze mantelzorgers niet verder kunnen helpen en dat ze dus vaststellen. Raken in hun werk. Daarnaast kwam naar voren dat professionals in hun werk heel erg uitgaan van een vraaggestuurde benadering. Evelien vertelde het ook al eventjes. In deze benadering wordt de regie heel erg bij de mantelzorger gelegd. Dus het is aan de mantelzorger om de hulpvraag te formuleren. Maar vaak werkt dat gewoon niet zo. Ik weet nog dat een paar professionals me ook vertelden dat wanneer een mantelzorger de hulpvraag niet formuleert of aangeeft geen hulp nodig te hebben, dat de professional het dan ook moeilijker vindt om een mailtje te sturen of om even te bellen om te zien hoe het gaat. Dan zou je misschien als professional ook dringend overkomen, want het past niet binnen een vraag gestuurde aanpak. Maar deze aanpak werkt vaak niet wanneer er geen vertrouwen is. Want iemand zou de hulpvraag gewoon minder snel formuleren wanneer er geen gevoel van vertrouwen is en nabijheid. Daarnaast werkt deze aanpak ook niet wanneer een mantelzorger bijvoorbeeld geen kennis heeft van dementie. Dus gewoon niet weet wat dementie is en ook niet op de hoogte is van wat de mogelijkheden voor ondersteuning zijn. In de breakout sessie zal ik daar wat verder op ingaan. Maar wat vooral naar voren komt uit het onderzoek is dat deze aanpak er echt vaak toe leidt dat professionals vastkomen te zitten in hun werk, en waardoor vervolgens mantelzorgers ook niet. Ondersteund worden in het delen van de zorg. Ja, dus je gaat in op die nabijheid en vraaggerichte aanpak. En als dat niet wordt bereikt, wat gebeurt er dan? Ja, wanneer dat gebeurt, zag ik dat het vaak gerelateerd wordt aan culturele verschillen. Dus het contact lukt niet. En het eerste waar professionals vaak aan denken, niet altijd, maar vaak wel, is dat het te maken heeft met culturele verschillen. Dat gebeurt doordat professionals Het contact met mantelzorgers met een migratieachtergrond vaak vergelijken met mantelzorgers uit de meerderheidspopulatie, waarbij het contact vaak wat makkelijker gaat. Maar op die manier worden deze mantelzorgers als de ander gezien. Waarmee het heel moeilijk is om contact mee te maken, omdat ze de cultuur niet zouden kennen. Zo is die gedachtegang dan. Daarnaast wordt ook vaak aangenomen dat, ook wat Evelien al vertelde en Sabitri: dat wanneer mantelzorgers niet om formele hulp vragen, ook al snel wordt aangenomen dat dat niet gebeurt, omdat mantelzorgers met een migratieachtergrond, nou eenmaal liever zelf. Zorg geven of nu eenmaal liever binnen het eigen sociale netwerk hun probleem oplossen of op zoek gaan naar ondersteuning. Behalve dat dat niet overeenkomt met de ervaringen van de mantelzorgers die ik sprak, leiden deze manieren van denken er vaak toe dat professionals vastlopen in hun manier van werken. En ze ervaren daardoor ook vaak een soort handelingsverlegenheid, waardoor ze ook een beetje terughoudend zijn in het doorvragen, bijvoorbeeld. En daardoor komen veel vraagstukken niet op tafel en wordt het delen van de zorg dus verder belemmerd. En een paar professionals die ik sprak hadden wel andere manieren gevonden om toch verbinding te maken met mantelzorgers en obstakels te overkomen. De meeste professionals die ik sprak hadden het toch vaak over dit soort obstakels die ze tegenkwamen in hun contact met mantelzorgers met een migratieachtergrond. Ja, en komen we al bij de laatste vraag: Hoe kunnen zorg- en hulpverleners die nu ook meekijken mantelzorgers met een migratieachtergrond ondersteunen? Bij het delen van de zorg met families en mantelzorgers met een migratieachtergrond. Maar die zijn er niet en die kunnen er volgens mij ook niet zijn, want het gaat altijd om maatwerk. Een aantal professionals word ik bijvoorbeeld dat ze het fijn zouden vinden als er een boek was met een overzicht van verschillende culturele gebruiken per culturele groep, zodat ze hun contacten met mantelzorgers met een migratieachtergrond daar vervolgens op kunnen afstemmen. Maar zoiets werkt niet. Dat zou gewoonweg niet werken, omdat mensen veel meer zijn dan de culturele groep waar ze toe behoren. Wat wel kan helpen is om geen culturele labels op mantelzorgers te plakken, maar om open en nieuwsgierig. het gesprek aan te gaan. En zoals ik al zei, is het altijd heel belangrijk om te kijken naar de mens die tegenover je zit. En je af te vragen hoe iemand opgegroeid is. Hoe lang woont iemand in Nederland? Zijn er sociale netwerken of niet? Enzovoort. Er zijn heel veel vragen die belangrijk zijn om de achtergrond en de levensgeschiedenis van de mantelzorger helder te kunnen krijgen. Dit soort aspecten spelen allemaal mee in hoe de behoeften zijn. En daarin bedoel ik ook dat het belangrijk is om. Contact of verbinding te maken met de leefwereld van mantelzorgers. Want zij zijn een enorme bron aan kennis. En zij weten als geen ander hoe de ouderen met dementie geleefd heeft en wat de behoeften zijn in de zorg. Dus vooral het gesprek aangaan met mantelzorgers. Wat daarna heel belangrijk is, is dat professionals zich ook bewust zijn van hun eigen referentiekader. Wanneer we het hebben over mantelzorgers met een migratieachtergrond, gaat het vaak over de cultuur van de ander. Haven ook een cultuur, natuurlijk. Ze hebben ook hun professionele bagage. En ze nemen ook zichzelf mee in het werk dat ze doen. Dus het is heel belangrijk dat ze daar bewust van zijn. Want objectieve hulpverlening is er niet. We komen allemaal ergens vandaan. We zijn allemaal met bepaalde normen en ervaringen opgegroeid. En die kleuren de manier waarop je zorgsituaties in dit geval ziet en benadert. Dus in het contact met mantelzorgers, denk ik dat het heel belangrijk is dat professionals zich constant afvragen: met welke bril kijk ik naar deze zorgsituatie of naar deze mantelzorger? Het is natuurlijk ook belangrijk dat professionals. Gesteund worden hierin door de organisaties waar ze werken. En dat zou kunnen door diversiteit en inclusie als aandachtspunt te nemen. Dank je wel, Meidal, voor dit gesprek. We kijken heel erg uit naar jouw promotie half november. Mocht je daarbij willen zijn, stuur dan ook een berichtje even naar Varos en dan linken we je door voor de online sessie."
ouderen-zorg-2.mp3,interviews,Cohere Labs Transcribe,39.0,25.619203980099478,100,44.896517412935324,4896.3125,4847.6557835820895,32.36008590138379,"Nou, dit is mijn allereerste podcast. De Tommy in de Zorg podcast ga ik hem maar noemen. Ik ben hier nu op Sint-Jozefoort. En ik vind het een hele mooie locatie. Eigenlijk wel heel bijzonder. Ik ben nu met Olaf Schut. En we hadden al een afspraak staan. En uiteindelijk hebben we nou besloten om dit te gaan doen. Om een podcast te gaan maken. Er zijn weinig podcasts over de zorg. Ik denk dat we daar nog wel hele leuke dingen mee teweeg kunnen brengen. Met de podcast. Olaf is specialist oudere geneeskunde. Zeg ik dat goed? Ja, dat klopt. En is het. hoe noemen ze het nog meer? Het werd vroeger altijd verpleeghuisarts genoemd. En. Eigenlijk sinds 2008 is het gefuseerd met de oude sociale geriaters. En sindsdien heet het specialist oudere geneeskunde. Specialist oudere geneeskunde. En zijn er veel mensen die jouw beroep beoefenen? Ja, volgens mij zijn het er om en nabij 1500. Dat is een relatief kleine groep voor een hele grote doelgroep. En veel van hen werken nog steeds in het verpleeghuis. Je ziet dat daar een grote cultuurverandering ontstaat. Dat er steeds meer buiten het verpleeghuis gaan werken. Als je nagaat dat. Zes procent van de kwetsbare ouderen wonen in het verpleeghuis. Zes. Ja, dus van alle kwetsbare ouderen woont er maar ongeveer zes procent in het verpleeghuis. Jij werkt niet in een verpleeghuis? Ik werk op dit moment vooral bij mensen thuis. En ga over een tijdje in Amsterdam ook wel in het verpleeghuis onder andere werken. Maar ook bij mensen thuis. En dan, wat voor mensen kom je dan tegen jouw werk? Ja, eigenlijk allerlei soorten mensen. Dus veel mensen: het is natuurlijk het idee in Nederland dat we steeds langer thuis willen wonen. Deels vanuit de overheid, maar ook wel dat mensen dat graag willen. We worden steeds ouder, en we vinden het ook heel belangrijk om te kunnen doen. Hoe je er zelf in staat. Dus veel mensen willen zo lang mogelijk thuis wonen. Wat ik zie, is dat ik veel door huisartsen ben ingeschakeld. En dan doen we een zogeheten eerste lijns consultant. Want de huisarts is de eerste lijn, eigenlijk de eerste zorg. En die kunnen ons inschakelen voor heel veel redenen. Maar veel voorkomend is bijvoorbeeld dat ze merken dat het op vele fronten steeds moeizamer gaat. Dat iemand steeds meer verschillende klachten heeft, bij veel specialisten loopt. Bijvoorbeeld steeds meer gaat vallen, de medicatie wel eens vergeet. Geen thuiszorg heeft, dat dieven ook niet wil. Echt een beetje een grijs gebied: gaat het nog wel thuis of niet? En dan zie je dat dit soort patiënten veel naar specialisten gaan in het ziekenhuis. En wat wij kunnen, is ze in een korte tijd helemaal in kaart brengen. Dus dan worden wij ingeschakeld door de huisarts met een vraag. Van bijvoorbeeld, meneer valt steeds vaker. Kun je daarin meedenken? Van een onderliggende oorzaak. Of het überhaupt nog thuis wel veilig kan. En dan komen we een paar keer langs. En dan brengen we ze eigenlijk helemaal in kaart. Maar ik weet wel, als ik in de wijk werk. dan is het toch vaak de huisarts. waarmee je te dealen hebt, zeg maar. En die heeft het niet zo vaak over zo'n specialist ouderengeneeskunde. Van een verpleeghuis ken ik het wel. Maar in de wijk, dan. Ik zie ze dan niet zoveel. Hoe kan dat, denk ik? Ja, ik denk dat het toch ook wel deels met de naamsbekendheid te maken heeft. En dat het ook wel lastig is dat het bijna in elke regio weer anders georganiseerd is. Dus die keten van zorg. Dus. Hoe zijn de onderlinge afspraken gemaakt? Als ik kom zelf uit Noord-Oost-Groningen, dan heb je echt een krimpregio. Daar werken heel weinig specialisten oudergeneeskunde. Dus als je er maar weinig hebt, dan is het ook heel moeilijk om die eerste lijns consulten te doen. Dus als je al tekorten in je verpleeghuis hebt, dan zie je bij de grote organisaties vaak dat ze minder geneigd zijn om die consulten te doen. Wat eigenlijk gek is als je nagaat waar de grootste doelgroep woont. En ik denk dat dat ook nodig is: dat huisartsen weten. Dat ze een spanningspartner kunnen vinden in de complexe zorg met ouderen, maar dat wij ook een schakel kunnen zijn tussen de case manager, de thuiszorgmedewerker en de familie. En wat ik vaak zie is dat ik, ik zie meestal mensen één à twee keer. En dan hebben we meestal één of twee gesprekken. En dan brengen ze helemaal in kaart. Ook soms met een verpleegkundige of anderen erbij. En dan hebben we vaak een uitzaggesprek. En dan geven we eigenlijk heel veel handvatten om te kijken of iemand daardoor een stukje waardevoller nog thuis kan wonen. En het kan soms iets heel kleins zijn, bijvoorbeeld dat ze nooit hebben gedacht aan die trap eens aan te passen. Dus ik ben ook een beetje ergotherapeut. Ja, we proberen eigenlijk alles op alle domeinen in kaart te brengen. Bijvoorbeeld op lichaamvlak, maar ook op de ADL, dus de lichamelijke verzorging. Hoe ze dat organiseren, of iemand nog wel of niet kan koken. Eigenlijk doen we een hele. Assessment: Van dat we alles in kaart brengen, alle domeinen, ook op psychisch vlak, communicatief zijn er bijvoorbeeld zichtproblemen of goorproblemen en dan lopen we dat stapsgewijs bij langs van wie zou daar nou een rol in kunnen spelen. We doen het vrouwelijk niet alleen, want ook de wijkzorg doet ontzettend veel en signaleert ook heel veel, dus daar hebben we ook vaak contact mee. Maar kan er zeg maar iemand een verpleegkundige of verzorger in de wijk jou gewoon bellen? Ja, dat kan vaak wel. Meestal gaat het via de huisarts en een hele belangrijke spin in de web. Is een praktijkondersteuner. Dus die zie je sinds de afgelopen jaren steeds meer. En dan heb je ook praktijkondersteuners, ouderen. Die zijn eigenlijk ook het aanspreekpunt daarin vaak. Dus daar sparren wij het meest mee. Maar je ziet ook dat we bij bepaalde huizen, bijvoorbeeld elke zes weken, een MDO hebben. En dan een beetje verschilt het per regio. Maar dan kan het bijvoorbeeld zijn dat je daar een wijkverpleegkundige. Maar ook een WMO-consulent. Een case manager. Een sociaal team of zo. Een sociaal team. Je kan eigenlijk daar alle belangrijke spelers van die wijk aan tafel laten komen. En dan bespreek je de kwetsbare ouderen. En dan kan het soms alleen al aan tafel voldoende zijn. Dan hoef je niet eens altijd iemand te zien. Maar dat je met het meedenken soms echt iemand al. Ja, heel erg kan helpen. Ja. Oké, best wel boeiend. Jammer dat er niet zoveel mensen van weten, eigenlijk. Maar als je nou even teruggaat in de tijd, je bent een. Je bent een man en je bent nu dokter geworden. Al een tijdje trouwens. Ja. Wat wilde jij vroeger worden? Toen je jong was? Vroeger wilde ik professioneel basketballer worden. Oké. Met mijn 1,73 meter was dat wel een uitdaging. Heb je wel geprobeerd? Ik heb het op mijn manier wel geprobeerd. Heel veel gebaasketbald. Ja, maar nee, het is helaas niet mogen worden. En toen? Na lange zoektocht wilde ik geneeskunde studeren en vooral sportarts worden. En ik sportte nog steeds heel veel. Maar waarom geneeskunde? Geneeskunde omdat mijn vader, die was huisarts. Oké, dan zie je vaak dat dat toch een beetje in de familie zit, de dokters toch? Klopt. Ja, en mijn moeder is zelfs verpleegkundige. Oké. Dus dat zag je ook. Mijn vader had een huisartsenpraktijk in Noordoost-Groningen. En aan huis. Dus ik heb het altijd gezien. Patiëntenzorg hielpen mee als er griepspuiten werden gezet. Met de registratie. En als ik wat ouder was, dan mocht ik ook wel eens een griepprik zetten. Oké. Onder supervisie. Ja, ja. En ik vond het stiekem eigenlijk altijd heel erg leuk. Maar een beetje in je pubertijd dan. Kom je zo vaak, zodat je niet. of juist helemaal zoals je vader wil zijn, of compleet niet. Ik wilde het leger in en ik wilde vooral heel veel sporten. Toen zei mijn vader ooit tegen mij: Hij zei: Je hebt zoveel interesse in de mens en in het verhaal van de mens. Waarom word je niet gewoon eerst dokter? En dan kun je altijd nog het leger in. Ja, je kunt ook legerachtig worden, precies. Ja, militairarts. En dat vond ik eigenlijk wel een hele logische zet van hem. Dat ik dacht: Daar heb je eigenlijk wel gelijk in. Ja. En dan heb ik eerst een hele interessante studie en dan kan ik daarna een heel mooi actief leven in het leger hebben. Dus je vader is wel een voorbeeld van jou? Ja. Ja, mijn vader is een groot rolmodel, mijn beide ouders, maar mijn vader, wel uiteindelijk voor het pad wat ik heb bewandeld. Oké, dan ga je geneeskunde studeren? Ik ben verpleegkundige. Ik weet wel, heel veel mensen die in de zorg werken, kijken ook wel een beetje op tegen de dokter. Ze hebben veel geleerd. Ik denk ook dat de dokters van vroeger wel een beetje anders in hun werk stonden. Was het moeilijk? De studie? De studie vond ik heel moeilijk. Mijn probleem was dat ik naar mijn middelbare school een stukje naar het buitenland gegaan was. En toen ik begon met studeren, las ik elk boek wat er was. Over geneeskunde. Voor de studiestof. Veel studenten gingen veel tactischer kijken. Welke belangrijke boeken? Ik las elk boek, elke letter. En daardoor vond ik het moeilijk. Onderscheid te maken tussen kleine details die werden gevraagd. Dus hele zeldzame dingen. Ik wist vaak heel goed de klinische ziektebeelden. maar minder goed een speciaal eiwit wat ineens werd gevraagd. of een zeldzaam molecuul. Dat vond ik lastiger. Dus ik liep er in het begin best wel tegenaan. En ik heb ook echt overwogen om mijn studie te stoppen op een gegeven moment. Ja. Maar de. voordat je basisarts bent, duurt het zes jaar? Ja. In mijn derde jaar overwoog ik te stoppen met de studie. En toen heel veel soul searching gedaan en gekeken. Van ik wilde heel lang ook de theateracademie doen, dus ik dacht: ga ik dat dan niet doen? Theater, ja. Met al zoekende geweest of zo? Zeker zoekende, en dat is ook wel iets wat ik herken bij mede-dokters en ook als geneeskundigstenten: dat het echt een zoektocht is, omdat het eigenlijk een hele brede opleiding is. Heel veel mensen denken: ik word er dokter mee, maar eigenlijk kan je alle kanten ermee op. Maar tijdens je opleiding ben je ook, denk ik, heel veel bezig met jezelf. Ik denk dat daar wel erbij hoort, bij jullie opleiding, tenminste. Ik weet niet wat zo is, maar nee, zeker. En er is, denk ik, ook veel meer aandacht voor als en ook wat patiëntencontact met je doet. Als ik vergelijk met mijn vader, heb ik wel eens gevraagd: Hij heeft in zes jaar opleiding één patiënt gezien, en dat was eigenlijk vooral aan de start wanneer die dokter werd. Terwijl nu de geneeskundeopleiding een hele praktische opleiding is waar je heel veel stages doet, heel veel patiënten ziet, vier keer per week. Waar een patiënt een college had, dus waar live een patiënt was, en ook heel veel aandacht is voor communicatie met de patiënt. Dus ik denk dat daar echt wel een hele positieve verandering in is. Maar wat bijvoorbeeld gek is met wat je zei over die verpleegkundige: wij hebben in ons eerste jaar een zorgstage. Dan moet je een maandje meelopen met de verpleging, dan ben je eigenlijk even uiteindelijk. Helpende of dan help je in de zorg. Ik vond dat super leerzaam. Ik heb dat in het ziekenhuis gedaan. Ja, en dan moet je mensen wassen en aankleden en de wondverzorging daar ook helpen. Dat hoort er echt bij. Ja, maar het is helemaal het begin van de opleiding. Ja, en veel mensen hebben daar toch wisselende ervaringen bij. Wel leerzaam, maar daarna ga je echt door met je opleiding. En dat ik wel eens achteraf denk van het had leerzamer geweest als ik dat helemaal aan het einde van mijn opleiding had gehad, omdat ik nu meer dan ooit realiseer. Hoe wij leunen op de verpleging. Dat het onze handen en voeten zijn, onze ogen. Dat wij soms patiënten maar zo'n kort moment zien. Dat je elkaar echt nodig hebt en dat je elkaar ook af en toe blindelings moet kunnen vertrouwen. En dat realiseerde ik me beter toen in die fase, in dat eerste jaar. Maar ja, daar gaat zes jaar overheen en dan heb ik wel eens gevoeld dat mensen dat vergeten eigenlijk. En ik denk dat dat medespeelt in die rollen en in die hiërarchie die er misschien nog steeds wel is. Ik vind het wel mooi. Je zegt vertrouwen, dat is denk ik heel belangrijk in de zorg. Maar even terug naar jou: je hebt een studentenbasisacht en daar ben je ouderen geen eerst kunnen gaan studeren. Maar ja, dat is eigenlijk toch, niet iedereen kiest daarvoor. Waarom kies jij specifiek voor de doelgroep. Oudere mensen. Want die worden niet meer zo. Snel beter. Nee, dat klopt. Nee, dat is eigenlijk, denk ik, bij mij ontstaan dat ik het sportarts heel snel had verlaten. Dat beeld. Ik heb een keuzevak gedaan toen merkte ik dat het voor mij niet de doelgroep was. waar ik eigenlijk nou op zoek was. Ik had toch wat meer met mensen die toch wel ziek waren. En toen kwam ik op refidatiegeneeskunde. Daar heb ik mijn hele studie eigenlijk op gericht. Onderzoek gedaan in India en ook keuzevakken ingedaan, mijn oudste kooschap. En toen vond ik het toch wel lastig dat je toch nog best aan grote afstand met de patiënt hield. En het patiëntencontact kwam niet dichtbij genoeg, op een of andere manier. En toen dacht ik: ik word maar huisarts. Dat was dan een soort van laatste keus, wat echt belachelijk is. Want het is een ongelooflijk complex vak. Maar toen dacht ik: Vind je alles? Alle interesses. Ook toch, zoals mijn vader. En die zei: Ga maar in het verplegerswerken. Dat is het meest complexe doelgroep voor een huisarts. Als je dat een beetje onder de knie hebt, dan komt het huisarts worden wel goed. En hij had denk ik niet gerealiseerd dat het effect uit iets anders zou worden. Dus je ging eigenlijk met de intentie naar het verpleeghuis: Uiteindelijk wil ik huisarts worden. Ja. Toen is er iets anders gebeurd, zeg maar. Ja, mijn eerste ervaring was niet meteen liefde op eerst gezicht. Ik had toen net in Suriname nog coachchappen gelopen, en toen ging ik in de bijl maar in een verpleegaar starten. Qua sfeer fantastisch. En ik heb ontzettend leuke bewoners gehad. Maar er was niet veel begeleiding. Dus ik had. Het was een locatie die. enorme onderbezetting had qua dokters. Dus toen heb ik ook gekozen om daar niet in verder te gaan na een paar maanden. Klein uitstapje gemaakt naar de verslavingszorg. En daar kwam ik heel veel ouderen tegen. Met verslavingsproblematiek, met drankproblematiek, met benzoafhankelijkheid, slaapmedicatie. En ik vond dat zie ik hem eigenlijk heel erg interessant. Vooral omdat ze zulke mooie verhalen altijd hadden, en zo anders waren dan die jongeren die aan de GHB verslaafd waren. En toen zeiden heel veel collega's tegen mij: Volgens mij moet jij iets met je ouderen weer gaan doen. En ik had het in mijn hoofd dan helemaal afgeschreven. Maar toen viel het allemaal op zijn plek. En als ik dan nu jaren later terugkijk. ben ik nu bijna klaar met de opleiding tot specialist. Dat is een driejarige opleiding. En ik heb daarvoor dus ook een tijdje in de ouderszorg gewerkt. Merk ik dat die doelgroep zo ontzettend leuk is. En er is geen dag hetzelfde. Vooral het werken met mensen die dement zijn, dementie hebben. dat vind ik zelf heel erg mooi. Ja, maar waarom dan? Omdat je eigenlijk als dokter niet een standaard doktersrol hebt. Dus ik schrijf niet alleen maar pillen voor. Ik denk niet alleen maar in diagnoses. Maar je weet dat iemand dement is. Je weet dat ze een beperkte tijd hebben om nog te leven. En je kijkt eigenlijk naar veel grotere dingen dan alleen de lichamelijke klachten. Je kijkt ook naar bijvoorbeeld: kunnen ze door die lichamelijke klachten ineens niet meer activiteiten doen? Hoe kun je die activiteiten dan nog op een bepaalde manier. Aanpassen dat ze het wel kunnen doen. Kon iemand piano spelen, maar kan hij door zijn ziekte dat niet meer? Hoe kan je dan wel zorgen dat hij nog van pianomuziek kan genieten? En ook met dat soort dingen denk je heel veel mee. En je denkt het heel erg in een team. En het zijn mensen die heel dankbaar vaak zijn. Omdat ze toch wat anders in het leven staan dan jonge mensen. Mocht je zeggen, je hebt dan geneeskunde gestudeerd. Het zegt het al, bij deze mensen wordt het niemand beter. En dan moet er toch wel iets zijn met die doelgroep die jou dan toch triggert of zo. Ik vond het heel bevrijdend. Dat heb ik ook wel eens gezegd. Ik vind het heel bevrijdend om niet alleen in diagnoses te denken. En zo is wel de opleiding heel erg ingericht. Iemand komt met een klacht. Je denkt in een bepaald patroon en het zal een bepaalde ziekte kunnen zijn. En je denkt in een behandeling. Je gaat oplossen, die wil je oplossen. Ja, fixen. En dat zit er ook soms nog wel in. En dat kan ook heel nuttig zijn. Dat is ook af en toe zeker nodig in acute situaties. Of bij bepaalde klachten die je daardoor toch nog kan verhelpen. Want dat vergeten ook heel veel mensen, denk ik, dat je bij ouderen ook echt bepaalde klachten zeker nog wel kan verhelpen. Ik heb ook wel eens dat ik een schouder, dat ik daar een injectie in heb gegeven. en dat iemand daardoor pijnvrij. Geen pillen nodig heeft. Nou, dat vind ik heel mooi om te kunnen doen. Maar ik vind het ook wel heel fijn dat. Het heeft wel iets dat. eigenlijk je als zo'n jonge dokter. Met een fase van het leven bezig bent, wat allemaal voor ons te wachten staat. Met de laatste levensfase, met de dood. En dat is heel bijzonder om mee te werken. Denk jij dat je anders in het leven staat door jouw werk? Ja, 100 procent. En hoe oud ben je eigenlijk? 33. 33. En dan gaat je heel vaak om met jouw patiënten, dan hele oude mensen. En die vertellen je verhalen. En daardoor kun je dan beter je eigen leven relativeren of zo, denk je? Ja, soms wel. Soms denk je dan echt, dan maak je iets heftigs mee. En dan denk je, jeetje, dan kom je thuis en dan denk je. Dat is het. Wat ben je eigenlijk soms met benullige dingen? Maak je je zorgen om? Of er toiletpapier op is of wat moet ik gaan eten vanavond? Ja. Ik heb ook daardoor veel meer over de dood na kunnen denken. Als kind was ik daar heel veel mee bezig en ook wel erg bang voor geweest. Je maakt nou heel veel of heel vaak, denk ik, wel de dood van dichtbij mee. En daar heb je ook een actieve rol. Dan daarom ook met deze doelgroep werk. Spirituele, al in jouw jeugd. Ja, of het beroep mij heeft gekozen, dat is zover, weet ik niet. Maar het is wel dat ik doordat ik nu zo vaak. Rauw zie, of iemand. Ik heb meerdere mensen gehad die in mijn handen overleden. Dat je zo dicht bij de dood komt. dat ik er wel op een andere manier naar ben gaan kijken. En dat ik dat heel bevrijdend vind, eigenlijk. Dat het ook wel iets heel moois kan hebben af en toe. Maar ook heel bijzonder is dat je als dokter zo dicht bij dat proces komt. Maar je bent ook heel verantwoordelijk in dat proces, natuurlijk. Als verpleegkundige weet ik. jullie bepaalde dingen, je hebt heel veel verantwoordelijkheden. De dokter is toch wel degene die dan heel veel bepaalt. En ook wel cruciale dingen. En ook wel, ik weet wel, in het hospice hadden wij een dokter en die was echt heel goed. Die was daar heel goed in. En. Maar als een dokter er niet is, dan is het voor een verpleegkundige ooit wel eens lastig. Hé, hoe moet je die dokter eerst bespelen om de juiste zorg te kunnen krijgen? En ik denk, dat was nog een vraag. Als je dat goed kunt doen als dokter, als arts. Dus super waardevol voor iedereen die betrokken is bij het proces. Maar wat maakte dat voor jou dan dat je zei: je zegt van die dokters in het hospice konden dat heel goed. Wat was dat dan in jouw beleving? We hadden in het hospice één dokter. En die was ook gewoon gespecialiseerd in die terminale. Fase, zeg maar, waar mensen in komen. En bijvoorbeeld mensen in de wijk, die dan de eigen huisarts hebben, die palliatief, op een gegeven moment terminaal, En je hebt dan huisartsen erbij die die zorg graag zelf doen, regelen, fixen zeg maar. Maar ze gaan heel andersom omdat ze misschien niet genoeg ervaring daarmee hebben. En dat is soms heel frustrerend, want als je dan, ik weet van het hospice dat er hele andere doseringen werden toegepast. om mensen rustig te krijgen of om mensen geen pijn te laten hebben. Dan zie je een huisarts iets anders doen en dan zie je dat het geen goed effect heeft op een patiënt. Ja, dan is dat frustrerend. Maar zo'n dokter bedoelt het natuurlijk goed. Maar mensen met meer kennis op dat gebied kunnen denk ik toch wel beter die doseringen inschatten voor de mensen. En dan denk ik dat dat wel heel erg is. Waardevol is. Dus er is heel veel verschil in, natuurlijk. En als je dan misschien te trots bent om een, nou zeker misschien heel zwart-wit, om een patiënt over te geven aan een andere dokter, ja, dat kan ooit wel eens heel lastig zijn. Ja, is het dan altijd in het belang van de patiënt dat een huisarts, dat het is ook heel begrijpelijk als je als huisarts natuurlijk heel lang een patiënt hebt geholpen. Ja, zeker. Maar het is wel dat je zegt ook, je merkte in de praktijk gewoon dat je er tegenaan liep dat ze er gewoon niet altijd evenveel ervaring mee hadden. Ja, zeker. Je hebt dan zeg maar. Je huisartsen die dan niet zoveel ervaring daarmee hebben, willen het dan graag zelf doen. En dan weet je als verpleegkundige hoe het binnen een hospice gaat. Dan wordt er anders mee omgegaan met zulke klachten bij mensen. En dan, ik ga niet zeggen dat je dan beter weet als verpleegkundige. Maar soms ook wel. En hoe ging je daarmee om? Want ik kan me ook voorstellen dat je, door je ervaring, dan wel eens denkt: goh, ik zou het zo doen. Voelde je dan de ruimte om dat aan te geven aan zo'n dokter? Jawel, soms wel, zeker wel. Je hebt zoveel verschillende mensen natuurlijk. En soms wel. Soms heeft ook wel eens ooit een dokter gevraagd: wat zullen we dan doen? En dat vond ik mooi, daar vind ik. Ik nam je mee. Ja, dat vind ik prachtig als je ze allemaal zo erin staat. Maar ook wel eens ooit, nee, zo is het en niet anders. En dan denk ik, ja, dat is. Dan weet ik niet hoe het komt. Ik geloof echt dat iedereen met goede intenties in de zorg werkt en denkt dat hij het goede doet, maar. Het denk ik heel belangrijk om voor elkaar open te staan, ongeacht hoeveel je gestudeerd hebt of wat precies je vak is binnen de zorg. Ja, ik denk ook dat het echt essentieel is dat je realiseert dat je het niet alleen kan. Ik heb zelf in het hospice drie maanden mogen werken tijdens mijn opleiding in een Joods hospice in Amsterdam. Dat was echt super waardevol. Ik ben zelf niet van Joods komaf, maar dat was heel mooi om te kunnen meemaken. En daar werkte een huisarts die gespecialiseerd was in palliatieve zorg. En ik als specialist oude geneeskundeopleiding. En er waren een paar andere specialisten oude geneeskunde ook aan verbonden. Dus het grootste gedeelte van de dokters waren specialist oude geneeskunde. En wat bijzonder was dat ik daar ook zoals met hele jonge mensen te maken kreeg. Die gewoon net zo oud als ik waren. Die gingen overlijden. Die gingen overlijden. Dat vond ik zelf wel ook weer een moment dat ik dacht. Ik ben wel heel dankbaar dat ik niet met jongere patiënten werk. Ja, ik vond het heel moeilijk. Ja, daar herken ik wel. Ik kan me herinneren dat er een keer een jongen in het hospice lag. die op mijn leeftijd had. Ja, dat is dan onwerkelijk of zo. Dan ga je heel erg dingen op jezelf betrekken. Ja, je bent dan wel professional, maar dan doe je dat toch? Ja, ik denk, had je dat ook? Jazeker, dat herken ik heel erg. Ik heb echt een patiënt gehad dat ik dacht dat ik dat had kunnen wezen. Het was alleen dat ik heb dan een dochtertje, dat had hij niet. Maar voor de rest had ik compleet dezelfde persoon kunnen zijn. En hij had het pech dat hij een tumor had. Waar hij aan kwam te overlijden. En ja, dat het leven dan zo. Dat je soms gewoon pech kan hebben. Maar ik vond het heel bijzonder dat in dat hospice werd er zoveel aandacht gegeven aan de beleving van dat laatste stukje. En er werd daar ook gezegd: het leven wordt gevierd. Tot het laatste moment. Geloven mensen ooit niet. Als ik ooit vertel over het hospice, dat mensen dan. hebben ze zoiets van: oh ja, dan gaat iedereen dood en daar is het heel duister. En. Terwijl, ja, jij weet het ook. Het leven staat nergens zo centraal als in een hospice, denk ik. Nee, nee, zeker. En er wordt ook heel veel gelachen en lekker gegeten en. Soms zelfs hele mooie muziek gedraaid. En via de wensambulance bijvoorbeeld bepaalde dingen nog gedaan. Ja, dat is ook mooi, hè? Wat jullie doen. Ja, ik volg hun ook op LinkedIn. En dan zie ik altijd van die mooie foto's. Van iemand die nog ergens in een bos een laatste picknick doet. Of dat vind ik zo. Ik vind dat wij in de zorg voor dit soort dingen echt aandacht moeten hebben. En niet alleen voor verder moeten kijken dan alleen de ziekte. En als ik dan terugkijk, heeft dat dus ook meegespeeld. Waarom ik ooit voor refidatiegeneeskunde koos. Want die kiezen. Die werken ook heel vaak vanuit een ziekte. Dus iemand heeft bijvoorbeeld een beroerte doorgemaakt. en daardoor beperkingen opgelopen. En hoe ga je daar dan vervolgens mee om? Dat is zo'n andere manier van denken. En dat is wel, denk ik, ook lastig. Dat veel geneeskundige studenten dat niet gewend zijn om te denken. Dus is het ook logisch dat je daardoor sneller voor een beroep zal kiezen later. Waar je zes jaar lang wat over te horen hebt gekregen. En daarom kiezen, denk ik, zoveel mensen ook voor het ziekenhuis. Dat ze denken: ja, ik hou van een actie. Ik wil mensen kunnen genezen. Ja, en dat ik nu wel steeds. Ik denk dat het grootste gedeelte van de space is het oudergeneeskunde in opleiding. Nooit dat van tevoren dachten te zullen worden. Omdat je in de opleiding daar weinig van ziet. Nee, ik heb in Amsterdam naar UvA gestudeerd. Ik heb geen enkel college. Van een specialist oudergeneeskunde in sessiatijd gehad, maar ook niet van een geriater. Dus ik wist helemaal niks van oudergeneeskunde qua specialismus. Ik had er nog nooit van gehoord. En dan is het natuurlijk heel lastig om voor iets wel of niet te kunnen kiezen. als je überhaupt niet weet dat het bestaat, of dat er verkeerde verhalen over bestaan. Dus ik geef nu elke week les, ook op de VU, aan geneeskundige studenten. vlak voordat ze hun stage gaan lopen in het verpleeghuis. En dan vragen mensen ook heel vaak hetzelfde aan mij: waarom heb jij in godsnaam voor dit vak gekozen? Ja. Ja, dat... Het is ook niet voor de hand liggend, denk ik. Je bent jong, een man, je hebt ook tatoeages volgens mij. Ja, dat klopt. En dan werk je in de zorg en ook nog eens met oudere mensen. Ja, dus die vragen krijg je dan inderdaad: van wat maakt het dan? En ik denk dat je, hoe ouder je wordt, en ik ben helemaal nog niet oud, maar ik sta aan het begin van mijn carrière, maar is dat je wel steeds meer gaat kijken waar krijg ik energie van en waar word ik gelukkig van? En voor mij is dat af en toe een onorthodoxe rol van de dokter. Gecombineerd met ook een hele pragmatische rol. Dus ik ben af en toe ook een soort huisarts. Alleen dan voor alleen maar ouderen. Dus ik heb ook wel eens een teenagel weggehaald. Omdat hij al een stoken teen veroorzaakte. Of een schimmelinfectie behandelen. Dat doe je ook. Of de diabetes van een suikerpatiënt goed instellen. Dat doe je ook. En waarvan je nou echt, als je dan heel specifiek kijkt naar jouw vak, waarvan je nou echt het mooiste waar je tegenkomt bij de dingen die je nu mag doen? Wat ik het mooiste vind om te doen, is denk ik. Iemand in de laatste levensfase, met name het laatste stuk, zo goed mogelijk kunnen begeleiden. Echt het allerlaatste, bedoel je? Ja, dat vind ik denk ik een van de meest waardevolle stukken. Gecombineerd als tegenhanger mensen ondersteunen in de thuissituatie. Dus door die consultatieve rol in de eerste lijn. Dat is een soort yin-yang voor mij. De ene kant is eigenlijk het misschien wel een beetje tegenovergestelde wat ik ooit heb geleerd. De dood en de dilemma's. Of iemand nog wel of niet naar het ziekenhuis moet gaan. Dat je daar met een familie een heel intens gesprek over kan hebben. Bij iemand die dement is en er niet meer over na kan denken, of het niet meer kan verwoorden. Ja. En dat in tegenstelling tot iemand die het wel heel goed kan. Maar net heeft ontdekt dat hij dement begint te raken. En het leven. Uit zijn handen ziet glippen en een soort toekomstbeeld voor zich ziet van: Oh god, ik moet ooit naar het verpleeghuis, hoe moet dit allemaal? En daar ook dan in mee te kunnen denken. Ja. En die twee tegenhangers in het vak, dat vind ik eigenlijk heel erg gaaf. Maar goed, ik denk dat we een beetje dezelfde missie hebben, zeg maar: van meer aandacht genereren ook voor de oudere mensen, voor de zorg voor oudere mensen. Maar heb je daar een idee over van hoe kun je er nou het beste doen? Hoe kunnen we nou, zeg maar. Je kunt niet mensen overhalen om in de zorg te gaan werken. Daar ben ik echt van overtuigd. Maar hoe kun je er nou wel voor zorgen dat mensen. Want ik was net zo onwetend als jij eigenlijk. Ik had ook zelfs vooroordelen. Ik dacht saai, oude mensen willen daar niks mee te maken hebben. Mij heeft het ook gegrepen. Hoe kunnen we ervoor zorgen dat we die doelgroep kunnen bereiken? Want er zijn heel veel mensen, denk ik, die nu ook niet weten wat ze willen, zoekende zijn, wel een vooroordeel hebben over iets wat ze niet weten. Hoe kun je die mensen triggeren om misschien daar eens over na te denken of om het eerst te gaan ervaren? Ik denk twee dingen: lange termijn en korte termijn. Lange termijn, om de grootste impact te maken. Nu wordt een nieuw raamplan geschreven voor het geneeskundecurriculum. Dus dat is, hoe ziet het. Curriculum van die hele opleiding eruit. Dat zijn ze op dit moment aan de tekentafel aan het. Ontwerpen voor de komende zoveel jaar. Wist jij daarbij ook? Nee, maar er zitten wel grote spelers zoals Nienke Nieuwenhuizen en ook mensen van het ministerie zitten erbij. Er wordt echt vanuit allerlei vakgebieden over nagedacht. En er zijn ook wel geluiden waarin ze. Ik verwacht ook wel dat er echt een grote verandering daarin gaat plaatsvinden. Op de lange termijn dan? Ja. En dan plaat je over tien jaar bijvoorbeeld? Nou, een idee is bijvoorbeeld: nu is het geneeskundecurriculum heel erg ziekenhuisgericht. Terwijl we weten uit de onderzoeken dat meer dan de helft uiteindelijk niet in het ziekenhuis gaat werken. Maar huisarts wordt, of specialist-oude geneeskunde, of arbeidsarts, allemaal buiten het ziekenhuis. Ja. Toch is het gek dat we dan de opleiding zo erg ziekenhuisgericht hebben. En ook de kooschappen is, denk ik, 80% allemaal ziekenhuisgericht. Die doen allemaal ziekenhuisstages. En het allerlaatste stukje, een paar weken, is het verpleeghuis. of soms niet eens, maar Amsterdam op de vuur gelukkig wel. Ik denk dat daar de verandering moet starten. Dus dat je een kooschappen op zijn kop gooit. Dat je het grootste gedeelte allemaal buiten de ziekenhuisstage loopt. bij de huisarts. En dat als je patiënt, je oudere patiënt bijvoorbeeld, een keer een operatie nodig heeft. dat je meegaat. Dat je gaat kijken in het ziekenhuis. En dat je daardoor het stukje van die operatie leert. In plaats van dat je acht weken lang op een afdeling van de CDC staat. Waar je ook heel vaak niet nuttige dingen doet. Dus in de opleiding, daar moet de grootste slag geslagen worden. Ik denk als je daar meer aandacht voor hebt, dan heb je het profijt voor de langere termijn dat we ja veel meer mensen het normaal vinden om met ouderen te werken en ook buiten het ziekenhuis te werken. Ja, dus dan heb je veel completere dokters. De nou ligt voor jou voor gevoel meer de focus echt gewoon op het ziekenhuiswezen en net niet op de andere dingen die daar wordt. En daardoor wordt het automatisch ook als een soort tweede, derde keuze door mensen ervaren. Dat ze denken: Nou, als het niet het ziekenhuis wordt, dan maar dat. Terwijl het grootste gedeelte. Uiteindelijk voor de huisartsen geneeskunde kiezen of de oude geneeskunde. En het achteraf dan vaak zeggen: had ik dit maar eerder geweten? Het is die zoektocht. Ik denk dat je mensen minder zoekende zouden zijn als je een complete beeld in je curriculum neerzet. En een korte termijn oplossing is dat je als eerste stap, dat je bijvoorbeeld op alle plekken van, als ik het puur over de dokters heb, op alle geneeskundefaculteiten een verplicht kooschap oude geneeskunde zou doen. Nu zijn er maar een paar plekken die het doen. Onder andere de VU. Nijmegen doet dit volgens mij. En anders is het een onderdeel van een sociale stage. Dus de een komt bij een arbeidsarts en de ander bij een verpleeghuis. Als je dat overal in Nederland doet, dan weet je zeker dat elke student het in ieder geval een korte fase ziet. Hebben ze het ervaren? Precies. En ik denk ook niet dat het nodig is dat iedereen in een oude geneeskunde gaat werken. Nee. Maar als een chirurg later doorheeft van wat er afspeelt in de thuissituatie. Wat heeft geleid tot die heupfractuur. Waarom het zo lastig is om thuis te wonen met dementie? Ja. Dan zou je die patiënt ook heel anders benaderen als die opgenomen wordt in het ziekenhuis. En dan zou je ook een andere afweging soms kunnen maken van is deze operatie wel op zijn plek. En waar je dat nu niet doet, omdat je het niet weet. Je kent het niet. Dat zeg je wel heel mooi, dat je zeg maar dan ook al ga je er niks mee doen, die ervaring aan zich met die doelgroep gaat je alleen maar een completere dokter maken, uiteindelijk. Hoe zou je dat voor de verpleegkundigen voor je zien? Nou, hetzelfde denk ik. Ik denk vooral dat ook op HBO- en V-opleidingen, dat een verplichte ouderenzorgstage goed zou zijn. Gewoon om hetzelfde idee dat ze dan uiteindelijk wel een beeld ervan hebben. En of iedereen gaat werken, ja of nee, dat ligt aan jezelf. Je kunt niet mensen verplichten tot in de ouderenzorg gaan werken. Maar het is natuurlijk wel zo dat er heel veel ouderen zijn. Mensen houden we steeds langer in leven door onze mooie geneeskunde, toch? Maar ja, die mensen hebben ook zorg nodig. En uiteindelijk hebben we daar wel heel veel mensen nodig. En ik denk dat dat wel heel belangrijk is. En dan op alle opleidingen gewoon. Bij de verzorgende opleiding ben ik wel van overtuigd dat daar oudere zorg. Daar gaat het heel vaak over. Verpleegkunde is dan toch ook weer heel vaak. Oh, het ziekenhuis. Jonge mensen die denken: ik ga verpleegkundige worden. Waarvan de moeder of vader niet in de oudere zorg werkt. Die denken: die willen in het ziekenhuis werken heel vaak. Dat is de actie, daar kun je veel dingen doen. Ja, en ik denk dat daar komt ook. Heel erg door de series. Grey's Anatomy en ER, hoe heet die serie? Ik denk echt dat het daar wel mee te maken heeft. Door de beeldvorming van mensen die zal. Beetje gekleurd door de media en des mooi, prima. Ik denk dat ook een keer een serie voor de oudere zorg mag komen of zo. Maar zo'n verplichte stage, gewoon om het ervaren, vind ik iets heel goeds. Want je kunt mensen nooit verplichten, maar het ervaren maakt mensen alleen maar rijker, denk ik. Ja, en ik ben er ook wel eens een keer voor gevraagd. Er was een stelling in een blad dat iemand aan mij vroeg: van aan een paar mensen vroeg, zou je ervoor zijn? En dan zei iemand die erop tegen was, die zei dat het verplicht is, zou ik niet willen. Ik noem het ook verplicht, maar. Het zou eigenlijk de norm moeten zijn. Het is nu de norm dat je stage loopt bij de Suzie, bij de interne, noem maar op. En het is niet de norm, het is de afwijking, de uitzondering. dat je een keer in een verpleeghuis een stage zou kunnen lopen. Terwijl daar zou een verandering in moeten plaatsvinden. van ook een cultuur shift. Maar ook wat wij uitdragen als dokters. in de ouderenzorg. En dat we ook daarin een heel ander beroep hebben. dan dat het een paar jaar geleden was. Dus ik denk dat als veel meer mensen weten dat we ook heel veel in de wijken. bij mensen thuiswerken, wat aan huis iets heel veel doet. maar wij hebben veel meer tijd. en veel meer expertise op een. Specifiek gedeelte, dat is ook heel aantrekkelijk voor jonge artsen om in te gaan werken. En daar zullen zelfs instellingen, verpleeghuisinstellingen, ook naartoe moeten gaan. Dat ze hun dokters, die nu allemaal binnen de verpleeghuismuren vooral werken, ook veel meer gaan stimuleren om de wijk in te gaan. En samen te werken met de thuiszorg en de case managers. En de praktijk ondersteunen en een huisarts. Daar ligt de toekomst van ons vak. Niet in het verpleeghuis. Daar ben ik echt van overtuigd. Ik vind het wel mooi dat je ook. Eigenlijk ook gek dat het enorm is dat je wel op chirurgie en allerlei plaatsen komt. Maar de oudere zorg een beetje vergeten is. Het is niet zeker dat je ooit in je leven een chirurgische behandeling nodig hebt, maar we worden allemaal ouder. Ja. Tenminste, die kans is groter, verwacht ik. En daar is dan weinig aandacht voor. Oké. Nog een laatste dingetje, de toekomst. Ik ben best wel positief over de zorg. Ik denk dat het allemaal goed komt. Niet zonder enige inzet. Hoe kijk jij naar de toekomst van de zorg? Want er zijn nu een hoop problemen, veel in de media. Wet, zorg en dwang is ook een dingetje, las ik vandaag. Hoe zie jij de toekomst? Ja, ik denk dat er heel veel gaat gebeuren. En ik denk dat er ook veel gaat innoveren in specifiek de oudere zorg. Dus dat we een hele andere manier van werken gaan nodig hebben. Maar ik zie dat heel positief in, inderdaad. Ik denk dat we allemaal onze schouders eronder moeten zetten. Want bijvoorbeeld, mijn collega's en wij hebben het heel zwaar. Ja. Werkdruk en het kan niet meer. En het is een signaal dat we afgeven met z'n allen. Hoe zit dat bij jullie? Ja, dat wordt ook op een vergelijkbare manier wel gedaan. Of dat ze zeggen we kunnen niet. Hoe kunnen we zo direct de toekomst aan? Met de tekorten die we hebben. De babyboom-generatie gaat massaal, sorry, met pensioen. En daar is een hele. Dat kunnen we letterlijk qua aantal mensen niet. Ook al zou iedereen voor de oude geneeskunde kiezen, zou je dat niet kunnen compenseren. Nee, dus we moeten wel iets doen. We moeten, maar daar moet je de manier van werken ook gaan veranderen. En daarom zie je in de oude zorg ook dat we vaker met specialist- en verpleegkundige specialisten gaan werken. Of CIS en Assistance. Of dat we vaker met basisartsen werken. Of ook praktijkverpleegkundigen. Dus dat is veel meer een andere manier van hoe je je werk inricht. Taakdelegatie, taakinschikking. Dat dat ook heel erg belangrijk is. Maar dat betekent dat dokters ook soms moeten loslaten. Verantwoordelijkheden moeten kunnen loslaten. En dat is denk ik niet voor iedereen even makkelijk, maar het is onvermijdelijk. En als dat gebeurt, en ook op het stuk op de geneeskundefaculteiten. Gaat omdraaien en dat de focus een andere focus wordt, meer gericht op de eerste lijn. Dat we ook zien dat je in die laatste levensfase eigenlijk nog heel veel mooie dingen kan bereiken. En ook zelfs nog wel op curatief, dat je dingen kan behandelen. Maar dat je beter kan afwegen wanneer stuur je nou weer iemand wel of niet in. En dat je er vroeger ook over gaat praten, samen met de huisarts, samen met de familie. Dan kun je heel veel dingen voorkomen. Dan kun je die kiezersopnames vaker voorkomen. Dan komen mensen niet zomaar altijd op de spoedeisende hulp, omdat het ineens niet meer gaat. Nee, je hebt daar in een vroeger stadium eigenlijk al over nagedacht. Dat is denk ik waar de toekomst naartoe gaat. En wat denk ik echt een heel mooi onderdeel is van ons vak. En als ik denk aan. Dat er veel dokters zijn die eigenlijk ook dat stiekem wel willen. Mee willen werken aan innovatie en in verandering. Merk je een verschil tussen de nieuwe generatie dokters en de wat oudere generatie dokters? Wat was daar het grootste verschil tussen die twee groepen? Ik weet niet waar je de lijn moet trekken hoor, maar. Ja, ik denk dat je zeker wel een verschil merkt. Kijk, bijvoorbeeld, hè? De dokter. Als je kijkt binnen mijn collega's, de verpleegkundige verzonen, er zijn er ook best veel die het gewoon een beetje eng vinden om de dokter te bellen. Want de dokter is toch gewoon een man met. Of een vrouw. Maar die weet het allemaal. En zo denken wij dan. Heb jij dat ook? Nou ja, niet meer zo. Maar ik weet wel dat ik de eerste keer een dokter moest bellen, vond ik toch een beetje eng. Ik heb ook al een dokter aan de telefoon gehad die niet zo aardig deed. En dan denk ik, ja, dan vormt je dan wel natuurlijk een beetje van. Als je dan de reactie krijgt van ja, raar dat je dat vraagt. Of gewoon heel kort afdoen. Maar ik heb. Een merendeel van de dokters die ik heb gesproken in mijn loopbaan tot nu toe. vonden het juist superleuk als ik een vraag stelde, dat ze mij dingen uit konden leggen. Dus ik snapte ook. Voor mij is die angst er niet meer, maar ik merk wel dat er nog best wel veel is. Dat ze de dokter toch op een soort voetstuk plaatsen: van die weet eigenlijk alles wel en ik moet maar geen domme vragen stellen en die zal het wel druk hebben. Snap je wat ik bedoel? Ja, er is een soort kloofje in of zo nog steeds tussen de verpleegkundigen, verzorgenden, helpenden, maakt niet uit en de dokter. Ik denk dat het zeker een grote verschil daarin is ontstaan. Ook zelfs in het ziekenhuis, dat je daar een verschuiving ziet. Bepaalde specialismes is het toch wel wat meer hiërarchisch. Bij de CDC is het wel wat meer. Als co-assistent mag je op bepaalde plekken zomaar niet gaan zitten, bijvoorbeeld. Mag niet? Nee, dan hoort daar de specialisten zitten. Dan zit je op de befaamde co-assistenten kruk. Dat verandert wel steeds meer. En ik denk dat er wel steeds meer een teamgevoel is. Alleen al onder de artsen ook. Maar mag ik niet verplegen? Richting verpleging zie ik zeker een verandering. Als ik naar mezelf kijk. Als ik bijvoorbeeld visite doe met een verpleegkundige. dan vraag ik je heel uitgebreid vaak hoe zij het zien. Of zij vinden dat het heel anders gaat. Of dat zij zich zorgen maken. Of waar denk je zelf aan? Ik nodig ze heel vaak uit om zelf ook over die dingen na te denken. En ik hang dan ook op dat moment aan hun lippen. omdat ik. Ook nog maar in de startblokken staan. Ik heb wel een hele berg aan kennis, maar het is ook deels geleerd uit boeken. En soms heb je een verpleegkundige waar je mee samenwerkt die al twintig jaar. Patiënten helpt en veel meer daarover weet dan ik. En ik weet bepaalde links te leggen of een plan te maken, maar we hebben elkaar daarin nodig. Dus ik denk dat dat wel heel belangrijk is dat ik die samenwerking altijd probeer op te zoeken. En ik denk niet dat dat een leeftijd-ding is, dat oudere artsen dat niet per se doen. Maar je moet je wel voorstellen dat zij in een cultuur zijn opgegroeid qua geneeskundigstudent, als dokter, waar dat wel veel meer heerste, nog. Ja, sowieso. Als ik kijk naar oudere mensen. Ik heb ooit een vrouw gehad, dat weet ik nog goed. Het was een vrouw met dementie. En die nam mij in ieder geval serieus aan. Toen heb ik een jasje aangedaan, een wit jasje, want op die afdeling waren geen witte jasjes. Heb ik een stethoscoop omgehangen. Ben ik naar haar toegegaan en heb ik nog even gevraagd. Ik weet niet meer waar het over ging precies, maar toen was het, oh, dat is de dokter. En ze stond op en ze was gevallen en ze wilde niks weten ofzo. En toen was het in een keer goed en dat vind ik wel mooi. Dat je dan toch, dat een dokter toch ook wel voor deze mensen wel heel veel respect krijgt. Ik heb ook heel veel respect voor alle artsen, want het is natuurlijk een super verantwoordelijk beroep. Waar gewoon je redt levens, of je maakt levens beter. Of je. Je laat het einde van een leven prettiger en mooier verlopen. En dat is toch je taak, denk ik. Of ik het zo even samenvat. Je bent super verantwoord. Het is gewoon heel mooi. Heb je zeg maar een tip voor alle dokters in Nederland? Heb je zeg maar tips gezien de toekomst? Van wat is nou het belangrijkste in de zorg om te doen op dit moment? Waar we met z'n allen eigenlijk al vanaf morgen kunnen gaan doen, zodat we een toekomstbestendige zorgsector hebben? Complexe vragen. Ja. Oh ja, dat is een groot vraag. Geen mooi in de Tweede Kamer? Ja. Dan krijg ik een telefoontje van minister De Jonge. Ja. Als ik hem iets kleiner zou maken, specifiek in de ouderenzorg. denk ik dat het belangrijk is dat we ons allemaal moeten realiseren. dat onze doelgroep op een heel andere plek woont. dan waar we nu onze focus op leggen. Dus we focussen ons in de ouderenzorg breed voornamelijk op hoe regenen we dit nou goed in het verpleeghuis. En ik denk dat we veel meer moeten gaan kijken hoe we zorgen dat we. complete zorg leven bij mensen thuis. En ervoor zorgen dat we veel meer gaan samenwerken. Dus ik hoop, ik denk dat het toekomstbestendig is, dat we veel meer gaan samenwerken bij mensen thuis. En dat ik als dokter en oude geneeskunde ook veel intensiever ga samenwerken met. Met alle partijen die daar betrokken zijn. En ik denk als we dat allemaal doen, dat we veel mensen een mooiere tijd thuis kunnen gunnen. Door samenwerking. Daar sluit ik helemaal bij aan. Ik denk dat samenwerken echt zo belangrijk is in de zorg. Dat je niet onafhankelijk wil zijn of alles zelf wil doen, maar gewoon die wederzijdse afhankelijkheid, dat dat gewoon heel mooi is. En dat je uiteindelijk het toch samen moet doen. En dat je alleen samen de juiste zorg kunt leveren, denk ik. Want je kunt het niet alleen doen en dat hoeft ook helemaal niet. Nee, en ik denk dat dat ons vak juist zo mooi maakt. Ik vind het ontzettend. Ik ben juist heel dankbaar voor de dingen die een thuiszorgverpleegkundige doet. Waardoor als ik vraag of ze wat nog vaker kunnen komen. omdat iemand dan wat meer structuur heeft, bijvoorbeeld die dement is. of daardoor veiligste medicijnen ineens inneemt. en daarover spart met elkaar of dat haalbaar is. en ook met familie over nadenkt. dat vind ik veel waardevoller dan dat ik op een papier een medicijn voorschrijf en denk. Die blaasontsteking ineens verholpen. Ik denk dat het veel waardevoller is om te kijken verder dan alleen de ziekte. En ik heb de thuiszorgmedewerker net zo hard nodig als dat. Zij, mij of een huisarts hebben ook nodig. En als we dat beter realiseren, dat we niet allemaal in onze eigen eilandjes denken, denk ik dat je de oudere zorg veel behapbaarder maakt. En zal dat uiteindelijk ook leiden tot successen, waardoor misschien in de politiek, maar ook vanuit andere zorgverzekeraarinstellingen, dat ze ook een cultuur shift zullen gaan zien. En zullen gaan zien dat je daar dus ook veel meer in kan gaan investeren en het kan vertrouwen dat je het anders kan gaan inrichten. Vertrouwen is ook een ding. Ja. Vertrouwen. Als je het even wil hebben over de bureaucratie en zo. En daar zul je ook last van hebben, denk ik. Dat heeft ook wel met vertrouwen te maken. Ik denk wel zoiets van laat dingen toch een beetje los. Alles registreren en aftekenen en vastleggen en aanvullen in zo'n sowieso. Die mappen die er nog steeds zijn, die papieren mappen. Ja, dat heeft ook met vertrouwen te maken, denk ik. Alles aftekenen. Heb je er ook last van in jouw werk? Dat je echt heel veel moet verantwoorden? Die mappen, daar moest ik wel bij lachen. Want voor mij is dat soms ook wel handig. Want ik. Ik kom wel eens bij iemand en dan kan ik daar toch een deel van de informatie in vinden. Maar ik snap heel goed wat je bedoelt. Ik denk dat het z'n doel op een gegeven moment voorbij gaat. En dat ook bijna een soort wantrouwen. Aanwakkert. Ik moet blijkbaar verantwoorden of ik mijn werk wel goed doe. Wij moeten het ook veel voor de financiën, om te kijken dat je wel goed wordt betaald. voor de consulten die je bijvoorbeeld doet. of de tijd die je aan een bepaalde behandeling besteedt. Ja, ik denk dat dat niet het doel op zich zou moeten zijn. Maar het doel op zich is dat je iemand goed wil helpen. En als je meer tijd kwijt bent met registreren dan met eigenlijk iemand helpen, dan is er iets fout. Dan is er iets fout gegaan. Is dat momenteel zo, dat je meer tijd bent? Nou, dat hoor ik heel veel van verpleegkundigen en thuiszorgmedewerkers. Daarom is er volgens mij dat minister De Jonge daar ook veel mee bezig is gegaan. En dat er geluiden zijn om meer dingen af te schaffen. Ik vraag me af in hoeverre dat in de praktijk dan ook wel meteen voelbaar is. Dat valt mee. Ik denk dat er heel veel dingen veel makkelijker afgeschaft kunnen worden. Bijvoorbeeld die vijf minuten registratie. Die kan echt in mijn beleving, en ik denk dat er heel veel mensen het daar misschien wel niet mee eens zijn, maar die kan morgen al stoppen. Kunnen ze gewoon ergens anders regelen, bij een zorgverzekeraar of bij. Iemand heeft een indicatie van vier uur per week bijvoorbeeld. Jij geeft ook zulke indicaties af. Ja, zeker. Stel je voor, iemand heeft een indicatie van vier uur per week, dus die mag vier uur per week zorg krijgen. Ik begrijp zelfs dat daar bijvoorbeeld een half uurtje van gereserveerd moet worden voor administratieve handelingen die gedaan moeten worden voor iemand. Maar. 3,5 uur per week, daar is het gewoon. En dan kun je gewoon leveren die zorg. En huis je in, huis je uit op je telefoon. om te registreren hoeveel minuutjes je ergens bent. is dan niet nodig, denk ik. En ik weet zeker als je zeg maar aangeeft aan collega's. nou je hebt daar ongeveer een half uur. en als je nou structureel merkt dat het veel langer duurt. geef het even door. gaan we eventjes met de dokter in gesprek. of met iemand anders die de indicatie mag aanvragen. een wijkverpleegkundige. om deze op te hogen. Makkelijk realiseerbaar is dat een zorgverlener, een verzorgende die gewoon bij mensen thuiskomt, dat die niet meer alles zelf moet registreren. Dat stukje op hun telefoon, 10 minuutjes meneer Jansen, 20 minuten mevrouw Jansen. Een half uur meneer Pieterse, dat als dat stukje al weggaat, ik denk dat daarvoor een hoop rust zorgt. Tenminste voor mij. En denk je dat dat ook uiteindelijk meer zou het ook een ander effect hebben dan alleen meer tijd voor de patiënt? Zou het ook nog een invloed kunnen hebben op hoe mensen het vak zelfs ervaren? Ja, ik denk juist dat. Kijk, die tijd blijft hetzelfde natuurlijk. Maar het feit dat je weet dat ergens tien minuten voor staat, geeft bij heel veel mensen al een bepaalde druk, denk ik. Ik weet nog goed toen ik net in de zorg werkte en ik wist dat er tien minuten voor die persoon was en ik was er twaalf minuten, had ik de rest van mijn route haast. Dat is raar natuurlijk, nu weet ik ook dat je om moet gaan. Maar ik denk dat bij heel veel mensen natuurlijk nog wel zo is dat je denkt: oh, ik ben toch over de tijd heen en moet ik bij de volgende maar wel sneller gaan. Als je dan al jouw route op die manier begint. Dan denk je van ja, die tijd is een indicatie. Dus laat die tijd even voorwaarts en ga gewoon je werk doen. En als je nou echt merkt, nou bij die persoon zijn we steeds zo lang bezig. omdat er iets aan de hand is. regel het met z'n allen. Maar dat je niet steeds meer. terwijl je aan het bed staat, om maar zo te zeggen. je telefoon erbij moet houden van hoe lang ben ik hier. Dat vind ik niet nodig. Dat kan me ook voorstellen dat je gewoon minder aandacht hebt. voor echt letterlijk ook delen van je werk. Dat je net even die. Dat is het stuk van de wond, of een handeling, of die patiënt angstig is of niet. Dat je daar allemaal minder aandacht voor hebt, omdat je eigenlijk een beetje in je achterhoofd met iets heel anders bezig bent. Ik denk wel, ja inderdaad, als je zeg maar achterloopt, om maar zo te zeggen, dan krijg je haast en dan heeft het echt effect op hoe je je werk doet. En ik ben er echt wel van overtuigd dat iedere zorgverlener toch die wond goed verzorgt en dan weer gewoon mee doorgaat. Maar dan nog, we hoeven die werkdruk niet te ervaren. En ik denk dat het ligt ook een beetje aan jezelf, hoe je bent, maar ook wel een beetje aan het systeem waarin wij nu moeten werken. Maar al met al, werk in de zorg blijft mooi. Dat vind ik gewoon zo. En. Want je ziet hier jouw kans in. En eigenlijk heel praktisch, zijn het helemaal niet zulke grote stappen, zeg jij? Ik denk van niet. Ik denk gewoon, kijk, die uren die moeten ergens geregistreerd worden. En dat kan iemand op het hoofdkantoor ook prima doen. Door gewoon alles op oké te zetten. En mocht het dan. Oké, tenzij. Ja, inderdaad. Oké, tenzij. Zorg en dwang. Nee, ik denk echt dat dat wel anders te realiseren is. Dat je, zeg maar, wel zo'n telefoon hebt. waar je in je dus kunt zien. Nou, hier moet je naartoe. Wat moet je daar doen? En hoe gaat het nu met die persoon een beetje? En wat is daar het beeld? En dat je dan vervolgens binnenkomt en dat je daar gewoon. zonder een map te zoeken of zonder ergens formulieren in te vullen. dat je gewoon met die persoon samen kunt zijn. En dat je dan kunt kijken: van hey, hoe kan ik op dit moment het beste voor diegene zorgen? En of het nou een douche is of iets anders, maakt niet uit. Dat kan een zorg van je goed zelf. Denk ik, samen met die persoon op dat moment. Ja, ik denk wel dat het te realiseren is. Dat denk ik zeker. Ik weet eigenlijk niet eens hoe lang we hiermee bezig zijn met deze podcast. Er staat hier geen tijd in beeld. En ik vind het een leuk gesprek. Maar hoe lang duurt zo'n podcast eigenlijk? Weet je het? Ja, een half uur, een uur. Kan van alles. Ja. Oké, we zien dadelijk hoe lang het is geweest. Ik vind het in ieder geval een superleuk gesprek. Bij de zijn. Ja, het is mijn eerste keer dat ik een podcast opneem met Olaf Schut. Hier in het mooie Nuland. Sint-Jozefoort heet het, hè? Ja. Ik vind echt respect voor deze mensen hier, omdat we vandaag hier gewoon mogen gaan zitten in een vergaderruimte met twee microfoons. Praten over de zorg. En ik hoop dat de mensen met een beetje plezier hebben geluisterd. Hoop ik ook. Wat vond je ervan? Ja, ik vond het leuk om te doen. Dank je wel dat ik het ook samen dit gesprek kon hebben met jou. Dit is de eerste keer en dan gaan we gewoon een keer overdoen. Lijkt me goed. Oké, nou dan ga ik het nu beëindigen. Dank je wel. Jou ook bedankt voor jouw input. Graag gedaan."
seksuele-voorlichting.mp3,interviews,Cohere Labs Transcribe,30.0,25.398154981549816,100,43.83394833948339,4898.3125,4841.242389298893,31.93684337635481,"Uit nieuwe cijfers blijkt dat het aantal infecties, zoals chondreu en syphilis, in tien jaar tijd fors is gestegen. Ook in Nederland maken deskundigen zich zorgen. Volgens onderzoekers spelen meerdere factoren een rol. Het condoomgebruik daalt, mensen laten zich steeds minder snel testen. En betrouwbare informatie over SOA's wordt steeds minder gevonden. Maar hoe staat het er eigenlijk voor in studentenstad Groningen? Welke SOA's komen het meest voor? En wanneer is het verstandig om je te laten testen? Daarover ga ik vandaag in gesprek met Mariette van de GGD Groningen. Ik ga er even op bellen. Mariette van de GGD Groningen. Met Mariette, Achterlinkseksuele Zondheid, GG Groningen. Hi Mariette, je spreekt met Madelief van Spot TV Groningen. Hi, hoi. Ten eerste heel erg bedankt dat je even tijd voor ons hebt vandaag. Zou je jezelf kort kunnen voorstellen en vertellen wat jouw rol is binnen de GGD? Zeker. Ik ben dus Mariette en ik ben werkzaam als verpleegkundige op de afdeling seksuele gezondheid hier van de GGD. Waar wij ons bezighouden met alles wat met seksuele gezondheid te maken heeft. Voor de gehele provincie. Dus dat kan gaan om het doen van SOA-testen, seksualiteitsproblematiek, seksuele gezondheid, noem maar op. We zien de laatste tijd berichten over een stijging van het aantal SOA's. Is dat iets wat jullie ook opvalt? Ja, nou, er is inderdaad heel wat aandacht momenteel voor het feit dat er meer SOA's zijn. Het is wel iets wat wij zien, maar wij zien het al wel een wat langere tijd. En wat daar misschien wel goed is om te benoemen, is dat we nog steeds dezelfde zoa's zien. En het is ook nog steeds zo dat de grootste zoa die gevonden wordt, dat is chlamydia. Dus die vinden we nog steeds het meest. Maar er zijn een bepaald aantal zoa's waar we nu wat meer besmettingen van zien dan voorheen. Dus daar is wel een lichte stijging in te zien. Zou je daar eens wat meer over kunnen vertellen? Ja, tuurlijk. We zien voornamelijk dat honoreux en syphilis nu wat aan het stijgen zijn. Dus voorheen zien we eigenlijk altijd al wel veel chlamydia. Besmettingen. Maar we zien dus nu ook al wat meer gonoreu en syphilis. En dat is eigenlijk sowieso landelijk wel te zien, maar ook al in heel Europa. Maar dat is dus ook al wel van het afgelopen jaar dat dat aan het spelen is. Dus het is niet dat er nu opeens een enorme uitbraak is of zo. Het speelt al wat langer en het is gewoon een geleidelijke stijging. Dus het is ook niet dat er nu in Groningen een enorme uitbraak van SOAS is. Maar ja, het is wel iets wat wij opmerken. Ja, en waarom denk je dat dat nu dan pas zo onder de aandacht komt in het nieuws, als je zegt van het is eigenlijk al een jaar gaande? Ja, dat is wel een hele goede vraag. Dat is ook wel interessant. Ik denk omdat er een Europees onderzoek is uitgekomen waarin dit wordt benoemd. En dat dat dan toch iets is waar mensen op aanstaan, wellicht ook wel wat angst voor hebben. En dat er daardoor ook dan gewoon media-aandacht voor komt. Ja. Dat het dus eigenlijk al iets is wat wij al wel wat langer zien. En hoe staat het er op dit moment voor in Groningen? Want je zei al even dat die stijging hier ook te zien is. We hebben natuurlijk een studentenstad met een studentencultuur. Hoe staat het ervoor hier bij ons? We zien dus ook in Groningen wel dat Gondereu wat meer stijgt onder jongeren, maar überhaupt onder mensen. En de syphilis ook wel wat. Nu is syphilis nog steeds iets wat we voornamelijk vinden bij mannen die seksen met mannen. En Gondereu wel onder alle doelgroepen die wij zien. Maar ik denk dat. Kijk, het is altijd vervelend dat zoas stijgen. We willen het liefst dat er zo min mogelijk zoas zijn. Want zoas, die brengen zorgen met zich mee. Die kunnen gezondheidsrisico's met zich meebrengen. Dus dat is natuurlijk nooit wenselijk. Maar het is niet dat het nu zo de spuigaten uitloopt. dat wij het hier in Groningen, denk ik, heel slecht doen. Maar ja, wat je zegt, we zijn wel een studentenstad. Plaatsvindt. Maar het is nou niet zo dat wij als Groningen het zo veel slechter doen of dat het hier heel opmerkelijk is dat het hier extra is dan in de rest van Nederland of van Europa. Dat is een geruststellende gedachte, denk ik. Ja, dat het hier niet zodanig uitloopt dat men alleen maar naar Groningen kijkt. Nee, nee, nee hoor, dat is helemaal niet nodig. Want zijn er bepaalde leeftijdsgroepen waarin de stijging het hoogst is of het meest te merken is? Ja, daar kunnen wij eigenlijk niet heel veel over zeggen. Kijk, jij ziet eigenlijk alle leeftijden wel vanaf dat mensen een beetje seksueel actief worden. Dus dat kan beginnen vanaf 14 en dat gaat echt door tot in 90. En al die leeftijdsgroepen zien wij ook. Ehm. Dus wij kunnen niet per se, en heel veel wordt natuurlijk ook nog steeds bij de huisarts gezien, of mensen doen thuis online testen. Dus wij kunnen niet echt per se iets zeggen over in welke leeftijdsgroep dat nou meer voorkomt. We zien overal wel dat zo'n wat meer stijgen. Dus dat is bij studenten, maar dat is ook bij mensen die ouder zijn en bij volwassenen. Ja, oké. Want merk je dat jongeren dan anders omgaan met seks en bescherming dan bijvoorbeeld een aantal jaar geleden? We zien wel vanuit cijfers dat condoomgebruik echt wel wat aan het afnemen is. Dus er wordt onder zoveel jaar een onderzoek uitgevoerd dat heet Seks ongeveer 25ste. Nou, dan pijlen ze een beetje hoe het ervoor staat met de seksuele gezondheid van jongeren. En daarin zien we wel dat er een daling te zien is in het gebruik van condooms. En dat kan natuurlijk ook weer met zich meebrengen dat we nu meer SOAS zien. Dat zou wel een logisch gevolg zijn, natuurlijk. Dus voorheen was het toch wel wat gebruikelijker om een condoom te gebruiken. Ik denk dat dat voorheen. En al helemaal jaren geleden sowieso al wat normaler was. Maar dat wordt dus toch steeds wat minder sexy. Terwijl eigenlijk heel veel van deze dingen voorkomen kunnen worden als. Mensen wat meer condooms zouden gebruiken. Maar ook dat het niet gebruik van condooms, dat zien we eigenlijk ook weer bij bijna alle leeftijden wel terug. Dus het is niet zo dat studenten daar echt het grote probleem in zijn. We zien überhaupt dat condoomgebruik wat aan het afnemen is, wat minder sexy wordt gezien. Wat denk je dat de verklaring is dat condoomgebruik zo afneemt? Ja, dat vind ik best wel moeilijk om te zeggen. Ik denk dat het voornamelijk wellicht te maken heeft met het feit dat er minder campagne op wordt gevoerd. Dus vroeger had je echt grote condoomcampagnes, werd er heel veel aandacht aan besteed aan de seksuele mobiliteit. Voorlichting, was het dus veel meer een besproken onderwerp, echt wel een beetje een hot topic. En dat ging zo goed dat ze toen gedacht hebben: denk ik, van nou, dat is niet meer nodig. En nu zien we dus ook dat er al best wel een tijd niet echt condoomcampagnes hebben plaatsgevonden. Dat wellicht ook de seksuele voorlichting wat aan het veranderen is. En dat dat dus wellicht nu tot gevolgen heeft dat mensen minder condooms gebruiken. Ja. Op wat voor manier verandert de seksuele voorlichting dan? Nou, ik weet niet. Ik denk dat we er voorheen gewoon wat meer aandacht aan besteden. Dus misschien dat scholen er steeds meer voor kiezen om de virtuele voorlichting zelf te geven. Wij hebben überhaupt ook in Groningen. Minder capaciteit om langs alle scholen te gaan, natuurlijk. Maar er is ook wel een beetje verschuiving te zien dat het wellicht allemaal wat preutser wordt. Ja, eigenlijk is er eigenlijk dat er wel van alle tijden. dat er tijdens seksuele voorlichting op school. heel veel aandacht voor de praktische zaken. Dus wel zoals bestaan. je kan zwanger worden. seks is dus eigenlijk hartstikke eng. begin er maar niet aan. En veel minder. hoe bereid je jezelf goed voor. en hoe zorg je ervoor dat seks leuk is. En nou ja, wij zeggen ook wel. leuke seks is seks zonder zorgen. Maar daar is eigenlijk weinig aandacht voor. Wat eigenlijk heel jammer is. Want wellicht als jongeren toch beter voorbereid. nu hun seksuele carrière ingaan. en daarmee ook meer oog hebben voor. nou. Ik vind het belangrijk om mezelf te beschermen. Ik vind het ook leuk om zorgeloos seks te hebben. Dus ik pak er vaker een condoom bij. Is er dan wel voldoende kennis over SOAS of zien jullie ook nog vaak misverstanden? Ik heb wel het idee dat er op zich best wel wat kennis is. Maar helaas zien we ook nog steeds wel wat misverstanden. En dat heeft dan voornamelijk te maken met hoe je een SOAS kan oplopen. We horen soms echt nog wel verhalen van: nou, kan ik dan een SOAS krijgen van de WC-beel? Of ontvoenen. Dat zijn hele goede vragen om te stellen. En we zien toch ook wel nu met de verschuiving van het test op glamidia. Vlamidia is helemaal niet meer gevaarlijk, dus daar hoef ik me helemaal niet meer voor te testen. Terwijl dat is eigenlijk niet waar. Het is wel nog steeds belangrijk om je te testen als je klachten hebt, of als je pas de partner bijvoorbeeld vlamidia heeft. Want een glijnmedia met klachten kan nog steeds wel gevolgen hebben voor je gezondheid. Wanneer is het verstandig om je te laten testen? Nou, dat is voornamelijk verstandig als je klachten hebt. Dus merk je iets op, denk je, dit vond ik niet helemaal pluis. Ga dan zeker testen. Maar ook als je bijvoorbeeld een waarschuwing hebt gekregen. En ik denk dat het überhaupt verstandig is om je bijvoorbeeld elk half jaar of elk jaar wel. Te testen als je onveilige seks hebt. Dus heb je regelmatig onveilige seks? Nou, dan is het misschien toch verstandig om je elk half jaar tot jaar. Te testen op SOA om er zeker van te zijn dat je niks hebt. Maar het is voornamelijk belangrijk om te komen testen als je ook echt daadwerkelijk klachten hebt of een waarschuwing hebt gekregen. Ja, wat gebeurt er als een SOA niet op tijd wordt ontdekt of behandeld? Ja, dat is een hele goede vraag. Nou, en dat verschilt een beetje per SOA. Dus een glamidia zonder klachten, dus dat is een hele belangrijke. Een glamidia zonder klachten, dat kan niet heel veel kwaad. En dat ruimt je lichaam ook gewoon vanzelf op. Heeft ook niet meer die hele schadelijke gezondheidsrisico's die voorheen wel verteld werden. Dat is wel wat anders met een gonoreu. Een gonoreu is natuurlijk ook een SOA, kan nog steeds bestaan zonder klachten, maar een gonoreu-besmetting wordt eigenlijk. Niet zo goed door het lichaam zelf opgeruimd. Dus daarvoor is het wel belangrijk om te testen. En loop je heel lang rond met een gonoreu of heb je een glamidia met klachten? Ja, dat is voornamelijk gewoon vervelend voor de cliënt zelf. We zien eigenlijk pas dat zoals echt invloed kunnen gaan hebben op je gezondheid. Als je meermaals een zoa hebt gehad met klachten, en dan kan het zijn dat dat voornamelijk bij vrouwen wat effect kan hebben op de vruchtbaarheid. Daarom is het ook wel zo belangrijk om je te beschermen tegen zoa's door middel van condooms. Ja. Dat er toch heel veel mensen zijn die toch wel echt een kinderwens hebben. Maar het is dus wel niet zo. We willen wel een beetje weghalen van. Wees maar super bang, want het is echt niet dat je in één klap onvruchtbaar wordt. Dat denken ook wel heel veel mensen. Maar het is zeker wel belangrijk om je te beschermen, omdat we vaker een SOA hebben, wel daadwerkelijk daar effect op kan hebben. Ja, ik denk dat het goed is dat je dat ook zo benoemt, omdat ik inderdaad ook in mijn omgeving dan hoor van: oh, met glamidia dan hoef je nu niet meer te behandelen, hoef je geen kuurtje meer. Dus het kan allemaal niet zoveel kwaad als je een keer glamidia krijgt. Maar dat is dus niet waar. Nee, dat is toch wel wat genuanceerder dan die uitspraak: Oh, ik heb gymmedia, dat boeit allemaal niet meer. Want ook al heb jij zelf geen klachten, dan kan je het nog steeds aan iemand anders geven en die kan wel klachten krijgen. En heb je dus een media met klachten, dan kan het nog steeds zeker wel gezondheidsrisico's met zich meebrengen. Ja, ik denk heel goed om te weten. Dan zou ik graag willen afsluiten met de vraag: Wat is volgens jou de belangrijkste boodschap over veilig seks hebben? Je laat testen op SOA's voor de mensen die hier misschien naar kijken. Ja, ik denk eigenlijk dat het heel goed is dat we condooms weer een beetje gaan promoten. En ik weet dat heel veel jongeren, maar überhaupt mensen, denken: Oh, maar condooms, daar is toch helemaal niks aan. Daar is echt nog heel veel in te experimenteren. En ook heel veel in te doen als bijvoorbeeld: zitten niet lekker. Kijk een keer naar een andere breedte maat. Ben je bang voor de kosten? Je hoeft echt niet altijd de Durex-condooms te doen. Kruidvat-eigenmerk is net zo goed. En dan meen je hem voor 3,50 euro. Heb je al een pakje condooms? En voornamelijk ook leuke seks is seks onder zorgen. En heb je seks gehad en heb je toch die zorg van: heb ik misschien een SOA? Nou, dat heeft toch invloed op die hele ervaring. Doe je het veilig? Heb je het vaak ook leuker? Of hoef je die zorgen niet mee te dragen? Ik wil me toch even laten checken. Nou, dan kan je altijd bijvoorbeeld op onze website kijken voor meer informatie. En dan kunnen we altijd met mensen meekijken of ze bij ons kunnen komen SOA testen, natuurlijk. Waar kunnen mensen terecht voor betrouwbare informatie of een test? Nou, betrouwbare informatie sowieso altijd op onze website. Dus als je gewoon naar GGD Groningen gaat en dan klikt op seksualiteit, dan kom je bij onze pagina. Nou, daar staat heel veel informatie. Je kan altijd bij huisarts terecht voor gewoon goede SOA-testen. Je kan ook bij sommige online aanbieders. Dus bijvoorbeeld SOA Poly Noord is een hele goede, die wij veel aanraden. En dus val je bij ons in onze doelgroep, dan kan je ook bij ons komen testen. Is er gewoon maximale capaciteit? Wij kunnen helaas niet heel Groningen zien. Dus maak je echt heel veel zorgen. Wil je zo snel mogelijk terecht? Dan kan je altijd naar de huisarts. Maar wij kunnen ook altijd met je meedenken. Nou super. Ik denk dat dat heel goed is om te weten voor een hele hoop mensen. Mooi. Ik wil je heel erg bedanken voor je tijd en je wijze woorden. Dat is geen probleem. Super. Wil jij nou niet met een duiper lopen deze zomer? Gebruik dan toch gewoon weer een condoom. Want fijne seks is zorgeloze seks. Mocht je nou toch denken dat je iets hebt opgelopen, laat je dan testen bij de lokale GGD, via de huisarts of via een kit die je zelf kan bestellen op het internet. Bedankt voor het kijken en tot de volgende keer."
psychiator-stress.mp3,interviews,Cohere Labs Transcribe,42.5,25.504976958525337,100,46.610138248847925,4898.3125,4854.843375576037,35.94108941601252,"Tijd voor wilde ik maken, want het zijn hele belangrijke thema's. Toen het boek uitkwam, maar ja, nog vele malen meer volgens mij. Laten we even bij het begin beginnen. Ja, heel goed. Nou goed, ik zit hier in het Erasmus MC, ja, met professor Witte Hoogendijk. Ik kwam bij jouw spoor door boek wat ik, ik zag zien daar staan: 'Van Big Bang tot Burnout'. En toen dacht ik, die meneer moet ik spreken. Ik vind dus om stress te bekijken vanuit de big history. Ik zie hem hier ook op de muur. Geniaal. Ik denk dat dat voor heel veel mensen heel erg zinvol is. Maar kunt u misschien in volgevlucht ons even. Nu zeg ik weer u. In volgevlucht ons meenemen wat dat inhoudt. En wat de relatie stress, evolutionaire. Het evolutionaire perspectief, stress, depressie. Ja, dus wat ik samen met Wilma de Rek van de Volkskrant heb gedaan. is te kijken: is er sprake van een evolutionaire mismatch? tussen datgene wat er op ons afkomt als modern mens. en datgene waarvoor we gebouwd zijn. En daartoe zijn we teruggegaan in de tijd en hebben gekeken waar voor het eerst gaan die twee uit elkaar lopen. Dus waar voor het eerst wordt er iets van ons gevraagd als soort? Waar we niet op gebouwd zijn. En dat is eigenlijk wat we gedaan hebben. Wanneer was dat? We denken dat dat is in de agrarische revolutie. Dat daar het spoor ontspoorde? Ja, want daarvoor waren we natuurlijk al mens, maar toen waren we nog jager-verzamelaar. Net als de apen voor ons en alle knaagdieren en überhaupt de vissen, iedereen. Dus alle soorten voor ons waren jager-verzamelaar, althans de belangrijkste soorten. Maar wij ook. Dus wij deden eigenlijk waarvoor we gemaakt waren: jagen en verzamelen. En onze fysiologie, onze stressrespons was daar helemaal op afgestemd. Vanaf de agrarische revolutie is wat onze configuraties, zo noem ik het dan altijd maar, niet meer geschikt voor wat van ons gevraagd wordt. Wat bedoel je met configuratie? Ja, dus je noemt de stressrespons, gewoon onze impulsen, ons gedrag vanuit de biologie gezien. Ja, onze bedrading, om het zo maar even te noemen, loopt dus niet meer synchroon met wat er daadwerkelijk nodig is. Precies. Ja, wat heeft dat voor gevolgen? Het gevolg is dat je een situatie krijgt waarin. Bijvoorbeeld bij de agrarische revolutie. Je kreeg je de situatie dat je gaat samenwonen. met meer mensen dan waar je hersenen op gebouwd zijn. Dus je ziet bij alle primaten, alle aapachtigen. dat hoe groter de bepaalde verhouding van de hersenschoorstel. het hersenvolume aan de ene kant is. hoe groter aan de andere kant de groep waarin die leeft. En dat is ook wel voorstelbaar met grotere hersenen, even kort door de bocht. Ja. Kan je beter onthouden van die is te vertrouwen, van hem heb ik nog wat te goed, met hem kan ik goed jagen. En voor de mens kom je dan uit op ongeveer 150 mensen. In een groep. Danbars limits. Toch? Danbars? Ja, exact. Er is wel kritiek op geweest op die studie. Maar het algemene idee van Dunbar klopte. Als je kijkt naar kleinere apen. Zoals chimpansees. Dan zie je ook dat ze in kleinere groepen leven. Dus dat klopt wel. En het klopt ook met sociologisch onderzoek naar de mens. Wat dat bevestigt. En je weet het uit je omgeving ook. Als je op iemands bruiloft komt. Waarin hij echt iedereen heeft uitgenodigd. Tot en met de melkboer op de hoek. Dan zit je ook op zo'n 150 man, zeg maar. Nou, althans in onze cultuur. Als je nou beseft dat je wanneer je gaat settelen, die groep. Eigenlijk ongebreideld kan groeien. Je dorp kan ook 200 mensen worden, of 1000, of 10.000, of 10 miljoen zoals het nu is. Veel wereldsteden zijn groter dan 10 miljoen mensen. Dan kan je je voorstellen dat je allerlei regels moet opstellen. om die samenleving nog ordentelijk te laten verlopen. En het theorie is ook dat die regels eerst via mondelinge overdracht. op volgende generaties zijn overgegeven. En later zijn vastgelegd in de Heilige Geschriften. Met als belangrijk doel om die regels vast te leggen. Ja. En, maar je kunt je tegelijkertijd voorstellen dat op het moment dat het nodig is om regels op te stellen, of hoe je met je buren omgaat, dat er ook een stressor wordt geïntroduceerd. Die nieuw is voor jou, waar je miljarden jaren niet om gevraagd hebt, als soorten in de evolutie, maar opeens heb jij daarmee te maken, omdat jij in een dorp woont wat groter is dan 150. Nou, dat is één. Twee is dat op het moment dat je stopt met jager-verzamelaar zijn en je gaat je vestigen op één plek. Is het voor het eerst nuttig om bezit op te bouwen? En voor het eerst mogelijk om dat te doen? Want als je daarvoor. leefde als jagerzamelaar en je had bijvoorbeeld een beest gedood dan deelde je met de anderen want het had geen zin om het voor jezelf te houden want je krijgt het niet op en het verrot en je kan het niet meenemen als je weer verder trekt terwijl je je settelt dan kan je een opslag plaats maken en dan kan je het verhandelen en en daar kreeg je dus voor het eerst bezit en daarmee ook ongelijkheid zoals ongelijkheid tussen mannen en vrouwen en dat is een andere stressor waar ongelijkheid Dus zo zie je dat een aantal voorbeelden van je vraagt: wat gebeurt er dan? Dit soort dingen gebeuren dan. En dat perspectief: big history. Dus soms wordt. Onze evolutie, de geschiedenis pad geslagen tot één dag. Of in dit boek was het. Volgens mij de hele moderne. eeuwen. Volgens mij, het begint in. Ik ben even het jaartal kwijt. Maar we zitten nu, zeg maar, in de laatste seconde van één dag. En waarom is dat perspectief, dus dat extreme, extreme, extreme uitzoomen. om te kijken naar hé, maar waar komt dat vandaan waar we tegenaan lopen, waarom is dat zo. Cruciaal. Ja, omdat onze hersenen zijn niet gebouwd op het begrijpen van al te abstracte begrippen. Dus wij begrijpen concrete dingen. En een beetje complexe of een beetje abstracte dingen ook nog wel. Maar als het te abstract wordt, dan kunnen we onze hersens niet omheen krijgen, als het ware. Dan snappen we het niet. Bijvoorbeeld een logaritmisch verband. Ja, je kan het berekenen en je kan het snappen. Maar je kan het niet echt doorvoelen, zeg maar. Nou, datzelfde geldt voor grote getallen. Je weet nog net wat je voor een miljoen kan doen. Een mooie auto en een mooi huis en klaar. Maar wat kan je voor een miljard kopen? Daar heb je eigenlijk al geen idee van. Nee. Nou, dus daarom, omdat evolutie in de miljarden jaren gaat, hebben we daar een trucje voor bedacht. Hebben we gezegd: Nou, stel dat 1 seconde in het huidige leven. Gelijk staat aan duizend jaar evolutie. Dan ben je in één tel terug in de middeleeuwen. Twee tellen het jaar nul. En dan op die manier ben je na een dag tellen. ben je dan honderd miljoen jaar terug. Zelfs dat is al mindboggling, zeg maar. Als je er te lang over nadenkt. Ja, dat is ook zo. Maar het help je wel als je vasthoudt aan die ene dag. Doorvoelen hoe lang dat is. Bijvoorbeeld door de oefening te doen: wat deed jij gisteren op deze tijd? Weet je het nog? Probeer eens te bedenken: drie uur. Dan moet ik eerst even nadenken welke dag het vandaag is. Daar begint het al. Daar begint het al. Dat bedoel ik. Het besef van tijd is moeilijk. Ja, ja, ja. Maar weet je het? Gisteren werkte ik thuis rond deze tijd. Ze zat waarschijnlijk achter mijn computer iets met ons marketingplan bij te werken of zoiets. Ja, ja. Nou, dan moet je vervolgens bedenken wat je daarna ging doen die middag, een wandeling gemaakt. Een wandeling gemaakt. En of je daarna ging borrelen, eten. Nee, daarna was het avondeten en een lekker relaxed avond met mijn vriend. Oh, hou je niet van Ajax dan? Nee. Het was echt geen relaxed avond gisteren. Oh, oké. Ik woon echt heel erg afgelegen, ook heel erg in het groen, heel rustig. Ik heb ook geen televisie, geen kranten. Dus ik heb een vrij minimalistisch bestaan wat dat betreft. Ja, dat doet. Nou, daar komen we misschien nog wel op te spreken over dat type bestaan, dat dat goed is. Maar dan is het pas avond en dan ga je nog slapen en dan ga je lekker ontbijten en dan ga je. Vanmorgen heb je allemaal dingen gedaan. Toen ben je hier naartoe gereisd. Heb je nog geluncht eerst? Hier naartoe gereisd. En nu zit je weer hier. Dat is best een lange. Periode, zo'n 24 uur. Maar je kan hem goed doorvoelen. Je kan hem goed overzien. Dus als je dat vasthoudt. dan snap je ook meer. hoe de verhoudingen in de tijd zijn in de evolutie. En dat is heel belangrijk. voor het punt wat we willen maken. Want op deze manier, als je deze manier van tellen aanhoudt. dan zou. stel dat wij op 9 mei. nu leven. De aarde, zo ergens in maart, ik weet het niet uit mijn hoofd meer. Begin van het leven, zo vijf weken geleden, de eencellige. Overigens, is het einde van het leven op aarde alweer zes weken alweer. Want dan houdt de zon op met schijnen. Dus wij zitten ongeveer in het midden. Dat las ik in het boek en dat heb ik opgeschreven. Toen dacht ik, oeh, dat is iets om eens een keer een meditatie aan te wijden. Het feit dat wij op de helft, grofweg, van 4,5 miljard jaar, dat we, en dat het nu nog over 4,5 miljard vergaat de hele boel. Nou, dan is er geen leven, dan is het heel koud. Te koud om te leven. In een saaibende wordt het dan voorzien. Toen dacht ik dan: wow, dat is ook echt fascinerend om daar zo over te filosoferen. Wat dat überhaupt voor ons betekent als mens, dat wij. Op de helft of over de helft zijn. Maar ook zes weken stopt de zon met zijn. Hoe weten we dat? Dat is een brandstof, helium, waterstof. En als ik het uit mijn hoofd goed zeg, is nu voor een bepaalde hoeveelheid op. Dat kan je zien aan metingen. En je weet hoeveel die verbruikt per dag, zeg maar. Dus dan kan je uitrekenen hoeveel dagen die er nog heeft. Oké, wauw. Demotiverend. Nee, of juist niet. Juist niet. Ja, waarom is het demotiverend? Nee, het is voor mij persoonlijk absoluut niet demotiverend. Maar ik kan me voorstellen dat het dat soort gedachten wel in de hand werkt. Bij mensen van, oh jee, we zijn op de retour. En dat dat weer een hele kettingreactie aan gedachten kan veroorzaken. Ja, ik denk dat het hierbij nog wel meevalt, want het nadeel wat je had bij dat een miljard te abstract is om te snappen, is hier je voordeel. Ja. Je kan niet vijf miljard jaar te leven, dat is best prima. Ja, zeker. Maar het feit dat de zon over zes weken. dat de brandstof op is, dat besef ook, dat geeft al aan dat het. het lijkt zo oneindig, het hele al, oh dat dijkt oneindig uit en de tijd ook, maar nu in één keer. Draait die om? Oh nee, maar dat is misschien helemaal niet zo. Ja, nou ja, mensen zijn altijd op zoek naar zekerheden in het leven. En dit is er eentje van. Ja, ja, ja. We hebben er een aantal. Dat we als mens doodgaan, maar dus ook als aarde, als planeet, als soort. Tenzij we dus de ruimte in gaan. Als leven, niet als planeet. Als leven zelfs. Maar inderdaad, tenzij je interstellar gaat. Wat natuurlijk heel waarschijnlijk is. Ja, ja, ik. Mijn vriend is daar helemaal wild van. Omdat ze het gedachte-experiment in die leest en luistert, kijk ik daar ook veel naar. Voor mij gaat het nog net even iets te abstract. Nee, alle rijke mensen op aarde zijn ermee bezig. Ja. Alle miljardairs. Ja. Om een ticket, een way out te kopen. Ja. Maar goed, dus we hebben het big history. En de stelling van het boek is dat we. Als je het goed hebt verteld, dat het niet helemaal passend is. Ja, maar mag ik nog even het punt afmaken van waarom we dat gedachte-experiment hebben gedaan? Ja. Van die seconde op een duizend jaar. Is namelijk dat je. Ik was bij het begin van het leven op aarde. En dan wat je ziet is dat de vis zeven dagen geleden voor het eerst op aarde kwam. Toevallig zeven dagen van de schepping, maar dat staat er los van. Zo'n parallele hypothese van de schepping. Maar dat dus de reptielen, vijf. Als ik uit mijn hoofd goed zeg. De zoogdieren, vier. Even kijken. Dan de aapachtigen, twee. En wij dan op die 9e mei. Dus aapachtigen één dag geleden. En dan zoogdieren drie dagen geleden. Enzovoort. En dan zie je dus dat elke soort die moet wennen aan een compleet nieuwe omgeving. Zoals een vis die op land moet gaan leven. die heeft aan één dag blijkbaar zo ongeveer. genoeg om zich aan te passen, evolutionair. aan een compleet nieuwe omgeving. En dat zie je bij al die soorten. Maar bij de mens zouden wij in dit voorbeeld op 9 mei. die hele 9 mei ter beschikking hebben. op de manier zoals jij net terugredeneerde. van wat je gedaan hebt gisteren om drie uur. om ons evolutionair aan te passen. Oftewel zouden we 100 miljoen jaar de tijd hebben gehad. om ons aan te passen aan de grote veranderingen. sinds de Agrarische Revolutie. Maar dat is niet waar. Want die Agrarische Revolutie was 10.000 jaar geleden. En je hebt blijkbaar soorten ongeveer 100 miljoen jaar nodig om. Evolutionaire veranderingen te ondergaan. We missen nog een paar nullen. Precies. Dus als je goed gaat kijken, dan is de tijd die we echt gehad hebben. om ons aan te passen sinds de periode dat het echt veel sneller ging, allemaal. Sinds de Industriële Revolutie, een paar honderd jaar geleden. is in deze telling 0,2 seconden. Dus een split second. Waar je 24 uur nodig hebt. En dan van die 0,2 nog een veel kleiner fragment. in deze connected mobiele wereld. Nou heb je helemaal gelijk. Dus als je dat doorredeneert, dan zie je dat. Alle omwentelingen sindsdien. elke keer tien keer zo snel elkaar opvolgen. als de vorige. Dus als je kijkt van. De agrarische revolutie is dan 10.000 jaar geleden. De grote ontwikkeling daarna is collective learning. Dat je zoveel abstracties in je taal inbouwt. dat je het kan overdragen op een nieuwe generatie. waardoor je als soort voor het eerst slimmer wordt. Duizenden jaren. Industriële revolutie honderden jaren. Digitale revolutie tientallen jaren. En nu artificiële intelligentie, zelflerende machines jaren. Dus er gaat steeds een nul vanaf. Dus het tempo neemt steeds keertien toe. Dus dat is precies wat je bedoelt, want het gaat steeds maar sneller. En wij ons maar afvragen waarom het soms zo stroef en moeizaam gaat. Want dan komen we op het stuk ook stress, depressie, overspannen burn-out. Wij lopen dus tegen de lamp. Het wrijft. Waarom is dat eigenlijk? Misschien niet waarom, want dat snap ik wel, dat is de mismatch. Maar waarin uitzicht dat voor de meeste mensen? Hoe uitzicht dat voor de meeste mensen? Ja, dus eigenlijk moet je zeggen voor de minste mensen. Want het gros van ons kan hier nog steeds goed tegen. Want we zijn weliswaar evolutionair niet aangepast, want we zijn nog steeds het beest wat we waren. Daarom heet dat tweede boekje Levens een beest. Qua stressrespons. Maar er is nog een tweede mechaniek waardoor we kunnen veranderen en ons kunnen aanpassen aan onze omgeving. En dat is wat je noemt neuroplasticiteit. Dus de veranderlijkheid van de hersenen. Dus als je iets onthoudt. bijvoorbeeld als ik dit tegen je zeg en je weet het vanavond nog. dan is er iets veranderd in je hersenen. Dan zijn er hersencellen die meer connecties met elkaar gemaakt hebben. Dat is ook aantoonbaar. Daar heeft Kandel de Nobelprijs voor gekregen. En als je het vergeet, dan zijn die connecties weer. zijn blijkbaar weer verloren gegaan. Dus daarom zeg je dat de hersenen veranderlijk zijn, plastisch zijn. Ja. Dat geldt dus niet alleen voor het onthouden van feitjes, maar ook voor het aanpassen aan nieuwe omstandigheden. Dat zou best aan de hand kunnen zijn dat de nieuwe generatie die opgegroeid is met social media. En de hele dag tikken op mobieltje. Net iets anders brein heeft dan wij, bijvoorbeeld. Mijn achtergrond is ook psychologisch wetenschapper. Ja. Ik nog steeds heel erg jammer dat ik mijn eigen afstudeeronderzoek niet over. Toen nog MySpace. Toen was er nog geen MSN en helemaal nog geen social media. Wil ik heel graag afstudeeronderzoek doen, kijken naar identiteit en hoe dat samenhangt en wat het allemaal op fonds zou betekenen. Achteraf denk ik, had ik dat maar gedaan. Want nu vind ik het nog echt zo. En denk ik ben zo benieuwd wat de wetenschap over vijf jaar of over tien jaar vindt van de kinderen inderdaad. Ik heb wel wat geluiden gehoord over jonge meisjes die veel op Instagram zitten. Dat die vaker automotileren, om even een gekspoort te noemen. Wat voor invloed heeft dat ons op onze. Mentale gezondheid. Mijn intuïtie zegt volgens mij is dat best wel zwaar. Ja, dus we komen eigenlijk terug op je vraag. Wat betekent dit voor de minste mensen? Het gros van de mensen vaart hier prima bij. Door die neuroplasticiteit. Dus hoe meer informatie, hoe beter. Hoe sneller het allemaal gaat, hoe beter. Maar er is een deel van ons wat daar minder goed tegen kan. Het stressgevoelige deel. Dus mensen die wat angstiger zijn aangelegd. of wat controlebehoeftiger zijn. De dingen wat minder makkelijk kunnen volgen. doordat ze heel jong zijn of juist heel oud. doordat ze een culturele achterstand hebben. Of een lager IQ, of een psychiatrische stoornis. Er zijn een hele groep mensen die daar wat minder goed tegen kan. Ja. En die zijn wat minder weerbaar, eigenlijk. Ja, wat kwetsbaarder dan in deze hoge, complexe, snelle maatschappij. Ja, en dat is natuurlijk altijd zo geweest. Er is altijd een bepaalde verdeling in de populatie geweest. Waarbij het gros van de mensen in het midden zit, daar aan de linkerkant een aantal mensen waren die heel stressbestendig zijn, de durfals. En dat zijn dan de jagers en de verkenners en heel nuttig. En dan andere uitersten dat je dan de hele voorzichtige mensen, de dwangmatige mensen. Angstiger mensen. Maar die waren ook heel belangrijk voor de populatie als geheel, omdat ze controleerden of er geen giftige besjes bij het eten zitten, et cetera. Ja, ja. En of iedereen wel zich aan de regels houdt en iedereen fair play doet. Precies. Ja. Hoe kunnen we dan stress eigenlijk het beste definiëren? Want ik begreep uit het boek: het is nuttig, het is zinvol en heeft ons helemaal gebracht tot waar we nu zijn. Zeker. Dus ik zie het boek ook als een soort verwachtingsmanagement. Dat is er. Daar kunnen we gewoon mee omgaan. Maar toch wordt stress nu heel negatief weggezet. Te veel cortisol, allemaal negatieve effecten in het lijf. Burn-out als gevolg daarvan. Maar wat is stress dan eigenlijk? Stress is allereerst een containerbegrip. Dus er wordt van alles onder verstaan. En daarom is het inderdaad goed om het te definiëren. en het uit elkaar te rafelen. Eigenlijk bestaat het uit drie componenten. Stress is het gevoel wat je hebt in je hoofd. Wanneer de omgeving iets van je vraagt. of eist. dat is de stressor. Waar je alleen maar aan kan voldoen. door in actie te komen, en dat is de stressrespons. Dus stress is het gevoel wat je hebt in je hoofd. Als de omgeving iets eist, de stressor. Waar je alleen maar aan kan voldoen door in actie te komen, en dat is de stressrespons. Dus die drie begrippen, stress, stresshoor en stressrespons, die moet je goed uit elkaar houden. Want misschien zeg ik dat dan fout, is de gedachten die wij zelf creëren, kunnen die ook als stressor optreden? Ja, dus een ingebeelde bedreiging eigenlijk. Ja, dus dan is dat precies ook het probleem van de mens. Dus als je die mismatch niet hebt, dan heb je wel stressoren. Elk beest heeft stressoren. Denk maar aan ziekte, de dood, honger. Maar zijn fysiologie is daarop afgestemd, want zijn stressrespons past daarbij. Dus als hij honger heeft, dan gaat hij magerder worden. Gaat hij eten zoeken, enzovoort. En als hij ziek is, dan gaat hij zijn gedijsd houden. Dan gaat hij weinig energie besteden. Als er dood is. Wat in de hele evolutie natuurlijk overvloedig geweest is, dan gaat hij bepaalde onthechtingsfases in, wat wij ook nog kennen als rouw. Dat zijn allemaal normale stressresponsen die passend zijn bij de stressor. Maar de mens, die heeft vaak tegenwoordig geen concrete stressoren meer. Die heeft abstracte stressoren, zoals een dreigende reorganisatie, die via de e-mail tot je komt en jaren boven je hoofd kan hangen. De zeespiegel gaat stijgen tegen het jaar 2050. Ik bedoel, hoe kan je daar een gezonde stressrespons op leveren? Je kan er niet van vluchten, je kan er niet tegen vechten. Dus wat moet je daarmee? En dus wat je ziet is dat bij de mens de acute stressrespons nog net zo functioneel is als die altijd geweest is. Als je opzij moet springen voor een tram die eraan komt, of je moet een voordracht houden, of je moet op tijd zijn voor een afspraak. En zelfs de wat korter durende chronische stressrespons is nog functioneel. Maar als het te lang duurt, doordat het te abstract is en je eigenlijk niks mee kan, dan is het niet meer functioneel. Zoals een verhoogde hartslag die je in je keel voelt, of een gespannen gevoel in je hoofd. En dan is die stressrespons eigenlijk niet meer dan een bijwerking van een systeem wat verouderd is, zoals je verstandskies of je blinde darm. Restjes uit de evolutie die je eigenlijk niet meer nodig hebt, maar waar je ook geen last van hebt, totdat ze gaan ontsteken. Ja, en zo kan je het chronisch stress-respons systeem in zekere zin ook zien. Ja, interessant. En wat betekent dat voor mensen die daar last van hebben, die zich chronisch gejaagd en gestrest en daar dus ook op lange termijn negatieve gevolgen van ervaren? Nee, die acute stress. Die kan dus overgaan als je er niks aan doet en als de stresszorm chronisch genoeg is en abstract genoeg overgaan in chronische stress. En die chronische stress kan overgaan in overspanning. En die overspanning kan overgaan in burn-out. En die burn-out kan overgaan in depressie, lichte depressie. En soms zie je dat er ook een ernstige depressie uit voortkomt. Is dat ook, want dat is een van de vragen die ik ook had. Het boek heet Van Big Bang tot Burn-out. Maar eigenlijk, als je het leest, is het meer van Big Bang tot depressie. Omdat burn-out daar dan een stapje voor zit. Is dat ook de relatie tussen die drie? Dat je door die fase heen gaat? Dat kan. Je kan ook depressief worden op een heel andere manier. Maar je kan ook op deze manier tot een depressie komen. Wat is precies het verschil tussen burn-out en depressie dan? Als je een groep burn-out-patiënten goed onderzoekt, psychiatrisch, dan blijkt eigenlijk 50% al een lichte depressie te hebben. Dus er is een overlap tussen die twee. Maar er zijn ook grote verschillen. Je kan bijvoorbeeld depressief worden zonder ooit stressgevoel te hebben. Bijvoorbeeld als je een naaste verliest en daarna ook je baan verliest. Dan ben je dus niet overbelast geweest, maar je hebt gewoon een dubbele verlieservaring. Ja, waardoor je even helemaal teruggefloten wordt. Ja, wat er gebeurt weten we niet. Nee, oké, oké. Maar zo zou je het kunnen noemen. Ja. Dus je kan via een hele andere route depressief worden. En daarnaast heb je daarbij ook symptomen, die anders zijn dan bij burn-out. Zeker als het een ernstige depressie betreft. Want dan kan je afvallen. Dus dat je zo weinig honger hebt dat je gewichtsverlies hebt, bijvoorbeeld. En zo zijn er nog een aantal kenmerken die anders zijn bij ernstige depressie dan bij burn-out. Ja, het lijkt me lastig om ze uit elkaar te raven, ook omdat ze samen voorkomen en ook deels dezelfde symptomen hebben. Ik heb het geluk dat ik ze beide heb gehad. Ja. Leuk in je boek las ik dat hele: oh nee, het ligt aan mijn gene, dus kan ik daar door verklaren dat mocht ik niet meer doen. Vaders voelt als een hele leven depressief. En als ik naar die familielijnen kijk, denk ik: Nou ja, ik snap misschien wel dat die switch bij mij makkelijk aangaat. Om het dan zomaar even te zeggen. Ik heb ook een burn-out gehad. En die twee voelen wel, ik ervaarde ze ook anders. En soms vraag ik me af: Moet het burn-out heten? Kunnen we niet een soort van overload noemen? Want dat lijkt alsof dat voor mijn gevoel is. Of dat gaande is. Het is gewoon een soort van overload. Ja, alsof je computer even vastloopt. Ik heb geen geheugen, geen schijfruimte meer. Stop daarmee. Ja. Maar Bernard klinkt zo alsof we op zijn. Maar zo voelt het dan niet. Het voelt dan eerder alsof we een soort van. Over de kook zijn gegaan of zo. Een overlood hebben ervaren of zo. Ja. Maar misschien zeg jij, nee, dat klopt echt helemaal niet. Ik ben heel benieuwd naar jouw perspectief daarop. Ja, nou, ik denk dat je voegt naar het onderscheid tussen burn-out en depressie. Maar het onderscheid tussen overspanning en burn-out is minstens zo belangrijk. Oké. Wat is dat? Waar zit dat in? Nou, het zijn eigenlijk. Het wordt door elkaar gebruikt. Ik ben overspanning en burn-out. Ja. Toch? Oké, dus bij overspanning heb je een lijst van symptomen, van acht symptomen, waar je er drie van moet hebben om te voldoen aan dat eerste criterium. En die symptomen die vallen in twee groepen uit elkaar eigenlijk. Eén is het gevolg van slecht slapen. Dus dan ben je moe en je kan je minder goed concentreren. Dat is logisch. Dat zijn drie symptomen: slecht slapen, moe en minder concentreren. Er blijven er vijf over. En die vijf symptomen kenmerken zich eigenlijk door een soort onrust, labiliteit, agitatie. Dus dat heb je dat mensen niet tegen herrie kunnen, dat mensen een kort lontje hebben, gauw geprikkeld, aangebrand. Dat mensen in huilen kunnen uitbarsten. De emotionele labiliteit. Dat mensen veel piekeren. En. Dus dat is een set die gekenmerkt wordt door onrust, stabiliteit, agitatie. Dat is de overspanning. Dat is overspanning, ja. Criterium A. Dan heb je nog criterium B waar je aan moet voldoen. En dat is dat je een gevoel van controleverlies hebt. En een onvermogen om met nieuwe stressoren goed om te gaan. En de reden dat ze dat niet als gewoon symptoom 9 hebben gemaakt. maar gewoon als apart criterium waar je aan moet voldoen. is, dat kun je wel bedenken, dat als je dat hebt. Dat je steeds verder in een negatieve spiraal raakt. Want als je het heel erg druk hebt, je hebt bijvoorbeeld chronische stress, maar je bent nog niet overspannen, en iemand vraagt nog iets aan je. Dan zeg je wel: Nee, ho, wacht even. Dit kan ik er echt niet bij hebben. Terwijl als je al in die overspanning zit, ben je daar niet meer toe in staat. En voor je het wijt ligt ook dat op je bord. Snap je? Dus dan heb je te weinig energie om nog dingen af te houden. En dan raak je dus nog verder belast. Dus dat is criterium B. En dan heb je nog criterium C. En die zegt dat deze klachten een significante impact op je leven moeten hebben. Ja. Je moet echt minder goed doorfunctioneren. En d. Het moet niet beter te begrijpen zijn als depressie. Want depressie is een ernstiger beeld. En je kan geen overspanning diagnosticeren als je ook een depressie hebt. Dus. Er moet geen depressie zijn. Oh, zo, ja, ja, ja. Ik snap het even mee. Er moet geen depressie zijn. Nou, oké. Maar die eerste twee criteria zijn het belangrijkste. Als je nou, ja? Nee, ik moet meteen denken aan. Ik sta heel veel voor jong professionals. Ja. En die lopen allemaal met het vraagstuk. Die ervaren overwhelm. Ja. Deel ook leeftijdsfase. Deel ook, denk ik, nu de maatschappij. Dat wat je beschreef van hè. Je zit eigenlijk al vol. Het is heel erg druk. En voor je het weet komt er nog meer op hun bordje. En zij geven heel veel van die groep aan. Dat ze dat ook soort van doen uit een... Ambitieuze motivatie van Goh, ja, nee, dat zal wel horen als ik een carrière wil maken. In de eerste vijf jaar werken, ja, tuurlijk wil ik dat, tuurlijk wil ik dat. En dat is zich dus allemaal in een soort van overspannen toestand zouden kunnen werken. Ja, dus, dus niet zo gezegd, maar nee, dus wat jij beschrijft is de fase daarvoor, dat is die van chronische stress. Ja, kom maar, kom maar. Ja, ja, ja, en dat is dus voor veel mensen geen probleem, die vinden het zelfs leuk, maar voor een kleiner clubje is dat. Risico dat je dan naar de volgende fase gaat, en dat is dan de overspanning. Volgens mij niet eens een heel klein groepje. Ik weet de statistie, maar ik denk dat heel echt dat. Overweld, dat hoort bijna alleen. Ik ga veel training bij bedrijven en dat is nummer één klacht. Ja, dat is dan de stress. Ja, ja, dus overweld door stressoren. Ja, ja, nieuwe indrukken. Vier of missing out ook. Het hoge tempo van alles. Mondialisering. De social media, waardoor alles in het hier en nu altijd maar op je afkomt. Ook in het weekend, ook van je werk. Nee, oké. Nou, goed, vader komt weten. Ja, want dat moet een significante impact op hun functioneren hebben. Ze zitten nog wel bij jou op die cursus, training, en niet bij jou als huisarts. Nee. Snap je dus? Dat is wel een verschil. Je moet niet iedereen overspannen noemen. Nee, zeker niet. Maar het is goed om te weten dat het heel goed is dat ze nu vooral trainingen volgen. Of boeken gaan lezen. Omdat ze ook wel door op van. Goh, weet je, dit moet ik niet op lange termijn doen. Dat is niet goed voor me. Absoluut. En wat is de pressie? Weet de psychiatief, de wetenschap, wat het precies is? Ja, er zit nog één stapje tussen. Dat is die burn-out. Dus misschien goed om die eerst even. Onder de loep te nemen. Want die is dus echt anders dan die overspanning. Burnout is. Criterium A: je moet overspannen zijn. Dus dat zit er sowieso in. Alles wat we hiervoor gezegd hebben, moet je hebben of hebben gehad. En B, heel belangrijk, moet zes maanden aan de gang zijn. Dus als je vijf maanden overspannen bent, dan heb je geen burn-out. Volgens de huisartsendefinitie. En die is goed om aan te houden, want anders heeft iedereen zijn eigen. Nee, natuurlijk. Huisartsen en bedrijfsartsen houden dit nu aan. En criterium C, ook een belangrijke, is dat. Het zo is dat je vermoeidheid, lichamelijke vermoeidheid en uitputting op de voorgrond staan. En de reden dat dat niet zomaar symptoom 10 is uit het rijtje van overspanning, is dat het aangeeft dat je lichaam mee gaat doen. Dus dat je psychische spanning zich vertaald heeft in je lichaam. Wat je vroeger somatiseren noemde. Er zit een aspect van somatiseren in. Zoals je ook spierspanningshoofdpijn hebt, of rugpijn of buikpijn. Als presentatie van een psychisch probleem. En dat betekent weer dat het zo hardnekkig is, de burn-out. Maar het betekent ook dat het vooral gekenmerkt wordt door die uitputting. En dat is een heel ander beeld dan die labiele agitatie van de overspanning. Dus zo kun je die twee heel goed uit elkaar houden. En dan is het eigenlijk heel gek dat het door elkaar gebruikt wordt. Ja, als je het nu, nou, nu weten we het. Nu kunnen we het ook niet meer fout doen, ja. Nou, en depressie is dan eigenlijk een situatie waarbij. Dus ook een aantal andere symptomen erbij komen kijken, zoals dat afvallen. Zit daar ook nog een verschil in het soort gedachten die mensen hebben? In de drie verschillen? Ja. Dus bijvoorbeeld meer depressieve gedachten bij de een dan bij de ander, bijvoorbeeld? Ja, dus de inhoud van de gedachte is vaak wel anders. In de zin van dat een depressief iemand. Soms is het ook geneigd om de schuld bij zichzelf te zoeken. Ik ben een waardeloos figuur, laag zelfgevoel. Ik ben de schuld van alle mislukkingen. Terwijl bij iemand die burn-out is, die kan ook zeggen van: Nou, als ik een betere baas had gehad die redelijker mij belastte, dan had ik hier nooit gezeten. Toch ook wel iets meer vaak door heel concreet overbelasting ontstaan. Terwijl de depressie door allerlei factoren kan ontstaan. Maar daarnaast heb je dus ook. Andere inhoud van gedachten, daarbij. Ja, ja, ja. En wat moeten we hiermee? Los van dat zo'n big history-perspectief op stress, een soort van, in mijn gevoel, verlichting geeft van: oh, het zit niet in mij. Het is een evolutie. Het zit ook in jou. Nee, maar het is niet door mij veroorzaakt. Het zit niet door jou veroorzaakt, precies. En het is ook niet een probleem van jou als individu, maar een probleem van ons als een soort. Dus iedereen zit hier bij tijd en wijle mee met die stress-gerelateerde klachten. Alleen onderkent niet iedereen het altijd even goed en Doet ook op social media, Facebook, et cetera, alsof het niet bestaat. Alsof je alleen maar gelukkig en succesvol bent. Social media is niet een paar keer gevallen. Ja. Wat is jouw visie daarop? Hoe draagt dit bij in dit hele speelveld of juist niet? Nou, één ding is belangrijk om te beseffen, denk ik, dat jongeren er meer last van hebben dan ouderen, omdat zij vaak de eerste generatie zijn die met een nieuw medium te maken hebben. Toen mijn kinderen opgroeiden met Facebook, had ik er geen ervaring mee. Dus ik kon ze daar moeilijk in coachen. En dat zie je vaak bij nieuwe generaties. Ehm. Verder is het zo dat het gros van ons er prima tegen kan en er veel plezier van heeft. Maar als je stressgevoelig bent, dan zou het kunnen dat die overloot of overwelding van informatie en emotioneel gedragen informatie. en een soort achtergrondbelasting veroorzaakt. Dus het is niet de echte stressor, zoals de dood van iemand of een reorganisatie. maar meer een achtergrondbelasting wat we ook wel daily hassle noemen. Een onveilige buurt. of luidruchtige buren. Iets wat elke dag een beetje. ergens anders op de grond geeft. ergens anders op de grond geeft. Precies. draaglast geeft. En zeker als. Als je beseft dat alle ellende uit de hele wereld ongecensureerd en realtime in je broekzak komt, is dat voor sommige mensen die daar gevoelig voor zijn belastend. Daar kan ik me alles bij voorstellen. Maar bewezen is dit niet. Het is maar een hypothese. En dat is dan weer het. Nou, niet het hiëat of het mankement, maar gewoon waarom ik zo heel erg benieuwd ben wat de wetenschap over vijf of tien jaar doet. Consulten komen vaker of bij huisartsen vaker komen, of in andere tracten verzouden raken. Want volgens mij moet er nog een hele hoop data geanalyseerd worden of gemijnd worden. Zijn daar op dit moment al onderzoeken of hypotheses die nieuw getest worden? Als je kijkt vanuit het oogpunt van psychiatrie, van goh, weet je wel, en welk speelveld zitten we nu? En wat moeten we daarmee? Nou, er wordt wel heel veel onderzoek gedaan vanuit de psychologie naar het effect van gaming bijvoorbeeld en social media. En wat daaruit komt is wisselend. Dus je kan hem nog niet echt chocola vermaken. Maar uw mening, of dat is eigenlijk weer uw, sorry. Jouw mening? Ja. Nou, ik heb de mening dat ik ook niet alles hoef te bewijzen. Want het is ook een beetje de vraag wie de bewijslast heeft. Ik vergelijk het altijd met de opwarming van de aarde. Daar begonnen 30 jaar geleden of langer mensen over te praten. En die werden weggehoond. En tien jaar later werden ze niet meer weggehoond. Maar werd ze wel verteld: bewijs het maar eens. En dat is eigenlijk tot een paar jaar geleden niet mogelijk gebleken. Omdat het zo moeilijk is om ijskappen te meten of weet ik veel. Daar heb ik geen verstand van. Maar op een gegeven moment zag je toch dat 90% van de wetenschappelijke wereld die hypothese aanhing. En eigenlijk langzaam die bewijslast omklapte naar de mensen die beweren dat er geen opwarming van de aarde is. Zonder dat er echt. Keihard bewijs is. Er zijn wel statistieken en associaties en warme zomers, bla bla bla, maar het is heel moeilijk om echt die klimaatverandering, dat het klimaat aan het veranderen is, om dat te bewijzen. Ja, je zegt het zo'nzelfde zal nu misschien ook zijn met dit soort thema's. Ja, dus wat je noemt de face validity, dus het boerenverstand, zeg maar, naar kijken, zeg je dat er veel meer op ons afkomt dan 100 jaar geleden. Het tempo ligt veel hoger met alles. Kijk maar naar wanneer je voor het laatst een film uit de jaren 50 helemaal hebt kunnen uitkijken. Dat is gewoon niet te doen, zo traag als dat gaat. Ik wil luisteren naar een hele oude tekenfilm die ik uit mijn jeugd, waar ik helemaal gek voor was, die terug zit te kijken. Wat leuk om die weer te zien. Dan dacht ik, wat praten die mensen eruit? Dat is echt niet normaal. Maar vooral hoe langzaam het gaat. Ja, en het taalgebruik en hoe ze met elkaar omgaan. Ja, allemaal heel rustig en braaf. Ja, en nogmaals, voor het gros van ons is dat nog geen probleem. Maar voor mensen die stressgevoelig zijn, zou het maar zo kunnen dat dat een extra achtergrondbelasting geeft. Maar bij wijze kan ik het niet, maar bij wijze hoef ik het misschien ook niet. Want het is zo obvious, bijna. En de grote hamvraag: hoe kunnen we zorgen dat wij degene die daar hinder van ondervinden, wat meer weerbaar maken? Ja, dus je kan een paar dingen doen. Eén is denk ik belangrijk om je te beseffen waar jij zit op die normaal verdeling van stressgevoeligheid. Zit je helemaal aan de kant van de deurvals en kan je alles aan, prima. Zit je ergens in het midden, ook prima. Maar zit je aan die andere kant, in die rechterkant, en ben je stressgevoelig? Bijvoorbeeld omdat je al een keer zo'n aandoening hebt gehad. Of dat je het in de familie hebt gehad. Of dat je merkt dat je bij het minste of geringste van de leg bent. Dan kan je daar ook maar beter een beetje naar leven. Het is geen ziekte. Het is nog steeds onder de normaalverdeling als dat je hem aan de rechterkant. Maar het is altijd voor de groep als geheel functioneel geweest. En dus het is niet een ziekte van jou als persoon. Maar meer een verschijnsel van ons als soort. Dat sommigen van ons daar gevoeliger voor zijn. Dus het is geen ziekte. Maar je kan er maar wel naar luisteren. Naar je lichaam luisteren ook. Naar die stresssignalen, stressresponsignalen. En dat doe je, denk ik, op een paar manieren. Eén is. Als je weet dat je aan die gevoelige kant zit. Blijf een beetje uit de red race. Uit de competitie, de harde competitie. Je kan heel goed je ambities kwijt zonder met anderen in de strijd te gaan de hele tijd. Twee is. Als je die mismatch dus heel erg voelt. van datgene wat er in de moderne tijd op je afkomt. en datgene waar we als soort op gebouwd zijn. leef dan maar een beetje naar de soort die we eigenlijk nog zijn. Namelijk toch een soort beest. Het leven is een beest. Dus dat wil zeggen dat je. en nu komen er een paar open deuren. maar die ik toch maar even noem. gaan wat vaker naar buiten. Want het is in die laatste split second dat we binnen zijn gaan zitten. Heel onnatuurlijk. Beweeg wat meer. Want daar zijn we ook mee gestopt opeens. Eet wat minder. Daar zijn we ook opeens heel veel meer gaan doen. Allemaal dik geworden, terwijl wezen helemaal nooit dik zijn. Als in de vrije natuur leven. Of als ze aan onze lijn door het park lopen. Precies, in gevangenschap. Maar in de vrije natuur zijn ze nooit te dik. Ze kijken wel luid, dan worden ze gepakt. Ga wat meer om met de mensen waar je echt contact mee hebt. Een van die 150 die je aan kan. Waar je echt iets aan beleeft. Mensen die echt iets aan jou hebben. In plaats van die duizend vage Facebook vrienden. Slaap als een beest. Dus, een beest zorgt altijd dat hij voldoende slaap heeft, terwijl wij rustig een slaaptekort opbouwen. Wat heel onverstandig is, omdat het risico voor stressgerelateerde stoornissen toeneemt. En relaxer is een beest. Als je hard werkt is prima. Die mensen die bij jou op cursus zitten. moet je vooral stimuleren. Lekker doorbeulen. Maar daarna moet je een periode van rust hebben. En als je naar het dierenrijk kijkt. de meeste dieren zijn niet langer dan 4 uur per app maal actief. 20 uur liggen ze lekker te luieren. Terwijl wij van morgens vroeg tot s'avonds laat aan het rondrennen zijn. Dat ligt een beetje aan het type soort dat we zijn. Als je echt wil leven als een beest, die je echt bent, die je al honderden miljoenen jaren bent, eigenlijk vanbinnen, dat je daar een beetje naar luistert. En als dat niet helpt, dat zijn open deuren, maar. Tegelijkertijd denken we dat door de manier waarop we het uitleggen, dat mensen het beter begrijpen en daardoor ook beter kunnen volhouden. Want het is niet zo moeilijk om een advies op te volgen, ga vaker naar buiten. Maar het is moeilijk om het volgende week nog steeds te doen. Laat staan een jaar later. Hetzelfde geldt voor eten en bewegen. Ja, want dan komt er iets van gedragsverandering. En dan moet je echt van diep van binnen begrijpen waarom het is. En daarom is dat evolutionaire perspectief zo leuk, dan besnap je echt waarom het is. Dus dit zijn een aantal adviezen. En daarnaast heb je nog een heel. Protocol vanuit de huisartsen, wat je kan volgen om met een activerend beleid in verschillende fases iemand weer uit zijn. Overspanning of burn-out te helpen. En als dat niet helpt, dan is er nog psychotherapie, en. et cetera. Ja, er is natuurlijk een hele leger aan coaches die zich daar ook in specialiseren. om mensen daaruit te helpen. Coaching is een goede tussenweg tussen psychotherapie en de huisarts. Ja. Ik weet niet of je het concept wel eens heeft gehoord. Forest bathing. Ik weet even het Japanse woord niet meer. Al best een paar maanden nu. Dus kijk naar mijn eigen mentale gezondheid en mijn eigen zwakheden. Want je noemde net een paar dingen. Dan denk ik: Goh, eigenlijk is zo'n wandeling door het bos. ik al bijna alles stik ik al aan ik neem je telefoon niet mee ja dus ik ben ik even want dat hoorde ik niet met dat misschien voor dat een plugger even juist niet bereikbaar zijn en niet doelgericht iets aan doen zijn maar ontspannen als een beest denk aan heb je toch ergens van vier vliegen en een klap ik ben buiten ben in bos want dat is ook dan weer weer ja helend wordt gedacht ja ik wandel ik mediteer in ieder geval ik gun die tijd voor mezelf om mijn hoofd even gewoon leeg te maken of mijn ademhaling te letten en Ik denk, waarom? Hoe lang duurt het nog voordat dit misschien ook wel.? Want ik heb psychologie geduurd, ik heb er nog nooit zo over gehoord. Dat het meer gemeen goed wordt. Ook dit soort adviezen en dit soort luisteren, of deze inzichten. als het gaat over stress en de informatieoverloot. en de. vele uitdagingen die we hebben. en de gevaren die daarbij horen. Als we wel kijken, oké, het is niet helemaal in zink. duurt het dan echt zo lang voordat de wetenschap daar. dat ze dat ingehaald hebben. en dat dat dan vervolgens ook weer in de collegezalen terug wordt gegeven. aan nieuwe lichting. Dat is echt precies mijn punt van waarom ik het niet altijd nodig vind. om iets wetenschappelijk te bewijzen voordat je het naar buiten mag brengen. Want. Eigenlijk is dat geen eerlijke race. Omdat de krachten die daar tegenover staan veel sneller handelen. Denk aan de suikerindustrie en de vastgoedindustrie, die ons allerlei ongezond eten en veel calorieën opdringen. Denk aan de social media bedrijven uit Silicon Valley en China, die in gevecht zijn om onze aandacht te verslaan. om advertenties te slijten. en daardoor verslavende elementen inbrengen in de games en de apps. Door de rode bolletjes, weet je wel. Waardoor je per se wil openen wat zit erin. Misschien is het wel een beloning. Dus dat maakt dat er industrieën en veel grotere krachten zijn die ons de verkeerde kant op van het padje af proberen te duwen, dan dat wij met onze goede bedoelingen vanuit de wetenschap. Misschien wel tien jaar bezig zijn voordat we een klein snippertje bewezen hebben. En dan nog eens inderdaad naar de collegebanken krijgen. Dus dat is geen eerlijke strijd. Dus je moet gewoon je gezond verstand gebruiken. En zeggen: van bepaalde dingen zijn gewoon niet helemaal een goede match meer. Ze zijn gewoon een mismatch. En daar moeten we iets aan doen voor preventie van wat wij noemen moderne tijdsziektes. Dus de stress-gerelateerde stoornissen, overspanning, burn-out, depressie. Maar ook overgewicht en daarom vast suikerziekten, hart- en vaatziekten. Het zit direct aan overwicht vast. Verslaving aan allerlei middelen: alcohol, sigaretten, maar ook de drugs. Dus met je gezond verstand snap je dat je die mismatch best mag aanpakken. Als je weet dat er zo'n druk vanuit de industrie bestaat. om ons van het padje te drukken. zonder dat je per se alles bewezen hoeft te hebben. En wat zien jullie in de praktijk. waarom dat dan toch voor mensen zo ontzettend moeilijk is? Dus de mensen die op consult komen. of die misschien al in behandeling zijn. Want het zijn open deuren. Ik zeg soms ook wel ja. mensen die nu nog niet weten dat suiker niet goed voor je is. Mijn hemel, onder welke steenen ben je de afgelopen tien jaar gezeten? Maar toch, en ik doe het zelf ook nog steeds. Wat is dan toch in ons mensen dat dat zo verschrikkelijk moeilijk is? Ook al weten we het allemaal. Ja, nou, je zegt het goed. Wat is het in ons mensen? In ons mensen zit ingebakken de biologie van honderd miljoen jaar evolutie. Dus kijk naar die beloning van dat appje, dat rode bolletje wat je wil openen. omdat er een uitnodiging in kan zitten, of een complimentje. of iets wat je per se niet wil missen. Daar komt die fear of missing out weer vandaan. Waarom is dat zo verslavend? Omdat je, als je die beloning krijgt, dan, kort door de bocht en simpel gezegd, krijg je dan een shotje dopamine in je hersenen. wat jou een gevoel van bevrediging geeft en wat voortkomt uit die oude evolutionaire taak. Van dat soort dopamine. Wat je krijgt als je voedsel gescoord hebt. of seks gehad hebt. Want dat is goed voor het voorbestaan of de voortplanting. Dat het systeem zit nog diep ingebakken in de mens. En daar worden we nog steeds diep van binnen door gedreven. Dus daarom is het zo moeilijk om te veranderen. Want we kunnen het rationeel wel bedenken. Maar zolang we dat van binnen anders voelen. is het heel moeilijk te beteugelen. Maar niet onmogelijk. En de oplossing is, denk ik. dat je het niet alleen doet. maar dat je ook ten diepste begrijpt waarom je het doet. die verandering. En dat je accepteert dat het nooit vanzelf zal gaan. Dat je het altijd moet blijven. Trainen, jezelf bij de les moet blijven houden, moet blijven oefenen. En dat hoor je ook van mensen die heel ervaren zijn in mediteren. Zijn niet echt klinken dat ze dat ze klaar niet echt voelen dat ze klaar zijn daarmee, die zijn altijd maar verder aan het oefenen en trainen. Ja, en ja, dat is gewoon de prijs die je betaalt, maar het is wel nodig. Ja, dat ze ik interviewde een gelukkig kundendocent en die zei: Ik ver de reden waarom dit thema mij zo ontzettend grijpt, is omdat ik die zat misschien in de angstige hoek. Ik heb dit elke dag voor mezelf als reminder nodig, want het gaat tegen mijn bedrading bij wijze van spreken in. Dat heb ik met de podcast over. Persoonlijke ontwikkeling en groei en leiderschap. Vooral heel erg mindset en bewustzijn. Dat als een soort van continue reminder in mijn eigen proces en dus ook met de mensen die luisteren. Ja. En dat mensen wel zeggen: Ja, als je net bent, nou niet klaar mee. Heb je nu niet genoeg gesprekken gevoerd, genoeg boeken gelezen en podcasts? En ik denk: Nee. Dat blijft. Ja. Mediteer je bijvoorbeeld zelf ook? Of wat voor dingen? Hoe val jij in dat spectrum? Ja, nee, ik doe het met de natuur. Met de natuur? Ja. En met wielrennen. En. Dus dat je alles waar je in een cadans kan komen: met lopen of met fietsen. Ja, de manier om het te doen. Dat merk ik zelf ook in het lopen, in de cadans van het lopen. Alsof het dan een soort van weg kan ebben en niet hier in je hoofd rondjes blijft cirkelen of zo. Ja, op het moment dat je de tijd vergeet. Dat je denkt, hé, ik ben er al. Ja, dan ben je goed bezig. Oké, dat is perfect. Ik wil net nog vragen. Ik ben even kort. Minimalisme zou dus best wel een trend zijn: minimalisme, maar ook simpeler gaan leven naar bijna open deur. Maar volgens mij onderschrijf je dat ook. Zou dat voor. Voor ons als geheel, of specifiek voor die groep die daar gevoelig voor is? Of zouden we allemaal als mensen gewoon wat simpeler, wat eenvoudiger, wat rustiger, af en toe disconnected zijn? Of zeg je nee, wij zijn zo capabel om ons aan te passen dat het echt niet voor iedereen hoeft. Dus je zegt eigenlijk twee dingen: dat het niet voor iedereen hoeft. Nee, dat is natuurlijk zo. We zijn verschillend in onze stressgevoeligheid. Dus we moeten ook verschillende dingen daarin doen. Maar je zegt tegelijkertijd: vraag je ook: zullen wij als soort, moeten we als soort niet. Wat minimalistischer zijn. Ja, we jagen nu natuurlijk complexer, complexer, complexer grote, mooie beten. Wat volgens mij ook geweldig is, want dat brengt allemaal hele fantastische innovaties. Maar dan moet ik weer denken aan het feit dat we het hoekje over zijn. Op een grotere schaal. Moeten we dan ook niet een beetje downscalen in onze ambities? Maar wie ben ik dan als. Ja, precies. De vraag die daar aan vooraf gaat is: heb je die keuze als soort? Ik denk het niet. Nee, als mens natuurlijk. Als mens denderen we voort. Omdat we gewoon nieuwsgierig van natuur zijn. We willen altijd weten wat er om het hoekje zit. Omdat je dan weer een dopamine-shotje krijgt. Je hebt een gevoel van tevredenheid, een gevoel van. Zingevingen in het leven. Mensen willen altijd exploreren en uitzoeken hoe dingen zitten. En dat uitzicht in innovatie en wetenschap. Mag ik nog iets vragen over de. Gedachten en het omgaan met gedachten. Als je in een. Nou, depressief durf ik dan bij niet zeggen. Maar als je je down voelt. en je merkt dat je negatieve gedachten hebt. Wat. Ik zelf heb echt wel geleerd om uit te zoomen. even te wachten. en te beseffen van: hé, mijn hoofd bedenkt nu dit. Maar ik kan ook prima een heel ander scenario bedenken. En ze kunnen altijd waar zijn. Want ik weet niet, ze zijn allemaal. maar scenario's. Dus ik kies ervoor om in dat. Andere te geloven. Maar goed, dat is mijn ezelsbruggetje omdat ik in de angstige, depressieve hoek viel. Maar Zijn er misschien nog andere manieren om, als je opgeslokt wordt in zo'n negatieve bui, met angstgedachten of piekeren of je zorgen maken, wat je kan doen om jezelf daaruit te trekken? Er zijn in de psychotherapie natuurlijk verschillende technieken, met name in de cognitieve gedragstherapie, die heel praktisch zijn. Denk aan de gedachtenstop. Die ken ik niet. Dus de oefening van de gedachtenstop gaat als volgt. Je neemt een angstige piekergedachte die je vaak hebt, die moet je even naar voren halen. Ja. Oké, ja. Dan ga je vervolgens drie minuten. Voelen, gaat vertellen. Ja. Dan ga je vervolgens die gedachten. gedurende een bepaalde tijd. Ik zeg nu maar even een halve minuut, maar je kan het ook voor drie minuten doen. Heel erg duidelijk doorpiekeren. Dus niet zomaar een beetje piekeren, maar echt volop piekeren. Oké. En dan ga je echt hebben. Oh, die gedachten die gingen zo, en dan zo, en dan zo, en dan zo. Dan ga je dat doen, en dan de volgende stap, als je dat een paar minuten gedaan hebt, is de volgende stap dat je Jezelf voorneemt, of dat je een alternatieve gedachte klaarlegt. die leuk is. Bijvoorbeeld. een strand waar je deze zomer was. Met dat barretje en die cocktail. en die leuke vrienden. en zoals je daar lag. En dan pak je die piekergedachte weer op. die zet je weer in. maar je spreekt met jezelf af dat je op een gegeven moment tegen jezelf zegt: stop. Stop je daarvoor in de plaats. Dan dwing je jezelf om aan dat strand te denken. En als je dat vaak oefent, dan leer je dus om controle te krijgen over. Waarover je denkt. Want dat hebben wij natuurlijk als voordeel boven alle beesten voor ons in de evolutie. We hebben die enorme hersenschors waarmee we zelf kunnen bepalen waar we aan denken. We hebben ook een bewustzijn die zich uitstrekt buiten het hier en nu. Beesten kunnen alleen in het hier en nu denken, maar wij kunnen denken aan zoals het was op die vakantie. Of je verheugen op iets in de toekomst. En dat is ons voordeel. Dus wij, en dat besef je niet zo, maar je kan denken waaraan je wil. Dat kan. Jij bepalen. Allereerst vraagt het weer, net als meditatie, veel oefening. Mindfulness is eigenlijk iets wat hieraan gelinkt is. Maar dan heeft het iets andere invalshoek, namelijk dat je. Bepaalde gedachten. op een andere manier gaat. vanuit een ander perspectief gaat bekijken. Dus een nare gedachte. is niet iets wat jou helemaal. bevolkt en beheerst. maar kan ook iets zijn wat je voorbij ziet drijven. Dus. op die manier zijn er. vanuit de cognitieve gedragstherapie. allerlei oefeningen. en ik ben daar zelf geen expert in. die je kan toepassen. en die je kan oefenen. met een psychotherapeut. Maar je kan ook. Wat ik net noemde in die activerende benadering van de huisarts of de bedrijfsarts, of van een coachende benadering, leren. Om te gaan met het type stressoren wat op je afkomt. Hoe begrens je dat? Hoe kanaliseer je dat? En je kan met een, zoals het verhaal van het Onze, kan je de symptomen uit je lichaam beter begrijpen en daardoor ze minder alarmerend vinden. Je kan dan denken: van goh, die stressrespons van dat kloppende hart, dat had die vis een half miljard jaar geleden ook al. Dat is gewoon een oude, verouderde visrespons waar ik niks meer aan heb. Want mijn problemen zijn veel te abstract daarvoor. Dus neem het met een korreltje zout. Het is ook een vorm van loslaten. Precies. Ja, mooi. En als je echt iets hebt, dan moet je naar een psychiater. Op welk moment is het zo erg dat je inderdaad naar een psychiater moet? Wat zijn echt red flags voor mensen die misschien niet luisteren? Van oké, dan is het echt tijd om professionele hulp in te schakelen. Nou, eigenlijk is het moeilijk te zeggen als je er zelf in zit. Eigenlijk is dat aan de huisarts die bepaalt wat dat moment is. En dus als de klachten, met name met psychotherapie, niet voldoende verholpen kunnen worden, kan het aangewezen zijn dat iemand ook medicatie krijgt. En dan komt een psychiater al gauw om de hoek kijken. Wat is het volgende grote project of wat is het volgende grote thema? Wat bij jou op de plank ligt, wat je graag wil gaan onderzoeken? Nou, we doen nu al onderzoek in samenwerking met veel andere mensen. naar. hoe je stress bij studenten het beste kan benaderen. Oh, super interessant. Ja. Dus daar is een andere afdeling hier in huis de trekker van. Dus zo lopen er een heleboel projecten eigenlijk. We kijken ook naar bijvoorbeeld stresshormoon cortisol in het haar van. Zwangere moeders die dan kinderen krijgen, in hoeverre die stress ook. In het haar van het kind te meten zijn. En te meten is op het objectiveren is in hoeverre dat doorgegeven wordt via het ongeboren kind. Oh, of die theorie, want die is natuurlijk al wat langer, dat het overdraagbaar is, of dat ook echt feitelijk. Ja, oh, wat een theorie. Dus daar is dan een van de psychiaters hier in huis, Meike van den Berg, mee bezig. En zo zijn er allerlei onderzoeken die lopen. Maar wel nog steeds gewoon het thema stress. Misschien wel, ofzo. Waar komt die fascinatie vandaan? Nou, ik ben tijdens mijn studie geneeskunde al daar ingerold met mijn promotieonderzoek bij Dick Swaap. En daar kwam eigenlijk naar voren dat stress een heel leuk. Sluitelconcept is om psychologie, biologie en sociale eisen samen te brengen, antropologie zelfs. Antropologie. Dus daar komt eigenlijk in het fenomeen stress alles samen. En dat. Siri wil zich ermee bemoeien. Ja, dus dat. is leuk omdat ik zelf in de. Dus daar waar psychische klachten zich lichamelijk vertalen in de hersenen, is dat stressconcept een soort scharnierconcept waardoor al die dingen samenkomen. Daardoor is het altijd bij me gebleven. Zelf ook in een situatie als een burn-out. Want ja, goed, ik ben zelf ook een PhD-traject in geweest. Ik weet hoe overweldigend dat kan zijn. Ja, nou, het is grappig dat je het PhD-traject noemt. Want ik had op het eind, toen ik voor de deadline voor de drukker zat, zo'n nacht doorgewerkt. En toen zag ik opeens dingen wegschieten in mijn ooghoek. En ik kreeg een soort muiskramparm, omdat ik de hele tijd dingen zat te trekken. Ja, ja. En. En toen dacht ik: Oh ja, zo voelt het dus als je te ver gaat. Nu moet ik echt even stoppen. En toen was het gelukkig ook klaar. Ja, ja, ja. Ja, ik kan me wel voorstellen dat het ook voor veel mensen is een motivatie om daar iets mee te gaan doen, omdat ze zelf weten hoe dat voelde. Ja, nee, zo was bij mij niet. Andersom, ik kreeg juist de klachten van het onderwerp. Oh, dat is ook wel grappig. Maar er komt niet een nieuw boek aan over. Oh, komt er een vervolg? Want we hebben natuurlijk dat Leef als een Beest. Die kende ik heel eerlijk. Moet ik eerlijk bekennen dat ik die niet heb gelezen. Ik zal het je zo meegeven. Oh, nou wat fijn. Misschien wel leuk om hem aan. Om het misschien wel aan een van de luisteraars ook te verlaten. Ja, prima. Tof. Zijn er nog onderwerpen waar je even over. Dat moeten we echt even bespreken. Ik heb twee boekjes ook samen met Wilma de Rek gemaakt. Oh, ja. Ik vond het. Lees, las echt ontzettend prettig. Dat is echt helemaal haar verdienste. Ja. Er is nog een onderwerp waarvan je niks nadert. Dat moeten we echt even bespreken. Of dat is nu echt zo belangrijk. Ik wil echt dat veel mensen daar ze dat nog meegeven. Nou, volgens mij hebben we wel heel veel besproken. Ja. Oké, dan wil ik je bedanken voor je tijd. Ja, jij bedankt voor het komen. En heel veel succes met het onderzoek. Dank je wel."
ouder-worden-2040.mp3,interviews,Cohere Labs Transcribe,31.0,25.430000000000007,100,36.445454545454545,4884.3125,4773.367045454545,29.233618879864178,"Welkom Jan. Goed dat je hier bent. Je hebt heel veel functies. Je bent lid van de Kwaliteitsraad. Je bent algemeen coördinator van Nederland Zorgt voor elkaar. En ook nog voorzitter van Austerlitz Zorgt. Dat heeft ook allemaal met elkaar te maken, toch? Ja, dat klopt. Ik begon met mijn vrijwilligersbaantje eigenlijk bij mijn eigen zorgcoöperatie in het dorp Austerlitz waar ik woon. En er bestaat een jaar of tien. Ik ben sinds een jaar of drie voorzitter ervan. En vanuit Austerlitz zijn we de beweging. Het netwerk Nederlands Zorg voor elkaar begonnen, het landelijk netwerk voor al dit soort initiatieven. En ja, zo ben ik in die functie van algemeen coördinator gerold. En van daaruit ook weer in de kwaliteitsraad terechtgekomen. Nou, heel veel verschillende functies. En nu heb je ook nog besloten om je te gaan verbinden aan het programma Ouder worden 2040. Wat spreek jij daar zo in aan? Nou, ik moest in eerste instantie wel even nadenken. toen ze me vroegen: van goh, wil je meepraten over dat programma? Want er zijn natuurlijk al behoorlijk wat. Ik noem het maar even praatclubjes of denktanks in de zorg en eromheen. Maar ik vond dit wel een. Interessante initiatief omdat het echt heel breed gaat. Dus, het kijkt niet alleen naar het zorgaspect, maar alle aspecten van het leven van de vergrijzende samenleving komen daarin aan de orde. Dus de thematiek sprak me in die zin aan, omdat ik denk dat alles echt ook met elkaar verbonden is. Je kan niet alleen maar het zorgenaspect eruit halen, want dan vind je niet de oplossingen die je nodig hebt. En het tweede aspect wat ik aantrekkelijk vond, is dat ook in de deelnemers, degenen die erover gaan meedenken, of nu op dit moment dus in die verschillende gremia zitten, is gekozen voor een heel breed palet aan mensen vanuit allerlei hoeken van de samenleving. En ik denk dat dat ook sterker maakt. Dus niet alleen zorgbobo's die met elkaar praten. maar ook echt mensen uit de samenleving, bedrijfsleven. actieve burgers zijn er allemaal bij betrokken. Ja, nou ja, actieve burgers. daar hebben we meteen ook het onderwerp waar jij in gespecialiseerd bent, zullen we maar zeggen. Want. We staan voor nogal een opgave met het ouder worden 2040. Wat is het belang van burgerparticipatie in die komende 20 jaar bij die ouder wordende samenleving? Ja, ik denk dat we niet zonde kunnen. Ik denk dat als we de zorg blijven organiseren. zoals we dat nu eigenlijk de laatste 50 jaar gedaan hebben. waarbij we dus de. Alle aspecten van het zorgen en het ondersteunen van mensen. eigenlijk uitbesteed hebben aan professionals, aan organisaties, welzijnsorganisaties, zorgorganisaties, woningbouwverenigingen. Alle partijen, zeg maar, bestaan uit professionals die allemaal hele nuttige dingen doen, natuurlijk. Maar er is natuurlijk al door allerlei mensen die er verstand van hebben berekend. dat dat allemaal op termijn niet meer houdbaar is, omdat de druk op dit soort organisaties steeds groter gaat. Blijven door de vergrijzing, door de toenemende hulpvraag. En dus we zullen echt moeten nadenken over alternatieven. Hoe kunnen we de samenleving zelf betrekken bij het zorgen voor en het ondersteunen van de toenemende groep ouderen in onze samenleving? Ja, en je zegt daar moeten we over nadenken. Daar heb je vast ook al ideeën over. En hoe zouden wij een deel van die formele zorg en hulp over kunnen dragen naar het informele circuit? Ja, in feite gebeurt dat denk ik al wel op behoorlijke schaal. We zien nu dat het aantal initiatieven wat op lokaal niveau binnen hun eigen dorp of wijk dit soort dingen organiseert, dat neemt enorm toe. We zitten nu al op 1500 ongeveer die we kennen. Een paar jaar geleden waren het er nog maar 500, dus dat gaat echt heel hard. Dus de basis is er om dat te gaan doen. Maar nu moeten we alleen nog de structuren vinden om dat op een goede manier in te bedden. Want nu zijn het eigenlijk twee parallele trajecten. Je hebt het formele zorgtraject. En je hebt wat ik dan even noemde: nul-de-lijnzorg. Dat is de georganiseerde zorg door burgers. In sommige plekken gaat dat goed samen, maar op heel veel plekken loopt het eigenlijk nog parallel aan elkaar. En we moeten dat eigenlijk met elkaar zien te verbinden. En dat is best wel een opgave, want er zijn natuurlijk allerlei elementen in hoe we de zorg en ondersteuning nu georganiseerd hebben, die dat best wel bemoeilijken. De verschotting die we hebben met alle verschillende. En daar hebben niet alleen professionals last van onderling, maar ook in de samenwerking met burgers maakt dat best wel ingewikkeld. Dus daar moeten we echt nieuwe modellen voor gaan ontwikkelen. En daar wordt ook wel echt aan gewerkt op dit moment, onder andere vanuit Nederlands Zorg voor elkaar. Maar ja, daar zijn we nog volop in ontwikkeling, eigenlijk. Maar die nieuwe modellen zijn wel nodig. Want als we nu kijken, merk je toch heel veel berichten over overbelaste mantelzorgers bijvoorbeeld. De manier waarop we het nu georganiseerd hebben, ook voor die informele zorg, is ook niet houdbaar, denk ik. Nee, dat klopt. We hebben ongeveer een half miljoen en inmiddels misschien zelfs wat meer structureel overbelaste mantelzorgers in Nederland. Ja. Ik denk dat dat echt een probleem van de toekomst gaat worden als we daar niet veel meer op gaan inspelen. Dat is iets wat je heel goed lokaal kunt organiseren zonder dat je het systeem daarbij nodig hebt, om even zo te zeggen. Dus bijvoorbeeld bij ons in Austerlitz hebben wij meer dan 100 vrijwilligers op een bevolking van ongeveer 1700. En we hebben een dorpsondersteuner, een professional die wij aansturen. En die houdt echt die mantelzorgers in de gaten bij ons in het dorp. Die worden dus gemonitord, om even zo te zeggen. En zij kan heel makkelijk vrijwilligers inschakelen om respijt te bieden of om te ondersteunen. Om even op adem te komen, waar je het over hebt. Ja, om even op adem te komen, maar ook gewoon structurele ondersteuning. Een schaakmaatje voor iemand die daar behoefte aan heeft, zodat degene die de mantelzorg moet verrichten even tijd heeft om wat anders te gaan doen. Dat is eigenlijk heel makkelijk lokaal te organiseren. Maar ik denk dat we ook moeten kijken naar meer verbindingen tussen informeel en formeel. Dat ook in het hele zorgtraject, als het wat meer professionele kenmerken gaat bevatten, dat we daar ook een betere samenwerking gaan krijgen. Dat is nog wel een aardige opgave waar we voor staan. Ja, want dan is het ook wel van belang om te kijken naar hoe die formele zorg wordt georganiseerd. En dat zal ook moeten veranderen. Ja, ik denk dat we nu eigenlijk wat we gezien hebben in de afgelopen periode, is dat we steeds meer schaalvergroting hebben gekregen. Dus dat we veel meer op een regionaal niveau of op gemeentelijk niveau zijn gaan organiseren. De hele WMO is bijvoorbeeld op gemeentelijk niveau georganiseerd. Die hebben dan weliswaar weer wijkteams. Maar ook die wijken zijn vaak niet ingedeeld op de manier waarop bewoners zelf naar hun wijk kijken. Austerlitz is ingedeeld samen met een wijk in Zeist, waar we eigenlijk helemaal niks mee te maken hebben. In Austerlitz hebben we het zo geregeld dat wij een eigen dorpsteam hebben. Dus de WMO is daar afgesplitst van de reguliere WMO. Omdat wij gezegd hebben dat ook die ondersteuning via dezelfde patronen loopt als de informele zorg. Dus diezelfde dorpsondersteuning regelt ook de WMO. Dus die regelt het vrijwilligerswerk, maar die regelt ook de formele ondersteuning. Doorvertalen naar de wijkverpleging, die kun je ook veel beter op datzelfde niveau organiseren. Dus we hebben ook een wijkverpleegkundige die heel nauw samenwerkt met die dorpsondersteuner. En eigenlijk, als je dat op die kleine schaal van een paar duizend mensen organiseert, dan is het heel simpel. En dan, zolang je maar vanuit het belang van die gemeenschap gaat redeneren. en gebruik maakt van de kracht die er in die gemeenschap zit. Bij vrijwilligers. zijn er ook heel vaak bestuurders. die in zo'n dorp wonen of in zo'n wijk wonen. die daar best ervaring mee hebben om dat te organiseren. Maak daar gebruik van. En maak ook gebruik van de zilveren generatie. waar de RVS het over heeft. Het enorme potentieel aan jonge pensionado's. die nog heel actief kunnen zijn. en dat ook graag wel willen. En ik denk dat we daar nog veel te weinig gebruik van maken. om die ook in te schakelen bij de zorg en ondersteuning. voor de mensen die nog ouder zijn en die echt zorg en ondersteuning nodig hebben. Er zijn nog genoeg zaken om aan te pakken. Maar als dat allemaal op die manier ook aangepakt wordt. hoe ziet jouw ideale zorgsamenleving. bijvoorbeeld over tien jaar eruit? Ja, ik hoop dat er over tien jaar overal zorgzame gemeenschappen zijn in Nederland. Met een zorgzame gemeenschap bedoel ik een dorp of een wijk. Als bewoners ook eigenaarschap hebben genomen voor het zorgen voor elkaar. En dat zal in de ene wijk of dorp heel anders uitzien dan in de andere. Dat mag ook. Dat moet je vooral zo inrichten dat het past binnen de gemeenschap. En dan hoop ik dat de formele zorgpartijen en ondersteuningsorganisaties zich daarop gaan aansluiten. Dus dat die niet meer leidend worden, maar dat de lokale processen leidend worden en dat daar ondersteuning wordt geboden vanuit de gemeente, vanuit woningbouwverenigingen. En als laatste punt, wat ik denk heel belangrijk vind, is dat we ook qua ouderenhuisvesting op een manier moeten gaan werken dat we dat ook helemaal lokaal gaan organiseren. Dus ieder dorp of wijk. Wat mij betreft zou een kleinschalige woonvoorziening voor ouderen moeten hebben. Dat heeft twee grote voordelen. Eén is dat ouderen dan niet ontworteld worden uit hun eigen netwerk. We hebben in Auschwitz gemerkt, toen we nog geen zorgwoningen hadden, dat mensen op de laatste fase van hun leven. Vaak moesten ze verhuizen naar een verpleeghuis in de buurt, in Zeist of in Drieberg of zo. En dat had meestal vrij dramatische gevolgen. Het is maar een paar kilometer verderop. Ja, maar je wordt toch echt ontworteld en je raakt je netwerk kwijt. En er zijn mensen ook echt uit heimwee overleden. Die kennen wij ook gewoon, die dat gewoon heel kort volgehouden hebben. Dus dat is één. Het tweede voordeel is dat als mensen hun sociale netwerk kunnen blijven houden, is dat die mantelzorgers ook intact blijven. En dat die nog steeds kunnen blijven zorgen. Informele steun op het moment dat je mensen in hun eigen woonomgeving kunt opvangen, ook als ze wat zwaardere zorg nodig hebben. Zeker. Er is nog grote opgave, er moet veel gebeuren. Daar ga jij je ongetwijfeld ook hard voor inzetten, samen met een aantal andere mensen. Hartelijk dank Jan voor je komst naar de studio. En u weer hartelijk dank voor het kijken naar deze aflevering van het programma Ouderworden 2040. Tot ziens!"
verpleegkundige gevangenis.mp3,interviews,Cohere Labs Transcribe,37.5,25.43044354838709,100,45.243951612903224,4898.3125,4848.489919354839,32.91694180341783,"Maar iedereen heeft recht op zorg. Of je nou iemand vermoord hebt. of een brood gestolen hebt. ja, je hebt recht op zorg. Punt. Als je weet dat je het kan. dan moet je er ook voor gaan. Echt een duidelijke norm richting de samenleving. Wij horen achter onze politiemensen te staan. Leuk dat je luistert. of kijkt naar de Politiepodcast Boeiend. En we hebben vandaag weer een interessant onderwerp. voor jou in petto. We gaan namelijk niet de politieorganisatie induiken. maar de penitentiaire inrichting. En om daarover te praten. Zit bij mij aan tafel Carlijn. Welkom. Dank je wel. Jij werkt niet zomaar in de PI, want jij bent verpleegkundige. Klopt, ja. Ja, justitieel verpleegkundige. Justitieel verpleegkundige. Kan je wat vertellen over wie jij bent en wat je doet? Ja, ik werk inmiddels bijna 12 jaar in de PI. En ik werk in de PI Rotterdam, locatie de Schie. En ja, als justitieel verpleegkundige. En het leuke is aan mijn baan, ja, ik heb ontzettend veel vrijheid. En we draaien eigen spreekuren. Heel gevarieerd beroep heb ik. Ben je dan een soort van huisarts in de PI? Moet ik dat zo zien? Nou ja, zo zou je het een beetje kunnen zien. Als een soort huisartsenpraktijk, de medische dienst, een soort huisartsenpraktijk. En wij zijn eigenlijk de buffer tussen de huisarts en de gedetacheerde. Dus in de eerste instantie komen mensen, kunnen ze een verzoekbriefje invullen op de afdeling als er iets aan de hand is, komen ze altijd eerst bij ons. En dan gaan wij inventariseren: is dit iets wat wel naar de huisarts moet? Kunnen wij dit zelf afhandelen? Moet iemand doorverwezen worden naar de physio of naar de optigène? Of nou noem het allemaal maar op. Dus ja, inderdaad. Bijzonder. Ja. Hoe ziet dan een werkdag er voor jou uit? Ja. Nou, als we 's ochtends binnenkomen na het even opstarten, bakje koffie, dat soort dingen. Ga ik meestal eerst eventjes langs de OBS, de observatiecellen, oftewel de isoleercellen, strafcellen, maar net hoe je het wil noemen. Ja. Daar zitten mensen die of iets hebben gedaan wat niet mag, of voor hun eigen veiligheid. En die bezoeken wij elke dag in principe. Om even te horen of het goed met ze gaat. Of ze iets nodig hebben. En of we iets voor ze kunnen betekenen. Nou, dan gaan we daarna meestal het spreekuur draaien. Alle verzoekbriefjes die binnen zijn gekomen afhandelen. Agendapunten: dat kan zijn wondzorg. Of bloeddruk nog een keer meten. Of noem het maar op. En dan heb je vaak inkomsten. Die komen dan weer bij jullie vandaan. Nieuwe mensen die zijn opgepakt. Die moeten de BI in. Daar gaan we een hele intake mee doornemen. Dus binnen 24 uur vragen we hun hele medische voorgeschiedenis uit, eigenlijk. Kan je wat vertellen over de PI waarin jij werkt? Locatie de Schie, PI Rotterdam. Wat is dat voor wereld? Hoe ziet het er daar een beetje uit? Nou, heel bijzonder, want het is ontworpen door architect Karel Weber. In 1989 geopend. En het is een cacophonie aan kleuren. Oh, wauw. Ja, het is een heel kleurrijk gebouw vanbinnen. Dus groen, geel, rood, blauw, alles komt voorbij. Er kan je een hoop van vinden, maar ik vind het zelf eigenlijk wel een soort vrolijk of zo. Het is een vrij kleine PI. We hebben voornamelijk enkelcellen. Sinds kort ook een paar dubbelcellen. En we hebben verschillende regimes. We hebben huis van bewaring en gevangenis. Voor degene die niet weet wat het verschil is: huis van bewaring zijn ze nog niet afgestraft. Gevangenis zijn ze wel afgestraft. Dan hebben we een extra zorgvoorziening. Dat is een afdeling voor met name psychisch kwetsbare mensen. Daar is net een iets ander regime. Daar hebben ze een ander dagprogramma. Personeel is daar net even anders opgeleid. En dan hebben we nog een terroristenafdeling. En hoeveel mensen zijn er dan in totaal ongeveer in detentie bij jullie? Rond de 260, 265. Ja. Dus dat is vrij klein hoor. Je hebt dan te maken met mensen die. die daar niet voor niks zijn, maar die ook vaak ontzettend. Op hun kwetsbaarst zijn. Hoe is dat om met mensen om te gaan die in zulke omstandigheden leven? Het grappige is dat je dan op de afdeling ziet dat ze zich soms best als haantjes kunnen gedragen. De grootste afdeling telt 72 man. En ja, dat kan soms best intent zijn als je daar rondloopt. Het is allemaal drukte en een beetje stoer doen. En ja, dan komen ze bij mij in de spreekkamer met bijvoorbeeld hartklopping. Weet je, een jonge vent. Nou, dan doe je je controles en dan merk je dat daar niet zoveel aan de hand is. En dan komt het eruit en dan zitten ze ineens te huilen. Ik mis mijn moeder. Ja, dus ja, die kwetsbaarheid is wel een behandelrelatie die je een beetje opbouwt. Dat is natuurlijk niet op dag één over het algemeen. Maar ja, die kwetsbaarheid, die zien we ook. En wat maakt dan het werk als verpleegkundige in een PI anders dan bijvoorbeeld een verpleegkundige in het ziekenhuis of op de ambulance, bijvoorbeeld? Ja, nou ja, ik heb altijd vanaf. Ik ben in 2001 afgestudeerd. Toen had ik eigenlijk al meteen zoiets van: je moet mij niet aan bed zetten. Dat is niet voor mij weggelegd. Ik moet gewoon met mensen wassen, dat soort dingen. Dat is niet voor mij. Maar ja, de technische handelingen en gesprekken voeren met mensen, dat vond ik wel altijd leuk. En dat is wat ik in de PI dus wel heb. En daarnaast heb je gewoon heel veel vrijheid. Ik kan zelf mijn dag indelen. Als ik ochtends naar de OBS ben geweest. Dan kan ik bedenken, nou, wat wil ik nu doen? Heb ik veel briefjes? Dan ga ik eerst mijn spreekuur starten. Maar heb ik weinig briefjes? Nou, dan ga ik eens even op de afdeling kijken. Even horen hoe het met die meneer gaat met die gebroken arm. En dan ga ik eens even zo hier en daar een praatje maken. Mijn oor te luisteren leggen. Dat soort dingen. Dus je kan echt jezelf je eigen dag indelen. Dat vind ik ook heel prettig. En ben jij de enige verpleegkundige van PI de SGI? Of werk je in een team? Hoe moet ik dat voor me zien? Nee, we zijn met een team. Nou ja, er horen er zes te zijn. Die zijn er nu niet. Maar we horen met z'n zessen te zijn. En meestal ben je met drie à vier op een dag. Dat is wel een beetje het streven. En werken jullie dan een soort van kantoortijden? Of gaat het 24-7 en in de weekenden door? Nee, we zijn de medische dienst geopend op werkdagen van half acht tot vijf. En het kan natuurlijk gebeuren dat er vanuit het politiebureau. vrijdagmiddag laat. nog iemand bij ons naar binnen geschoven wordt. Ja, dan komen we op zaterdagochtend de intake doen. Maar dat zit in principe. We hebben geen 24-uur zorg. Nee, precies. Dat is overigens in andere PI's wel zo hoor, soms. Maar wisselt. Ja, precies. Het valt allemaal onder de dienst justitiële inrichtingen. En er zijn natuurlijk allerlei verschillende functies binnen die hele wereld. Wat voor andere taken zijn er nog meer binnen zo'n PI? Nou ja, wij werken eigenlijk heel nauw samen met alle disciplines. Met name natuurlijk bijvoorbeeld de PIW-er, de Penitentiair Inrichtingswerker. Dat zijn de beveiligers op de afdeling. Die zijn de hele dag met de jongens samen. Ja, dat zijn natuurlijk ook voor een deel onze ogen en oren. Dus als wij iemand op spreker krijgen met een bepaald verhaal of hij wil iets. Ja, dan in sommige gevallen checken we ook wel even van: goh, klopt het wat hij zegt? Andersom werkt het ook zo. De PIW-er ziet iets op de afdeling en signaleert ons: Goh, misschien moet je even bij die man gaan kijken. Nou, dan heb je natuurlijk de complexbeveiligers die. Letterlijk het complex beveiligen. Dus die zitten achter de knoppen, die geven de deuren. die doen ook celinspecties. Nou ja, de afdelingshoofden werken we mee samen. Je hebt case managers die de belangen behartigen van de gedetineerden. Er is geestelijke verzorging. Dus een pastor, een imam. een orthodox Russische. hoe noem je zo iemand? Ja, van alles wat in ieder geval. Nou, zijn er natuurlijk een hele hoop mensen. die in de samenleving roepen: we moeten zwaar de straffen. Die gasten verdienen geen medische zorg. Weet ik het allemaal wat? Sluit ze langer op. Maar jij werkt in die wereld. Hoe kijk je daar tegenaan? Ja, ik vind dat best wel lastig. Kijk, het is niet. Ik denk als je er niet zo over denkt als ik, dan kan je niet in een PI werken, want de heren die daar zitten, en natuurlijk dames ook ergens, maar. Jij werkt alleen op een mannen. Ja, we hebben alleen mannen. Ja, die zijn al gestraft. Dus het is niet aan mij om daar op eigen houtje nog eens een schepje bovenop te doen. De rechter heeft ze afgestraft en dat is hun straf. En ik heb mijn werk te doen en dat doe ik met plezier. Maar iedereen heeft recht op zorg. Of je nou iemand vermoord hebt of een brood gestolen hebt, ja, je hebt recht op zorg, punt. En dat is hoe ik er naar kijk. En dat is best wel eens met buitenstaanders lastig als je het over zware delicten hebt. Ja, aan de hoogste boom, inderdaad. Ja, dat is niet hoe ik er naar kijk. Ja, precies. Nou, zijn er ongetwijfeld mensen die naar deze podcast kijken of luisteren. die interesse hebben in het werken bij de DEI. of misschien wel in jouw rol. Ja. Aan wat voor competenties moet je voldoen? Wat voor mens moet je zijn om in die wereld te werken? Ja, nou, dat is wel grappig. Ik heb ook in het verleden wel eens in sollicitatiecommissies gezeten. Als ik het dan even heb over de verpleegkundige. En ik kijk zelf altijd meer naar wat voor persoon zit er tegenover me. dan wat er op iemands cv staat. Iemand kan net van school afkomen en tegenover mij zitten, en dat ik dan denk: Goh, ik zie jou doen. Staat stevig in de schoenen. Dat gaat helemaal goedkomen. En iemand kan een prachtig cv hebben. Dat je denkt, nu op papier fantastisch. Maar die zit bij elke keer als er een pieper afgaat. met angst in de ogen om zich heen te kijken. Ja, dus het is wel een beroep waarbij je een beetje stevig in je schoenen moet staan. En toch, ja, je verbaal je mannetje moet staan. We gaan daar, we gaan ook straks een kijkje nemen op jouw werkplek. Ik ben zelf nog nooit in P.I. de schie geweest. Ik vind het ook ontzettend interessant om ze om straksjes daar ook een kijkje te nemen. Ja, voordat we het nog meer over jouw werk gaan hebben, willen we wat meer over jou te weten doen. En dat doen we in het verhoor. Het verhoor. Wat is het leukste aspect van jouw werk? Goh, ik denk de diversiteit in de doelgroep. Ja. Als jij niet als verpleegkundige zou werken, wat voor werk zou je dan doen? Dat is een leuke vraag. Ja, ik ben wel een regelneef. Dus ik denk dat ik dan ooit in een blijfstaf, lang geleden, in de evenementenorganisatie gewerkt. Ik denk dat ik die hoek. Om een feest te organiseren? Ja, weet ik niet. Dat vind ik dan weer lastig. Ik vind het wel leuk als er toch ook een maatschappelijk belang bij betrokken is. Dus. Zoiets in die hoek denk ik wel. Heb jij ook een muzieknummer wat het beste past bij het werk wat je doet? Och, jeetje. Nou ja, ik ben eigenlijk best wel fan van Johnny Cash. Oké. Ja, dat is natuurlijk bij uitstek degene die altijd in de gevangenissen ging optreden. Dus ja, als je het hebt over Johnny Cash, dan kun je in heel œuvre natuurlijk op tafel gooien. Maar ja, Johnny Cash zou dan de artiest zijn. Ja, ik heb ook staan welke film moet iedereen gezien hebben. Maar is dat dan ook Walk the Line? Die gaat over Johnny Cash, toch? Ja, nou ja, nee, dat is niets. Nee. Ik moet meteen denken aan The Green Mile. Ja. Is natuurlijk echt een prachtig film. Ik heb hem al zo vaak gezien en elke keer weer tranen met tijd. Maar de manier waarop Tom Hanks kijkt. Naar die grote kerel, een hele beangstigende kerel, en toch ziet hij de menselijke kant van die man, en dat is ook een beetje hoe ik naar mijn werk kijk. Ja, denk dat die dan wel bovenaan mijn lijstje staat. Ja, wat is de grootste misvatting over het werken in een PI dat ze allemaal in oranje pakken lopen? Denk ik, ja, ja, dat serieus. Ja, die vraag ik al zo vaak gehad dat dat mensen echt denken van. Lopen ze in hun eigen kleren dan? Ja, het soort orange is de nieuwe black-achtige beeldvorming, ik weet het niet. En wat doe jij als jij niet aan het werk bent? Heb je ook hobby's, dingen die je. De vrije tijd doet ja, dan probeer ik toch wel. Kijk, het is best wel een pittige baan, hè? Je maakt soms echt heftige dingen mee, dus ja. Mijn ontspanning vind ik in yoga bijvoorbeeld. Ja, daar word ik heel blij van. Fysiek en mentaal ja, ja, zeker. Wat is jou het fijnste moment van je dag? Ik denk wat ik net ook zei. Als er de tijd voor is, dat ik even naar de afdeling kan lopen en daar gewoon even. Aan kan schuiven bij, stel, gasten die een potje aan het schaken zijn. of dat je gewoon eens even een praatje maakt met. Verdachte feitjes. Dit verdachte feitje gaat over muziek. En niet zomaar muziek, maar muziek gemaakt door de politie. Nou, wat houdt dat in? We hebben namelijk één Nationaal Politieorkest. en maar liefst dertien ensembles, coren en orkesten verspreid over heel Nederland. Zij ondersteunen bij een interne ceremonie, een herdenking of een evenement. Het verschil tussen het Nationale Politieorkest. en de dertien andere orkesten, ensembles. is dat in het Nationaal Politieorkest alleen. Politiecollega's in actieve dienst spelen. En in die andere 13, daar spelen ook burgers. Dus zij worden gescreend en worden dan aangenomen als politievrijwilliger. Nou. Ik hoop dat je weer wat wijzer bent geworden over de wonderenwereld van de politie. Ik zie je graag weer bij het volgende verdachte feitje. Jouw vraag. Wij stellen de kijkers en luisteraars van deze podcast altijd in de gelegenheid om vragen te stellen. Er is natuurlijk ook heel veel interesse in jouw bijzondere baan. Voordat we aan die vragen toekomen, wil ik heel even terugpakken op wat jij net zei over dat die mensen die bij jullie verblijven in hun eigen kleren rondlopen. Iets vertellen over hoe zo'n dag en hoe hun leven op dat moment er een beetje uitziet. Ja, dagprogramma bedoel je. Ja. Ja. Nou, ik moet eerlijk bekennen, ja, daar hebben wij natuurlijk in die zin vrij weinig mee te maken. Behalve dat ik weet dat ze op bepaalde momenten, als ze bijvoorbeeld naar de arbeid zijn, niet opgeroepen kunnen worden voor de medische dienst. Maar voor zover ik het kan vertellen, ze hebben verschillende dingen waar ze recht op hebben: persoonlijke verzorging, dus dan kunnen ze douchen, dat soort dingen. De gevangeniskant heeft verplicht arbeid een halve dag per dag, zeg maar. Ze moeten een halve dag werken. Sommigen kiezen er ook voor om hele dagen te werken, dat mag ook. Kan ik me ook voorstellen trouwens, want als je daar heel de dag zit, denk ik dat ik ook hele dagen zou gaan werken. Ze hebben luchten, ze hebben recreatie, dus dan kunnen ze koken op de afdeling. Ze maken ook kookclubjes, dus dan kookt één de boodschap en de rest kookt het en dat roleert dan. Wel ironisch, als je voor kook daar zit om dan gewoon in de koude club te gaan, maar dat de club ja, precies. Ja, zo en een bibliotheekmoment. En dan zijn er natuurlijk gesprekken met van allerlei instanties waarbij de ketenpartners waar wij mee samenwerken, dus ja, dat is van de reclassering tot De politie, tot nu en noem het maar op, case managers, medische dienst, nou psychologen. Het lijkt me wel een hele heftige wereld om in te zitten als gedetineerde. Ja, is het een. Spannende is het een spannende wereld? Is er een hangt er vaak een gespannen sfeer? Nou, dat kan soms wel zo zijn. Dat hangt er een beetje vanaf welke afdeling het ook is. Maar ja, kijk, je stopt een groep mannen bij elkaar op de grootste gevangenisafdeling, zijn dat er dus 72? Ja, dat kan wel een spanning opleveren. En dan gebeurt er iets en niemand is het daar niet mee eens. Ja, dan is soms de spanning ook wel voelbaar. Maar dat Dat is weer die samenwerking met de PIW'ers op de afdeling. Ja, die weten donders goed, die voelen dat feilloos aan en die weten donders goed van: oh, kom je voor die en die? Doe maar even niet. Slechte dag. Ja, slechte dag. Jij werkt hier natuurlijk als verpleegkundige. Daar gaat ook deze podcast over. Hoe werkt dat? Want je hebt een eigen soort van praktijk daar, maar je bent dus ook vaak op de zaal of in de kamers, op locatie als het ware, je werk aan het doen, klopt het? Ja, nou, voornamelijk zitten we op de medische dienst. Je hebt natuurlijk met medisch beroepsgeheim te maken. En iedereen heeft recht op privacy tijdens zo'n consult. Dus de meeste consulten doen we op de medische dienst. Dus dan komen ze naar ons toe. Maar ja, soms weet je, als iemand net aan zijn been geopereerd is. Dan moeten ze dus van de afdeling naar beneden, het halve pand door, naar de medische dienst weer naar boven. Ja, dat doe je dan niet. Nee, precies. Plus, op sommige dagen zit het vol met personeel. Heb ik geen kamer? Nou, dan doe ik mijn bloeddrukje even op de afdeling. En wat voor medische handelingen verricht jij dan het meest? Waar kom je het meest mee in aanraking? Nou, dat is het leuke. Dat is zo divers. Dat gaat van spoedgevallen, dat hebben we natuurlijk ook. Het is een afspiegeling van de samenleving. Dus je hebt van alles wat. Je hebt ook diabeten, je hebt ook hartpatiënten, je hebt ook kankerpatiënten, je hebt ook mensen met HIV. Het gaat van dat tot een ingegroeide teenagel en alles wat daartussen zit. Ja, dus dat is wel, dat maakt het ook zo leuk. Het is geen dag, hetzelfde. Zijn er bepaalde dingen die jij zelf dan het leukste, of leuk is natuurlijk nooit het goede woord, maar waar jij zelf dan van denkt: oh ja, nu wordt het interessant voor mij. Ja, iedereen heeft zo zijn eigen specialiteiten bij ons in het team. En ik ben bijvoorbeeld wat minder van de oren uitspuiten. Daar is een collega van mij die kan dat goed en die vindt dat leuk. Dat vind ik dan weer minder. Ja, en ze noemen mij wel eens Dr. Pimpelpopper. Oh ja. Ken je die? Ja. Dus als het iets is met pus of iets opensnijden, dan. Ja, echt? Ja, heerlijk. Maar dat is wel een beetje zuster-eigen hoor. Oh ja? Ja, er zijn heel veel verpleegkundigen die dat ook zo hebben. Die dat mooi vinden. Ja, lekker, vieze dingen. Ja? Ja. En dan even een skalpel erin. Ja, joh. En gewoon lekker wonden verbinden en dat soort dingen. Bloed prikken, dat kan ik dan weer heel goed, mag ik wel zeggen. Ja. Dus dat zijn maar leuke dingen. Ja. En die gasten, als ik dat zo kan zeggen, maar die kennen jou natuurlijk ook allemaal in principe op een gegeven moment. Hoe loopt het contact tussen jou en de gedetineerden? Ja, eigenlijk heel relaxed. Als ik even terugga naar mijn allereerste dag, twaalf jaar geleden, liep ik met een collega mee, dat was in detentiecentrum Rotterdam. En we lopen op de afdeling en er loopt een gedetineerde achter mij. En die zei hallo. En ik keek hem echt zo aan van. Oh, Joke, mag ik nu? Mag ik hallo terug zeggen? Ja, en nu is dat gewoon. Hé, Karlijn, hoe is het? En een praatje. Maar wat wel heel belangrijk is in dit beroep. en dat geldt voor alle functies. is dat je je afstand nabijheid gewoon heel goed in de gaten moet houden. Je moet je altijd realiseren waar je werkt. En. Wij spreken mensen nooit aan bij de voornaam. Ik zou altijd zeggen, meneer Jansen of meneer Pieterse. Ook al is het contact al 6,5 jaar. gaat dat redelijk soepel, blijft meneer. Dat is het. Dat moet je altijd realiseren. Want je hebt natuurlijk met duizend en één verschillende types te maken. En dat zal bij de ene een stuk makkelijker zijn dan bij de andere, denk ik. Want ik kan me best voorstellen dat jij een gigantische misser hebt gemaakt in je leven, daarvoor een flinke straf krijgt. Maar eigenlijk een super relaxed persoon bent. En dat dat voor jou dan soms ook wel eens lastig is. Ja. Best wel ook geïnteresseerd in je leven. En gewoon een normaal gesprek. Ja, klopt. Maar het moet niet op een vriendschap gaan lijken. Nee, absoluut niet. Nee, nee, nee. En ehm. Weet je, soms heb je wel eens. We krijgen met Kerst bijvoorbeeld. krijgen we van sommige gedetineerden elk jaar een kaartje. Allemaal alle verpleegkundigen. En dat is natuurlijk hartstikke leuk. Maar ik zal bijvoorbeeld nooit eten aannemen. Weet je, dan hebben ze een cake gebakken of een taart. Of ja, dat doe ik allemaal niet. Daar moet je wel echt voor waken. Je moet dat echt wel gescheiden houden. Ja, afstand bewaren. Ja, absoluut. We gaan eens even naar de vragen die op mijn lijstje staan. Ja. En die vragen zijn meerdere keren gesteld trouwens. Maar wat is nou het raarste wat je hebt meegemaakt? Ja, kijk, wat dat betreft kan ik natuurlijk een boek schrijven over alles wat ik gezien heb aan gekke dingen. Want. Buiten dat gedetineerden soms gekke dingen doen, komen er ook wel eens gekke mensen binnen. Die zou je hier ook hebben bij de politie: mensen die echt ernstig verward zijn of wat dan ook, psychose. Dus ja, dat is ook wel weer lastig, omdat ik natuurlijk niet alles kan vertellen en dingen misschien ook herleidbaar zijn. Maar ja, ik vind het een lastige vraag zonder dat ik in detail treed. Laten we het er gewoon op houden dat je genoeg. Dat is tot de verbeelding van de hele wereld. Ja, je maakt echt gekke dingen mee. Dat je aan het einde van de dag op de bank zit thuis en dat je denkt: wacht even, even terugspoelen wat. Ja, precies. Was ik daarbij? We hebben ook vragen binnengekregen over jouw veiligheid en veiligheidsgevoel. Voel je je wel eens onveilig in je werk? Die vraag krijg ik vaker. En dan ga ik daarover nadenken. En als ik dan terugdenk, zijn er één of twee situaties. waarin ik me misschien niet onveilig voelde. maar wat minder prettig. Het is bijvoorbeeld een keer gebeurd dat ik op de ring stond op de afdeling. en er was een gedetineerde. en hij was het niet eens met mijn beleid. En ik ging hem dat daar vertellen. En het was op dat moment druk. Dus ik keek op een gegeven moment ook achter me. en er was even geen personeel. en die man was aan het schreeuwen. en die smeet met zijn stalen deur. En toen dacht ik: Oké, nou ik ben gewoon rustig gebleven. En toen kwam er een andere gedetineerde die ik al langer kende. Die kwam naast me staan. Hij zegt: Wat is er aan de hand? Carlijn. Ik zeg: Nou, meneer is een beetje boos. Hij zegt: Ik zie het, ik blijf er even bij staan. Dat is de andere kant van de medaille. Er zijn jongens die zitten daar zo lang. En die ken je inmiddels al best wel goed. En ik durf mijn handen ervoor in het vuur te steken. Dat als er echt stront aan de knikker is. Als er eentje echt zou flippen, dat die ertussen springen. Op jouw werkplek heb je natuurlijk allerlei verschillende materialen. Skalpels, naalden. Allerlei dingen die je in principe in een PI niet zou willen hebben. Zijn er protocollen voor? Is dat gevaarlijk? Hoe werkt dat? Ja, nou laat ik beginnen bij de medische dienst. Wij hebben al onze spullen. Het ligt natuurlijk netjes achter slot een grendel in de kast. Maar er moet bijvoorbeeld wel bloed geprikt worden bij mensen. Dus ja, dat doe je inderdaad met een naald. Of als ik bij iemand een verbandje aan moet leggen, moet ik dat afknippen met een schaar. Dan zijn dat doorgaans verbandscharen. Daar ken je zoveel mee. Maar ja, we hebben daar in die zin protocollen voor. Stel, ik zit bij iemand met iemand in de ruimte om bloed te prikken. En ik moet even iets pakken. Ik laat die man niet alleen in de spreekkamer zitten, met mijn spullen die daar liggen. Dus en als ze wel heel even, als ik iets moet pakken of wat dan ook. Alleen in de spreekkamer zitten, dan zorg ik dat er geen spullen liggen waar ze zo makkelijk bij kunnen. En voor zover ik weet, op de afdeling is het zo als ze bijvoorbeeld willen koken met een aardappelschilmesje, dan kunnen ze dat bij de. P.I.W. herhalen, dan gaat er een kaartje, aardappelschilmesje bij hun naam op het bord. En dan weten ze precies: oh, die heeft het. Dus die is ook verantwoordelijk voor het mesje. En als die het niet terugkrijgt, heeft hij een probleem. Ja, precies. Dus alles wordt in de gaten gehouden. Alles wordt in de gaten gehouden. Absoluut. Want over wat voor gevangenisstraf hebben we het grofweg? Van letterlijk een dag. Ik heb zelfmelders gehad, die moeten zichzelf melden om nog een straf uit te zitten van een dag tot levenslang. Ja. En alles wat daartussen zit. Dus er zijn daar mensen die er langer zitten dan jij er werkt. Ja. En er ook nog langer zouden blijven. Die blijven ook nog wel even, ja. Precies. We hebben ook een vraag binnengekregen. Vond ik zelf ook wel. Een interessante vraag, maar proberen ze je wel eens te versieren? Nee, nee. Ik denk dat de jongens donders goed weten dat dat een hele domme zet zou zijn, omdat ze weten dat er dan consequenties aan zitten. Dan krijgen ze gewoon een rapport en dan krijgen ze straf. Want dat is gewoon niet acceptabel gedrag. Dus grensoverschrijdend gedrag? Nee, zie ik zelden flink op gehandhaafd ook. Ja, absoluut. Wat zijn de meest voorkomende klachten die je behandelt? Ja. Eh, nou, we hebben best wel jongens die, eh, geregeld bij ons komen. Die, eh, Voor hun detentie hebben ze ineens toch onveilig seks gehad. en dan bang zijn voor een SOA. Dus SOA-testen worden best geregeld uitgevoerd. Stressklachten. Je kunt je voorstellen als je binnen zit. en. Nou, ik had de laatste eentje die zijn vrouw stond op klappen. zwanger op klappen. Ja, dan kom je ineens binnen te zitten. Je kan niet bij de bevalling zijn, dat weet je al. of een zieke moeder. Dus ze komen bij ons ook echt wel eens uithuilen. Ja, en voor de rest, echt alles wat daartussen zit. Ik kan oprecht niet benoemen dat er één klacht meer voorkomt. Nou ja, een voetsgrimotje of zo. Dat zien we ook wel geregeld. Maar ik kan niet zeggen van het is of dit of dit. Het is zo uiteenlopend. Ja, dat is echt zo. Ja, dat is superleuk. We hebben ook een vraag van een vrouwelijke luisteraar. En ik weet zeker dat zij het ervaring spreekt, want daar zit nogal een toon in. Hebben ze daar ook last van mannengriep? Oh, hou op. Ja, breek me de bek niet open over de mannengriep. Ja, het is echt. Ik wil naar de medische dienst, want ik heb een loopneus. Oh ja. Ja. En ik moet fixe strepsels en. Ja. Vond ik niet lekker. Ja. In het griepseizoen hebben wij op een gegeven moment. een paar jaar geleden besloten. Dan hangen we ook gewoon. een brief op alle afdelingen. Het is griepseizoen. Heb je last van. dit, dit, dit, dit. Vreed paracetamol? Nee, geen paracetamol. Want je moet lekker die koorts. z'n werk laten doen. Maar veel water drinken. in je bed gaan liggen. En over een paar dagen. is het over. En je rust pakken. Ja. Ja, op een gegeven moment werd het gewoon te gek. We zagen alleen maar mensen met loopneuzen. en. Hoestklachten, ja, ja. Maar als een man zich ziek voelt, Carlijn, ja, dan is hij ons echt ziek. Ja, ik weet dat dan gaat het niet goed, geloof mij. Ik weet dat ja, ja. Kan het ook zo zijn dat, want ik kan me best voorstellen dat als je als je misschien wat ruzie hebt met andere gedetineerden of je voelt je niet veilig of weet ik ja, dat het ook even een rustmoment kan zijn, even veilig bij de verpleegkundigen. Ja, ja, we hebben het idee van oké, ze zoeken ons een beetje op ook om even gewoon een normaal praatje te maken, heel even een stapje uit van de afdeling af te zijn of dat soort dingen. Ja, ik heb pas geleden had ik ook een jonge knul. Die had allerlei businessplannen liggen, maar om een eigen zaakje te gaan beginnen. Maar die was op de verkeerde plek met de verkeerde mensen op de verkeerde tijd. Is toen opgepakt, moest een aantal maanden zitten en die vond totaal geen aansluiting bij de jongens op de afdeling. Wat ik net al zei, met een beetje pech. Kom je in een populatie? Het is allemaal stoere jongens, allemaal van die haantjes. Hij had daar niks mee, hij konde niks mee, hij kon geen aansluiting vinden bij die jongens. En toen moest hij een keer bij mij zijn voor iets, en toen vertelde hij dat. Nou, dan nodig ik die jongen een keer in twee weken, als ik tijd heb, even uit. Ik kan die even ventileren. Die even zijn verhaal kwijt en toen die met ontslag ging, kwam hij speciaal nog even langs om te bedanken dat het hem echte doorheen had geholpen. Ja, dat vind ik dan toch dat geeft ook voldoening, ja. En dat is niet per se medisch of verpleegkundig, maar toch prettig dat je iemand hebt kunnen helpen op die manier. Ja, psychologische zorg is ook een soort medische, absoluut. Ja, ja. Wat zijn er ook psychologen bijvoorbeeld? Ja, zeker. Ja, ja. We hebben drie psychologen bij ons in de schielopen, en daar worden ook echt behandelingen gedaan. Dus je kunt je voorstellen dat er ook echt wel mensen rondlopen die een behandeling nodig hebben. En dat kan van alles zijn, maar ook traumabedelingen, jongens, hebben best wel soms heftige dingen meegemaakt. En het doel is natuurlijk om ze beter naar buiten te laten gaan dan dat ze naar binnen gingen. Ja, daar draagt dat natuurlijk aan bij. Zijn er ook artsen in de PI? Ja, dat verschilt een beetje per inrichting. Hoe lang er een arts is per dag, of hoeveel dagen. Bij ons is er elke dag een arts en dan een halve dag. Wat ook fijn is, want wij mogen en kunnen gewoon niet alles zelf beslissen. Dus dan verwijzen we door naar de huisarts. En het is. Op een gegeven moment heb je een vast team met huisartsen. En dan is het ook makkelijk schakelen. Dan zit ik met iemand in de spreekuur. Waarvan ik denk: Oeh, die uitslag op dat been, dat ziet er echt nasty uit. En dan zeg ik: Joh. Kom eens even meekijken. Dat is heel fijn samenwerken op die manier. Want jullie verstrekken zelf geen medicatie, toch? Klopt dat? Nee, in principe niet. Kijk, heeft iemand zo'n wang van de kiespijn? En gaat hij morgen naar de tandart? Ja, dan krijgt hij wel brieven van mij. Bijvoorbeeld dat soort dingen. En een zalfje of een crème. Maar wij hebben als verpleegkundige niet de bevoegdheid om medicatie voor te schrijven. Nee, precies. Kom je wel eens lastige dilemma's tegen in je werk? Bijvoorbeeld als het gaat over waar ligt de grens van je arts-patiënt geheim? Of hoe werk je samen met verschillende disciplines binnen het team? Ja, ja. Nou, kijk, het beroepsgeheim. Wij hebben daar niet zozeer last van, maar anderen hebben daar last van. Dus het is soms best lastig om te proberen om aan een andere discipline iets uit te leggen. Dan bestempelen ze iemand als een zeikert of weet ik wat. Ja, dat. En ik weet meer, maar ik kan daar niks over zeggen. Dus dat is best wel lastig. Ook aan de afdeling bijvoorbeeld. Ja, weet je, ik snap waarom je dat denkt. Maar vertrouw er maar op dat wij informatie hebben waardoor we er anders over denken. Ja, dat kan best wel eens lastig zijn. En dan moet je bijna een soort van gaan verkopen waarom je een bepaalde beslissing. Ja, dat klopt. En ja, ook in die zin met de politie is het wel heel fijn samenwerken. Want de VAR komt hier, Forensisch Artsen Rotterdam Rijmond. En daar hebben we ook korte lijntjes mee. Dus als mensen hier, politiebureau al gezien zijn door de VAR, dan nemen wij contact met ze op. En dan krijgen we die informatie. Kunnen we vertellen over kunnen zij ons vertellen van nou heeft die en die medicatie gekregen van ons, of methadon, of dat soort dingen. Ja. Wij hebben hier natuurlijk ook een arrestantencomplex boven ons hoofd. Hoe kijk jij tegen de politie? En dan met name als het gaat om mensen die aangehouden zijn. Wat is jouw mening of visie daarop? Ja, oh, dat is een leuke vraag. Nou, ik vind het sowieso leuk om hier een keer te zijn nu. Want ik woon al 40, 42 jaar in Rotterdam en ik ben hier nog nooit geweest. Ja, wij werken best wel nauw samen. En mensen die bij jullie vandaan komen, komen over het algemeen. Ze komen van het politiebureau, dan worden ze bij ons gebracht. Komen ze binnen bij het BAD, de binnenkomstafdeling Delinquenten, afkorting. Hoewel ze dan de medewerkers daar ook badmeesters noemen. GELACH En die, nou dan worden ze daar ingeschreven. En negen van de tien keer gaan ze linea recta naar ons. Dus eigenlijk koud vanuit het politiebureau komen ze bij ons. En toch is het soort, ja, een soort vaag iets. Het is moeilijk te peilen wat er dan gebeurt, weet je wel. Het is wel prettig wat ik dan merk. Soms moeten wij zelf ook even naar een arrestantencomplex. Als er iets onduidelijk is, dan bellen we even naar het arrestantencomplex. om te vragen: van joh, wat is daar nou gebeurd? En die samenwerking, dat gaat eigenlijk al het soepel. Welk arrestant complex zat. Relaced en vriendelijk word je geholpen. En ik denk ook dat als je het hebt over het profiel als mens, zeker heel veel overeenkomsten. Ja, absoluut. Dus aan de ene kant moet je bepaalde mate van een beetje dienstverlenend zijn, maar aan de andere kant je ook zeker niet uit het veld laten slaan, nee, om kunnen gaan met spannende, heftige situaties. Zitten heel veel, denk ik, gelijkenissen. Ja, dat denk ik ook. Ja, en wat denk ik ook een hele grote overeenkomst is een stukje culturele sensitiviteit. We zijn allebei Nederland, voor zover ik dat kan zien, ja, we Nederlandse, maar toch werken we in een wereld waar je natuurlijk ontzettend veel culturele diversiteit. Absoluut. Is dat in jouw werk soms een uitdaging? Moet je daar bewust van zijn? Ja, het is meer. Bepaalde, wat bijvoorbeeld, ik zie het vaak bij bijvoorbeeld Marokkaanse jongens. Dan zit je met ze te praten en dan stel je ze een vraag waarop het antwoord dan nee is. En dan doen ze dat geluidje maken. En in het begin dacht ik echt: wat doet die nou? Vind je mijn vraag irritant of zo, weet je wel? Maar dat is gewoon hun manier van nee zeggen. Ja, dus dat zijn die verschilletjes. En wij zitten natuurlijk wel met een taalding. Dat was in detentiecentrum nog veel erger. Maar daar komen natuurlijk mensen binnen die geen Nederlands en geen Engels spreken. En dan spreek ik een heel klein beetje Frans en een heel klein beetje Duits. Oh, dat is een liedje, geloof ik. Maar. Verder kom ik niet nee, dus gelukkig hebben we dan een tolkentelefoon, dus dan kun je met de tolkentelefoon. Ja, toch kom je toch een heel end? Ja, precies. En kom je er dan ook wel eens? Loop je er dan wel eens tegen aan dat mensen eigenlijk dingen niet willen vertellen, waarvan je denkt: Ja, als je nou even eerlijk bent, dan kan ik je beter helpen? Ja, absoluut. Ja, zeker. En dat is vaak ook wel, dan claimen ze bepaalde medicatie bijvoorbeeld te gebruiken. En dan zeg ik, nou oké, hoe kom je daar aan? Ja, van de huisarts. Wie is je huisarts dan? Weet ik niet. Ja, want ik haalde het bij de apteek. Wie is je apteek? Ja, weet ik niet. Denk je, je weet het wel. Je kreeg het helemaal niet van huis, hartstikke goed. Het op straat, ja, ja, dus dat is dan en dan ja, maar goed. En bepaalde informatie willen ze niet delen omdat ze dat eng vinden of zich te verschamen. Dat kan natuurlijk ook. Als jij noem maar wat, genitale vrat heb ja, dat kan best lastig zijn als je daarvoor bij een vrouw komt en daarover moet vertellen. Ja, wat zijn voor jou de moeilijkste momenten in het werk? Nou, wat ik tot de dag van vandaag nog steeds wel eens lastig vind, is. Dat er soms ook best goede acteurs tussen zitten, die best een gedegen verhaal hebben, en dat ik dan heel moeilijk het moeilijk vind om in te schatten. Ben jij mij nou aan het bedonderen of spreek je nou de waarheid? Dat is ja, en dat is natuurlijk dat is in jouw werk niet anders, of voor een rechter of wie dan ook, weet je. Dus dat is en dat, maar dat is in mijn beroep ook. En dat vind ik nog steeds wel eens ja, dat ik dan echt twijfel van goh, of dat ik bijvoorbeeld iemand bestempel van, hij geeft er een draai aan, maar dat klopt niet. Dit verhaal en dat vervolgens bijvoorbeeld de huisarts hem spreekt en die zegt dan van. Ja, ik heb hem gesproken, wat zielig. En dat ik dan denk: Wacht even, zit ik er nou zo naast? Kun je wat vertellen over waarin ze je dan zouden bedonderen? Gaat het dan om het verstrekken van medicatie? Nou, voornamelijk. Of iets voor elkaar krijgen. Dat ze zeggen: Nou, ik heb daar en daar last van. Dus ik moet dit en in dat. Ik kan niet werken. Ze komen natuurlijk ook bij ons voor arbeidsbeperkingen. Dat moet de huisarts dan beslissen. Maar dat, wat ik net ook zei, er komt eerst bij ons en dan gaan wij. Beoordelen van oké, dit gaat om een arbeidsbeperking, dit gaat naar de huisarts. Ja, ik kan niet werken want ik heb dit en in dat. Oké, nou bewijs het maar dan. Of zo. Ja, dat is lastig. Dat is echt lastig. Ja. Dus je moet echt wel mensenkennis hebben. Ja, en dat komt met de jaren hoor. Bedoel, dat had ik 12 jaar geleden ook niet op die manier. Dus dat komt echt wel met de jaren. Alleen moet je er wel voor waken dat je niet te achterdochtig wordt. en iedereen als leugenaar bestempelt. Dat is natuurlijk lang niet altijd zo. Het dossier. Kan je ons eens meenemen in een zaak of een incident. die wat indruk op jou heeft gemaakt? Het was een paar jaar geleden met Kerst. Dat was de dag van Kerstavond. Toen was er een nieuwe inkomst vanuit het politiebureau. Die meneer, die was denk ik begin 50 of zo. En een heel zware alcoholist. En ondanks dat hij al een aantal dagen op het politiebureau had gezeten. Dus die eerste roes was eraf. Maar dan kunnen er daarna ook nog allerlei dingen ontstaan. Denk aan een Korsakov of Wernicke. Een soort van de wereld is door langdurig alcoholmisbruik. En die man werd binnengebracht, en dat was op vrijdagmiddag. En ik weet niet meer precies, het was natuurlijk kerstavond. En uiteindelijk, omdat hij zo in de war was, hebben ze die man op de OBS moeten zetten, op de isoleercel moeten zetten. voor zijn eigen veiligheid. Dat doe ik natuurlijk niet alleen. Dat gaat in samenspraak met een huisarts en een afdelingshoofd. en de directie beslist daar uiteindelijk over. Maar die man was verder wel gewoon heel vriendelijk, bijna een soort kinderlijk vriendelijk. Dus ik ben daarbij gebleven bij die plaatsing. En toen. Zat hij daar zo, dan krijgt hij zo'n scheurhemd aan. Dat is zo'n soort lange jurk die niet kapot gescheurd kan worden. En toen zat hij daar op zijn matrasje, soort zo kinderlijk om zich heen te kijken. Ik vond het gewoon zielig. Het was zo zielig. En dan zit ik s'avonds met kerstavond wel op de bank. Zat ik even aan die man te denken: ja, het is kerstavond, zit die man daar. En dus met de kerst ook. Want ja, wie gaat hem eruit halen? Dat moet toch een arts of een psycholoog zijn. Dus voor zijn eigen veiligheid heeft hij dus met kerst daar gezeten. Tuurlijk bieden ze hem overdag wel wat aan. Dus laten ze hem wel even recreëren op de afdeling of iets dergelijks. Maar dat vond ik wel indrukwekkend. Denk je, die man. Zal er uiteindelijk ook niet voor gekozen hebben om hier te zitten. Zo op die manier. En het was echt een klein vergrijp waarvoor hij. Was gebracht, ja, dat voel ik echt zielig, schrijnend. Schrijnend, ja, dat is misschien een beter woord. Ja, hoe ga je daar dan vervolgens mee om? Want het gaat, het kan op zich opstapelen en aan je gaan knagen, dat soort, dat soort dingen. Ja, ja, moet je niet doen. Nee, ja, het is hoe ga je daarmee om? Ja, met je collega's toch over praten. Kijk, thuis kan je natuurlijk vrij weinig vertellen, want je zit sowieso met een medisch beroepsschijn. Binnen justitie gebeurt er nog een schepje bovenop. En met je collega's erover praten. Ik heb ook jaren daarvoor nog wel eens een keer. was ook met een OBS-plaatsing een schrijnend geval. En dat maakte ook zo'n indruk op me dat ik terugkwam op kantoor en dat gewoon de tranen in mijn ogen sprongen. Ja, dan heb je collega's waar je op terug kan vallen. Dat is weer dat team wat zo belangrijk is. Dan snap je elkaar wat meer. Ja, die snappen mij en die snappen waarom dat zo'n indruk maakt. Ik denk dat het tijd wordt om eens een kijkje te gaan nemen op jouw werk. Ja, leuk. Ja, gaan we doen. Ben heel benieuwd. In het veld. We zijn in PI de Schie. Dat klopt, hè? Ja. Wat gaan we hier doen? Wat wil je hier allemaal laten zien? We staan hier echt in een supermooie gang, eigenlijk. Ja, de circulatiegang, zoals dat heet. En hierboven zijn de afdelingen. Dit is een kant van het pand. En aan de andere kant hebben we nog zo'n gang. En daar zitten ook weer twee afdelingen boven. En waar wij nu staan in deze gang, is dit ook waar gedetineerden zich ook verplaatsen en bewegen? Ja, eerst de keuken en arbeidszalen zijn hier beneden. En al het verkeer, vandaar noemen ze het de circulatiegang, die gaat helemaal rond. En dan kunnen ze via deze gang overal naartoe. Aan de wandel? Ja. Kunnen ze hier ook hardlopen of is er een sportruimte? Je mag niet rennen in de PI, dat is altijd de regel. Alleen als er spoedgeval is. Ja, precies. En kunnen ze hier dan ook gewoon. Hangen, zeg maar? Of is dit echt alleen een gang om je.? Dit is echt een doorgang voor de circulatie. En waar gaan we nu naartoe? Ik wil jullie even de isoleercellen laten zien, als dat kan. Ja. En misschien even een shotje op de afdeling. Kijken of daar. Gaan we even kijken hoe het daaruit ziet. Ja, super. Ja. Kom jij ook altijd binnen aan deze kant van het gebouw? Ja. We hebben allemaal een eigen sleutelbos en een eigen pieper. Ja. En die pieper, die dien je ten alle tijde bij je te dragen. Want er kan elk moment alarm zijn. En dan moet je wel weten waar het alarm is. En niet dat ik erop hoef te lopen. Als het algemeen alarm is, dan mag je niet door het pand bewegen. Dus dan moet je wel weten hoe of wat. Ja, precies. Kijk. Ik hoor een vogel. Ja, dit is de extra zorgvoorziening. Dus hier zitten de psychisch wat kwetsbaardere mensen. En die hebben ook vogeltjes die ze dan kunnen verzorgen en dat soort dingen. Kom jij dan ook, als jij aan het werk bent, eigenlijk overal in de PI? Ja, ik moet eerlijk zeggen aan deze kant wel iets minder. Omdat dit niet mijn afdelingen zijn. Ik doe de gevangeniskant. Dus de A-afdeling is van mij. Dan neem ik die waar. De C en de D neem ik over het algemeen niet zo vaak waar. Nee, precies. Nou, dit is een leefafdeling. En is het nu. Of staat er heel veel leeg? Nee, het is volle bak. We hebben nu sinds kort ook dubbel cellen. Dus ze zitten ook zelfs met z'n tweetjes opeens. Dus het is echt wel volle bak. En ze kunnen dan aan deze kant ook koken. Als ze hun boodschapjes hebben ontvangen, dan kunnen ze hier eten koken. En ook voor zichzelf? Of is dat altijd een groepsdynamisch ding? Nou, de een kookt voor zichzelf. Ja, dus dan kookt de ene dag die en de andere dag die. Zo doen ze dat een beetje. Ja, en ik zie een tafelvoetbal en een televisie. Ze hebben ook gewoon contact met de normale. Filmseries, televisie? Ja, ze hebben gewoon lineaire tv op hun cel. Dan kunnen ze gewoon kijken wat er op tv is. Het gebouw is een soort acht eigenlijk. En dan heb je dus twee binnenplaatsen. Dit is de sportplaats en de andere binnenplaats is de luchtplaats. Dus als er sport gegeven wordt, dan is het hier. Dan wordt hier gesport. Ja, eigenlijk altijd voetbal. Dat is weer klandizie voor ons: allemaal die enkels en die knieën. Ja, precies. Allemaal blessures. Allemaal sportpressures, voetbalpressures. Wordt er ook gefitnest? Ja, er is ook een fitnessruimte. En dat wordt dan begeleid door e-lowers, instructeur lichamelijke opvoeding. En die geven de jongens sport. Ja, dus dit zijn ook twee luchtkooien, dus mensen die op de OBS zitten kunnen dan hier. Heer individueel even een frisse neus halen. Hier beneden heb je de B-afdeling, de B1, 2 en 3. De B1 is ingericht voor, dat noemen ze de zelfredzaamheid-afdeling. Dus dat zijn mensen die net iets meer interne vrijheden hebben. Ze hebben vaak ook de meest gewilde baantjes, zoals reiniger van het pand, afdelingsreiniger, dat soort dingen. Of in de keuken het eten distribueren, bijvoorbeeld die bakken die dan vandaag geleverd zijn van de winkel. Ja. En dat zijn eigenlijk de mannen die zich gewoon voorbeeldig gedragen. En dan kan je dat dus verdienen om op deze ring te komen en hier een soort extra vrijheden te verdienen. En dan hebben we nog een metaalbewerking. Daar wordt alles met metaal gedaan. Dus er is een poederkoterij, dingen van metaal worden daar gemaakt. Ja. Dus daar kunnen we even naartoe lopen. Ja, gaan we even kijken. Hier wordt heel veel gemaakt van metaal. Tof. Onderdelen van vrachtwagens, lampenkappen, hier hangen ze. En als je hier dan aan het werk bent, krijg je dan ook betaald? Ja, het is een klein bedrag. Ik weet niet precies wat het bedrag is. Ja. Maar ze krijgen voor elke uur wat ze werken, ze betaald. Krijgen ze betaald, ja. Hier kunnen ze ook diploma's halen. Dus als je naar buiten gaat en je wil bijvoorbeeld verder als lasser. dan kun je dus als lasser hier je lastdiploma halen. En metaalbewerking poedekoterij lopen we nu naartoe. Dus zo ongeveer alles wat je gespoten wil hebben. dat gaat hier de poedekoterij in, in de kleur die ze willen. Dan wordt het poeder erop gespoten. En dan zal ik even kijken. Ja, dan gaat het inderdaad hier aan deze carousel. En dan gaat het daar de oven in. Twee keer. En dan. Ja. En als iemand hier zijn vingers brandt, dan komt hij bij jou tegenover mij. Dan komt hij bij mij. Ja, precies. Dit is de medische dienst. Dit is waar wij onze mensen ontvangen. Psychologen zitten ook hier. Ik zal het even laten zien. Ja, dit is dus een spreekkamer. Met name de huisarts zit hier een dagdeel per dag. Ja, hier doen wij onze onderzoeken, behandelingen. Jouw domein. Ja, hier zit ik het grootste deel van de dag eigenlijk. En hoe gaat dat dan in zijn werk? Want iemand heeft bepaalde klachten. Er wordt besloten van je moet inderdaad even bij de verpleegkundige langs. Ja. Vult een briefje in. Wordt die dan door iemand hierheen gebracht en ook weer opgehaald? Of hoe gaat dat? Nee, meestal niet. Er zit hier een gangwacht, zoals wij dat noemen. Dat is een complexbeveiliger die hier de boel in de gaten houdt. En die controleert ook alle verkeer, zeg maar. Dus als ik iemand wil spreken, geef ik een briefje aan hem of haar om die persoon op te roepen. En dan regelt die persoon dat die persoon hier komt. En dan weet hij ook precies wie er is. En soms heb je wel eens van. Oh, die heb ik al opgeroepen, want die moet voor de case manager komen. Dat soort dingen. Nou ja, en dan hebben we hier nog een ruimte die wordt ook door de fysio gebruikt. Je kunt je voorstellen dat ook de mensen die hier zitten, wel eens last hebben van hun nek of schouder, of er blessures hebben of operatie hebben gehad. Dus wij doen hier ook spreker, bloedprikken doen we hier. En de visio komt hier. Ja. Eigenlijk alles wat er in de, ja, ik zou bijna willen zeggen, burgermaatschappij, in de samenleving gebeurt. Ja, dat is het. Eigenlijk is het een soort mini-samenleving. Ja, dat klopt. Ja. En dit is een mini-huisartsenpraktijkje. Ja. Heb jij dan, en dat is meteen natuurlijk een gevoelige vraag, maar heb je dan het gevoel dat jij voor jouw werk voldoende middelen krijgt vanuit je werkgever om je werk goed te doen? Ja. Ja, ik denk het wel. En er is altijd wel ruimte voor gesprek ook, want het blijft maatwerk. Je kan wel bedenken, we leggen alles vast in protocollen, maar zo werkt het niet als het op medische dingen aankomt en op mensen. Dat gaat gewoon niet. Dus, ehm, tuurlijk hebben we voor bepaalde ziektebeelden of wat dan ook, bepaalde protocollen. En dat doen we wel, dat doen we niet. Maar over het algemeen kijk je altijd wel samen met de huisarts. En als het nodig is, met hogerop van, joh, wat kunnen we hiermee? Ja, precies. Op bepaalde casussen. Zo. Nou, zit het erop. Hoe heb je dan ook al dat freedom als je weer bij het woord voelt? Dat voel ik wel. Ja, hè? Even zo weer lekker de frisse lucht. Ja, en dan zo over dat water uitkijken. En dan is het toch altijd een soort, ja. Altijd wel lekker dat je weer buiten staat. Heel bijzonder om eens in jouw wereld te kijken. Ja. En wij hadden het net buiten de camera's om nog even over iets wat eigenlijk ook wel heel erg belangrijk is. Namelijk, wat heb je nou eigenlijk nodig aan opleidingen om jouw werk te doen? Ja, je moet minimaal verpleegkundige zijn. Dat mag HBO of MBO zijn. Ja. En het idee is dat je, als je in dienst bent, dan krijg je vanuit justitie de opleiding, de specialisatie eigenlijk, tot justitieel verpleegkundige aangeboden. Ik weet dat er op het moment wat wijzigingen zijn in die opleiding. Maar in principe is het zo dat je een jaar lang. Twee keer in de week of één keer in de twee weken naar school gaat. En dan leer je over verslavingszorg, infectieziekten, psychopathologie, toegeleiding naar de huisarts. Soort zaken, dus dingen die hier wat meer voorkomen, ja, ja, interessante wereld, ja, zeker, heftige wereld ook wel. Ik heb wel echt het gevoel, en jij bent er natuurlijk aan, maar je stapt wel echt de gevangenis in, en daar ben je zelf. Dan ook echt, ja, het is misschien hartstikke logisch ook, maar je wordt daar ook een soort van onderdeel van. Ja, nou ja, maar dat is en en dat heb ik als ik op jouw plek rondloop, maar dat is ja, dat is wel wat het is. Ja, dat klopt. Gaan wij weer terug naar de studio? We gaan terug, ja, dankjewel. En dat brengt ons alweer aan het einde van deze voor mij super vette podcast. Want ik vond het heel leuk om jouw wereld te duiken. Je hebt een bijzondere job. Ja. Super, super cool. Ja, zeker wel. Ik stel de gast en dat ben jij in dit geval altijd nog even in de gelegenheid om een slotwoord met ons te delen. Een soort afsluiting. Heb je nog iets voor ons? Ja, nou ja, ik vind het ook wel belangrijk om dit te vertellen. Mijn verhaal te vertellen. Ook waar we het eerder over hadden: dat er best wel oordeel is van de buitenwereld. Van die gasten hang ze aan de oogstboom, dat. Wie ben ik om daar nog een keer een straf overheen te gooien? Dus ik vind het ook belangrijk om te laten zien: het is echt niet P.I. de Efteling. Het wordt echt wel serieus gehandhaafd en. En daarnaast, ja, er zit meer achter werken bij DEI. Zo simpel is het ook. Het is echt wel een hele mooie, mooie omgeving om te werken. En ja, we zoeken ook nog heel veel mensen. Ik voelde me al aan. Je wilde me aankomen, ja, ja. We zoeken echt nog heel veel mensen buiten dat we PIW-ers, complexbeveiligers, ook verpleegkundigen. Dus ja, voor de luisteraars en kijkers die het interessant vinden wat ik. Vertel, kijk vooral even op werkenbijdei.nl. En mocht je dan toch niks vinden, kijk dan op de podcast. Die zag ik ook aankomen. Ja, precies. Ik denk inderdaad, in het profiel zitten heel veel overeenkomsten. Overeenkomsten, absoluut. Ja. Supermooie job. Ja. En bedankt dat jij hier was om jouw verhaal met ons te delen. Ja, nou jij dank je wel. En jij bedankt voor het kijken of luisteren naar deze aflevering van Boeiend. Normaal gesproken verschijnt deze podcast één keer in de twee weken op YouTube of in je favoriete podcast app. Maar in verband met de zomer gaan we daar een tijdje tussenuit. We hebben nog wel een hele mooie special gemaakt over een moordzaak. En die verschijnt ergens in de zomer ook op dit kanaal. En daarna gaan we natuurlijk weer verder met reguliere afleveringen van Boeiend. Mocht je nou in de tussentijd een suggestie hebben voor een onderwerp, stuur mij dan vooral even een DM op Instagram. En daarna zie ik jou na de zomer heel graag terug in de volgende afleveringen van de Politiepodcast Boeiend. Als je weet dat je het kan, dan moet je er ook voor gaan. Echt een duidelijke norm richting de samenleving. Wij horen achter onze politiemensen te staan."
